station,target_valid,actual_feel,pred_feel,actual_relh,pred_relh,actual_tmpf,pred_tmpf,actual_vsby,pred_vsby,actual_sknt,pred_sknt,actual_mslp,pred_mslp,actual_p01i,pred_p01i,actual_alti,pred_alti,actual_dwpf,pred_dwpf,actual_drct,pred_drct
ROC,2026-02-12T21:54:00,0.43931323,0.47806257,-0.4143865,-0.42907056,0.62026143,0.6030241,0.6794318,0.5915793,0.4335444,0.051335312,0.19999257,0.18379627,-0.20430271,-0.2399777,0.23225792,0.21202561,0.44301772,0.4119068,0.7106307,0.63229
ROC,2026-02-12T21:55:00,0.46588445,0.45514545,-0.4143865,-0.44810313,0.62026143,0.61780524,0.6794318,0.55856574,0.019177105,0.21774894,0.20396332,0.18259129,-0.21130002,-0.2554172,0.23225792,0.21449554,0.44301772,0.41524297,0.7106307,0.6726102
ROC,2026-02-12T22:00:00,0.4924557,0.47003114,-0.4143865,-0.42962497,0.62026143,0.6119616,0.6794318,0.57402617,-0.39519018,0.1180527,0.2079341,0.1821249,-0.21829732,-0.25876588,0.23225792,0.21216604,0.44301772,0.4172251,0.82245225,0.6530295
ROC,2026-02-12T22:05:00,0.51902694,0.5002491,-0.4143865,-0.40744597,0.62026143,0.59445226,0.6794318,0.6060434,0.4335444,-0.09613154,0.21190485,0.19489136,-0.22529462,-0.25360328,0.23225792,0.22178389,0.44301772,0.413023,0.7106307,0.65472865
ROC,2026-02-12T22:10:00,0.54559815,0.4793411,-0.4143865,-0.44912085,0.62026143,0.6224432,0.6794318,0.5454067,0.22636075,0.15919521,0.21587561,0.1926062,-0.23229192,-0.2698973,0.23225792,0.22132331,0.44301772,0.4211339,0.7106307,0.67349136
ROC,2026-02-12T22:15:00,0.57216936,0.48135632,-0.4143865,-0.45133045,0.62026143,0.62759686,0.39359236,0.5470343,0.22636075,0.18229997,0.21984637,0.19501455,-0.23928922,-0.28004667,0.23225792,0.22313808,0.44301772,0.4242639,0.7106307,0.6611917
ROC,2026-02-12T22:20:00,0.5987406,0.49307805,-0.4143865,-0.41813,0.62026143,0.6361243,0.6794318,0.36281398,-0.39519018,0.17036793,0.22381712,0.19165798,-0.24628653,-0.27397248,0.23225792,0.22416168,0.44301772,0.4404059,0.5988092,0.6571425
ROC,2026-02-12T22:20:00,0.62531185,0.53446054,-0.4143865,-0.42243338,0.62026143,0.6133507,0.6794318,0.56520116,-0.39519018,-0.119917504,0.2277879,0.19989322,-0.25328383,-0.2894517,0.23225792,0.22641091,0.44301772,0.4236687,0.7106307,0.5871742
ROC,2026-02-12T22:25:00,0.62531185,0.5629272,-0.4143865,-0.42806193,0.62026143,0.610923,0.6794318,0.6058215,-0.18800654,-0.2507791,0.23175865,0.20058759,-0.26028115,-0.29264528,0.23225792,0.22532168,0.44301772,0.42114982,0.48698765,0.57544947
ROC,2026-02-12T22:30:00,0.62531185,0.56322414,-0.4143865,-0.43842435,0.62026143,0.61456597,0.6794318,0.59336376,-0.18800654,-0.20639807,0.23572941,0.20049481,-0.26727843,-0.2984814,0.23225792,0.22418544,0.44301772,0.42318416,0.5988092,0.5242522
ROC,2026-02-12T22:35:00,0.62531185,0.56596375,-0.4143865,-0.44352794,0.62026143,0.6180167,0.6794318,0.5899473,-0.60237384,-0.19890371,0.23970017,0.20296745,-0.27427575,-0.30597284,0.28055504,0.22798093,0.44301772,0.42327258,0.7106307,0.5292901
ROC,2026-02-12T22:40:00,0.62531185,0.5923639,-0.4143865,-0.4304695,0.62026143,0.602428,0.6794318,0.61288774,-0.39519018,-0.3883396,0.24367093,0.21788861,-0.28127304,-0.3137343,0.28055504,0.24213643,0.44301772,0.4142125,0.82245225,0.5543899
ROC,2026-02-12T22:45:00,0.62531185,0.58280426,-0.4143865,-0.43439567,0.62026143,0.60084057,0.6794318,0.5961278,-0.39519018,-0.34486803,0.2476417,0.22875158,-0.28827035,-0.31459534,0.28055504,0.2528486,0.44301772,0.4131679,0.5988092,0.61678827
ROC,2026-02-12T22:50:00,0.62531185,0.5877891,-0.4143865,-0.43412656,0.62026143,0.60066026,0.6794318,0.5925046,-0.60237384,-0.35022566,0.25161245,0.22900634,-0.29526764,-0.32208347,0.28055504,0.25241548,0.44301772,0.4137278,0.5988092,0.56782794
ROC,2026-02-12T22:54:00,0.62531185,0.60337585,-0.4143865,-0.4320996,0.62026143,0.596731,0.6794318,0.58928233,-0.39519018,-0.4262487,0.2555832,0.23020758,-0.30226496,-0.331427,0.28055504,0.25007838,0.44301772,0.41256967,0.5988092,0.53495616
ROC,2026-02-12T22:55:00,0.6234899,0.6119482,-0.37325835,-0.4373649,0.61319095,0.60383916,0.6794318,0.5903333,-0.39519018,-0.42942837,0.26092845,0.2271493,-0.30926225,-0.34382564,0.28055504,0.2508712,0.44951516,0.41386378,0.5988092,0.514365
ROC,2026-02-12T23:00:00,0.621668,0.6142586,-0.33213022,-0.41832823,0.6061204,0.6048823,0.6794318,0.58489245,-0.18800654,-0.42896676,0.2662737,0.22693338,-0.31625956,-0.3510826,0.28055504,0.25240397,0.45601264,0.4199426,0.5988092,0.51016754
ROC,2026-02-12T23:05:00,0.61984605,0.5981222,-0.29100206,-0.39247298,0.59904987,0.60936636,0.6794318,0.5689008,-0.18800654,-0.33277708,0.27161896,0.22848685,-0.32325685,-0.35349414,0.32885218,0.25566742,0.46251008,0.4320479,0.5988092,0.50059617
ROC,2026-02-12T23:10:00,0.61802405,0.58505183,-0.24987394,-0.35233623,0.5919794,0.6068275,0.6794318,0.55887794,-0.18800654,-0.2883261,0.27696422,0.23718186,-0.33025417,-0.36210135,0.32885218,0.2654587,0.46900755,0.44215217,0.5988092,0.5057416
ROC,2026-02-12T23:15:00,0.6162021,0.580734,-0.20874579,-0.31108874,0.58490884,0.60116667,0.6794318,0.55525845,-0.39519018,-0.29601756,0.28230947,0.24568938,-0.33725145,-0.3777525,0.32885218,0.27565116,0.475505,0.44876322,0.5988092,0.5209
ROC,2026-02-12T23:20:00,0.6143802,0.584251,-0.16761765,-0.26258388,0.5778383,0.5843104,0.6794318,0.56777525,-0.18800654,-0.36816713,0.28765473,0.25871584,-0.34424877,-0.38186726,0.32885218,0.28661636,0.48200247,0.45237324,0.5988092,0.5231087
ROC,2026-02-12T23:25:00,0.61255825,0.5756455,-0.1264895,-0.2270096,0.5707678,0.5842859,0.6794318,0.55600685,-0.39519018,-0.32668844,0.29299998,0.2605423,-0.35124606,-0.38579985,0.32885218,0.28967133,0.4884999,0.4632602,0.5988092,0.5125759
ROC,2026-02-12T23:30:00,0.6107363,0.58305544,-0.08536136,-0.1807316,0.5636973,0.5707198,0.6794318,0.56006324,-0.18800654,-0.40645,0.29834524,0.26584795,-0.35824338,-0.39259773,0.37714928,0.29328823,0.49499738,0.46690536,0.5988092,0.4937028
ROC,2026-02-12T23:35:00,0.6089144,0.5720019,-0.04423322,-0.14547475,0.55662674,0.57208306,0.6794318,0.54165083,-0.39519018,-0.3553363,0.3036905,0.27154514,-0.36524066,-0.40028164,0.37714928,0.3012663,0.5014948,0.47802415,0.5988092,0.49446929
ROC,2026-02-12T23:40:00,0.60709244,0.57577354,-0.0031050784,-0.09848528,0.54955626,0.5598107,0.6794318,0.5450567,0.019177105,-0.41513082,0.30903575,0.27951798,-0.37223798,-0.40761116,0.37714928,0.308248,0.50799227,0.48348764,0.7106307,0.48665506
ROC,2026-02-12T23:45:00,0.6052705,0.5473879,0.038023066,-0.07186237,0.5424857,0.56965894,0.6794318,0.5235665,-0.39519018,-0.25921583,0.314381,0.28308526,-0.37923527,-0.41208163,0.37714928,0.3147814,0.5144897,0.4994748,0.5988092,0.5380044
ROC,2026-02-12T23:50:00,0.60344857,0.5558633,0.079151206,-0.016128078,0.5354152,0.5524141,0.6794318,0.5403345,-0.39519018,-0.3610198,0.31972626,0.29272094,-0.38623258,-0.4172667,0.37714928,0.32172313,0.5209872,0.5043428,0.5988092,0.50227445
ROC,2026-02-12T23:54:00,0.60162663,0.560037,0.12027935,0.026049243,0.5283447,0.5421626,0.6794318,0.54234415,-0.60237384,-0.41393834,0.3250715,0.30018684,-0.39322987,-0.4262255,0.37714928,0.32832438,0.52748466,0.50966144,0.5988092,0.4900887
ROC,2026-02-12T23:55:00,0.596911,0.5746249,0.098936826,0.07027943,0.5283447,0.52440643,0.6794318,0.55174637,-0.60237384,-0.5317961,0.32720962,0.30817804,-0.4002272,-0.43437362,0.37714928,0.33444628,0.5209872,0.50946987,0.5988092,0.47581717
ROC,2026-02-13T00:00:00,0.5921954,0.58015895,0.0775943,0.076959185,0.5283447,0.51746505,0.6794318,0.55820614,-0.39519018,-0.573823,0.32934773,0.3136027,-0.40722448,-0.43993503,0.37714928,0.33836904,0.5144897,0.5066039,0.5988092,0.46610072
ROC,2026-02-13T00:05:00,0.58747977,0.57425153,0.056251783,0.058518253,0.5283447,0.5238543,0.6794318,0.5574186,-0.60237384,-0.52130675,0.3314858,0.31405205,-0.4142218,-0.4515708,0.37714928,0.34089398,0.50799227,0.504034,0.5988092,0.47561833
ROC,2026-02-13T00:10:00,0.5827642,0.5786045,0.034909263,0.046096176,0.5283447,0.51830196,0.6794318,0.571589,-0.39519018,-0.55828947,0.33362392,0.32285234,-0.4212191,-0.4582595,0.37714928,0.34813154,0.5014948,0.49618536,0.7106307,0.4692278
ROC,2026-02-13T00:15:00,0.5780486,0.56968,0.01356674,0.018629255,0.5283447,0.5264565,0.6794318,0.573211,-0.60237384,-0.49820533,0.33576202,0.32595432,-0.4282164,-0.46799654,0.37714928,0.35377792,0.49499738,0.49224854,0.7106307,0.5187991
ROC,2026-02-13T00:20:00,0.57333297,0.5698277,-0.007775782,0.0034853574,0.5283447,0.5209805,0.6794318,0.5863198,-0.39519018,-0.5227811,0.33790013,0.3326488,-0.4352137,-0.47234675,0.37714928,0.35867402,0.4884999,0.48447216,0.5988092,0.5429599
ROC,2026-02-13T00:25:00,0.56861734,0.5689272,-0.029118303,-0.022685615,0.5283447,0.5294291,0.6794318,0.59050953,-0.60237384,-0.48141602,0.34003824,0.33065912,-0.442211,-0.48127887,0.37714928,0.35869178,0.48200247,0.48121285,0.5988092,0.51684934
ROC,2026-02-13T00:30:00,0.5639017,0.5795995,-0.050460827,-0.037298128,0.5283447,0.52595127,0.6794318,0.60564005,-0.39519018,-0.5363331,0.34217632,0.33307695,-0.44920832,-0.48835638,0.37714928,0.3602634,0.475505,0.47310922,0.5988092,0.49229312
ROC,2026-02-13T00:35:00,0.55918616,0.5766653,-0.07180335,-0.06517709,0.5283447,0.53481454,0.6794318,0.6064622,-0.60237384,-0.48983642,0.34431443,0.33157885,-0.4562056,-0.49978834,0.37714928,0.36107528,0.46900755,0.46936363,0.7106307,0.49611595
ROC,2026-02-13T00:40:00,0.55447054,0.5824035,-0.09314587,-0.081398726,0.5283447,0.5298087,0.6794318,0.61683303,-0.18800654,-0.53947747,0.34645253,0.33685338,-0.46320292,-0.5068646,0.37714928,0.36576426,0.46251008,0.45946795,0.5988092,0.52410185
ROC,2026-02-13T00:45:00,0.5497549,0.5618995,-0.11448839,-0.11788846,0.5283447,0.54434437,0.6794318,0.60263443,-0.39519018,-0.39593384,0.34859064,0.3340917,-0.4702002,-0.51593834,0.37714928,0.36588445,0.45601264,0.4587231,0.5988092,0.52576154
ROC,2026-02-13T00:50:00,0.5450393,0.56324404,-0.13583091,-0.13333176,0.5283447,0.54233503,0.6794318,0.6125054,-0.39519018,-0.41271803,0.35072872,0.3375244,-0.47719753,-0.5235226,0.37714928,0.36915547,0.44951516,0.4512905,0.5988092,0.5103596
ROC,2026-02-13T00:54:00,0.54032373,0.5604469,-0.15717344,-0.15346271,0.5283447,0.54088295,0.6794318,0.6161958,-0.39519018,-0.40832126,0.35286683,0.34096667,-0.48419482,-0.5316078,0.37714928,0.37207374,0.44301772,0.4436917,0.5988092,0.5143972
ROC,2026-02-13T00:55:00,0.53775156,0.5599473,-0.15853572,-0.17445342,0.5142036,0.53952867,0.6794318,0.62239164,-0.39519018,-0.4120082,0.35607398,0.3440041,-0.49119213,-0.53887004,0.37714928,0.37520468,0.4300228,0.4354943,0.5988092,0.5187467
ROC,2026-02-13T01:00:00,0.53517944,0.5563178,-0.15989801,-0.18499044,0.5000626,0.536373,0.96527123,0.619892,-0.39519018,-0.4099689,0.35928115,0.34339353,-0.49818942,-0.54347485,0.37714928,0.37455782,0.4170279,0.42909718,0.5988092,0.5080004
ROC,2026-02-13T01:05:00,0.53260726,0.54925096,-0.1612603,-0.21493508,0.48592156,0.5275511,0.96527123,0.79365146,0.019177105,-0.4257519,0.3624883,0.34656224,-0.50518674,-0.5654207,0.37714928,0.3749072,0.40403298,0.4106598,0.7106307,0.4935071
ROC,2026-02-13T01:10:00,0.5300351,0.51506865,-0.16262259,-0.23754187,0.4717805,0.5376381,0.96527123,0.82483196,-0.39519018,-0.25588027,0.36569545,0.34505525,-0.512184,-0.57386273,0.37714928,0.37727654,0.39103806,0.40969622,0.7106307,0.5507396
ROC,2026-02-13T01:15:00,0.52746296,0.5189695,-0.16398488,-0.2207236,0.45763946,0.5188678,0.96527123,0.8524602,-0.18800654,-0.3541115,0.3689026,0.34918895,-0.5191813,-0.5803955,0.37714928,0.37970492,0.37804317,0.3991138,0.7106307,0.5613213
ROC,2026-02-13T01:20:00,0.5248908,0.502867,-0.16534717,-0.22198261,0.44349843,0.5135225,0.96527123,0.84483355,-0.60237384,-0.3023794,0.37210974,0.35126013,-0.52617866,-0.580361,0.37714928,0.38242778,0.36504826,0.39506292,0.5988092,0.56785405
ROC,2026-02-13T01:25:00,0.52231866,0.5202853,-0.16670945,-0.20378506,0.42935738,0.48856694,0.96527123,0.861434,-0.60237384,-0.46335575,0.3753169,0.3541338,-0.53317595,-0.5845596,0.37714928,0.38123712,0.35205334,0.38120964,0.5988092,0.5062096
ROC,2026-02-13T01:30:00,0.5197465,0.5265725,-0.16807175,-0.20258105,0.41521636,0.4715194,0.96527123,0.86344635,-0.60237384,-0.5404257,0.37852407,0.358548,-0.54017323,-0.5896536,0.37714928,0.3836841,0.33905843,0.36835325,0.7106307,0.47980472
ROC,2026-02-13T01:35:00,0.51717436,0.5238601,-0.16943403,-0.20666225,0.4010753,0.45891935,0.96527123,0.8585659,-0.39519018,-0.5760555,0.3817312,0.36244476,-0.5471705,-0.59657687,0.37714928,0.3871294,0.3260635,0.35643333,0.5988092,0.5062906
ROC,2026-02-13T01:40:00,0.5146022,0.5094875,-0.17079632,-0.21650855,0.38693428,0.45466828,0.96527123,0.84906054,-0.39519018,-0.5215466,0.38493836,0.3615573,-0.55416787,-0.60253954,0.42544642,0.38748518,0.3130686,0.34915337,0.5988092,0.49052024
ROC,2026-02-13T01:45:00,0.51203007,0.49547732,-0.17215861,-0.21455206,0.37279323,0.4449159,0.96527123,0.85824996,-0.8095575,-0.502113,0.3881455,0.36785874,-0.56116515,-0.60730284,0.42544642,0.39697477,0.30007368,0.34034684,0.5988092,0.4784318
ROC,2026-02-13T01:50:00,0.5094579,0.50111043,-0.1735209,-0.20052226,0.35865217,0.41694096,0.96527123,0.8800645,-0.8095575,-0.6258544,0.39135265,0.3791154,-0.56816244,-0.6086587,0.42544642,0.40451306,0.28707877,0.32462704,0.5988092,0.45918232
ROC,2026-02-13T01:54:00,0.50688577,0.50870335,-0.17488319,-0.19868764,0.34451115,0.39893726,0.96527123,0.8876832,-0.8095575,-0.7135486,0.39455983,0.38302013,-0.5751597,-0.6161242,0.42544642,0.40713322,0.27408388,0.3095847,0.5988092,0.45165378
ROC,2026-02-13T01:55:00,0.48834485,0.50598395,-0.17624548,-0.20225866,0.3303701,0.38437095,0.96527123,0.8886518,-0.8095575,-0.7447223,0.3966979,0.38732022,-0.5751597,-0.61890006,0.42544642,0.41042864,0.26108897,0.2971754,0.5988092,0.44668415
ROC,2026-02-13T02:00:00,0.46980393,0.5066407,-0.17760776,-0.20270483,0.31622908,0.37111086,0.96527123,0.888008,-0.60237384,-0.7873774,0.39883602,0.38721123,-0.5751597,-0.6234246,0.42544642,0.410414,0.24809405,0.2836141,0.5988092,0.43079448
ROC,2026-02-13T02:05:00,0.451263,0.48807573,-0.17897005,-0.21001999,0.30208802,0.36548117,0.96527123,0.87891114,-0.60237384,-0.73030365,0.40097412,0.386956,-0.5751597,-0.62768483,0.42544642,0.41237184,0.23509914,0.27451342,0.5988092,0.43895707
ROC,2026-02-13T02:10:00,0.4327221,0.46948326,-0.18033235,-0.21122405,0.28794697,0.35433015,0.96527123,0.87655425,-0.8095575,-0.6967947,0.40311223,0.38920954,-0.5751597,-0.6326545,0.42544642,0.41554084,0.22210422,0.26354942,0.5988092,0.45310658
ROC,2026-02-13T02:15:00,0.41418117,0.4636349,-0.18169463,-0.20368077,0.27380595,0.33326474,0.96527123,0.8826678,-0.60237384,-0.7482445,0.4052503,0.39266396,-0.5751597,-0.6329102,0.42544642,0.4166011,0.2091093,0.24883631,0.48698765,0.43667036
ROC,2026-02-13T02:20:00,0.39564025,0.44512424,-0.18305692,-0.20687139,0.2596649,0.32485202,0.96527123,0.88063914,-0.60237384,-0.70134103,0.40738842,0.3938321,-0.5751597,-0.6334662,0.42544642,0.41973695,0.19611439,0.24011256,0.48698765,0.40380117
ROC,2026-02-13T02:25:00,0.37709934,0.43234456,-0.18441921,-0.20559657,0.24552386,0.31263563,0.96527123,0.8871006,-0.60237384,-0.6907006,0.40952653,0.39681044,-0.5751597,-0.6363888,0.42544642,0.42447144,0.18311949,0.22810961,0.48698765,0.38774127
ROC,2026-02-13T02:30:00,0.35855842,0.4197667,-0.1857815,-0.20368142,0.23138282,0.29987738,0.96527123,0.89010036,-0.8095575,-0.68635386,0.41166463,0.39806473,-0.5751597,-0.6407479,0.42544642,0.42655006,0.17012458,0.21589991,0.48698765,0.38137212
ROC,2026-02-13T02:35:00,0.34001753,0.4194473,-0.18714379,-0.19622889,0.21724178,0.2771905,0.96527123,0.90017486,-0.60237384,-0.76047826,0.41380274,0.40298155,-0.5751597,-0.6428547,0.42544642,0.4293311,0.15712966,0.19892135,0.37516612,0.36469617
ROC,2026-02-13T02:40:00,0.3214766,0.404014,-0.18850607,-0.20017064,0.20310074,0.2670224,0.96527123,0.89544,-0.60237384,-0.72775006,0.41594082,0.40086094,-0.5751597,-0.6455769,0.42544642,0.42784202,0.14413475,0.1875888,0.37516612,0.33054933
ROC,2026-02-13T02:45:00,0.3029357,0.38453692,-0.18986836,-0.20295356,0.18895969,0.25470597,0.96527123,0.8931256,-0.60237384,-0.69434124,0.41807893,0.40236834,-0.5751597,-0.6470361,0.42544642,0.42889193,0.13113984,0.17624594,0.48698765,0.31608278
ROC,2026-02-13T02:50:00,0.28439477,0.36313877,-0.19123065,-0.20428523,0.17481865,0.24154726,0.96527123,0.8928898,-0.60237384,-0.6680262,0.42021704,0.4063536,-0.5751597,-0.64896965,0.42544642,0.4328424,0.11814493,0.16417319,0.48698765,0.35303256
ROC,2026-02-13T02:54:00,0.26585385,0.34762844,-0.19259293,-0.20212221,0.16067761,0.22685239,0.96527123,0.8963237,-0.60237384,-0.66567993,0.42235515,0.4083754,-0.5751597,-0.6489151,0.42544642,0.4350719,0.105150014,0.15101846,0.48698765,0.36606663
ROC,2026-02-13T02:55:00,0.2525644,0.3311081,-0.15010251,-0.20198594,0.13946605,0.21298653,0.96527123,0.8962188,-0.39519018,-0.65556866,0.42128608,0.41126615,-0.5751597,-0.6466007,0.42544642,0.4375029,0.09865256,0.13919486,0.48698765,0.36327335
ROC,2026-02-13T03:00:00,0.23927496,0.3014213,-0.10761208,-0.18560308,0.11825449,0.20422533,0.96527123,0.8829143,-0.60237384,-0.57614774,0.42021704,0.4093256,-0.5751597,-0.6466187,0.42544642,0.4374036,0.09215511,0.13557167,0.37516612,0.37534058
ROC,2026-02-13T03:05:00,0.22598553,0.2932593,-0.06512164,-0.14399499,0.097042926,0.17886135,0.96527123,0.8848672,-0.8095575,-0.62724346,0.419148,0.40994632,-0.5751597,-0.6464732,0.42544642,0.43598393,0.08565765,0.12745713,0.37516612,0.32383543
ROC,2026-02-13T03:10:00,0.21269608,0.2972331,-0.022631215,-0.09514797,0.07583137,0.14621916,0.96527123,0.89147586,-0.8095575,-0.7459813,0.41807893,0.41366038,-0.5751597,-0.64731574,0.42544642,0.4368104,0.07916019,0.114905,0.48698765,0.28385368
ROC,2026-02-13T03:15:00,0.19940664,0.28620642,0.019859215,-0.05561612,0.054619804,0.12107707,0.96527123,0.884505,-0.8095575,-0.7912844,0.4170099,0.41800174,-0.5751597,-0.64520144,0.42544642,0.4392876,0.07266273,0.10670999,0.48698765,0.29900256
ROC,2026-02-13T03:20:00,0.1861172,0.27154845,0.062349647,-0.01614764,0.033408243,0.09705242,0.96527123,0.8762775,-0.8095575,-0.8163278,0.41594082,0.42127764,-0.5751597,-0.6432991,0.42544642,0.44128698,0.06616528,0.09940539,0.37516612,0.3063491
ROC,2026-02-13T03:25:00,0.17282775,0.25734362,0.10484008,0.02423673,0.012196683,0.07240907,0.96527123,0.8701839,-0.8095575,-0.8365001,0.41487178,0.42277867,-0.5751597,-0.64390796,0.42544642,0.44155076,0.059667822,0.091937296,0.48698765,0.2781017
ROC,2026-02-13T03:30:00,0.15953831,0.23795347,0.14733051,0.06461563,-0.0090148775,0.050057285,0.96527123,0.86379987,-0.8095575,-0.8428022,0.41380274,0.42540258,-0.5751597,-0.6452252,0.42544642,0.44375128,0.053170368,0.0852629,0.48698765,0.306452
ROC,2026-02-13T03:35:00,0.14624886,0.21908961,0.18982095,0.10644081,-0.03022644,0.027525797,0.96527123,0.85867953,-0.8095575,-0.8488729,0.41273367,0.42729434,-0.5751597,-0.6439702,0.42544642,0.44508612,0.04667291,0.07911858,0.37516612,0.315558
ROC,2026-02-13T03:40:00,0.13295943,0.2013274,0.23231137,0.14812718,-0.051438,0.005717166,0.96527123,0.8548784,-0.8095575,-0.8496755,0.41166463,0.42673928,-0.5751597,-0.64221966,0.42544642,0.44304463,0.040175457,0.074733615,0.48698765,0.27864206
ROC,2026-02-13T03:45:00,0.11966998,0.18421045,0.2748018,0.19211984,-0.07264956,-0.01459882,0.96527123,0.8545408,-0.8095575,-0.8554227,0.41059557,0.42723843,-0.5751597,-0.6414206,0.42544642,0.44352055,0.033678,0.06936546,0.37516612,0.29139477
ROC,2026-02-13T03:50:00,0.10638054,0.17407945,0.31729224,0.23829556,-0.093861125,-0.03770092,0.96527123,0.85692376,-0.8095575,-0.8795868,0.40952653,0.4255987,-0.5751597,-0.6430828,0.42544642,0.44182003,0.027180545,0.061612416,0.37516612,0.25454062
ROC,2026-02-13T03:54:00,0.0930911,0.1591209,0.35978267,0.28130457,-0.11507268,-0.05960644,0.96527123,0.8582042,-0.8095575,-0.8872273,0.4084575,0.42726538,-0.5751597,-0.6446908,0.42544642,0.44316092,0.020683087,0.055164795,0.48698765,0.24448131
ROC,2026-02-13T03:55:00,0.0934662,0.13983278,0.36030164,0.32319567,-0.10800216,-0.07992254,0.96527123,0.8575235,-0.8095575,-0.88509226,0.41273367,0.4301575,-0.5751597,-0.64595205,0.42544642,0.44587272,0.027180545,0.049618308,0.48698765,0.28353834
ROC,2026-02-13T04:00:00,0.09384131,0.13154188,0.3608206,0.34335253,-0.100931644,-0.090062685,0.96527123,0.8605675,-0.8095575,-0.8856973,0.4170099,0.4306995,-0.5751597,-0.6462498,0.42544642,0.44567558,0.033678,0.046300933,0.48698765,0.29578325
ROC,2026-02-13T04:05:00,0.094216414,0.12787713,0.36133957,0.35029653,-0.093861125,-0.0938596,0.96527123,0.86364114,-0.8095575,-0.8835466,0.42128608,0.43177003,-0.5751597,-0.6479124,0.47374353,0.4459022,0.040175457,0.044890292,0.37516612,0.31138873
ROC,2026-02-13T04:10:00,0.09459152,0.12885666,0.36185855,0.3534846,-0.0867906,-0.09655376,0.96527123,0.86703557,-0.8095575,-0.88661444,0.4255623,0.43720803,-0.5751597,-0.648576,0.47374353,0.45037642,0.04667291,0.04345762,0.37516612,0.2766752
ROC,2026-02-13T04:15:00,0.09496663,0.13006426,0.3623775,0.35366878,-0.07972008,-0.09561083,0.96527123,0.87017024,-0.60237384,-0.88255715,0.4298385,0.44022647,-0.5751597,-0.64700234,0.47374353,0.45256272,0.053170368,0.04412843,0.37516612,0.25280607
ROC,2026-02-13T04:20:00,0.09534173,0.11642736,0.36289647,0.34717214,-0.07264956,-0.08412421,0.96527123,0.86703897,-0.60237384,-0.7961363,0.4341147,0.43951866,-0.5751597,-0.6483043,0.47374353,0.45368,0.059667822,0.050874535,0.37516612,0.26572233
ROC,2026-02-13T04:25:00,0.095716834,0.110643074,0.36341542,0.34715676,-0.06557904,-0.07689999,0.96527123,0.8680914,-0.8095575,-0.7517157,0.4383909,0.43832636,-0.5751597,-0.6479779,0.47374353,0.45308226,0.06616528,0.055697195,0.37516612,0.2630414
ROC,2026-02-13T04:30:00,0.09609194,0.123062864,0.3639344,0.35293257,-0.05850852,-0.080988586,0.96527123,0.87550265,-0.8095575,-0.8087916,0.4426671,0.4414811,-0.5751597,-0.6480285,0.47374353,0.4537706,0.07266273,0.05380279,0.37516612,0.24981742
ROC,2026-02-13T04:35:00,0.09646705,0.13051446,0.36445338,0.35139826,-0.051438,-0.08123031,0.96527123,0.8769515,-0.60237384,-0.8341292,0.4469433,0.44392532,-0.5751597,-0.6494538,0.47374353,0.45463827,0.07916019,0.053322412,0.48698765,0.25545338
ROC,2026-02-13T04:40:00,0.09684215,0.11889045,0.36497232,0.34249735,-0.04436748,-0.06808521,0.96527123,0.86979926,-0.60237384,-0.75815976,0.4512195,0.44395468,-0.5751597,-0.6498259,0.47374353,0.45638633,0.08565765,0.061107703,0.48698765,0.3167623
ROC,2026-02-13T04:45:00,0.097217254,0.11472547,0.3654913,0.34033436,-0.03729696,-0.059576705,0.96527123,0.8667469,-0.60237384,-0.7208396,0.45549572,0.44412544,-0.5751597,-0.6503141,0.47374353,0.45730874,0.09215511,0.06736,0.48698765,0.34678316
ROC,2026-02-13T04:50:00,0.09759236,0.115481585,0.36601028,0.34059983,-0.03022644,-0.05265558,0.96527123,0.86584127,-0.60237384,-0.70448244,0.45977193,0.44692212,-0.5751597,-0.6489425,0.47374353,0.46047252,0.09865256,0.073045224,0.48698765,0.3512173
ROC,2026-02-13T04:54:00,0.09796747,0.118090585,0.36652923,0.34119606,-0.023155918,-0.04613252,0.96527123,0.865222,-0.60237384,-0.6963609,0.46404812,0.4490457,-0.5751597,-0.64725316,0.47374353,0.4626409,0.105150014,0.07856761,0.48698765,0.3500718
ROC,2026-02-13T04:55:00,0.08489237,0.11844595,0.41349575,0.33913592,-0.04436748,-0.039541844,0.96527123,0.8619182,-0.60237384,-0.6820506,0.46511716,0.4518893,-0.5751597,-0.6458332,0.47374353,0.4649819,0.09865256,0.08460602,0.48698765,0.35169086
ROC,2026-02-13T05:00:00,0.07181727,0.11182779,0.46046227,0.3639964,-0.06557904,-0.044468243,0.96527123,0.85534954,-0.60237384,-0.6785985,0.46618623,0.4538934,-0.5751597,-0.64344203,0.47374353,0.466955,0.09215511,0.088341326,0.48698765,0.34895158
ROC,2026-02-13T05:05:00,0.058742177,0.10385287,0.5074288,0.4042101,-0.0867906,-0.056705013,0.96527123,0.8515874,-0.60237384,-0.6888393,0.46725526,0.45561203,-0.5751597,-0.64341325,0.47374353,0.46938825,0.08565765,0.089096375,0.37516612,0.34781748
ROC,2026-02-13T05:10:00,0.04566708,0.095183864,0.5543953,0.45012057,-0.10800216,-0.07384783,0.96527123,0.84880096,-0.60237384,-0.70211554,0.46832433,0.45623946,-0.5751597,-0.6447076,0.52204067,0.47028914,0.07916019,0.08810499,0.37516612,0.30568263
ROC,2026-02-13T05:15:00,0.032591984,0.077260226,0.6013619,0.49612626,-0.12921372,-0.09212241,0.96527123,0.8448435,-0.60237384,-0.69708776,0.46939337,0.46717262,-0.5751597,-0.64635605,0.47374353,0.4811773,0.07266273,0.08721604,0.37516612,0.29496148
ROC,2026-02-13T05:20:00,0.019516887,0.062028866,0.64832836,0.54322267,-0.15042529,-0.10903423,0.96527123,0.84356695,-0.60237384,-0.6964035,0.4704624,0.46725854,-0.5751597,-0.6472517,0.47374353,0.48130003,0.06616528,0.08716657,0.37516612,0.28901303
ROC,2026-02-13T05:25:00,0.0064417897,0.047347236,0.6952949,0.5916256,-0.17163685,-0.12590861,0.96527123,0.84263855,-0.60237384,-0.69882965,0.47153148,0.4697322,-0.5751597,-0.6472611,0.47374353,0.48407647,0.059667822,0.087115094,0.37516612,0.2826022
ROC,2026-02-13T05:30:00,-0.006633307,0.032846358,0.7422614,0.6401333,-0.19284841,-0.14301455,0.96527123,0.84185725,-0.60237384,-0.70246845,0.47260052,0.47255525,-0.5751597,-0.64754593,0.52204067,0.48727623,0.053170368,0.08672989,0.37516612,0.2787995
ROC,2026-02-13T05:35:00,-0.019708404,0.016525827,0.78922796,0.6891509,-0.21405996,-0.16115221,0.96527123,0.8412069,-0.8095575,-0.7045187,0.4736696,0.48307046,-0.5751597,-0.64714533,0.52204067,0.4983442,0.04667291,0.08555035,0.37516612,0.27647528
ROC,2026-02-13T05:40:00,-0.0327835,0.014920071,0.83619446,0.74278814,-0.23527153,-0.18926197,0.96527123,0.84644324,-0.8095575,-0.7898538,0.47473863,0.49256757,-0.5751597,-0.64603156,0.52204067,0.50565064,0.040175457,0.07715713,0.37516612,0.26009816
ROC,2026-02-13T05:45:00,-0.045858596,0.007781662,0.883161,0.7895781,-0.25648308,-0.21281236,0.96527123,0.8463362,-0.60237384,-0.83538383,0.47580767,0.49758384,-0.5751597,-0.6464304,0.52204067,0.5095926,0.033678,0.07015221,0.37516612,0.25473496
ROC,2026-02-13T05:50:00,-0.058933694,-0.017350327,0.9301275,0.83070654,-0.27769464,-0.22549361,0.96527123,0.84045887,-0.8095575,-0.7787846,0.47687674,0.4970807,-0.5751597,-0.64663494,0.52204067,0.511039,0.027180545,0.07006646,0.37516612,0.260244
ROC,2026-02-13T05:54:00,-0.07200879,-0.025048666,0.977094,0.88131994,-0.2989062,-0.25183377,0.96527123,0.8432165,-0.8095575,-0.83109,0.47794577,0.50560695,-0.5751597,-0.6467248,0.52204067,0.518087,0.020683087,0.061763965,0.37516612,0.24874957
ROC,2026-02-13T05:55:00,-0.07838558,-0.035880372,0.9767697,0.92846745,-0.30597675,-0.27446976,0.96527123,0.8434795,-0.8095575,-0.8588851,0.47901484,0.50711316,-0.5751597,-0.6466097,0.52204067,0.5187494,0.014185633,0.055352174,0.37516612,0.24427718
ROC,2026-02-13T06:00:00,-0.084762365,-0.044173732,0.9764453,0.9499325,-0.31304726,-0.2887626,0.96527123,0.84807277,-0.8095575,-0.8703771,0.48008388,0.5085184,-0.5751597,-0.6474241,0.52204067,0.5195347,0.0076881764,0.048306577,0.26334456,0.24342924
ROC,2026-02-13T06:05:00,-0.09113916,-0.047573052,0.97612095,0.95899683,-0.32011777,-0.29974386,0.96527123,0.85473454,-0.60237384,-0.88044256,0.48115292,0.5078567,-0.5751597,-0.6484153,0.52204067,0.51831293,0.0011907206,0.040708452,0.26334456,0.19810885
ROC,2026-02-13T06:10:00,-0.09751595,-0.067735866,0.9757966,0.9555757,-0.32718828,-0.29830846,0.96527123,0.85784715,-0.8095575,-0.7979969,0.482222,0.5091562,-0.5751597,-0.6511885,0.52204067,0.5219487,-0.005306735,0.039762452,0.37516612,0.19554682
ROC,2026-02-13T06:15:00,-0.103892736,-0.06717262,0.9754723,0.96189725,-0.33425882,-0.3092309,0.96527123,0.86922246,-0.60237384,-0.8366009,0.48329103,0.5150067,-0.5751597,-0.6528475,0.52204067,0.5268941,-0.011804191,0.029578367,0.37516612,0.22551239
ROC,2026-02-13T06:20:00,-0.110269524,-0.082960196,0.9751479,0.9565468,-0.34132934,-0.30815074,0.96527123,0.87137014,-0.8095575,-0.7745714,0.4843601,0.5140594,-0.5751597,-0.6546801,0.52204067,0.5276795,-0.018301647,0.02711103,0.37516612,0.25717387
ROC,2026-02-13T06:25:00,-0.11664631,-0.08126065,0.97482353,0.9595175,-0.34839985,-0.31968135,0.96527123,0.87516606,-0.8095575,-0.8197892,0.48542914,0.51673806,-0.5751597,-0.65201527,0.52204067,0.52771807,-0.024799103,0.017836822,0.37516612,0.25066653
ROC,2026-02-13T06:30:00,-0.1230231,-0.0788279,0.97449917,0.9595003,-0.3554704,-0.3282489,0.96527123,0.8796255,-0.60237384,-0.8494573,0.48649818,0.51862335,-0.5751597,-0.65244085,0.52204067,0.5286637,-0.03129656,0.00872357,0.37516612,0.250502
ROC,2026-02-13T06:35:00,-0.1293999,-0.095105976,0.97417486,0.95168483,-0.3625409,-0.3259107,0.96527123,0.8783977,-0.60237384,-0.77901256,0.48756725,0.5146241,-0.5751597,-0.65372556,0.52204067,0.5264462,-0.037794016,0.006873276,0.37516612,0.26906312
ROC,2026-02-13T06:40:00,-0.13577668,-0.1070793,0.9738505,0.9495284,-0.3696114,-0.32839543,0.96527123,0.8795406,-0.8095575,-0.74280936,0.48863629,0.51317614,-0.5751597,-0.6543589,0.52204067,0.52569556,-0.04429147,0.0028383173,0.37516612,0.2758631
ROC,2026-02-13T06:45:00,-0.14215347,-0.09985572,0.9735261,0.9562695,-0.37668195,-0.34258118,0.96527123,0.88531077,-0.8095575,-0.81134576,0.48970535,0.5150506,-0.5751597,-0.651928,0.52204067,0.52528644,-0.050788928,-0.008305643,0.37516612,0.25413936
ROC,2026-02-13T06:50:00,-0.14853026,-0.10115728,0.97320175,0.95329934,-0.38375247,-0.3519084,0.96527123,0.8829754,-0.8095575,-0.83867234,0.4907744,0.5186791,-0.5751597,-0.6496998,0.52204067,0.5272624,-0.05728638,-0.016486995,0.37516612,0.2435911
ROC,2026-02-13T06:54:00,-0.15490705,-0.10173441,0.97287744,0.95098805,-0.39082298,-0.35982484,0.96527123,0.88364536,-0.8095575,-0.859095,0.49184343,0.5204662,-0.5751597,-0.65256584,0.52204067,0.52861637,-0.06378384,-0.025036916,0.37516612,0.24902643
ROC,2026-02-13T06:55:00,-0.16128384,-0.10784325,0.97248816,0.9463985,-0.3978935,-0.3669707,0.96527123,0.8803285,-0.8095575,-0.8622478,0.4929125,0.5218041,-0.5751597,-0.6525667,0.52204067,0.5291257,-0.0702813,-0.032018114,0.37516612,0.25093296
ROC,2026-02-13T07:00:00,-0.16766062,-0.11106713,0.97209895,0.94568896,-0.40496403,-0.37401286,0.96527123,0.88156503,-0.60237384,-0.86909044,0.49398154,0.521961,-0.5751597,-0.6535436,0.52204067,0.5292213,-0.07677875,-0.039456364,0.26334456,0.2534091
ROC,2026-02-13T07:05:00,-0.17403741,-0.12754698,0.9717097,0.9399936,-0.41203454,-0.3729719,0.96527123,0.8801721,-0.60237384,-0.7958261,0.4950506,0.5164161,-0.5751597,-0.6558703,0.52204067,0.5260517,-0.083276205,-0.041013528,0.26334456,0.22401647
ROC,2026-02-13T07:10:00,-0.1804142,-0.14397965,0.9713205,0.9374181,-0.41910505,-0.37579215,0.96527123,0.87958395,-0.60237384,-0.74755615,0.49611965,0.51576567,-0.5751597,-0.6556506,0.52204067,0.52591425,-0.08977366,-0.04377688,0.37516612,0.20813648
ROC,2026-02-13T07:15:00,-0.18679099,-0.15956229,0.9709313,0.93700755,-0.4261756,-0.3793542,0.96527123,0.881338,-0.60237384,-0.71554226,0.4971887,0.51867634,-0.5751597,-0.6551212,0.52204067,0.5290168,-0.09627112,-0.047420684,0.26334456,0.24772891
ROC,2026-02-13T07:20:00,-0.19316778,-0.16319036,0.9705421,0.94158125,-0.4332461,-0.38605225,0.96527123,0.8872496,-0.60237384,-0.7168497,0.49825776,0.5168743,-0.5751597,-0.6549385,0.52204067,0.5274833,-0.10276857,-0.053373028,0.37516612,0.21469177
ROC,2026-02-13T07:25:00,-0.19954456,-0.1722439,0.97015285,0.9425471,-0.44031662,-0.39120346,0.96527123,0.89017767,-0.8095575,-0.7073514,0.4993268,0.5196702,-0.5751597,-0.65442806,0.52204067,0.530391,-0.10926603,-0.058661114,0.26334456,0.24806459
ROC,2026-02-13T07:30:00,-0.20592135,-0.15957095,0.96976364,0.9498352,-0.44738716,-0.40843248,0.96527123,0.8959342,-0.8095575,-0.79942316,0.50039583,0.52161837,-0.5751597,-0.6544749,0.52204067,0.5297981,-0.115763485,-0.07150072,0.26334456,0.20050195
ROC,2026-02-13T07:35:00,-0.21229814,-0.15650193,0.9693744,0.94910187,-0.45445767,-0.41974348,0.96527123,0.8961729,-0.8095575,-0.84041303,0.5014649,0.52344847,-0.5751597,-0.65439576,0.52204067,0.5303367,-0.12226094,-0.081369415,0.37516612,0.18173699
ROC,2026-02-13T07:40:00,-0.21867494,-0.16126385,0.96898514,0.94613284,-0.46152818,-0.42756805,0.96527123,0.8942343,-1.0167412,-0.85375404,0.502534,0.5262314,-0.5751597,-0.6553239,0.52204067,0.53241944,-0.1287584,-0.0893935,0.37516612,0.22400379
ROC,2026-02-13T07:45:00,-0.22505173,-0.15254727,0.9685959,0.94808733,-0.4685987,-0.44468048,0.96527123,0.8912808,-0.8095575,-0.9424041,0.503603,0.5298796,-0.5751597,-0.65123737,0.52204067,0.5325208,-0.13525586,-0.10251264,0.26334456,0.21703392
ROC,2026-02-13T07:50:00,-0.23142852,-0.1633152,0.9682067,0.9409466,-0.47566923,-0.44841033,0.96527123,0.8844032,-0.8095575,-0.9092581,0.50467205,0.5269188,-0.5751597,-0.6498595,0.52204067,0.5303015,-0.14175332,-0.10690108,0.37516612,0.18356298
ROC,2026-02-13T07:54:00,-0.2378053,-0.1778581,0.9678175,0.937094,-0.48273975,-0.45249864,0.96527123,0.88150734,-0.8095575,-0.8810732,0.5057411,0.52982646,-0.5751597,-0.6510316,0.52204067,0.5335112,-0.14825076,-0.1116454,0.37516612,0.22435513
ROC,2026-02-13T07:55:00,-0.25715002,-0.18676336,0.9671039,0.93786776,-0.4968808,-0.45870975,0.96527123,0.8813847,-0.8095575,-0.8724963,0.503603,0.5293279,-0.5751597,-0.6499328,0.52204067,0.53307277,-0.16124567,-0.11727299,0.26334456,0.23402986
ROC,2026-02-13T08:00:00,-0.27649474,-0.19555959,0.9663903,0.9396309,-0.51102185,-0.4703798,0.96527123,0.88271374,-0.8095575,-0.8736052,0.5014649,0.52841944,-0.5751597,-0.65101135,0.52204067,0.53210896,-0.17424059,-0.12683661,0.26334456,0.19703545
ROC,2026-02-13T08:05:00,-0.29583943,-0.20387183,0.9656767,0.9452161,-0.5251629,-0.4835389,0.96527123,0.8889332,-0.60237384,-0.87766916,0.4993268,0.5268682,-0.5751597,-0.6519359,0.52204067,0.5310954,-0.1872355,-0.13846466,0.26334456,0.17629157
ROC,2026-02-13T08:10:00,-0.31518415,-0.2323663,0.9649632,0.943166,-0.5393039,-0.48827848,0.96527123,0.89039075,-0.8095575,-0.7905742,0.4971887,0.5239997,-0.5751597,-0.65379393,0.52204067,0.53099585,-0.20023042,-0.14437833,0.26334456,0.18578486
ROC,2026-02-13T08:15:00,-0.33452886,-0.23951824,0.9642496,0.95088285,-0.5534449,-0.50767213,0.96527123,0.8981739,-0.8095575,-0.8302117,0.4950506,0.52740955,-0.5751597,-0.65558285,0.52204067,0.5329858,-0.21322532,-0.15981159,0.26334456,0.17920744
ROC,2026-02-13T08:20:00,-0.35387358,-0.24675904,0.963536,0.9567397,-0.567586,-0.5244256,0.96527123,0.9057714,-0.8095575,-0.8543592,0.4929125,0.5281386,-0.5751597,-0.6567955,0.47374353,0.5332932,-0.22622024,-0.17466106,0.26334456,0.17692119
ROC,2026-02-13T08:25:00,-0.3732183,-0.25798148,0.96282244,0.95673037,-0.581727,-0.5384266,0.96527123,0.9058718,-0.8095575,-0.8599332,0.4907744,0.52042097,-0.5751597,-0.65444213,0.47374353,0.5247209,-0.23921515,-0.18670334,0.37516612,0.16797231
ROC,2026-02-13T08:30:00,-0.39256302,-0.2751434,0.96210885,0.9543675,-0.59586805,-0.55083966,0.96527123,0.9050216,-0.8095575,-0.8526705,0.48863629,0.5198297,-0.5751597,-0.6560057,0.52204067,0.5236674,-0.25221005,-0.19836211,0.37516612,0.2239684
ROC,2026-02-13T08:35:00,-0.4119077,-0.29128838,0.96139526,0.9554994,-0.61000913,-0.5655622,0.96527123,0.9050598,-0.8095575,-0.85179675,0.48649818,0.52542365,-0.5751597,-0.6554564,0.47374353,0.528982,-0.26520497,-0.21144146,0.37516612,0.24621019
ROC,2026-02-13T08:40:00,-0.43125242,-0.304565,0.9606817,0.956285,-0.62415016,-0.5802409,0.96527123,0.90554553,-0.8095575,-0.85338384,0.4843601,0.51968044,-0.5751597,-0.6540027,0.47374353,0.5229474,-0.27819988,-0.22443232,0.26334456,0.2505917
ROC,2026-02-13T08:45:00,-0.45059714,-0.31488162,0.9599681,0.9583929,-0.6382912,-0.59683484,0.96527123,0.9067182,-0.8095575,-0.86237985,0.482222,0.5136475,-0.5751597,-0.653191,0.47374353,0.5165149,-0.2911948,-0.2386441,0.15152302,0.20044519
ROC,2026-02-13T08:50:00,-0.46994185,-0.32906666,0.9592545,0.95714754,-0.65243226,-0.61374414,0.96527123,0.90557957,-0.60237384,-0.86169475,0.48008388,0.5102649,-0.5751597,-0.65166736,0.47374353,0.5123762,-0.3041897,-0.25247586,0.15152302,0.12808141
ROC,2026-02-13T08:54:00,-0.48928657,-0.36008808,0.958541,0.95398766,-0.6665733,-0.6211434,0.96527123,0.9077708,-0.60237384,-0.77276474,0.47794577,0.5064736,-0.5751597,-0.6545396,0.47374353,0.5112784,-0.31718463,-0.26074678,0.15152302,0.120615765
ROC,2026-02-13T08:55:00,-0.4828026,-0.3849251,0.93382514,0.95636463,-0.65950274,-0.6335662,0.96527123,0.91371757,-0.60237384,-0.726529,0.47901484,0.50503653,-0.5751597,-0.656291,0.47374353,0.5108924,-0.31718463,-0.27185205,0.15152302,0.11734764
ROC,2026-02-13T09:00:00,-0.47631866,-0.3957817,0.90910935,0.94435227,-0.65243226,-0.63663256,0.96527123,0.9216821,-0.39519018,-0.70070356,0.48008388,0.5008989,-0.5751597,-0.65515864,0.47374353,0.5064586,-0.31718463,-0.27878034,0.15152302,0.111822724
ROC,2026-02-13T09:05:00,-0.4698347,-0.4166302,0.8843935,0.9157582,-0.6453617,-0.62510574,0.96527123,0.92333776,-0.39519018,-0.5946276,0.48115292,0.49655363,-0.5751597,-0.65722024,0.47374353,0.5038604,-0.31718463,-0.2770722,0.26334456,0.13479134
ROC,2026-02-13T09:10:00,-0.4633507,-0.42816198,0.85967773,0.8887811,-0.6382912,-0.6155084,0.96527123,0.9277551,-0.60237384,-0.5365116,0.482222,0.49996158,-0.5751597,-0.65777975,0.47374353,0.5076136,-0.31718463,-0.2770321,0.37516612,0.1921724
ROC,2026-02-13T09:15:00,-0.45686677,-0.41572258,0.8349619,0.86887836,-0.6312207,-0.61594534,0.96527123,0.935095,-0.60237384,-0.5987055,0.48329103,0.5019645,-0.5751597,-0.6549967,0.47374353,0.506685,-0.31718463,-0.28404558,0.37516612,0.24492769
ROC,2026-02-13T09:20:00,-0.4503828,-0.4039445,0.8102461,0.8429103,-0.62415016,-0.61288005,0.96527123,0.93352896,-0.60237384,-0.6339295,0.4843601,0.49968687,-0.5751597,-0.6508036,0.47374353,0.50264055,-0.31718463,-0.289088,0.37516612,0.26006335
ROC,2026-02-13T09:25:00,-0.44389883,-0.39493862,0.78553027,0.8149149,-0.6170796,-0.6085889,0.96527123,0.9285464,-0.60237384,-0.65122765,0.48542914,0.49729994,-0.5751597,-0.64630514,0.47374353,0.49892673,-0.31718463,-0.29331887,0.37516612,0.2592541
ROC,2026-02-13T09:30:00,-0.43741488,-0.3911397,0.7608145,0.7829819,-0.61000913,-0.6036425,0.96527123,0.9202857,-0.60237384,-0.65406793,0.48649818,0.49662647,-0.5751597,-0.6429529,0.47374353,0.49667737,-0.31718463,-0.2970483,0.37516612,0.25592935
ROC,2026-02-13T09:35:00,-0.4309309,-0.38755068,0.7360987,0.7526935,-0.6029386,-0.59873796,0.96527123,0.9152052,-0.60237384,-0.65488905,0.48756725,0.49641064,-0.5751597,-0.64105374,0.47374353,0.4952359,-0.31718463,-0.30097768,0.48698765,0.25398728
ROC,2026-02-13T09:40:00,-0.42444694,-0.3860996,0.71138287,0.7240621,-0.59586805,-0.59139717,0.96527123,0.91199195,-0.60237384,-0.64897555,0.48863629,0.49688175,-0.5751597,-0.63938355,0.47374353,0.49491778,-0.31718463,-0.3029878,0.7106307,0.30246785
ROC,2026-02-13T09:45:00,-0.417963,-0.39122322,0.6866671,0.69277984,-0.58879757,-0.5822053,0.96527123,0.90403825,-0.60237384,-0.63085985,0.48970535,0.50156486,-0.5751597,-0.63621074,0.47374353,0.49878767,-0.31718463,-0.30356237,0.7106307,0.42003196
ROC,2026-02-13T09:50:00,-0.41147903,-0.3890194,0.66195124,0.6647179,-0.581727,-0.5748739,0.96527123,0.8978024,-0.39519018,-0.63112885,0.4907744,0.5034824,-0.5751597,-0.6350566,0.47374353,0.50032437,-0.31718463,-0.30462965,0.7106307,0.47404227
ROC,2026-02-13T09:54:00,-0.40499505,-0.39797035,0.63723546,0.6349343,-0.5746565,-0.55910414,0.96527123,0.8931655,-0.60237384,-0.5492629,0.49184343,0.4981381,-0.5751597,-0.63739264,0.47374353,0.497483,-0.31718463,-0.3000667,0.26334456,0.52073765
ROC,2026-02-13T09:55:00,-0.4032803,-0.36958298,0.661562,0.6209139,-0.58879757,-0.56188685,0.96527123,0.9017162,-0.39519018,-0.6286488,0.49611965,0.48708567,-0.5751597,-0.638228,0.47374353,0.4847761,-0.32368207,-0.3050562,0.15152302,0.32301447
ROC,2026-02-13T10:00:00,-0.40156552,-0.37630597,0.6858886,0.62158465,-0.6029386,-0.5600272,0.96527123,0.8983735,-0.18800654,-0.57141644,0.50039583,0.4807482,-0.5751597,-0.6391172,0.52204067,0.48039433,-0.33017954,-0.30195606,0.15152302,0.20211291
ROC,2026-02-13T10:05:00,-0.39985076,-0.4077261,0.7102152,0.6347408,-0.6170796,-0.5581696,0.96527123,0.8930798,-0.18800654,-0.44214487,0.50467205,0.4879727,-0.5751597,-0.64005494,0.52204067,0.4910598,-0.33667699,-0.29598695,0.26334456,0.16610514
ROC,2026-02-13T10:10:00,-0.398136,-0.43294322,0.7345418,0.6608368,-0.6312207,-0.56351155,0.96527123,0.8960235,-0.39519018,-0.37530363,0.50894827,0.4976174,-0.5751597,-0.640404,0.52204067,0.5021528,-0.34317443,-0.29343516,0.26334456,0.19676377
ROC,2026-02-13T10:15:00,-0.39642122,-0.43195167,0.75886834,0.696511,-0.6453617,-0.5816265,0.96527123,0.9062513,-0.60237384,-0.44516915,0.5132245,0.5068819,-0.5751597,-0.6413739,0.52204067,0.5099048,-0.3496719,-0.29870504,0.37516612,0.1989422
ROC,2026-02-13T10:20:00,-0.39470646,-0.42151436,0.78319496,0.7277232,-0.65950274,-0.60346454,0.96527123,0.9120377,-0.8095575,-0.56607175,0.51750064,0.5187956,-0.5751597,-0.6430138,0.52204067,0.5187978,-0.35616934,-0.30809182,0.48698765,0.24965388
ROC,2026-02-13T10:25:00,-0.3929917,-0.40342084,0.8075215,0.7556882,-0.6736438,-0.6264835,0.96527123,0.9107536,-0.8095575,-0.7135643,0.52177685,0.52746844,-0.5751597,-0.6425122,0.52204067,0.5241361,-0.36266682,-0.31941372,0.37516612,0.30835116
ROC,2026-02-13T10:30:00,-0.39127693,-0.39493746,0.8318481,0.77455527,-0.68778485,-0.6436333,0.96527123,0.89770985,-1.0167412,-0.79007024,0.5260531,0.5276562,-0.5751597,-0.64159554,0.52204067,0.522773,-0.36916426,-0.3259971,0.37516612,0.28824735
ROC,2026-02-13T10:35:00,-0.38956216,-0.3709626,0.8561747,0.8055556,-0.7019259,-0.6665248,0.96527123,0.89454496,-0.8095575,-0.92784536,0.5303293,0.52587235,-0.5751597,-0.63660353,0.5703378,0.5184871,-0.37566173,-0.3377049,0.48698765,0.22716846
ROC,2026-02-13T10:40:00,-0.3878474,-0.38733995,0.8805013,0.822356,-0.7160669,-0.6742937,0.96527123,0.880777,-0.8095575,-0.8947043,0.5346055,0.53470474,-0.5751597,-0.63308245,0.5703378,0.52824354,-0.38215917,-0.3388084,0.26334456,0.2607093
ROC,2026-02-13T10:45:00,-0.38613263,-0.39658192,0.90482783,0.84290606,-0.730208,-0.6874644,0.96527123,0.8718486,-0.39519018,-0.89015347,0.53888166,0.5413776,-0.5751597,-0.6307364,0.5703378,0.5346839,-0.38865665,-0.3420457,0.37516612,0.17288208
ROC,2026-02-13T10:50:00,-0.38441786,-0.44373897,0.92915446,0.8562748,-0.744349,-0.6806908,0.96527123,0.8626688,-0.8095575,-0.70303136,0.5431579,0.54611987,-0.5751597,-0.63317853,0.5703378,0.5443044,-0.3951541,-0.33191496,0.48698765,0.22388652
ROC,2026-02-13T10:54:00,-0.3827031,-0.43750638,0.953481,0.89327115,-0.75849,-0.70067334,0.96527123,0.875734,-1.0167412,-0.7938277,0.5474341,0.5567249,-0.5751597,-0.63420796,0.5703378,0.55290484,-0.40165153,-0.34080657,0.37516612,0.2617651
ROC,2026-02-13T10:55:00,-0.39122334,-0.4118975,1.0068698,0.9246364,-0.7797016,-0.72615916,0.96527123,0.8859932,-1.0167412,-0.94204736,0.54957217,0.5620893,-0.5751597,-0.6378242,0.5703378,0.55543476,-0.408149,-0.35526702,0.26334456,0.22716688
ROC,2026-02-13T11:00:00,-0.3997436,-0.39897567,1.0602585,0.96513397,-0.80091316,-0.75074136,0.96527123,0.88676286,-1.0167412,-1.0264933,0.5517103,0.5621406,-0.5751597,-0.6426943,0.5703378,0.55483735,-0.41464645,-0.3663483,0.26334456,0.17486073
ROC,2026-02-13T11:05:00,-0.40826383,-0.4015629,1.1136472,1.0119812,-0.8221247,-0.7746455,0.96527123,0.8827703,-1.0167412,-1.0642045,0.5538484,0.5628278,-0.5751597,-0.64420617,0.5703378,0.55525833,-0.42114392,-0.37450525,0.26334456,0.14732766
ROC,2026-02-13T11:10:00,-0.41678408,-0.4073028,1.1670359,1.0677583,-0.8433363,-0.79909724,0.96527123,0.8830381,-1.0167412,-1.0942806,0.55598646,0.5630044,-0.5751597,-0.64517593,0.5703378,0.55556244,-0.42764136,-0.38275614,0.26334456,0.12628292
ROC,2026-02-13T11:15:00,-0.42530432,-0.42281702,1.2204248,1.1173826,-0.86454785,-0.8214244,0.96527123,0.8768729,-1.0167412,-1.1009692,0.5581246,0.5711324,-0.5751597,-0.6458225,0.52204067,0.56292534,-0.43413883,-0.38816363,0.15152302,0.12109226
ROC,2026-02-13T11:20:00,-0.43382457,-0.4323951,1.2738135,1.1701937,-0.8857594,-0.8446913,0.96527123,0.87370133,-0.8095575,-1.1156746,0.5602627,0.5671706,-0.5751597,-0.6437637,0.5703378,0.55834943,-0.44063628,-0.39379367,0.15152302,0.051323153
ROC,2026-02-13T11:25:00,-0.4423448,-0.47188696,1.3272022,1.2132295,-0.906971,-0.85567427,0.96527123,0.86306137,-1.0167412,-1.0219741,0.5624008,0.57445335,-0.5751597,-0.6434666,0.5703378,0.5673649,-0.44713375,-0.38846883,0.26334456,0.048316278
ROC,2026-02-13T11:30:00,-0.45086506,-0.47941476,1.3805909,1.2727933,-0.92818254,-0.8805697,0.96527123,0.8698984,-1.2239248,-1.068993,0.5645389,0.5844657,-0.5751597,-0.64697844,0.5703378,0.57673514,-0.4536312,-0.39643705,0.37516612,0.087193035
ROC,2026-02-13T11:35:00,-0.45938534,-0.46958122,1.4339796,1.331912,-0.9493941,-0.91187644,0.96527123,0.87584543,-1.2239248,-1.182745,0.566677,0.5923749,-0.5751597,-0.64882696,0.5703378,0.5824048,-0.46012864,-0.4109795,0.37516612,0.1328088
ROC,2026-02-13T11:40:00,-0.46790558,-0.4671288,1.4873685,1.3824288,-0.9706057,-0.9380577,0.96527123,0.8733921,-1.2239248,-1.2465848,0.5688151,0.59350795,-0.5751597,-0.64971274,0.5703378,0.58250844,-0.4666261,-0.42177922,0.26334456,0.14978074
ROC,2026-02-13T11:45:00,-0.47642583,-0.46781224,1.5407572,1.4318441,-0.99181724,-0.96334535,0.96527123,0.86862075,-1.0167412,-1.2893628,0.5709532,0.59169424,-0.5751597,-0.6500155,0.5703378,0.5799017,-0.47312355,-0.43151817,0.15152302,0.10357697
ROC,2026-02-13T11:50:00,-0.48494607,-0.489512,1.5941459,1.4797814,-1.0130287,-0.97941923,0.96527123,0.8672119,-1.2239248,-1.2365072,0.5730913,0.58622605,-0.5751597,-0.65291417,0.5703378,0.5770515,-0.47962102,-0.43316603,0.15152302,0.053318262
ROC,2026-02-13T11:54:00,-0.49346632,-0.49275842,1.6475346,1.5331815,-1.0342404,-1.0065448,0.96527123,0.8674666,-1.2239248,-1.2854005,0.5752294,0.5916651,-0.5751597,-0.6540955,0.5703378,0.58105975,-0.48611847,-0.44340056,0.26334456,0.016923117
ROC,2026-02-13T11:55:00,-0.50997096,-0.5046475,1.5926539,1.5852793,-1.0413109,-1.0288085,0.96527123,0.86722106,-1.2239248,-1.303301,0.58485085,0.59285855,-0.5751597,-0.65231824,0.5703378,0.5808793,-0.5056108,-0.45054716,0.15152302,0.044202633
ROC,2026-02-13T12:00:00,-0.52647555,-0.51353824,1.5377731,1.5775478,-1.0483813,-1.0406855,0.96527123,0.8711703,-1.0167412,-1.3068005,0.59447235,0.59922284,-0.5751597,-0.6506352,0.5703378,0.5856466,-0.5251032,-0.46308115,0.039701488,0.004474655
ROC,2026-02-13T12:05:00,-0.5429802,-0.53090477,1.4828923,1.5433582,-1.0554519,-1.0394402,0.96527123,0.8886781,-1.0167412,-1.2338313,0.6040938,0.5988748,-0.5751597,-0.6559495,0.5703378,0.5882878,-0.5445956,-0.4731793,0.039701488,-0.031170461
ROC,2026-02-13T12:10:00,-0.55948484,-0.5406147,1.4280115,1.5023508,-1.0625224,-1.0395144,0.96527123,0.9110368,-1.0167412,-1.1930332,0.61371523,0.6012273,-0.5751597,-0.66105306,0.61863494,0.5922503,-0.5640879,-0.48806432,0.26334456,-0.037493426
ROC,2026-02-13T12:15:00,-0.5759895,-0.55743384,1.3731308,1.4541718,-1.069593,-1.037435,0.96527123,0.9285019,-1.0167412,-1.1492906,0.6233367,0.6160566,-0.5751597,-0.6631159,0.61863494,0.60694325,-0.5835803,-0.50295347,0.26334456,0.068045706
ROC,2026-02-13T12:20:00,-0.5924941,-0.5642598,1.3182501,1.403584,-1.0766635,-1.0375812,0.96527123,0.94070613,-1.0167412,-1.1319462,0.6329582,0.6216974,-0.5751597,-0.66096497,0.61863494,0.6122686,-0.6030727,-0.5195668,0.26334456,0.10707976
ROC,2026-02-13T12:25:00,-0.6089987,-0.5703438,1.2633692,1.3478148,-1.083734,-1.0368148,0.39359236,0.9448715,-1.0167412,-1.1183457,0.6425796,0.6241768,-0.5751597,-0.6554159,0.66693205,0.61392,-0.62256503,-0.5352725,0.15152302,0.11716215
ROC,2026-02-13T12:30:00,-0.62550336,-0.55324537,1.2084885,1.3321526,-1.0908045,-1.0293818,-0.17808655,0.54619706,-1.2239248,-1.1334871,0.65220106,0.62262154,-0.5751597,-0.6239721,0.66693205,0.6217441,-0.6420574,-0.53263414,0.37516612,0.08949314
ROC,2026-02-13T12:35:00,-0.642008,-0.52805316,1.1536077,1.3158998,-1.097875,-1.0236484,0.96527123,0.015784139,-1.0167412,-1.2068518,0.6618225,0.6282387,-0.5751597,-0.59182966,0.66693205,0.6338067,-0.6615498,-0.53322935,0.37516612,0.19308203
ROC,2026-02-13T12:40:00,-0.6585126,-0.5856675,1.098727,1.1680105,-1.1049455,-1.0447152,0.96527123,0.75725716,-1.0167412,-1.1101525,0.671444,0.6553927,-0.5751597,-0.6565439,0.66693205,0.64401734,-0.68104213,-0.5995385,0.37516612,0.21760143
ROC,2026-02-13T12:45:00,-0.67501724,-0.60017014,1.0438461,1.0995027,-1.1120161,-1.0465417,0.96527123,0.94382626,-1.0167412,-1.085529,0.68106544,0.6561635,-0.5751597,-0.659113,0.66693205,0.642361,-0.7005345,-0.6202507,0.37516612,0.21364783
ROC,2026-02-13T12:50:00,-0.6915219,-0.6080767,0.9889654,1.0525568,-1.1190866,-1.0491855,0.96527123,0.9768735,-1.0167412,-1.0808375,0.6906869,0.6565101,-0.5751597,-0.6523731,0.66693205,0.6429945,-0.7200269,-0.63511395,0.26334456,0.21464588
ROC,2026-02-13T12:54:00,-0.7080265,-0.615468,0.93408465,1.0050905,-1.1261572,-1.055683,0.96527123,0.9764284,-1.0167412,-1.0844784,0.7003083,0.66271013,-0.5751597,-0.6507189,0.71522915,0.6497163,-0.73951924,-0.65331906,0.26334456,0.170097
ROC,2026-02-13T12:55:00,-0.71457475,-0.62747973,0.9361086,0.9567868,-1.0893904,-1.063888,0.6794318,0.97644114,-1.0167412,-1.0797399,0.7012349,0.67705053,-0.5751597,-0.6495268,0.71522915,0.6643405,-0.70573246,-0.6740699,0.26334456,0.15308242
ROC,2026-02-13T13:00:00,-0.72112304,-0.6206739,0.9381326,0.9507925,-1.0526237,-1.054198,-0.46392602,0.76368886,-0.60237384,-1.0785766,0.7021614,0.6792004,-0.5751597,-0.6328601,0.71522915,0.67078716,-0.6719457,-0.66544336,0.26334456,0.15406664
ROC,2026-02-13T13:05:00,-0.7276713,-0.6271891,0.9401565,1.0187123,-1.015857,-1.0074605,-1.035605,-0.17619887,-0.8095575,-0.8891637,0.70308787,0.6632668,-0.5751597,-0.5770592,0.71522915,0.6707642,-0.6381589,-0.6016533,0.26334456,0.22458802
ROC,2026-02-13T13:10:00,-0.73421955,-0.6104258,0.9421805,1.0733249,-0.9790903,-0.98880756,-0.46392602,-0.8769584,-0.8095575,-0.87108564,0.7040144,0.66792303,-0.5751597,-0.57057035,0.71522915,0.67629945,-0.60437214,-0.57281506,0.26334456,0.26741484
ROC,2026-02-13T13:11:00,-0.74076784,-0.6242436,0.9442045,0.97423625,-0.94232357,-0.9834233,-0.46392602,-0.50698435,-0.60237384,-0.85256076,0.7049409,0.69050187,-0.5751597,-0.6036244,0.71522915,0.6984597,-0.57058537,-0.592012,0.37516612,0.24594676
ROC,2026-02-13T13:15:00,-0.64312434,-0.63910115,1.0050641,0.94656974,-0.8504068,-0.9518372,-0.46392602,-0.41633904,-0.60237384,-0.7345062,0.7058674,0.6892059,-0.5751597,-0.6049997,0.76352626,0.6998898,-0.47204065,-0.568588,0.37516612,0.30527467
ROC,2026-02-13T13:20:00,-0.5454809,-0.60434973,1.0659239,0.97634923,-0.75849,-0.89882416,-0.46392602,-0.42084235,-0.60237384,-0.69771266,0.7067939,0.68982863,-0.5751597,-0.599231,0.76352626,0.70091987,-0.3734959,-0.51061904,0.26334456,0.32245097
ROC,2026-02-13T13:25:00,-0.44783744,-0.5443806,1.1267836,1.0223436,-0.6665733,-0.83749616,-0.46392602,-0.44802257,-0.60237384,-0.69977945,0.70772046,0.68698406,-0.5751597,-0.59460336,0.76352626,0.6983616,-0.27495116,-0.4398683,0.26334456,0.26710716
ROC,2026-02-13T13:30:00,-0.35019398,-0.48077413,1.1876433,1.0695982,-0.5746565,-0.7730165,-0.46392602,-0.47860897,-0.60237384,-0.70578796,0.70864695,0.69212097,-0.5751597,-0.5925511,0.76352626,0.7029194,-0.17640641,-0.3656536,0.26334456,0.24043572
ROC,2026-02-13T13:35:00,-0.2525505,-0.41577286,1.248503,1.1235806,-0.48273975,-0.7058942,0.39359236,-0.5068757,-0.60237384,-0.7063866,0.70957345,0.69403595,-0.5751597,-0.5967574,0.76352626,0.70141083,-0.07786166,-0.28943643,0.26334456,0.22937037
ROC,2026-02-13T13:39:00,-0.15490705,-0.39582655,1.3093626,1.1127001,-0.39082298,-0.66524583,0.39359236,0.15262789,-0.8095575,-0.6464945,0.71049994,0.72013605,-0.5751597,-0.65482694,0.76352626,0.69953936,0.020683087,-0.26139048,0.26334456,0.19527481
ROC,2026-02-13T13:40:00,-0.11345792,-0.32216436,1.2275605,1.166276,-0.3448646,-0.6179054,0.39359236,0.28091317,-0.8095575,-0.7179364,0.7114265,0.7348907,-0.5751597,-0.6638723,0.76352626,0.7014698,0.04179982,-0.20394857,0.26334456,0.17183892
ROC,2026-02-13T13:45:00,-0.07200879,-0.25645992,1.1457583,1.1537657,-0.2989062,-0.5609985,0.39359236,0.27551094,-0.8095575,-0.7869714,0.712353,0.73576546,-0.5751597,-0.65907437,0.76352626,0.7060317,0.062916555,-0.15113519,0.26334456,0.16217092
ROC,2026-02-13T13:50:00,-0.030559663,-0.20955113,1.0639561,1.0991956,-0.25294784,-0.5077733,0.39359236,0.26411274,-0.8095575,-0.80124694,0.7132795,0.7395987,-0.5751597,-0.65336734,0.71522915,0.7111379,0.08403328,-0.11509335,0.15152302,0.1672456
ROC,2026-02-13T13:54:00,0.010889466,-0.15496145,0.98215395,1.0279434,-0.20698945,-0.44969597,0.39359236,0.2672376,-0.8095575,-0.8059617,0.71420604,0.7324705,-0.5751597,-0.65012634,0.71522915,0.7049614,0.105150014,-0.08147697,0.15152302,0.124920666
ROC,2026-02-13T13:55:00,0.024589738,-0.10120559,0.9295869,0.9509714,-0.19166999,-0.388135,0.39359236,0.27805933,-0.8095575,-0.79945993,0.7114265,0.72631323,-0.5751597,-0.64588386,0.71522915,0.6999053,0.105150014,-0.04759569,0.039701488,0.10096577
ROC,2026-02-13T14:00:00,0.03829001,-0.05756589,0.8770199,0.89037865,-0.17635053,-0.34115055,0.1077529,0.2885931,-0.8095575,-0.7953685,0.70864695,0.72311634,-0.5751597,-0.64366394,0.71522915,0.6986025,0.105150014,-0.02195746,0.039701488,0.04685722
ROC,2026-02-13T14:05:00,0.05199028,-0.015686177,0.8244528,0.8560716,-0.16103107,-0.2959977,-0.17808655,0.10073469,-0.8095575,-0.78919584,0.7058674,0.7179214,-0.5751597,-0.6308609,0.71522915,0.6988418,0.105150014,0.009219743,0.039701488,0.036423948
ROC,2026-02-13T14:10:00,0.065690555,0.03204355,0.7718858,0.8098039,-0.1457116,-0.24696904,0.1077529,-0.16691521,-0.8095575,-0.80717665,0.70308787,0.7145291,-0.5751597,-0.61067605,0.71522915,0.70490146,0.105150014,0.039866082,0.15152302,0.038187694
ROC,2026-02-13T14:15:00,0.079390824,0.055836495,0.71931875,0.7352872,-0.13039215,-0.21267286,0.39359236,-0.019241381,-0.8095575,-0.7893854,0.7003083,0.7233457,-0.5751597,-0.6266795,0.76352626,0.7127451,0.105150014,0.04447741,0.15152302,0.088050455
ROC,2026-02-13T14:16:00,0.0930911,0.07009074,0.6667517,0.66243535,-0.11507268,-0.18669102,0.39359236,0.24546564,-0.8095575,-0.78040475,0.69752884,0.7327825,-0.5751597,-0.64606774,0.76352626,0.72004277,0.105150014,0.04512044,0.039701488,0.10271615
ROC,2026-02-13T14:20:00,0.12072385,0.091524184,0.5666776,0.61423516,-0.084433764,-0.16387793,0.6794318,0.32775974,-0.8095575,-0.7867417,0.6947493,0.73378503,-0.5751597,-0.6474101,0.76352626,0.7220932,0.105150014,0.052023843,0.15152302,0.062169373
ROC,2026-02-13T14:25:00,0.1483566,0.108958244,0.4666034,0.525054,-0.053794842,-0.13462484,0.96527123,0.5482708,-0.8095575,-0.7773825,0.69196975,0.7374038,-0.5751597,-0.659655,0.71522915,0.7236053,0.105150014,0.050357886,0.15152302,0.07855086
ROC,2026-02-13T14:26:00,0.17598936,0.13273515,0.36652923,0.42026767,-0.023155918,-0.10108713,0.96527123,0.8047395,-0.8095575,-0.77562106,0.6891902,0.73281,-0.5751597,-0.67364526,0.71522915,0.71612775,0.105150014,0.047460362,0.15152302,0.0752902
ROC,2026-02-13T14:30:00,0.1828395,0.16432136,0.1885884,0.32955498,0.038121924,-0.06418809,0.96527123,0.883615,-0.60237384,-0.7798933,0.68641067,0.7262595,-0.5751597,-0.6715501,0.71522915,0.71101886,0.105150014,0.052945614,0.26334456,0.06783811
ROC,2026-02-13T14:35:00,0.18968962,0.17711712,0.01064755,0.1930778,0.09939977,-0.010505971,0.96527123,0.90892875,-0.18800654,-0.67023677,0.6836312,0.7245142,-0.5751597,-0.671722,0.71522915,0.71174496,0.105150014,0.057956394,0.15152302,0.13217236
ROC,2026-02-13T14:40:00,0.19653976,0.17365478,-0.1672933,0.029835852,0.16067761,0.064274706,0.96527123,0.9171234,-0.60237384,-0.43377796,0.68085164,0.7102264,-0.5751597,-0.67120266,0.71522915,0.70540947,0.105150014,0.07279262,0.15152302,0.15024985
ROC,2026-02-13T14:45:00,0.2033899,0.21981631,-0.34523413,-0.12892523,0.22195546,0.11243043,0.96527123,0.94387794,0.22636075,-0.48140267,0.6780721,0.7086055,-0.5751597,-0.67431533,0.71522915,0.7062543,0.105150014,0.06474812,0.26334456,0.13628279
ROC,2026-02-13T14:50:00,0.21024004,0.20407306,-0.523175,-0.34151372,0.28323328,0.20429611,0.96527123,0.9378376,0.22636075,-0.14807454,0.67529255,0.70170027,-0.5751597,-0.67480266,0.71522915,0.7128718,0.105150014,0.07392182,0.37516612,0.23085628
ROC,2026-02-13T14:54:00,0.21709017,0.20732029,-0.70111585,-0.5289555,0.34451115,0.27445352,0.96527123,0.9480311,0.22636075,0.042883404,0.672513,0.6975731,-0.5751597,-0.67050475,0.71522915,0.7153555,0.105150014,0.072438,0.37516612,0.3051267
ROC,2026-02-13T14:55:00,0.21291043,0.2283621,-0.7259095,-0.71007395,0.34451115,0.33602756,0.96527123,0.96753037,0.22636075,0.13564871,0.669535,0.691729,-0.5751597,-0.6663061,0.71522915,0.7149477,0.09670332,0.06468092,0.48698765,0.34039247
ROC,2026-02-13T15:00:00,0.20873068,0.24125062,-0.75070316,-0.80238247,0.34451115,0.37055793,0.96527123,0.9712872,0.22636075,0.16949293,0.6665569,0.6828025,-0.5751597,-0.65787274,0.66693205,0.71197563,0.08825663,0.062050235,0.37516612,0.39337173
ROC,2026-02-13T15:05:00,0.20455094,0.2514986,-0.7754968,-0.8455224,0.34451115,0.38598704,0.96527123,0.9662747,0.64072806,0.1732274,0.6635788,0.6660322,-0.5751597,-0.6499255,0.66693205,0.6976539,0.079809934,0.061418027,0.37516612,0.37256497
ROC,2026-02-13T15:10:00,0.20037119,0.21992819,-0.8002904,-0.8932592,0.34451115,0.40246937,0.96527123,0.93098736,0.4335444,0.37263173,0.6606007,0.6600117,-0.5751597,-0.6450288,0.66693205,0.6950889,0.07136325,0.059076384,0.37516612,0.38390628
ROC,2026-02-13T15:15:00,0.19619144,0.21182655,-0.8250841,-0.9095473,0.34451115,0.39546278,0.96527123,0.9297438,0.8479117,0.38622284,0.6576227,0.66278493,-0.5751597,-0.6412009,0.66693205,0.6966973,0.062916555,0.04792795,0.48698765,0.35677883
ROC,2026-02-13T15:20:00,0.19201171,0.1805786,-0.8498777,-0.9352651,0.34451115,0.4109415,0.96527123,0.90095973,0.8479117,0.5588694,0.6546446,0.660028,-0.5751597,-0.6381213,0.66693205,0.6982663,0.054469857,0.050011918,0.4497138,0.40116155
ROC,2026-02-13T15:25:00,0.18783197,0.15705463,-0.8746714,-0.9503825,0.34451115,0.4116079,0.96527123,0.88549906,0.8479117,0.6727662,0.6516665,0.6628722,-0.5751597,-0.6341648,0.66693205,0.70241535,0.046023168,0.045721434,0.41243994,0.40074882
ROC,2026-02-13T15:30:00,0.18365222,0.14500843,-0.899465,-0.9592878,0.34451115,0.4109798,0.96527123,0.88211507,0.8479117,0.720877,0.6486885,0.6644636,-0.5751597,-0.63062483,0.66693205,0.7044014,0.037576474,0.04318079,0.37516612,0.39055002
ROC,2026-02-13T15:35:00,0.17947248,0.14039528,-0.9242587,-0.9654613,0.34451115,0.41306087,0.96527123,0.8796913,0.4335444,0.73601276,0.6457104,0.663043,-0.5751597,-0.6265823,0.66693205,0.7037859,0.02912978,0.04366965,0.48698765,0.3710451
ROC,2026-02-13T15:35:00,0.17529273,0.16074687,-0.94905233,-0.9596826,0.34451115,0.40047577,0.96527123,0.9150394,0.4335444,0.5517193,0.6427323,0.6626699,-0.5751597,-0.6255544,0.66693205,0.70296496,0.020683087,0.036090657,0.48698765,0.39861813
ROC,2026-02-13T15:40:00,0.20768575,0.17216171,-1.0055549,-0.9745321,0.36749032,0.39644408,0.96527123,0.91664225,1.0550953,0.47288254,0.63975424,0.6548888,-0.5751597,-0.61917305,0.66693205,0.69504297,0.020683087,0.028413031,0.26334456,0.4018159
ROC,2026-02-13T15:45:00,0.24007876,0.14648719,-1.0620575,-1.0409932,0.39046952,0.42111316,0.96527123,0.86420155,1.0550953,0.7497231,0.6367762,0.6462221,-0.5751597,-0.61116815,0.66693205,0.68677175,0.020683087,0.027638126,0.37516612,0.34864122
ROC,2026-02-13T15:50:00,0.2724718,0.14233904,-1.11856,-1.0967355,0.41344872,0.44310132,0.96527123,0.8637048,0.64072806,0.8694253,0.6337981,0.64310825,-0.5751597,-0.60819995,0.66693205,0.6839073,0.020683087,0.024353001,0.37516612,0.3462461
ROC,2026-02-13T15:54:00,0.3048648,0.17020833,-1.1750625,-1.1320735,0.43642792,0.44784907,0.96527123,0.90829384,0.22636075,0.7458203,0.63082004,0.64424026,-0.5751597,-0.6097878,0.66693205,0.6826697,0.020683087,0.01732626,0.37516612,0.34571302
ROC,2026-02-13T15:55:00,0.3135726,0.21841694,-1.1738819,-1.1664313,0.44561958,0.4470458,0.96527123,0.95566183,0.22636075,0.5101431,0.6238712,0.6456798,-0.5751597,-0.60598344,0.66693205,0.6811952,0.02912978,0.0063740406,0.26334456,0.32868668
ROC,2026-02-13T16:00:00,0.3222804,0.24683584,-1.1727012,-1.1884723,0.45481128,0.45134184,0.96527123,0.9520635,0.4335444,0.40726894,0.6169224,0.6418328,-0.5751597,-0.6005678,0.66693205,0.6751956,0.037576474,0.0049047787,0.26334456,0.28603438
ROC,2026-02-13T16:05:00,0.3309882,0.25074008,-1.1715206,-1.2070359,0.46400294,0.4635325,0.96527123,0.9233512,0.64072806,0.4543346,0.60997355,0.6384633,-0.5751597,-0.5955527,0.61863494,0.67144525,0.046023168,0.00940763,0.15152302,0.26835698
ROC,2026-02-13T16:10:00,0.339696,0.24715994,-1.17034,-1.2215471,0.47319463,0.47837782,0.96527123,0.89707476,0.8479117,0.54123276,0.6030247,0.62584597,-0.5751597,-0.598298,0.61863494,0.6586662,0.054469857,0.017443884,0.48698765,0.24616875
ROC,2026-02-13T16:15:00,0.34840378,0.22893082,-1.1691593,-1.2290972,0.4823863,0.49333763,0.96527123,0.8706444,0.64072806,0.68316925,0.5960759,0.6222176,-0.5751597,-0.5971545,0.61863494,0.65701413,0.062916555,0.024134371,0.37516612,0.34135956
ROC,2026-02-13T16:20:00,0.3571116,0.23473512,-1.1679786,-1.2105194,0.49157798,0.49354708,0.96527123,0.8807712,0.8479117,0.6793098,0.58912706,0.6173161,-0.5751597,-0.59078556,0.61863494,0.6507094,0.07136325,0.031210097,0.37516612,0.31742874
ROC,2026-02-13T16:25:00,0.3658194,0.23020248,-1.166798,-1.2057111,0.5007696,0.5055376,0.96527123,0.8636853,0.4335444,0.76809,0.58217824,0.61323047,-0.5751597,-0.5872178,0.5703378,0.6469338,0.079809934,0.041894533,0.48698765,0.3207831
ROC,2026-02-13T16:30:00,0.3745272,0.25892463,-1.1656173,-1.185682,0.5099613,0.5047041,0.96527123,0.9004597,0.22636075,0.5940991,0.5752294,0.60525125,-0.5751597,-0.58943504,0.61863494,0.6390522,0.08825663,0.047897264,0.37516612,0.348172
ROC,2026-02-13T16:35:00,0.383235,0.2948464,-1.1644367,-1.1724888,0.519153,0.5032537,0.96527123,0.9201215,0.22636075,0.39603505,0.5682806,0.6018013,-0.5751597,-0.58940196,0.5703378,0.6348114,0.09670332,0.05294799,0.48698765,0.31882593
ROC,2026-02-13T16:39:00,0.3919428,0.318414,-1.163256,-1.1727896,0.5283447,0.50899225,0.96527123,0.9140483,0.22636075,0.31065047,0.56133175,0.593133,-0.5751597,-0.5859457,0.5703378,0.62583894,0.105150014,0.058206458,0.5988092,0.32749647
ROC,2026-02-13T16:40:00,0.37748784,0.3298997,-1.2172287,-1.173208,0.5513239,0.5141837,0.96527123,0.9019134,0.22636075,0.28554896,0.5543829,0.5897455,-0.5751597,-0.58324975,0.5703378,0.62248206,0.105150014,0.06247927,0.37516612,0.36808786
ROC,2026-02-13T16:45:00,0.3630329,0.34148088,-1.2712011,-1.2009043,0.57430303,0.52314866,0.96527123,0.8966184,0.64072806,0.28171083,0.5474341,0.57651865,-0.5751597,-0.583602,0.5703378,0.60691345,0.105150014,0.062336773,0.26334456,0.31474778
ROC,2026-02-13T16:50:00,0.34857795,0.3219066,-1.3251737,-1.2594931,0.59728223,0.5429978,0.96527123,0.8690969,0.8479117,0.49057093,0.54048526,0.572609,-0.5751597,-0.58644986,0.5703378,0.60346764,0.105150014,0.059170768,0.26334456,0.30652496
ROC,2026-02-13T16:54:00,0.33412302,0.30566287,-1.3791463,-1.3217442,0.62026143,0.5679328,0.96527123,0.8606517,1.0550953,0.6874421,0.53353643,0.56675595,-0.5751597,-0.58432716,0.5703378,0.5991782,0.105150014,0.056079008,0.15152302,0.28154245
ROC,2026-02-13T16:55:00,0.3393209,0.28807688,-1.3616312,-1.3824191,0.62026143,0.5918976,0.96527123,0.85377526,1.0550953,0.8961403,0.52712214,0.56163234,-0.5751597,-0.5832097,0.5703378,0.5945009,0.11164747,0.053976562,0.26334456,0.24301867
ROC,2026-02-13T17:00:00,0.34451878,0.28222802,-1.3441161,-1.3957424,0.62026143,0.60863197,0.96527123,0.85697895,0.64072806,0.9612075,0.5207078,0.55238867,-0.5751597,-0.58692485,0.5703378,0.5861817,0.11814493,0.061246894,0.37516612,0.26834995
ROC,2026-02-13T17:05:00,0.34971666,0.30785456,-1.3266009,-1.3708429,0.62026143,0.60846555,0.96527123,0.896107,1.0550953,0.77194124,0.5142935,0.5475471,-0.5751597,-0.5909007,0.52204067,0.5815099,0.12464238,0.06943244,0.15152302,0.29429018
ROC,2026-02-13T17:10:00,0.35491455,0.30339482,-1.3090857,-1.3681363,0.62026143,0.6222836,0.96527123,0.8602949,0.64072806,0.87599826,0.5078792,0.5296167,-0.5751597,-0.58689505,0.52204067,0.5631156,0.13113984,0.08323696,0.26334456,0.25621715
ROC,2026-02-13T17:15:00,0.36011243,0.32288238,-1.2915707,-1.3386453,0.62026143,0.61416197,0.96527123,0.89064795,0.8479117,0.7356446,0.5014649,0.52546996,-0.5751597,-0.5918879,0.52204067,0.55842227,0.13763729,0.08809736,0.15152302,0.27324256
ROC,2026-02-13T17:20:00,0.3653103,0.3250861,-1.2740555,-1.3243016,0.62026143,0.61993,0.96527123,0.8724899,0.8479117,0.7660591,0.4950506,0.5156966,-0.5751597,-0.5852395,0.52204067,0.5481683,0.14413475,0.09837507,0.37516612,0.22339156
ROC,2026-02-13T17:25:00,0.37050822,0.3196465,-1.2565403,-1.305062,0.62026143,0.619742,0.96527123,0.8609368,0.8479117,0.8114754,0.48863629,0.51955193,-0.5751597,-0.58214134,0.52204067,0.5521224,0.1506322,0.104561,0.37516612,0.2692871
ROC,2026-02-13T17:30:00,0.3757061,0.31712693,-1.2390252,-1.2792101,0.62026143,0.620124,0.96527123,0.85157144,0.8479117,0.8333476,0.482222,0.5177804,-0.5751597,-0.5792466,0.52204067,0.5499534,0.15712966,0.1129051,0.48698765,0.28523543
ROC,2026-02-13T17:35:00,0.380904,0.31537372,-1.22151,-1.251265,0.62026143,0.6209621,0.96527123,0.84535486,0.8479117,0.8523726,0.47580767,0.51742333,-0.5751597,-0.57322633,0.52204067,0.550213,0.16362712,0.12174237,0.26334456,0.3122446
ROC,2026-02-13T17:40:00,0.38610187,0.31742766,-1.203995,-1.2279097,0.62026143,0.62228394,0.96527123,0.8416281,0.4335444,0.8492334,0.46939337,0.5078081,-0.5751597,-0.5746654,0.52204067,0.5391781,0.17012458,0.13276862,0.43107688,0.27600816
ROC,2026-02-13T17:45:00,0.39129975,0.34282786,-1.1864798,-1.1981347,0.62026143,0.61393344,0.96527123,0.87806284,0.019177105,0.6349926,0.46297908,0.50536126,-0.5751597,-0.5805071,0.47374353,0.53693575,0.17662203,0.1366676,0.5988092,0.30660716
ROC,2026-02-13T17:50:00,0.39649764,0.3781811,-1.1689646,-1.1640651,0.62026143,0.5989866,0.96527123,0.9094362,0.4335444,0.3823102,0.45656475,0.49287316,-0.5751597,-0.57738847,0.47374353,0.52284884,0.18311949,0.13860175,0.5988092,0.34558892
ROC,2026-02-13T17:54:00,0.40169552,0.37897083,-1.1514496,-1.1650044,0.62026143,0.6061172,0.96527123,0.870171,0.64072806,0.42343616,0.45015046,0.48382404,-0.5751597,-0.5769937,0.47374353,0.5154536,0.18961695,0.14407091,0.7106307,0.3958014
ROC,2026-02-13T17:55:00,0.418093,0.36668363,-1.1838201,-1.1594211,0.63440245,0.6160666,0.96527123,0.835064,0.22636075,0.54148626,0.4426671,0.4768968,-0.5751597,-0.57247084,0.47374353,0.5102015,0.18961695,0.15224741,0.7106307,0.43749115
ROC,2026-02-13T18:00:00,0.43449044,0.38442168,-1.2161907,-1.1565696,0.64854354,0.6094137,0.96527123,0.8735909,0.4335444,0.41839036,0.43518373,0.47603914,-0.5751597,-0.57530916,0.47374353,0.5091502,0.18961695,0.14863025,0.48698765,0.46465725
ROC,2026-02-13T18:05:00,0.4508879,0.39261663,-1.2485613,-1.1877761,0.66268456,0.6206402,0.96527123,0.875533,0.64072806,0.45403412,0.4277004,0.46899092,-0.5751597,-0.57441694,0.42544642,0.50159645,0.18961695,0.14851964,0.37516612,0.41629595
ROC,2026-02-13T18:10:00,0.46728536,0.39300495,-1.2809318,-1.2326227,0.6768256,0.64019316,0.96527123,0.8701844,0.64072806,0.569621,0.42021704,0.4565663,-0.5751597,-0.574638,0.42544642,0.48929802,0.18961695,0.14925897,0.48698765,0.36891145
ROC,2026-02-13T18:15:00,0.4836828,0.39829293,-1.3133024,-1.2704415,0.69096667,0.6583745,0.96527123,0.8762035,0.4335444,0.6277019,0.41273367,0.44741902,-0.5751597,-0.5740006,0.42544642,0.48084036,0.18961695,0.14999898,0.48698765,0.3585814
ROC,2026-02-13T18:20:00,0.5000803,0.41942638,-1.345673,-1.3001251,0.7051077,0.66768223,0.96527123,0.9001763,0.8479117,0.53491384,0.4052503,0.4402068,-0.5751597,-0.58179075,0.42544642,0.47346446,0.18961695,0.14784217,0.5988092,0.3713022
ROC,2026-02-13T18:25:00,0.5164777,0.4140044,-1.3780435,-1.3524235,0.7192487,0.69164693,0.96527123,0.8772681,0.64072806,0.6652357,0.39776698,0.43084636,-0.5751597,-0.5812948,0.37714928,0.46746752,0.18961695,0.14733808,0.48698765,0.4306553
ROC,2026-02-13T18:30:00,0.5328752,0.42890188,-1.4104141,-1.3810568,0.7333898,0.7006814,0.96527123,0.8902158,0.22636075,0.6461552,0.3902836,0.41521922,-0.5751597,-0.5852344,0.37714928,0.45007837,0.18961695,0.14585017,0.7106307,0.42542228
ROC,2026-02-13T18:35:00,0.54927266,0.45906162,-1.4427847,-1.3973787,0.7475308,0.6962337,0.96527123,0.9314093,0.4335444,0.47660536,0.38280025,0.41176683,-0.5751597,-0.58621556,0.37714928,0.446203,0.18961695,0.13708396,0.48698765,0.4858138
ROC,2026-02-13T18:40:00,0.56567013,0.4759906,-1.4751552,-1.4369394,0.76167184,0.70829433,0.96527123,0.9219524,0.64072806,0.4607884,0.3753169,0.40120694,-0.5751597,-0.58848715,0.37714928,0.435499,0.18961695,0.13507017,0.5988092,0.46570802
ROC,2026-02-13T18:45:00,0.58206755,0.47775966,-1.5075258,-1.4796888,0.77581286,0.72789997,0.96527123,0.8969158,0.019177105,0.5597805,0.36783355,0.39390102,-0.5751597,-0.584301,0.37714928,0.42913336,0.18961695,0.13519256,0.37516612,0.4709817
ROC,2026-02-13T18:50:00,0.598465,0.5211862,-1.5398964,-1.4883853,0.78995395,0.722965,0.96527123,0.9446218,0.4335444,0.33728138,0.3603502,0.3808675,-0.5751597,-0.5857907,0.37714928,0.41218916,0.18961695,0.13194709,0.48698765,0.380972
ROC,2026-02-13T18:54:00,0.6148625,0.52576685,-1.5722669,-1.5309796,0.804095,0.74286616,0.96527123,0.917262,0.4335444,0.42555285,0.35286683,0.3752143,-0.5751597,-0.5804817,0.37714928,0.4076812,0.18961695,0.13179606,0.37516612,0.38519582
ROC,2026-02-13T18:55:00,0.6095038,0.53688675,-1.5722669,-1.5658233,0.804095,0.7589443,0.96527123,0.90701133,0.22636075,0.4447366,0.34645253,0.3664171,-0.5751597,-0.5841721,0.37714928,0.3984096,0.18961695,0.13286589,0.48698765,0.3611541
ROC,2026-02-13T19:00:00,0.60414517,0.5458579,-1.5722669,-1.5695899,0.804095,0.7562028,0.96527123,0.9119972,0.64072806,0.3917729,0.34003824,0.36422047,-0.5751597,-0.58836836,0.37714928,0.39499226,0.18961695,0.13035591,0.37516612,0.39907777
ROC,2026-02-13T19:05:00,0.59878653,0.53412205,-1.5722669,-1.5855589,0.804095,0.76929605,0.96527123,0.87600523,0.8479117,0.53265667,0.33362392,0.35412508,-0.5751597,-0.58507544,0.37714928,0.38539875,0.18961695,0.13495275,0.26334456,0.3839783
ROC,2026-02-13T19:10:00,0.5934279,0.5167364,-1.5722669,-1.5956973,0.804095,0.77836615,0.96527123,0.8534014,0.8479117,0.6682411,0.32720962,0.34843227,-0.5751597,-0.58995456,0.37714928,0.38049963,0.18961695,0.13813207,0.26334456,0.3739995
ROC,2026-02-13T19:15:00,0.58806926,0.50924397,-1.5722669,-1.5925331,0.804095,0.78553694,0.96527123,0.8464792,1.262279,0.7368077,0.3207953,0.34028128,-0.5751597,-0.59059614,0.37714928,0.37141323,0.18961695,0.14446469,0.15152302,0.3430189
ROC,2026-02-13T19:20:00,0.5827106,0.48176312,-1.5722669,-1.6013106,0.804095,0.79954195,0.96527123,0.80974215,1.0550953,0.973572,0.314381,0.33672392,-0.5751597,-0.5857299,0.32885218,0.36699766,0.18961695,0.15169494,0.26334456,0.30442563
ROC,2026-02-13T19:25:00,0.5773519,0.48642665,-1.5722669,-1.5920821,0.804095,0.8077873,0.96527123,0.8347301,1.0550953,0.94352174,0.3079667,0.32082018,-0.5751597,-0.5843376,0.32885218,0.35268468,0.18961695,0.15909384,0.15152302,0.27625558
ROC,2026-02-13T19:30:00,0.5719933,0.48754507,-1.5722669,-1.5847783,0.804095,0.8093619,0.96527123,0.84160167,1.0550953,0.95866835,0.30155239,0.31578964,-0.5751597,-0.5826752,0.32885218,0.34630346,0.18961695,0.16360165,0.15152302,0.24727252
ROC,2026-02-13T19:35:00,0.56663465,0.49001157,-1.5722669,-1.5800791,0.804095,0.81328106,0.96527123,0.84145725,0.64072806,0.96255124,0.2951381,0.31004453,-0.5751597,-0.5804038,0.32885218,0.3398582,0.18961695,0.16831945,0.48698765,0.22061847
ROC,2026-02-13T19:40:00,0.561276,0.5074323,-1.5722669,-1.5657082,0.804095,0.80049026,0.96527123,0.8864544,0.64072806,0.7776647,0.2887238,0.31590033,-0.5751597,-0.5839642,0.32885218,0.34798804,0.18961695,0.16225375,0.48698765,0.31282094
ROC,2026-02-13T19:45:00,0.5559174,0.51654553,-1.5722669,-1.5604095,0.804095,0.7961808,0.96527123,0.8848275,0.8479117,0.71765184,0.28230947,0.31141144,-0.5751597,-0.5781128,0.32885218,0.34330848,0.18961695,0.16088703,0.26334456,0.34601876
ROC,2026-02-13T19:50:00,0.55055875,0.511136,-1.5722669,-1.5651916,0.804095,0.7995174,0.96527123,0.85521275,0.64072806,0.7852958,0.27589518,0.30180266,-0.5751597,-0.57551646,0.28055504,0.3314977,0.18961695,0.16358702,0.15152302,0.30341354
ROC,2026-02-13T19:54:00,0.54520005,0.5215265,-1.5722669,-1.5599334,0.804095,0.79679734,0.96527123,0.8718003,0.8479117,0.72483206,0.26948088,0.28696072,-0.5751597,-0.5751825,0.28055504,0.31466013,0.18961695,0.16526917,0.039701488,0.23240153
ROC,2026-02-13T19:55:00,0.5573642,0.5124905,-1.587317,-1.5648962,0.8111655,0.80018073,0.96527123,0.8570413,0.4335444,0.82446206,0.2598594,0.2799154,-0.5751597,-0.5698893,0.28055504,0.3059344,0.18961695,0.16840298,0.15152302,0.16586886
ROC,2026-02-13T20:00:00,0.56952834,0.53296405,-1.602367,-1.5611691,0.818236,0.79669,0.96527123,0.8948946,0.64072806,0.66523284,0.25023797,0.2691649,-0.5751597,-0.57450426,0.28055504,0.29430786,0.18961695,0.1668384,0.48698765,0.15407069
ROC,2026-02-13T20:05:00,0.58169246,0.53300416,-1.6174171,-1.5805585,0.82530653,0.80467135,0.96527123,0.88247144,0.019177105,0.70021325,0.2406165,0.26985684,-0.5751597,-0.5694286,0.28055504,0.297589,0.18961695,0.16374591,0.37516612,0.24585368
ROC,2026-02-13T20:10:00,0.5938566,0.5696866,-1.6324672,-1.574278,0.8323771,0.79234844,0.96527123,0.9385381,0.4335444,0.4321124,0.23099504,0.26228207,-0.5751597,-0.5710891,0.28055504,0.288726,0.18961695,0.15822975,0.48698765,0.23781998
ROC,2026-02-13T20:15:00,0.6060207,0.570602,-1.6475172,-1.6042075,0.83944756,0.80073464,0.96527123,0.9046195,0.4335444,0.46966875,0.22137359,0.26205215,-0.5751597,-0.57414234,0.23225792,0.2906499,0.18961695,0.15335266,0.37516612,0.3201725
ROC,2026-02-13T20:20:00,0.61818486,0.5758781,-1.6625673,-1.6263307,0.8465181,0.8059237,0.96527123,0.8973928,0.64072806,0.4872252,0.21175213,0.2502348,-0.5751597,-0.5749325,0.23225792,0.27896652,0.18961695,0.15052357,0.5988092,0.3232777
ROC,2026-02-13T20:25:00,0.630349,0.5676224,-1.6776173,-1.6494335,0.85358864,0.818706,0.96527123,0.8757885,0.4335444,0.603597,0.20213068,0.24250244,-0.5751597,-0.5679048,0.23225792,0.27320334,0.18961695,0.1499431,0.37516612,0.36540827
ROC,2026-02-13T20:30:00,0.6425131,0.58351016,-1.6926674,-1.6577255,0.8606591,0.8235568,0.96527123,0.8952055,0.019177105,0.5403939,0.19250922,0.22449885,-0.5751597,-0.56764305,0.23225792,0.25396413,0.18961695,0.15188515,0.48698765,0.30154395
ROC,2026-02-13T20:35:00,0.6546772,0.6132199,-1.7077174,-1.6572323,0.86772966,0.8168214,0.96527123,0.94150394,-0.39519018,0.3554731,0.18288776,0.21660861,-0.5751597,-0.5636305,0.1839608,0.24512951,0.18961695,0.14815986,0.37516612,0.27328575
ROC,2026-02-13T20:40:00,0.6668413,0.66025895,-1.7227675,-1.6605031,0.87480015,0.80545145,0.96527123,0.98084694,0.64072806,0.06779636,0.17326629,0.20108151,-0.5751597,-0.5687073,0.1839608,0.22653212,0.18961695,0.14200926,0.48698765,0.22713114
ROC,2026-02-13T20:45:00,0.67900544,0.6284491,-1.7378175,-1.710461,0.8818707,0.83327997,0.96527123,0.89552057,0.4335444,0.38960496,0.16364484,0.1986742,-0.5751597,-0.5634202,0.1839608,0.22856422,0.18961695,0.14263599,0.26334456,0.3099979
ROC,2026-02-13T20:50:00,0.6911696,0.6332528,-1.7528675,-1.7301204,0.8889412,0.8435107,0.96527123,0.89484674,0.4335444,0.4048743,0.15402338,0.1847433,-0.5751597,-0.57039136,0.1839608,0.2147336,0.18961695,0.1441822,0.31925535,0.25894663
ROC,2026-02-13T20:54:00,0.70333374,0.63254255,-1.7679175,-1.7429574,0.8960117,0.8478025,0.96527123,0.89208597,0.4335444,0.44094306,0.14440192,0.18221036,-0.5751597,-0.5769204,0.1839608,0.21075712,0.18961695,0.14370795,0.37516612,0.27817002
ROC,2026-02-13T20:55:00,0.719624,0.63656384,-1.7669445,-1.7551209,0.90308225,0.854316,0.96527123,0.8917435,1.0550953,0.45679754,0.13798763,0.17317472,-0.5751597,-0.5778927,0.1839608,0.20088677,0.19611439,0.14472944,0.26334456,0.2912344
ROC,2026-02-13T21:00:00,0.7359143,0.60682636,-1.7659714,-1.7790241,0.9101528,0.8760103,0.96527123,0.83639485,0.74431986,0.75124913,0.13157332,0.16789703,-0.5751597,-0.57270193,0.13566367,0.19574913,0.20261185,0.1513771,0.26334456,0.29632592
ROC,2026-02-13T21:05:00,0.7522046,0.61939585,-1.7649983,-1.7720052,0.9172233,0.8870443,0.96527123,0.8579759,0.4335444,0.7220405,0.12515901,0.1464761,-0.5751597,-0.5733281,0.13566367,0.1732544,0.2091093,0.16201855,0.26334456,0.25354058
ROC,2026-02-13T21:10:00,0.76849484,0.6500089,-1.7640253,-1.7593828,0.9242938,0.88801926,0.96527123,0.8985283,0.22636075,0.5460313,0.11874471,0.13462888,-0.5751597,-0.5754346,0.13566367,0.16146345,0.21560676,0.16820922,0.15152302,0.22556622
ROC,2026-02-13T21:15:00,0.78478515,0.6904228,-1.7630522,-1.7501028,0.93136436,0.8878758,0.96527123,0.9177526,0.22636075,0.336571,0.1123304,0.119237535,-0.5751597,-0.57788473,0.13566367,0.14520635,0.22210422,0.17389362,0.26334456,0.16293254
ROC,2026-02-13T21:20:00,0.80107546,0.7000815,-1.7620791,-1.7511581,0.93843484,0.8859576,0.96527123,0.9094166,0.019177105,0.32633337,0.1059161,0.123681046,-0.5751597,-0.5763094,0.13566367,0.14654268,0.22860168,0.1751407,0.26334456,0.20393063
ROC,2026-02-13T21:25:00,0.8173657,0.72632617,-1.7611061,-1.7447565,0.9455054,0.8864446,0.96527123,0.91206616,-0.18800654,0.20140237,0.09950179,0.11343553,-0.5751597,-0.5767629,0.13566367,0.13418956,0.23509914,0.1794842,0.26334456,0.18578897
ROC,2026-02-13T21:30:00,0.833656,0.7526459,-1.760133,-1.7389838,0.9525759,0.88079584,0.96527123,0.92584455,0.22636075,0.065610036,0.09308749,0.111020066,-0.5751597,-0.57751054,0.13566367,0.13007136,0.2415966,0.1801697,0.26334456,0.18066186
ROC,2026-02-13T21:35:00,0.84994626,0.7494002,-1.75916,-1.7509193,0.9596464,0.89531,0.96527123,0.88902926,-0.18800654,0.16800448,0.086673185,0.10507644,-0.5751597,-0.57339656,0.13566367,0.12511165,0.24809405,0.18678543,0.26334456,0.19693969
ROC,2026-02-13T21:40:00,0.86623657,0.7631707,-1.7581869,-1.7378793,0.96671695,0.88968986,0.96527123,0.9138937,-0.18800654,0.09230501,0.080258876,0.10264533,-0.5751597,-0.57240313,0.08736655,0.120150514,0.2545915,0.1901545,0.26334456,0.19387752
ROC,2026-02-13T21:45:00,0.8825269,0.78425777,-1.7572138,-1.7351128,0.9737875,0.89673114,0.96527123,0.9176536,0.22636075,0.025317065,0.073844574,0.083883785,-0.5751597,-0.57127035,0.08736655,0.10071513,0.26108897,0.19750234,0.15152302,0.17503822
ROC,2026-02-13T21:50:00,0.8988171,0.7868012,-1.7562408,-1.7494946,0.98085797,0.91862875,0.96527123,0.87857395,-0.18800654,0.124221124,0.067430265,0.06875598,-0.5751597,-0.5717298,0.08736655,0.08651046,0.2675864,0.208877,0.15152302,0.15166119
ROC,2026-02-13T21:54:00,0.9151074,0.81811863,-1.7552677,-1.7415767,0.9879285,0.92128104,0.96527123,0.89507157,-0.18800654,-0.01756369,0.061015964,0.054058045,-0.5751597,-0.57568246,0.08736655,0.07033066,0.27408388,0.21536072,0.26334456,0.09968063
ROC,2026-02-13T21:55:00,0.9103382,0.8320643,-1.724454,-1.742119,0.9737875,0.9222298,0.96527123,0.90433306,-0.18800654,-0.05910629,0.059946913,0.056136526,-0.5751597,-0.57551897,0.08736655,0.072583936,0.27408388,0.21823719,0.15152302,0.12697597
ROC,2026-02-13T22:00:00,0.905569,0.8441547,-1.6936404,-1.7274069,0.9596464,0.9211428,0.96527123,0.9004218,-0.18800654,-0.10792383,0.05887786,0.05082006,-0.5751597,-0.57506305,0.08736655,0.06753162,0.27408388,0.22336777,0.15152302,0.09476266
ROC,2026-02-13T22:05:00,0.9007998,0.85030437,-1.6628268,-1.7053858,0.9455054,0.9161692,0.96527123,0.89362645,-0.18800654,-0.14737254,0.05780881,0.04863014,-0.5751597,-0.57648224,0.08736655,0.066292234,0.27408388,0.2275891,0.26334456,0.07862832
ROC,2026-02-13T22:10:00,0.89603066,0.84331036,-1.6320131,-1.678478,0.93136436,0.9101639,0.96527123,0.8849609,-0.18800654,-0.13505074,0.05673976,0.050737,-0.5751597,-0.5757692,0.08736655,0.06816351,0.27408388,0.23288046,0.15152302,0.11203498
ROC,2026-02-13T22:15:00,0.89126146,0.84280884,-1.6011994,-1.6493633,0.9172233,0.90180165,0.96527123,0.8897288,-0.18800654,-0.15698907,0.05567071,0.04978931,-0.5751597,-0.5752365,0.08736655,0.06848831,0.27408388,0.23719232,0.26334456,0.084921464
ROC,2026-02-13T22:20:00,0.88649225,0.8402528,-1.5703857,-1.6175641,0.90308225,0.8960955,0.96527123,0.88464653,-0.39519018,-0.17094323,0.054601658,0.043459564,-0.5751597,-0.57532126,0.039069425,0.06343519,0.27408388,0.24310185,0.26334456,0.10268064
ROC,2026-02-13T22:25:00,0.88172305,0.8474677,-1.539572,-1.5798963,0.8889412,0.88604176,0.96527123,0.8906917,-0.39519018,-0.2432391,0.053532608,0.03207487,-0.5751597,-0.574013,0.039069425,0.049559973,0.27408388,0.24987271,0.26334456,0.09371784
ROC,2026-02-13T22:30:00,0.87695384,0.8563901,-1.5087583,-1.548095,0.87480015,0.87782407,0.96527123,0.8863251,-0.39519018,-0.31538793,0.052463558,0.023307962,-0.5751597,-0.57436746,0.039069425,0.0411919,0.27408388,0.2545747,0.26334456,0.07819758
ROC,2026-02-13T22:35:00,0.8721847,0.8576408,-1.4779447,-1.5189176,0.8606591,0.8678805,0.96527123,0.879839,-0.39519018,-0.35138643,0.051394504,0.022167264,-0.5751597,-0.57689655,0.039069425,0.04042267,0.27408388,0.25765148,0.15152302,0.08807702
ROC,2026-02-13T22:40:00,0.8674155,0.8590454,-1.447131,-1.4902426,0.8465181,0.8581074,0.96527123,0.8733353,-0.18800654,-0.3818328,0.050325453,0.018072931,-0.5751597,-0.5783494,0.039069425,0.03552285,0.27408388,0.26068836,0.15152302,0.048416875
ROC,2026-02-13T22:45:00,0.8626463,0.8453531,-1.4163173,-1.4671869,0.8323771,0.8558408,0.96527123,0.8534876,-0.39519018,-0.32093838,0.049256403,0.0153948385,-0.5751597,-0.57980216,0.039069425,0.033861823,0.27408388,0.26596716,0.15152302,0.040101983
ROC,2026-02-13T22:50:00,0.8578771,0.8416831,-1.3855036,-1.4342235,0.818236,0.84029007,0.96527123,0.8660519,-0.39519018,-0.36033794,0.048187353,0.018418035,-0.5751597,-0.5834826,0.039069425,0.03593243,0.27408388,0.26656592,0.26334456,0.03546252
ROC,2026-02-13T22:54:00,0.85310787,0.83726865,-1.35469,-1.4035157,0.804095,0.82980746,0.96527123,0.86448413,-0.60237384,-0.3872347,0.047118302,0.017603157,-0.5751597,-0.58528966,0.039069425,0.035398252,0.27408388,0.26846725,0.26334456,0.055631056
ROC,2026-02-13T22:55:00,0.84866023,0.84200865,-1.3192056,-1.3681862,0.804095,0.81065303,0.96527123,0.8756118,-0.60237384,-0.48154393,0.043911148,0.017682703,-0.5751597,-0.58814776,0.039069425,0.034058407,0.28707877,0.2668811,0.26334456,0.06583208
ROC,2026-02-13T23:00:00,0.84421253,0.8465214,-1.2837212,-1.3362389,0.804095,0.79867554,0.96527123,0.87870157,-0.8095575,-0.5387715,0.040703997,0.013815844,-0.5751597,-0.58707714,0.039069425,0.030060844,0.30007368,0.26963013,0.26334456,0.06546022
ROC,2026-02-13T23:05:00,0.83976483,0.86090654,-1.2482369,-1.2989578,0.804095,0.7830233,0.96527123,0.8826956,-0.8095575,-0.6531682,0.037496846,0.010453621,-0.5751597,-0.5885057,0.039069425,0.02509365,0.3130686,0.27138194,0.15152302,0.05345883
ROC,2026-02-13T23:10:00,0.8353172,0.87049574,-1.2127525,-1.2668587,0.804095,0.7719015,0.96527123,0.8785711,-0.8095575,-0.7165465,0.03428969,0.008329431,-0.5751597,-0.5899912,0.039069425,0.02135733,0.3260635,0.27527133,0.15152302,0.0199062
ROC,2026-02-13T23:15:00,0.8308695,0.87495977,-1.1772681,-1.2360992,0.804095,0.76503986,0.96527123,0.8711017,-0.8095575,-0.7493026,0.031082539,0.005416831,-0.5751597,-0.58937716,0.039069425,0.017293403,0.33905843,0.28130046,0.15152302,-0.010573279
ROC,2026-02-13T23:20:00,0.82642186,0.87197775,-1.1417837,-1.2049803,0.804095,0.7604081,0.96527123,0.8636461,-0.8095575,-0.751046,0.027875386,0.0042760093,-0.5751597,-0.58909965,0.039069425,0.014587043,0.35205334,0.28956506,0.15152302,-0.020862948
ROC,2026-02-13T23:25:00,0.82197416,0.87083316,-1.1062994,-1.1717248,0.804095,0.7540658,0.96527123,0.85872346,-0.60237384,-0.7652164,0.024668235,0.003918713,-0.5751597,-0.59170824,0.039069425,0.014244461,0.36504826,0.29607564,0.15152302,-0.02380104
ROC,2026-02-13T23:30:00,0.81752646,0.85654074,-1.070815,-1.142404,0.804095,0.7566049,0.96527123,0.8437883,-0.60237384,-0.6970328,0.021461083,0.0024338048,-0.5751597,-0.59313834,0.039069425,0.014655506,0.37804317,0.30730322,0.15152302,-0.0037797876
ROC,2026-02-13T23:35:00,0.8130788,0.8485893,-1.0353307,-1.1072553,0.804095,0.75385743,0.96527123,0.8384405,-0.39519018,-0.67378956,0.01825393,0.0017811321,-0.5751597,-0.59635466,0.039069425,0.015712248,0.39103806,0.31609496,0.15152302,0.0067694522
ROC,2026-02-13T23:40:00,0.8086311,0.83246964,-0.9998463,-1.0749385,0.804095,0.7595888,0.96527123,0.8232852,-0.39519018,-0.5881138,0.015046777,-0.0034384634,-0.5751597,-0.5979967,0.039069425,0.012884339,0.40403298,0.32988563,0.039701488,0.025511995
ROC,2026-02-13T23:45:00,0.8041834,0.8268841,-0.9643619,-1.0365037,0.804095,0.7593624,0.96527123,0.8213652,-0.39519018,-0.56039643,0.0118396245,-0.007784087,-0.5751597,-0.600274,0.039069425,0.009872543,0.4170279,0.34151337,0.039701488,-0.0050265193
ROC,2026-02-13T23:50:00,0.7997358,0.82342017,-0.92887753,-0.9986901,0.804095,0.7594685,0.96527123,0.8214332,-0.39519018,-0.5441991,0.008632473,-0.010784259,-0.5751597,-0.6007266,-0.009227697,0.0073279794,0.4300228,0.35380638,0.039701488,-0.031138431
ROC,2026-02-13T23:54:00,0.7952881,0.82210016,-0.89339316,-0.96252114,0.804095,0.76055527,0.96527123,0.8216408,-0.39519018,-0.5345861,0.00542532,-0.01894133,-0.5751597,-0.60078657,-0.009227697,-0.00079624355,0.44301772,0.366876,0.039701488,-0.048068013
ROC,2026-02-13T23:55:00,0.79786026,0.8194837,-0.8925498,-0.92725366,0.8111655,0.7607608,0.96527123,0.82258415,-0.39519018,-0.5247945,-0.000988985,-0.02285375,-0.5751597,-0.60077125,-0.009227697,-0.0049082357,0.44951516,0.3795982,0.039701488,-0.05566972
ROC,2026-02-14T00:00:00,0.8004324,0.8202498,-0.89170647,-0.90856314,0.818236,0.763529,0.96527123,0.8254261,-0.39519018,-0.5201943,-0.00740329,-0.026373697,-0.5751597,-0.6025746,-0.009227697,-0.008428319,0.45601264,0.38805914,-0.072120056,-0.058605295
ROC,2026-02-14T00:05:00,0.80300456,0.8227811,-0.8908632,-0.9004317,0.82530653,0.76813984,0.96527123,0.8302042,-0.39519018,-0.5077015,-0.013817594,-0.029961936,-0.5751597,-0.604492,-0.009227697,-0.013739713,0.46251008,0.3956146,0.039701488,-0.08960928
ROC,2026-02-14T00:10:00,0.8055767,0.823508,-0.89001983,-0.8980574,0.8323771,0.774751,0.96527123,0.8321882,-0.39519018,-0.49379525,-0.020231899,-0.032320607,-0.5751597,-0.6069674,-0.05752482,-0.016222764,0.46900755,0.40175712,0.039701488,-0.06723419
ROC,2026-02-14T00:15:00,0.80814886,0.8255627,-0.88917655,-0.89875615,0.83944756,0.78362274,0.96527123,0.8344832,-0.39519018,-0.47398618,-0.026646204,-0.041663773,-0.5751597,-0.60774446,-0.05752482,-0.026781341,0.475505,0.40983528,-0.072120056,-0.053162705
ROC,2026-02-14T00:20:00,0.810721,0.83310586,-0.8883332,-0.8975693,0.8465181,0.7913473,0.96527123,0.837469,-0.39519018,-0.4727908,-0.03306051,-0.051791877,-0.5751597,-0.607433,-0.05752482,-0.037939407,0.48200247,0.41700652,-0.072120056,-0.09310943
ROC,2026-02-14T00:25:00,0.81329316,0.8389922,-0.88748986,-0.8974257,0.85358864,0.79932344,0.96527123,0.8404155,-0.39519018,-0.4676974,-0.039474815,-0.05843588,-0.5751597,-0.6070954,-0.05752482,-0.04496754,0.4884999,0.4239223,0.039701488,-0.115761876
ROC,2026-02-14T00:30:00,0.8158653,0.841618,-0.88664657,-0.897663,0.8606591,0.8077127,0.96527123,0.84155154,-0.18800654,-0.4561441,-0.04588912,-0.064718485,-0.5751597,-0.60728544,-0.05752482,-0.050884612,0.49499738,0.4307717,0.039701488,-0.08893022
ROC,2026-02-14T00:35:00,0.81843746,0.83378476,-0.8858032,-0.9029594,0.86772966,0.823149,0.96527123,0.83133614,-0.18800654,-0.37074345,-0.052303426,-0.07121959,-0.5751597,-0.6069115,-0.05752482,-0.05553642,0.5014948,0.44077274,0.039701488,-0.06079722
ROC,2026-02-14T00:40:00,0.8210096,0.83119065,-0.88495994,-0.9024284,0.87480015,0.8336153,0.96527123,0.8300113,-0.39519018,-0.3264885,-0.058717728,-0.07598541,-0.5751597,-0.60718006,-0.05752482,-0.059376992,0.50799227,0.44899133,0.039701488,-0.048649322
ROC,2026-02-14T00:45:00,0.82358176,0.84432036,-0.8841166,-0.89403063,0.8818707,0.83460975,0.96527123,0.84534204,-0.39519018,-0.38345036,-0.06513204,-0.079463296,-0.5751597,-0.6057415,-0.05752482,-0.06419198,0.5144897,0.45362055,0.039701488,-0.067822754
ROC,2026-02-14T00:50:00,0.8261539,0.8529797,-0.88327324,-0.8913374,0.8889412,0.83797246,0.96527123,0.84984297,-0.18800654,-0.40987423,-0.07154634,-0.081371576,-0.5751597,-0.60613596,-0.05752482,-0.06653967,0.5209872,0.45807263,0.039701488,-0.06557794
ROC,2026-02-14T00:54:00,0.82872605,0.8485564,-0.88242996,-0.89670485,0.8960117,0.8517093,0.96527123,0.83863986,-0.18800654,-0.33948928,-0.07796064,-0.0884868,-0.5751597,-0.6043603,-0.05752482,-0.07226421,0.52748466,0.46712533,0.039701488,-0.05032063
ROC,2026-02-14T00:55:00,0.8353708,0.84922564,-0.89955586,-0.89645094,0.90308225,0.86289823,0.96527123,0.83564466,-0.39519018,-0.3042201,-0.08437495,-0.09603195,-0.5405973,-0.6010616,-0.05752482,-0.07901604,0.52748466,0.47577506,0.039701488,-0.058577474
ROC,2026-02-14T01:00:00,0.8420155,0.86366004,-0.91668177,-0.8956689,0.9101528,0.86418235,0.96527123,0.84903276,-0.18800654,-0.36569145,-0.09078925,-0.09951506,-0.5060349,-0.58798534,-0.105821945,-0.08367141,0.52748466,0.47803015,0.039701488,-0.0764236
ROC,2026-02-14T01:05:00,0.84866023,0.8642456,-0.9338077,-0.9124959,0.9172233,0.8780343,0.96527123,0.83935374,0.22636075,-0.31400716,-0.09720356,-0.110672735,-0.47147244,-0.5691464,-0.105821945,-0.09376755,0.52748466,0.48355025,0.15152302,-0.05969548
ROC,2026-02-14T01:10:00,0.85530496,0.83944553,-0.95093364,-0.94270164,0.9242938,0.9060714,0.96527123,0.8059316,-0.18800654,-0.10334661,-0.10361786,-0.11929063,-0.43691,-0.5444063,-0.105821945,-0.09897977,0.52748466,0.49431834,0.15152302,0.01165043
ROC,2026-02-14T01:15:00,0.8619496,0.8510805,-0.96805954,-0.94555765,0.93136436,0.90666693,0.96527123,0.827773,-0.18800654,-0.1669259,-0.11003217,-0.12371842,-0.4023476,-0.52178186,-0.105821945,-0.10463187,0.52748466,0.49499854,0.039701488,0.017763682
ROC,2026-02-14T01:20:00,0.86859435,0.867347,-0.98518544,-0.9560063,0.93843484,0.91146386,0.96527123,0.8362685,-0.39519018,-0.21794191,-0.11644647,-0.13041343,-0.36778516,-0.4970403,-0.105821945,-0.11149988,0.52748466,0.496073,0.039701488,-0.019407585
ROC,2026-02-14T01:25:00,0.8752391,0.89039344,-1.0023113,-0.96510184,0.9455054,0.909126,0.96527123,0.8499889,-0.39519018,-0.32406455,-0.12286078,-0.13263877,-0.33322272,-0.4747583,-0.15411907,-0.11526553,0.52748466,0.49301037,-0.072120056,-0.045322586
ROC,2026-02-14T01:30:00,0.8818838,0.90762925,-1.0194373,-0.9818726,0.9525759,0.9127903,0.96527123,0.8505367,-0.39519018,-0.36850414,-0.12927508,-0.1445456,-0.29866028,-0.45032912,-0.15411907,-0.129514,0.52748466,0.49279457,0.039701488,-0.090462014
ROC,2026-02-14T01:35:00,0.8885285,0.9166736,-1.0365632,-1.0013229,0.9596464,0.91956055,0.96527123,0.8451027,-0.18800654,-0.3816659,-0.1356894,-0.15155761,-0.26409784,-0.42540634,-0.15411907,-0.13678178,0.52748466,0.49275395,0.039701488,-0.07634592
ROC,2026-02-14T01:40:00,0.89517325,0.9154727,-1.0536891,-1.0264536,0.96671695,0.9340771,0.96527123,0.8270139,-0.39519018,-0.31908703,-0.14210369,-0.15828691,-0.22953542,-0.39773172,-0.105821945,-0.14105986,0.52748466,0.49517342,0.15152302,-0.055508625
ROC,2026-02-14T01:45:00,0.901818,0.92123204,-1.070815,-1.0372838,0.9737875,0.9345369,0.96527123,0.8317784,0.019177105,-0.35367158,-0.148518,-0.15635687,-0.19497298,-0.36897188,-0.15411907,-0.13976587,0.52748466,0.4930097,0.039701488,-0.016038243
ROC,2026-02-14T01:50:00,0.9084627,0.9020909,-1.0879409,-1.0655001,0.98085797,0.9543622,0.96527123,0.80758417,-0.39519018,-0.18302724,-0.1549323,-0.16572718,-0.16041054,-0.3340433,-0.105821945,-0.14848486,0.52748466,0.49996597,0.15152302,0.0061670654
ROC,2026-02-14T01:54:00,0.9151074,0.91750145,-1.1050668,-1.067926,0.9879285,0.95002145,0.96527123,0.83022535,-0.18800654,-0.2879649,-0.16134661,-0.16382499,-0.12584811,-0.3061277,-0.15411907,-0.14668277,0.52748466,0.49619627,0.15152302,0.022620875
ROC,2026-02-14T01:55:00,0.93023413,0.9228002,-1.0008564,-1.0876576,0.9879285,0.96255267,0.6794318,0.8186889,-0.18800654,-0.26271868,-0.16308382,-0.17440377,-0.091285676,-0.27302474,-0.15411907,-0.15589753,0.56368476,0.49926835,0.039701488,0.034586877
ROC,2026-02-14T02:00:00,0.9453608,0.9365471,-0.89664596,-1.0172788,0.9879285,0.97137105,0.1077529,0.6284866,-0.18800654,-0.26988405,-0.16482103,-0.18639255,-0.056723237,-0.22348799,-0.15411907,-0.1640546,0.59988487,0.5301408,0.26334456,0.0073023215
ROC,2026-02-14T02:05:00,0.9604875,0.944979,-0.79243547,-0.8804382,0.9879285,0.98087835,0.1077529,0.19369718,0.22636075,-0.25010628,-0.16655824,-0.19576176,-0.022160804,-0.15179937,-0.15411907,-0.1660357,0.636085,0.5819763,0.26334456,0.07221924
ROC,2026-02-14T02:10:00,0.9756142,0.9210631,-0.68822503,-0.79129845,0.9879285,0.9944564,-0.17808655,0.014811272,-0.18800654,-0.07555624,-0.16829544,-0.19798169,0.01240163,-0.117850244,-0.15411907,-0.16543491,0.6722851,0.62107325,0.26334456,0.13101853
ROC,2026-02-14T02:15:00,0.9907409,0.9347071,-0.5840146,-0.64775825,0.9879285,0.9842982,-0.46392602,-0.19347176,-0.18800654,-0.17236134,-0.17003265,-0.19903646,0.046964064,-0.073296964,-0.15411907,-0.16745593,0.7084852,0.6615439,0.26334456,0.13306434
ROC,2026-02-14T02:20:00,1.0058676,0.94532526,-0.47980416,-0.51268107,0.9879285,0.97852015,-0.46392602,-0.44370532,-0.60237384,-0.22782907,-0.17176986,-0.19525152,0.0815265,-0.027208203,-0.15411907,-0.16206734,0.7446853,0.70075405,0.15152302,0.14648649
ROC,2026-02-14T02:24:00,1.0209943,0.9710914,-0.37559372,-0.40043914,0.9879285,0.95587707,-0.74976546,-0.4716558,-0.60237384,-0.42423555,-0.17350706,-0.19361195,0.116088934,0.009503379,-0.15411907,-0.1674453,0.78088546,0.7244018,0.15152302,0.07632089
ROC,2026-02-14T02:25:00,1.0603535,0.99321866,-0.17298572,-0.27868536,0.9649493,0.94711614,-0.74976546,-0.68202907,-0.60237384,-0.5344401,-0.17524427,-0.18999858,0.15065137,0.052472692,-0.15411907,-0.1613872,0.82311887,0.7554153,0.26334456,0.061335757
ROC,2026-02-14T02:30:00,1.0997127,0.99588,0.029622285,-0.1332701,0.9419701,0.9337932,-0.8926852,-0.7657771,-1.0167412,-0.5894747,-0.17698148,-0.18937504,0.1852138,0.08777032,-0.15411907,-0.16168869,0.86535233,0.7937089,0.039701488,0.090825394
ROC,2026-02-14T02:35:00,1.1390721,1.0318999,0.23223028,0.054782934,0.9189909,0.90470463,-1.035605,-0.88502985,-1.2239248,-0.82161903,-0.17871869,-0.19644086,0.21977624,0.12904353,-0.15411907,-0.17348982,0.9075858,0.83422285,0.26334456,-0.013406258
ROC,2026-02-14T02:38:00,1.1784313,1.0582646,0.43483827,0.22858489,0.8960117,0.8799678,-1.3214444,-1.0466238,-1.2239248,-1.004428,-0.1804559,-0.19908401,0.25433868,0.16592316,-0.15411907,-0.1815545,0.94981927,0.8731399,0.26334456,0.042526342
ROC,2026-02-14T02:40:00,1.1784313,1.0634137,0.43483827,0.42990863,0.8960117,0.86096835,-1.3214444,-1.2980084,-1.2239248,-1.0809504,-0.1821931,-0.19766492,0.28890112,0.20861228,-0.15411907,-0.18270637,0.94981927,0.9223105,0.15152302,0.083435595
ROC,2026-02-14T02:41:00,1.1784313,1.0787377,0.43483827,0.49176893,0.8960117,0.85194546,-1.464364,-1.3521622,-1.2239248,-1.1382275,-0.18393031,-0.19723012,0.32346353,0.23143575,-0.15411907,-0.18437073,0.94981927,0.9326104,0.15152302,0.05412466
ROC,2026-02-14T02:45:00,1.0980873,1.091073,0.5332258,0.51143134,0.8960117,0.8536349,-1.464364,-1.4505967,-1.2239248,-1.1534172,-0.18566751,-0.19606827,0.35802597,0.25868958,-0.15411907,-0.18401088,0.97797495,0.9378823,0.26334456,0.053661045
ROC,2026-02-14T02:50:00,1.0177433,1.0885423,0.6316133,0.5625271,0.8960117,0.8444391,-1.464364,-1.4810549,-1.0167412,-1.171745,-0.18740472,-0.19484359,0.3925884,0.28573915,-0.15411907,-0.18193027,1.0061306,0.94274384,0.15152302,0.083687305
ROC,2026-02-14T02:54:00,0.9373994,1.0704726,0.7300008,0.6232841,0.8960117,0.8454144,-1.6072838,-1.5100496,-0.60237384,-1.0949107,-0.18914193,-0.19716513,0.42715085,0.30759224,-0.15411907,-0.18301564,1.0342863,0.9593119,0.15152302,0.08140439
ROC,2026-02-14T02:55:00,0.9290399,1.0240986,0.8805337,0.72030616,0.85005337,0.8584328,-1.535824,-1.6413006,-0.8095575,-0.8679593,-0.19133629,-0.20156597,0.46171328,0.33567944,-0.15411907,-0.18276037,1.0342863,0.9947363,0.15152302,0.13307814
ROC,2026-02-14T02:59:00,0.9206804,1.0082774,1.0310667,0.8469473,0.804095,0.8352252,-1.6787437,-1.6097741,-0.8095575,-0.8819333,-0.19353066,-0.20474663,0.49627572,0.3726571,-0.15411907,-0.18614821,1.0342863,1.0108584,0.15152302,0.11297332
ROC,2026-02-14T03:00:00,0.8981562,0.99643874,1.1373252,0.9938929,0.804095,0.80799073,-1.6787437,-1.7044159,-0.8095575,-0.9024316,-0.19572504,-0.20281465,0.53083813,0.40493688,-0.15411907,-0.1840035,1.0624418,1.0278583,0.15152302,0.14068824
ROC,2026-02-14T03:05:00,0.87563205,0.9864516,1.2435837,1.1019318,0.804095,0.7929607,-1.6787437,-1.7088333,-0.8095575,-0.89598197,-0.1979194,-0.20129967,0.5654006,0.435376,-0.2024162,-0.18462957,1.0905975,1.0455455,0.039701488,0.15959941
ROC,2026-02-14T03:10:00,0.85310787,0.98469186,1.3498422,1.1993581,0.804095,0.78235465,-1.6072838,-1.7089145,-0.60237384,-0.9060522,-0.20011377,-0.21119808,0.5654006,0.46580732,-0.2024162,-0.19569588,1.1187532,1.0615206,0.039701488,0.1091048
ROC,2026-02-14T03:10:00,0.85310787,0.9641118,1.4603173,1.2701513,0.804095,0.78364253,-1.6072838,-1.660982,-0.60237384,-0.80883294,-0.20230813,-0.21655846,0.5654006,0.46267426,-0.2024162,-0.2015602,1.1469088,1.0809377,-0.072120056,0.10298933
ROC,2026-02-14T03:15:00,0.85310787,0.9562404,1.5707924,1.3672565,0.804095,0.78172505,-1.3929042,-1.6566544,-0.60237384,-0.7742128,-0.20450251,-0.22071078,0.5654006,0.45945656,-0.2024162,-0.20521136,1.1750644,1.1031516,0.039701488,0.05719012
ROC,2026-02-14T03:20:00,0.85310787,0.9382332,1.6812675,1.4466912,0.804095,0.77643555,-1.3214444,-1.4867096,-0.60237384,-0.7363546,-0.20669687,-0.21945779,0.5654006,0.46102864,-0.2024162,-0.20646252,1.20322,1.1228045,-0.072120056,0.07569362
ROC,2026-02-14T03:20:00,0.88689417,0.9307674,1.6812675,1.5429716,0.804095,0.77767915,-1.3214444,-1.3967067,-0.60237384,-0.70640963,-0.20889124,-0.22076221,0.5654006,0.4726312,-0.2024162,-0.21088667,1.20322,1.1525913,-0.072120056,0.03517241
ROC,2026-02-14T03:24:00,0.9206804,0.932129,1.6812675,1.595454,0.804095,0.7781212,-0.74976546,-1.3701719,-0.8095575,-0.69867176,-0.2110856,-0.22290675,0.5654006,0.48408347,-0.2024162,-0.21302041,1.20322,1.1659893,-0.072120056,0.019552415
ROC,2026-02-14T03:25:00,0.96091044,0.9377367,1.5992545,1.5555785,0.82707417,0.76103306,-0.74976546,-0.8745691,-0.8095575,-0.759314,-0.21327998,-0.2129503,0.5654006,0.47076607,-0.2024162,-0.21050075,1.20322,1.1434495,-0.18394159,-0.010462109
ROC,2026-02-14T03:30:00,1.0011405,0.96444154,1.5172415,1.5158956,0.85005337,0.77150506,-0.74976546,-0.75868136,-0.60237384,-0.78894895,-0.21547434,-0.21493146,0.5654006,0.4754981,-0.2024162,-0.2141684,1.20322,1.1433868,-0.072120056,-0.060068954
ROC,2026-02-14T03:35:00,1.0413705,0.9741219,1.4352285,1.4506631,0.87303257,0.8051627,-0.74976546,-0.73873293,-1.0167412,-0.6937718,-0.21766871,-0.22565892,0.5654006,0.48298335,-0.2024162,-0.22255415,1.20322,1.1548108,-0.29576313,-0.01589702
ROC,2026-02-14T03:36:00,1.0816005,1.0213556,1.3532155,1.4085304,0.8960117,0.8101766,-0.17808655,-0.72004914,-1.0167412,-0.8428809,-0.21986307,-0.2266038,0.5654006,0.5045388,-0.25071332,-0.22584039,1.20322,1.150017,-0.29576313,-0.13150205
ROC,2026-02-14T03:40:00,1.0816005,1.0413924,1.3532155,1.2842512,0.8960117,0.8191397,-1.035605,-0.26763216,-1.0167412,-0.8754023,-0.22205745,-0.2287546,0.5654006,0.4912468,-0.25071332,-0.23477669,1.20322,1.126935,-0.29576313,-0.19282663
ROC,2026-02-14T03:43:00,1.0816005,1.0804902,1.3532155,1.3355806,0.8960117,0.84488714,-1.1785246,-0.81515646,-1.0167412,-0.9247609,-0.2242518,-0.24718402,0.5654006,0.52844447,-0.2024162,-0.24241798,1.20322,1.1623207,-0.29576313,-0.17113994
ROC,2026-02-14T03:45:00,1.1138774,1.090945,1.3532155,1.3625753,0.8960117,0.851364,-1.1785246,-1.080456,-1.0167412,-0.9330674,-0.22644618,-0.24499764,0.5654006,0.5453171,-0.2024162,-0.2357683,1.20322,1.1737498,-0.29576313,-0.16126542
ROC,2026-02-14T03:50:00,1.1461544,1.0971644,1.3532155,1.3576732,0.8960117,0.85315454,-1.1785246,-1.1300685,-1.2239248,-0.9339872,-0.22864054,-0.24176948,0.5654006,0.5438123,-0.2024162,-0.23203093,1.20322,1.1737252,-0.18394159,-0.16302162
ROC,2026-02-14T03:54:00,1.1784313,1.1190987,1.3532155,1.3666476,0.8960117,0.84555733,-1.1785246,-1.1559086,-1.2239248,-1.0486244,-0.23083492,-0.23914145,0.5654006,0.542195,-0.2024162,-0.22568783,1.20322,1.1693519,-0.18394159,-0.13597263
ROC,2026-02-14T03:55:00,1.318801,1.140594,1.3532155,1.3604813,0.8960117,0.8478235,-1.1785246,-1.1526166,-1.2239248,-1.1075196,-0.23454095,-0.24254908,0.53824437,0.53968483,-0.2024162,-0.22861698,1.20322,1.172012,-0.18394159,-0.13399842
ROC,2026-02-14T04:00:00,1.4591708,1.1716478,1.3532155,1.34874,0.8960117,0.86127037,-0.46392602,-1.1434947,-1.8454757,-1.1517584,-0.23824699,-0.25057948,0.5110882,0.52071977,-0.2024162,-0.23731391,1.20322,1.1845753,-2.532194,-0.14695168
ROC,2026-02-14T04:00:00,1.4030229,1.314687,1.3532155,1.3144032,0.8960117,0.80183136,-0.46392602,-0.5504234,-1.2239248,-1.599989,-0.24195305,-0.26581484,0.483932,0.468058,-0.2024162,-0.2655837,1.20322,1.1310242,-0.072120056,-1.3418682
ROC,2026-02-14T04:05:00,1.346875,1.2531716,1.3532155,1.2746178,0.8960117,0.8583652,0.6794318,-0.500484,-1.0167412,-1.3389652,-0.24565908,-0.25721464,0.45677578,0.43848664,-0.2024162,-0.24680501,1.20322,1.1673452,-0.18394159,-0.5976643
ROC,2026-02-14T04:10:00,1.2907271,1.1885719,1.3532155,1.156639,0.8960117,0.8622248,0.6794318,0.3259152,-1.0167412,-1.1210035,-0.24936512,-0.24539168,0.42961958,0.34929615,-0.2024162,-0.25286737,1.20322,1.143888,-0.18394159,-0.36859274
ROC,2026-02-14T04:15:00,1.2345792,1.160603,1.3532155,1.1367713,0.8960117,0.8622236,0.6794318,0.57560825,-1.2239248,-1.0418674,-0.25307116,-0.24020725,0.40246338,0.3169836,-0.25071332,-0.2517714,1.20322,1.142352,-0.29576313,-0.27839625
ROC,2026-02-14T04:18:00,1.1784313,1.161874,1.3532155,1.1610315,0.8960117,0.84806585,0.6794318,0.6286019,-1.2239248,-1.1076168,-0.2567772,-0.24341455,0.3753072,0.30316278,-0.25071332,-0.25805473,1.20322,1.1389906,-0.18394159,-0.30346113
ROC,2026-02-14T04:20:00,1.1884452,1.1589383,1.314001,1.1763855,0.90750134,0.8459283,0.6794318,0.6216635,-1.2239248,-1.1322716,-0.26048326,-0.24754965,0.348151,0.27525726,-0.25071332,-0.26241475,1.20322,1.1397367,-0.18394159,-0.24943131
ROC,2026-02-14T04:25:00,1.1984593,1.1623355,1.2747865,1.1685139,0.9189909,0.84772867,0.6794318,0.6152107,-1.0167412,-1.148808,-0.2641893,-0.25084546,0.3209948,0.2507298,-0.25071332,-0.26589063,1.20322,1.1382868,-0.29576313,-0.226641
ROC,2026-02-14T04:30:00,1.2084732,1.1666679,1.2355721,1.1406218,0.93048054,0.8660656,0.6794318,0.61236584,-1.0167412,-1.0862617,-0.26789534,-0.25928012,0.2938386,0.22146343,-0.25071332,-0.2710453,1.20322,1.144921,-0.29576313,-0.24228439
ROC,2026-02-14T04:35:00,1.2184871,1.1966689,1.1963576,1.1486135,0.9419701,0.86143136,0.6794318,0.59190726,-1.2239248,-1.1331993,-0.27160138,-0.28352714,0.2666824,0.23575982,-0.25071332,-0.2882991,1.20322,1.1506094,-0.40758467,-0.30880803
ROC,2026-02-14T04:40:00,1.2285012,1.215711,1.1571431,1.1130077,0.95345974,0.889271,0.6794318,0.5900903,-1.8454757,-1.1787072,-0.27530742,-0.2773627,0.2395262,0.19019452,-0.25071332,-0.27820322,1.20322,1.1529181,-2.532194,-0.36967254
ROC,2026-02-14T04:45:00,1.2385151,1.3200322,1.1179287,1.1275028,0.9649493,0.82237965,0.6794318,0.5951937,-1.8454757,-1.6134342,-0.27901345,-0.2759124,0.21237001,0.17680205,-0.25071332,-0.27525485,1.20322,1.0989672,-2.532194,-1.3571024
ROC,2026-02-14T04:50:00,1.2485291,1.3516641,1.0787143,1.088511,0.9764389,0.79730034,0.6794318,0.6106466,-1.8454757,-1.7351648,-0.28271952,-0.26756874,0.1852138,0.15475743,-0.25071332,-0.26405212,1.20322,1.0661044,-2.532194,-1.7336057
ROC,2026-02-14T04:54:00,1.258543,1.365633,1.0394998,1.0487734,0.9879285,0.79248273,0.6794318,0.61980945,-1.2239248,-1.7629828,-0.28642556,-0.2672461,0.1580576,0.1286364,-0.25071332,-0.2622783,1.20322,1.0492581,-0.29576313,-1.8748552
ROC,2026-02-14T04:55:00,1.258543,1.2868426,1.0394998,0.9700223,0.9879285,0.8780555,0.6794318,0.58943415,-1.2239248,-1.3849068,-0.2933744,-0.26948237,0.13090141,0.07827198,-0.25071332,-0.25920478,1.20322,1.0976895,-0.40758467,-0.9404236
ROC,2026-02-14T05:00:00,1.258543,1.2611688,1.0394998,0.9375593,0.9879285,0.90712386,0.6794318,0.58562183,-1.0167412,-1.2643137,-0.30032322,-0.2729893,0.10374521,0.049156003,-0.25071332,-0.26153365,1.20322,1.1145586,-0.29576313,-0.6120496
ROC,2026-02-14T05:05:00,1.258543,1.2405124,1.0394998,0.9202373,0.9879285,0.93266535,0.6794318,0.57577145,-1.0167412,-1.1443594,-0.30727205,-0.2837653,0.07658901,0.028991237,-0.29901043,-0.27006906,1.20322,1.1326458,-0.29576313,-0.42300043
ROC,2026-02-14T05:10:00,1.258543,1.2385796,1.0394998,0.9285122,0.9879285,0.9495814,0.6794318,0.5620015,-1.0167412,-1.119793,-0.31422088,-0.30704266,0.04943281,0.021985332,-0.29901043,-0.29771477,1.20322,1.1505792,-0.40758467,-0.40566543
ROC,2026-02-14T05:12:00,1.258543,1.2465795,1.0394998,0.93266445,0.9879285,0.9579337,0.6794318,0.56399065,-1.2239248,-1.1098406,-0.3211697,-0.31582078,0.022276612,-0.00579847,-0.29901043,-0.29973054,1.20322,1.1577644,-0.40758467,-0.39410648
ROC,2026-02-14T05:15:00,1.256995,1.2858818,1.0063292,0.959232,0.99814147,0.9444882,0.6794318,0.5748296,-1.2239248,-1.222925,-0.32811853,-0.33261505,-0.004879587,0.0006029492,-0.29901043,-0.31538352,1.20322,1.159198,-0.40758467,-0.45779264
ROC,2026-02-14T05:20:00,1.2554469,1.3019557,0.97315854,0.9477261,1.0083544,0.9359347,0.6794318,0.58059096,-1.2239248,-1.2719848,-0.33506736,-0.33357066,-0.032035787,-0.0143124545,-0.29901043,-0.31711206,1.20322,1.1520034,-0.40758467,-0.47449398
ROC,2026-02-14T05:25:00,1.2538989,1.3103178,0.9399879,0.9221289,1.0185674,0.9338641,0.6794318,0.5811395,-1.0167412,-1.2946311,-0.3420162,-0.33446196,-0.059191983,-0.036065225,-0.29901043,-0.31959066,1.20322,1.144829,-0.40758467,-0.48564124
ROC,2026-02-14T05:30:00,1.2523508,1.2887697,0.90681726,0.8819516,1.0287803,0.9693301,0.6794318,0.5654441,-1.2239248,-1.1983154,-0.34896502,-0.33588058,-0.08634818,-0.085286364,-0.29901043,-0.31578586,1.20322,1.156099,-0.40758467,-0.46964526
ROC,2026-02-14T05:35:00,1.2508028,1.2909542,0.87364656,0.8539301,1.0389934,0.97359645,0.6794318,0.5717077,-1.0167412,-1.218907,-0.35591385,-0.33432522,-0.11350438,-0.11873581,-0.29901043,-0.31650338,1.20322,1.1516815,-0.40758467,-0.46115097
ROC,2026-02-14T05:40:00,1.2492547,1.2819546,0.8404759,0.81578803,1.0492064,0.9921894,0.6794318,0.57404864,-1.0167412,-1.145418,-0.36286268,-0.34155142,-0.14066058,-0.14690022,-0.29901043,-0.3235559,1.20322,1.1560191,-0.29576313,-0.43299553
ROC,2026-02-14T05:45:00,1.2477067,1.2759137,0.8073053,0.78327835,1.0594193,1.0066353,0.96527123,0.5771224,-1.0167412,-1.094429,-0.3698115,-0.35019526,-0.16781677,-0.1718476,-0.34730756,-0.33178458,1.20322,1.1585284,-0.29576313,-0.37618452
ROC,2026-02-14T05:50:00,1.2461586,1.2738016,0.77413464,0.73342174,1.0696323,1.0133367,0.96527123,0.7386129,-1.0167412,-1.072423,-0.37676033,-0.3613514,-0.19497298,-0.20687905,-0.34730756,-0.34709582,1.20322,1.1496072,-0.40758467,-0.36990806
ROC,2026-02-14T05:54:00,1.2446105,1.2836615,0.740964,0.7048455,1.0798453,1.0165676,0.96527123,0.8029862,-1.0167412,-1.0913957,-0.3837092,-0.3711351,-0.22212918,-0.22565001,-0.34730756,-0.36393183,1.20322,1.1428885,-0.29576313,-0.45352706
ROC,2026-02-14T05:55:00,1.2517911,1.2873765,0.740964,0.674911,1.0798453,1.0228792,0.96527123,0.82260305,-1.0167412,-1.0879061,-0.38798538,-0.37362656,-0.24928537,-0.24750717,-0.34730756,-0.36885548,1.20322,1.1387013,-0.29576313,-0.44612503
ROC,2026-02-14T06:00:00,1.2589717,1.2910008,0.740964,0.66026664,1.0798453,1.0263023,0.96527123,0.8245031,-1.0167412,-1.0907593,-0.3922616,-0.37593076,-0.27644157,-0.26895225,-0.34730756,-0.3719191,1.20322,1.1372098,-0.18394159,-0.44337967
ROC,2026-02-14T06:05:00,1.2661524,1.2881343,0.740964,0.64717805,1.0798453,1.0362957,0.96527123,0.8245828,-1.0167412,-1.0660774,-0.39653778,-0.38147447,-0.30359778,-0.29628602,-0.3956047,-0.37044665,1.20322,1.1428039,-0.29576313,-0.35734522
ROC,2026-02-14T06:10:00,1.273333,1.2943457,0.740964,0.64290905,1.0798453,1.0370489,0.96527123,0.82253087,-1.0167412,-1.0769228,-0.400814,-0.39097258,-0.33075398,-0.32312614,-0.3956047,-0.37831575,1.20322,1.1430131,-0.18394159,-0.3665119
ROC,2026-02-14T06:15:00,1.2805135,1.2921411,0.740964,0.6382581,1.0798453,1.0394764,0.96527123,0.8184179,-1.0167412,-1.0675644,-0.40509018,-0.39773303,-0.35791016,-0.3465133,-0.3956047,-0.3848782,1.20322,1.1449692,-0.29576313,-0.3327463
ROC,2026-02-14T06:20:00,1.2876941,1.2940009,0.740964,0.63716996,1.0798453,1.0386723,0.96527123,0.817483,-0.8095575,-1.073523,-0.4093664,-0.40442833,-0.38506636,-0.3711539,-0.3956047,-0.39247984,1.20322,1.1447068,-0.18394159,-0.3566916
ROC,2026-02-14T06:25:00,1.2948747,1.2839061,0.740964,0.62873936,1.0798453,1.0510247,0.96527123,0.8102197,-1.0167412,-1.0049224,-0.41364262,-0.41525102,-0.41222256,-0.39247316,-0.3956047,-0.39846855,1.20322,1.1515234,-0.18394159,-0.31736976
ROC,2026-02-14T06:30:00,1.3020552,1.289513,0.740964,0.63505316,1.0798453,1.0459306,0.96527123,0.81323755,-1.0167412,-1.0438632,-0.4179188,-0.41875213,-0.43937877,-0.41183865,-0.3956047,-0.40214163,1.20322,1.1500589,-0.072120056,-0.32747313
ROC,2026-02-14T06:35:00,1.3092358,1.2897093,0.740964,0.63497233,1.0798453,1.0443927,0.96527123,0.81145805,-1.2239248,-1.0586352,-0.42219502,-0.4195125,-0.46653497,-0.43533528,-0.3956047,-0.40300947,1.20322,1.1494592,-0.072120056,-0.28780854
ROC,2026-02-14T06:40:00,1.3164164,1.3012652,0.740964,0.6418313,1.0798453,1.0322368,0.96527123,0.8168623,-1.0167412,-1.1421747,-0.4264712,-0.41795507,-0.49369115,-0.45701548,-0.3956047,-0.4041918,1.20322,1.1430261,-0.18394159,-0.28931272
ROC,2026-02-14T06:45:00,1.3235971,1.3030046,0.740964,0.6359827,1.0798453,1.0359501,0.96527123,0.81514174,-1.2239248,-1.1275698,-0.43074742,-0.42286223,-0.5208474,-0.48194706,-0.3956047,-0.4086789,1.20322,1.1443732,-0.072120056,-0.3066851
ROC,2026-02-14T06:50:00,1.3307776,1.3118017,0.740964,0.6392883,1.0798453,1.028278,0.96527123,0.8168873,-1.2239248,-1.1816242,-0.4350236,-0.42603377,-0.54800355,-0.5039761,-0.3956047,-0.4138732,1.20322,1.1399646,-0.18394159,-0.30183277
ROC,2026-02-14T06:54:00,1.3379582,1.3205727,0.740964,0.63948375,1.0798453,1.0230967,0.96527123,0.82023585,-1.2239248,-1.220069,-0.43929982,-0.4295826,-0.5751597,-0.5274352,-0.3956047,-0.4190531,1.20322,1.1363542,-0.29576313,-0.3347153
ROC,2026-02-14T06:55:00,1.324508,1.330446,0.7405099,0.63829625,1.0727748,1.0190275,0.96527123,0.8237282,-1.2239248,-1.2494583,-0.44357604,-0.43409193,-0.5751597,-0.55032116,-0.3956047,-0.42463428,1.1967226,1.1331142,-0.18394159,-0.39582843
ROC,2026-02-14T07:00:00,1.3110578,1.326075,0.7400558,0.6375645,1.0657042,1.0177538,0.96527123,0.82179487,-1.0167412,-1.2447594,-0.44785222,-0.43802273,-0.5751597,-0.5634428,-0.3956047,-0.42845908,1.1902251,1.1325766,-0.18394159,-0.38014504
ROC,2026-02-14T07:05:00,1.2976075,1.3148876,0.73960173,0.6331113,1.0586337,1.0239892,0.96527123,0.8143001,-1.0167412,-1.1844982,-0.45212844,-0.44409996,-0.5751597,-0.5737493,-0.3956047,-0.43152782,1.1837277,1.1347388,-0.18394159,-0.35637063
ROC,2026-02-14T07:10:00,1.2841574,1.3036927,0.7391476,0.63333106,1.0515631,1.0241052,0.96527123,0.81083643,-1.0167412,-1.1467437,-0.45640463,-0.44637364,-0.5751597,-0.5832946,-0.3956047,-0.43210635,1.1772302,1.1336706,-0.072120056,-0.33727142
ROC,2026-02-14T07:15:00,1.2707071,1.2939814,0.73869354,0.63534456,1.0444927,1.022251,0.96527123,0.80755216,-1.0167412,-1.1235758,-0.46068084,-0.44741395,-0.5751597,-0.59171426,-0.4439018,-0.43107072,1.1707327,1.1308296,-0.18394159,-0.28841862
ROC,2026-02-14T07:20:00,1.257257,1.2896115,0.7382394,0.6385683,1.0374222,1.0181173,0.96527123,0.80847967,-1.0167412,-1.115278,-0.46495703,-0.45653003,-0.5751597,-0.5954604,-0.4439018,-0.44038448,1.1642354,1.1283596,-0.18394159,-0.30977648
ROC,2026-02-14T07:25:00,1.2438067,1.2857567,0.73778534,0.64214736,1.0303516,1.013156,0.96527123,0.8087541,-1.0167412,-1.1134145,-0.46923324,-0.4630838,-0.5751597,-0.60206103,-0.4439018,-0.4466599,1.1577379,1.1240232,-0.18394159,-0.316432
ROC,2026-02-14T07:30:00,1.2303566,1.2818648,0.7373312,0.6450167,1.0232811,1.0077777,0.96527123,0.8087718,-1.0167412,-1.111665,-0.47350946,-0.46789798,-0.5751597,-0.6071774,-0.4439018,-0.4511359,1.1512405,1.1195465,-0.18394159,-0.323169
ROC,2026-02-14T07:35:00,1.2169064,1.2781278,0.73687714,0.6483409,1.0162106,1.0023564,0.96527123,0.8084547,-1.0167412,-1.1110303,-0.47778565,-0.47217244,-0.5751597,-0.6098402,-0.4439018,-0.4553931,1.144743,1.1152929,-0.18394159,-0.33460024
ROC,2026-02-14T07:40:00,1.2034562,1.2709458,0.736423,0.64987564,1.00914,0.99675286,0.96527123,0.80943227,-1.2239248,-1.1056511,-0.48206186,-0.4739046,-0.5751597,-0.61382335,-0.4439018,-0.45703262,1.1382455,1.1103982,-0.072120056,-0.33211884
ROC,2026-02-14T07:45:00,1.190006,1.2676829,0.73596895,0.6561652,1.0020696,0.9812027,0.96527123,0.812953,-1.2239248,-1.1570607,-0.48633805,-0.47132924,-0.5751597,-0.614952,-0.4439018,-0.4574717,1.1317481,1.100571,-0.072120056,-0.30972433
ROC,2026-02-14T07:50:00,1.1765558,1.2635111,0.7355148,0.65799856,0.99499905,0.9688842,0.96527123,0.8136473,-1.0167412,-1.1884067,-0.49061427,-0.47074828,-0.5751597,-0.61631703,-0.4439018,-0.4586418,1.1252506,1.0915724,-0.072120056,-0.2949719
ROC,2026-02-14T07:54:00,1.1631056,1.2482723,0.73506075,0.651254,0.9879285,0.9682859,0.96527123,0.8053311,-1.0167412,-1.139276,-0.49489045,-0.47399828,-0.5751597,-0.6213614,-0.4439018,-0.46083665,1.1187532,1.0883847,-0.072120056,-0.26111
ROC,2026-02-14T07:55:00,1.1693752,1.2369164,0.71300465,0.6513519,0.99499905,0.9651476,0.96527123,0.8025506,-1.0167412,-1.1118023,-0.49702856,-0.48128107,-0.5751597,-0.6199939,-0.4439018,-0.46766245,1.1187532,1.0848694,-0.072120056,-0.25400332
ROC,2026-02-14T08:00:00,1.1756448,1.231679,0.69094855,0.6428486,1.0020696,0.96437854,0.96527123,0.8028983,-1.2239248,-1.0956824,-0.49916667,-0.4858281,-0.5751597,-0.6213694,-0.49219894,-0.47231057,1.1187532,1.0811946,-0.072120056,-0.24921346
ROC,2026-02-14T08:05:00,1.1819144,1.2414659,0.66889244,0.6349824,1.00914,0.95659226,0.96527123,0.81122273,-1.2239248,-1.1553692,-0.50130475,-0.4923694,-0.5751597,-0.6202002,-0.49219894,-0.48180255,1.1187532,1.0732573,-0.18394159,-0.26914215
ROC,2026-02-14T08:10:00,1.188184,1.2530578,0.64683634,0.6197063,1.0162106,0.95344716,0.96527123,0.81695354,-1.0167412,-1.1966987,-0.5034429,-0.49871904,-0.5751597,-0.61941695,-0.4439018,-0.49058136,1.1187532,1.0668733,-0.18394159,-0.32035005
ROC,2026-02-14T08:15:00,1.1944536,1.2496024,0.62478024,0.59324336,1.0232811,0.963537,0.96527123,0.8131104,-1.0167412,-1.1463951,-0.50558096,-0.50052816,-0.5751597,-0.6218756,-0.4439018,-0.49119765,1.1187532,1.0668076,-0.18394159,-0.32210517
ROC,2026-02-14T08:20:00,1.2007233,1.2491167,0.60272413,0.57051,1.0303516,0.97121716,0.96527123,0.8134749,-1.2239248,-1.1183468,-0.5077191,-0.5011428,-0.5751597,-0.62527984,-0.49219894,-0.49035716,1.1187532,1.0649956,-0.18394159,-0.31696537
ROC,2026-02-14T08:25:00,1.2069929,1.2610757,0.58066803,0.5547977,1.0374222,0.9679822,0.96527123,0.8212304,-1.2239248,-1.170121,-0.5098572,-0.5051138,-0.5751597,-0.6256617,-0.49219894,-0.49619794,1.1187532,1.0579998,-0.18394159,-0.3339821
ROC,2026-02-14T08:30:00,1.2132624,1.267224,0.5586119,0.5332654,1.0444927,0.9688097,0.96527123,0.8243418,-1.8454757,-1.1909964,-0.51199526,-0.50905806,-0.5751597,-0.62579393,-0.4439018,-0.5020232,1.1187532,1.0536902,-2.532194,-0.3386424
ROC,2026-02-14T08:35:00,1.2195321,1.3607074,0.5365558,0.5519694,1.0515631,0.89891255,0.96527123,0.8785244,-1.8454757,-1.5663928,-0.5141334,-0.51104504,-0.5751597,-0.60906744,-0.49219894,-0.5203465,1.1187532,1.0048816,-2.532194,-1.2554842
ROC,2026-02-14T08:40:00,1.2258017,1.3993264,0.5144997,0.5300261,1.0586337,0.8718686,0.96527123,0.89647657,-1.8454757,-1.6942986,-0.5162715,-0.5124651,-0.5751597,-0.6053101,-0.49219894,-0.5269354,1.1187532,0.9763067,-2.532194,-1.662148
ROC,2026-02-14T08:45:00,1.2320714,1.41713,0.49244362,0.5047028,1.0657042,0.86291367,0.96527123,0.902337,-1.2239248,-1.7368593,-0.5184096,-0.5148045,-0.5751597,-0.60702354,-0.49219894,-0.53018206,1.1187532,0.9595755,0.15152302,-1.8397243
ROC,2026-02-14T08:50:00,1.238341,1.3393867,0.47038752,0.44098055,1.0727748,0.94911987,0.96527123,0.85084116,-1.0167412,-1.3710357,-0.5205477,-0.5264873,-0.5751597,-0.6402879,-0.49219894,-0.5289941,1.1187532,1.009572,0.15152302,-0.9171669
ROC,2026-02-14T08:54:00,1.2446105,1.2911835,0.44833142,0.40164432,1.0798453,0.9913238,0.96527123,0.8294091,-1.0167412,-1.157812,-0.52268577,-0.5284024,-0.5751597,-0.64091915,-0.49219894,-0.52425826,1.1187532,1.0319393,0.15152302,-0.4795714
ROC,2026-02-14T08:55:00,1.2522198,1.2720418,0.38852048,0.380753,1.1081274,1.01072,0.96527123,0.81987566,-1.0167412,-1.0729333,-0.52161676,-0.5308206,-0.5751597,-0.6368639,-0.49219894,-0.52398217,1.1252506,1.0420231,0.039701488,-0.27412263
ROC,2026-02-14T09:00:00,1.2598292,1.2773671,0.3287095,0.35228574,1.1364094,1.0265003,0.96527123,0.8199545,-0.8095575,-1.0548673,-0.5205477,-0.5381428,-0.5751597,-0.63310194,-0.49219894,-0.530379,1.1317481,1.0465268,0.15152302,-0.21695417
ROC,2026-02-14T09:05:00,1.2674384,1.274926,0.26889855,0.30347,1.1646916,1.0555943,0.96527123,0.81253815,-1.0167412,-0.9672456,-0.5194786,-0.5462232,-0.5751597,-0.6302653,-0.49219894,-0.5353073,1.1382455,1.0550992,0.26334456,-0.13141969
ROC,2026-02-14T09:10:00,1.2750477,1.3151133,0.2090876,0.26012808,1.1929736,1.065681,0.96527123,0.8215192,-0.8095575,-1.030161,-0.5184096,-0.55653614,-0.5751597,-0.59124994,-0.49219894,-0.545936,1.144743,1.052811,0.37516612,-0.1521691
ROC,2026-02-14T09:15:00,1.2826569,1.3277129,0.14927663,0.19496036,1.2212557,1.088569,0.96527123,0.81497526,-0.39519018,-0.98020625,-0.51734054,-0.56034094,-0.5751597,-0.5753383,-0.49219894,-0.549643,1.1512405,1.0535693,0.48698765,-0.08002786
ROC,2026-02-14T09:20:00,1.2902663,1.3160547,0.08946568,0.11694254,1.2495377,1.1307461,0.96527123,0.7921033,-0.18800654,-0.8023622,-0.5162715,-0.56738704,-0.5751597,-0.5660569,-0.49219894,-0.55165696,1.1577379,1.0629809,0.48698765,0.036061414
ROC,2026-02-14T09:25:00,1.2978755,1.2791533,0.029654719,0.055456966,1.2778199,1.181673,0.96527123,0.7622382,0.019177105,-0.584928,-0.5152024,-0.5714605,-0.5751597,-0.59665805,-0.49219894,-0.54737353,1.1642354,1.0785781,0.5988092,0.13489728
ROC,2026-02-14T09:30:00,1.3054848,1.2485622,-0.030156238,-0.013245361,1.3061019,1.221578,0.96527123,0.7484511,0.019177105,-0.36985025,-0.5141334,-0.57102996,-0.5751597,-0.61005145,-0.49219894,-0.5425317,1.1707327,1.0869391,0.48698765,0.25737354
ROC,2026-02-14T09:35:00,1.313094,1.2417985,-0.0899672,-0.06921365,1.334384,1.2498977,0.96527123,0.75484794,-0.18800654,-0.25909108,-0.5130643,-0.5733828,-0.5751597,-0.61540204,-0.49219894,-0.543851,1.1772302,1.0915536,0.48698765,0.2828125
ROC,2026-02-14T09:40:00,1.3207034,1.2577417,-0.14977816,-0.11301944,1.3626661,1.2663901,0.96527123,0.775052,-0.18800654,-0.28017327,-0.51199526,-0.5754203,-0.5751597,-0.6143967,-0.4439018,-0.5475004,1.1837277,1.0920092,0.48698765,0.2716913
ROC,2026-02-14T09:45:00,1.3283126,1.2698559,-0.20958911,-0.1635714,1.3909482,1.2838162,0.96527123,0.78424114,-0.39519018,-0.27828193,-0.51092625,-0.56928766,-0.5751597,-0.613511,-0.4439018,-0.5431115,1.1902251,1.0912151,0.48698765,0.27235708
ROC,2026-02-14T09:50:00,1.3359219,1.3023533,-0.26940006,-0.20689425,1.4192302,1.2944787,0.96527123,0.7960593,-0.39519018,-0.37212533,-0.5098572,-0.5647264,-0.5751597,-0.5990802,-0.4439018,-0.54372483,1.1967226,1.0885488,0.48698765,0.2261557
ROC,2026-02-14T09:54:00,1.3435311,1.3245622,-0.32921103,-0.25975856,1.4475124,1.3077356,0.96527123,0.7966388,-0.18800654,-0.41058132,-0.5087881,-0.55887544,-0.5751597,-0.5930659,-0.4439018,-0.5418146,1.20322,1.0847057,0.48698765,0.21594113
ROC,2026-02-14T09:55:00,1.3445493,1.328837,-0.31000924,-0.3246478,1.4404418,1.3324978,0.96527123,0.7830423,-0.18800654,-0.33216137,-0.5034429,-0.5567532,-0.5751597,-0.58876306,-0.4439018,-0.5408904,1.20322,1.0854439,0.48698765,0.23910409
ROC,2026-02-14T10:00:00,1.3455675,1.3196205,-0.29080746,-0.34927478,1.4333713,1.3464221,0.96527123,0.77595824,0.019177105,-0.26976055,-0.49809763,-0.55566543,-0.5751597,-0.59895647,-0.4439018,-0.5361408,1.20322,1.0880514,0.5988092,0.28701547
ROC,2026-02-14T10:05:00,1.3465856,1.2964249,-0.27160567,-0.35885715,1.4263008,1.356487,0.96527123,0.7529215,-0.18800654,-0.14477354,-0.49275237,-0.55067855,-0.5751597,-0.6030538,-0.4439018,-0.52836823,1.20322,1.0925347,0.48698765,0.36885867
ROC,2026-02-14T10:10:00,1.3476038,1.2965863,-0.2524039,-0.33754674,1.4192302,1.3523684,0.96527123,0.7572461,-0.60237384,-0.17289928,-0.48740712,-0.54870087,-0.5751597,-0.60124475,-0.4439018,-0.5272926,1.20322,1.0977793,0.48698765,0.34965545
ROC,2026-02-14T10:15:00,1.3486218,1.3180416,-0.23320211,-0.3006867,1.4121597,1.3343881,0.96527123,0.7815072,-0.18800654,-0.35729733,-0.48206186,-0.5441003,-0.5751597,-0.59744835,-0.4439018,-0.525553,1.20322,1.098534,0.48698765,0.3064797
ROC,2026-02-14T10:20:00,1.34964,1.3126192,-0.21400033,-0.29581815,1.4050893,1.3420926,0.96527123,0.7593239,-0.18800654,-0.30360177,-0.4767166,-0.5390644,-0.5751597,-0.59660214,-0.4439018,-0.51831305,1.20322,1.1056529,0.48698765,0.316135
ROC,2026-02-14T10:25:00,1.3506582,1.3108215,-0.19479854,-0.28402498,1.3980187,1.3449777,0.96527123,0.74439096,-0.18800654,-0.290059,-0.47137135,-0.5339655,-0.5751597,-0.5997585,-0.4439018,-0.51135516,1.20322,1.1110923,0.48698765,0.3201131
ROC,2026-02-14T10:30:00,1.3516763,1.3084633,-0.17559677,-0.26832387,1.3909482,1.3448318,0.96527123,0.736021,-0.39519018,-0.28549036,-0.4660261,-0.5282126,-0.5751597,-0.6015092,-0.3956047,-0.504705,1.20322,1.1159642,0.48698765,0.32246462
ROC,2026-02-14T10:35:00,1.3526945,1.3105266,-0.15639499,-0.24078654,1.3838776,1.3332373,0.96527123,0.74551666,-0.39519018,-0.34950286,-0.46068084,-0.5137879,-0.5751597,-0.599072,-0.4439018,-0.49205318,1.20322,1.1176745,0.48698765,0.3121551
ROC,2026-02-14T10:40:00,1.3537126,1.3119105,-0.1371932,-0.22002786,1.3768071,1.3266584,0.96527123,0.7509518,-0.18800654,-0.3840141,-0.4553356,-0.5103225,-0.5751597,-0.59587187,-0.3956047,-0.48918796,1.20322,1.1204128,0.5988092,0.3064334
ROC,2026-02-14T10:45:00,1.3547307,1.2939162,-0.11799142,-0.20824118,1.3697366,1.3269384,0.96527123,0.74003696,-0.39519018,-0.30883154,-0.44999033,-0.49922624,-0.5751597,-0.5949576,-0.3956047,-0.4764072,1.20322,1.1243151,0.48698765,0.36537805
ROC,2026-02-14T10:50:00,1.3557489,1.2982682,-0.09878964,-0.18247849,1.3626661,1.3184497,0.96527123,0.75335675,-0.60237384,-0.3664275,-0.44464508,-0.49500853,-0.5751597,-0.59180653,-0.3956047,-0.4723443,1.20322,1.1262622,0.48698765,0.33127576
ROC,2026-02-14T10:54:00,1.356767,1.3144219,-0.079587854,-0.1576261,1.3555956,1.3051974,0.96527123,0.76808846,-0.60237384,-0.49387792,-0.43929982,-0.49115247,-0.5751597,-0.59221566,-0.3956047,-0.46834916,1.20322,1.123699,0.5988092,0.2963843
ROC,2026-02-14T10:55:00,1.352748,1.3156823,-0.05895891,-0.13973226,1.3555956,1.2959408,0.96527123,0.7682557,-0.60237384,-0.5373326,-0.4350236,-0.4821991,-0.5751597,-0.5903633,-0.3956047,-0.46004325,1.2097175,1.1237733,0.48698765,0.31835788
ROC,2026-02-14T11:00:00,1.348729,1.319378,-0.03832997,-0.121883735,1.3555956,1.2894835,0.96527123,0.76600194,-0.39519018,-0.57193995,-0.43074742,-0.47771236,-0.5751597,-0.59079784,-0.3956047,-0.4565385,1.216215,1.125658,0.48698765,0.29754743
ROC,2026-02-14T11:05:00,1.3447101,1.3122538,-0.017701028,-0.11228532,1.3555956,1.2940748,0.96527123,0.7517933,-0.39519018,-0.51766163,-0.4264712,-0.4759226,-0.5751597,-0.59267986,-0.3956047,-0.4532637,1.2227124,1.1319352,0.48698765,0.30162984
ROC,2026-02-14T11:10:00,1.3406911,1.3081189,0.0029279143,-0.09761931,1.3555956,1.2953196,0.96527123,0.74769866,-0.60237384,-0.49500355,-0.42219502,-0.4706075,-0.5751597,-0.59472656,-0.3956047,-0.44600278,1.2292099,1.1366953,0.48698765,0.30080864
ROC,2026-02-14T11:15:00,1.3366721,1.3133252,0.023556856,-0.07145938,1.3555956,1.2860582,0.96527123,0.75660616,-0.39519018,-0.5547121,-0.4179188,-0.4675168,-0.5751597,-0.5945436,-0.3956047,-0.44389352,1.2357073,1.1386244,0.37516612,0.28629217
ROC,2026-02-14T11:20:00,1.3326532,1.3052497,0.0441858,-0.057245832,1.3555956,1.2867967,0.96527123,0.7533559,-0.39519018,-0.50618607,-0.41364262,-0.46183604,-0.5751597,-0.59752965,-0.3956047,-0.4385569,1.2422048,1.1445111,0.48698765,0.2760013
ROC,2026-02-14T11:25:00,1.3286341,1.3006785,0.06481474,-0.04017447,1.3555956,1.2889242,0.96527123,0.7474107,-0.39519018,-0.48411474,-0.4093664,-0.46062958,-0.5751597,-0.5979512,-0.34730756,-0.43554673,1.2487023,1.1503578,0.48698765,0.28880933
ROC,2026-02-14T11:30:00,1.3246151,1.298961,0.08544368,-0.020897359,1.3555956,1.288325,0.96527123,0.7398082,-0.60237384,-0.48524407,-0.40509018,-0.45445848,-0.5751597,-0.6008343,-0.34730756,-0.42767206,1.2551997,1.1542577,0.48698765,0.29508892
ROC,2026-02-14T11:35:00,1.3205962,1.3039267,0.10607263,0.0057808887,1.3555956,1.2767136,0.96527123,0.7507021,-0.39519018,-0.55345935,-0.400814,-0.44443852,-0.5751597,-0.60143465,-0.34730756,-0.41882735,1.2616972,1.1543918,0.48698765,0.2942457
ROC,2026-02-14T11:40:00,1.3165772,1.2995542,0.12670156,0.019371929,1.3555956,1.280075,0.96527123,0.74261296,-0.39519018,-0.519933,-0.39653778,-0.4416845,-0.5751597,-0.60098904,-0.34730756,-0.41470352,1.2681947,1.1607088,0.48698765,0.30146068
ROC,2026-02-14T11:45:00,1.3125582,1.2939692,0.14733051,0.03792376,1.3555956,1.281288,0.96527123,0.73843896,-0.39519018,-0.49114832,-0.3922616,-0.43862948,-0.5751597,-0.60007954,-0.34730756,-0.41178071,1.274692,1.1679263,0.48698765,0.30643803
ROC,2026-02-14T11:50:00,1.3085393,1.2903728,0.16795945,0.057991534,1.3555956,1.2817209,0.96527123,0.7348178,-0.39519018,-0.47636017,-0.38798538,-0.43515244,-0.5751597,-0.60075086,-0.34730756,-0.4081757,1.2811896,1.1747109,0.48698765,0.30886957
ROC,2026-02-14T11:54:00,1.3045202,1.2896824,0.1885884,0.07774441,1.3555956,1.2815872,0.96527123,0.73311406,-0.39519018,-0.47657427,-0.3837092,-0.4342824,-0.5751597,-0.6017431,-0.34730756,-0.40649083,1.287687,1.1801927,0.48698765,0.3090826
ROC,2026-02-14T11:55:00,1.2943388,1.2870039,0.2095417,0.09830715,1.348525,1.2811728,0.96527123,0.73360705,-0.39519018,-0.46639356,-0.37836394,-0.43034905,-0.5751597,-0.60016185,-0.34730756,-0.4027612,1.287687,1.1870203,0.48698765,0.30508995
ROC,2026-02-14T12:00:00,1.2841574,1.2824866,0.23049499,0.11902197,1.3414545,1.2787155,0.96527123,0.7322021,-0.39519018,-0.45989504,-0.37301868,-0.4268105,-0.5751597,-0.60113525,-0.34730756,-0.3992753,1.287687,1.1916672,0.37516612,0.30943477
ROC,2026-02-14T12:05:00,1.273976,1.2803395,0.25144827,0.14007299,1.334384,1.2744609,0.6794318,0.73287916,-0.60237384,-0.4632905,-0.36767343,-0.42145202,-0.5751597,-0.60365075,-0.34730756,-0.39445388,1.287687,1.1948541,0.37516612,0.27835515
ROC,2026-02-14T12:10:00,1.2637945,1.2889482,0.27240157,0.19206393,1.3273134,1.2631264,0.6794318,0.59654903,-0.60237384,-0.53698367,-0.36232817,-0.4169956,-0.5751597,-0.5927623,-0.34730756,-0.38745382,1.287687,1.2021999,0.48698765,0.26025498
ROC,2026-02-14T12:15:00,1.2536131,1.2862962,0.29335487,0.2196765,1.320243,1.2545557,0.6794318,0.5376897,-0.39519018,-0.5604807,-0.35698292,-0.41064596,-0.5751597,-0.59015775,-0.34730756,-0.3808419,1.287687,1.2045004,0.48698765,0.2855924
ROC,2026-02-14T12:20:00,1.2434317,1.27329,0.31430817,0.23100439,1.3131725,1.2562642,0.39359236,0.50783753,-0.60237384,-0.49905226,-0.35163766,-0.4076528,-0.5751597,-0.5919081,-0.29901043,-0.3762412,1.287687,1.2084664,0.37516612,0.31371626
ROC,2026-02-14T12:25:00,1.2332503,1.2752217,0.33526146,0.28307202,1.3061019,1.2463124,0.39359236,0.36029133,-0.39519018,-0.5388135,-0.3462924,-0.40022838,-0.5751597,-0.5788793,-0.29901043,-0.36685786,1.287687,1.2168461,0.26334456,0.2875415
ROC,2026-02-14T12:30:00,1.2230688,1.2676531,0.35621476,0.30270734,1.2990314,1.2474347,0.39359236,0.29470605,-0.39519018,-0.48998716,-0.34094715,-0.39674234,-0.5751597,-0.58069915,-0.29901043,-0.3622506,1.287687,1.2223673,0.26334456,0.2519076
ROC,2026-02-14T12:35:00,1.2128874,1.2596235,0.37716806,0.3192201,1.2919608,1.2467321,0.39359236,0.27656558,-0.39519018,-0.45576558,-0.3356019,-0.39265716,-0.5751597,-0.58255917,-0.29901043,-0.35786438,1.287687,1.2257398,0.37516612,0.2287981
ROC,2026-02-14T12:40:00,1.202706,1.2483232,0.39812136,0.33500606,1.2848904,1.2440252,0.39359236,0.27256334,-0.39519018,-0.42688775,-0.33025664,-0.3868311,-0.5751597,-0.58509064,-0.29901043,-0.35121682,1.287687,1.2274631,0.37516612,0.25544354
ROC,2026-02-14T12:45:00,1.1925246,1.2404445,0.41907465,0.35375914,1.2778199,1.2406412,0.39359236,0.27422825,-0.39519018,-0.41405302,-0.3249114,-0.38188583,-0.5751597,-0.58475506,-0.29901043,-0.3455154,1.287687,1.2298042,0.37516612,0.26014647
ROC,2026-02-14T12:50:00,1.1823431,1.2369342,0.44002795,0.36797202,1.2707493,1.238026,0.39359236,0.2691946,-0.39519018,-0.41127402,-0.31956613,-0.379384,-0.5751597,-0.59076,-0.29901043,-0.34429252,1.287687,1.2307262,0.37516612,0.26567546
ROC,2026-02-14T12:54:00,1.1721617,1.2304087,0.46098125,0.38436225,1.2636788,1.2323037,0.39359236,0.26888442,-0.18800654,-0.40721053,-0.31422088,-0.37422627,-0.5751597,-0.5956101,-0.29901043,-0.33992234,1.287687,1.2306029,0.37516612,0.27749744
ROC,2026-02-14T12:55:00,1.1799318,1.21253,0.43950897,0.39451241,1.2636788,1.2350163,0.39359236,0.25742283,-0.18800654,-0.31879288,-0.31101373,-0.37164012,-0.5751597,-0.5994254,-0.29901043,-0.33701068,1.2811896,1.2351072,0.37516612,0.29846922
ROC,2026-02-14T13:00:00,1.1877017,1.2059858,0.41803673,0.38789302,1.2636788,1.2390126,0.1077529,0.25665858,-0.60237384,-0.27226985,-0.30780658,-0.36806077,-0.5751597,-0.60565466,-0.29901043,-0.33472484,1.274692,1.2345986,0.48698765,0.30015975
ROC,2026-02-14T13:05:00,1.1954718,1.2193682,0.39656445,0.42283526,1.2636788,1.225745,0.1077529,0.11814086,-0.60237384,-0.3858627,-0.3045994,-0.36151642,-0.5751597,-0.58840865,-0.29901043,-0.3287224,1.2681947,1.2362031,0.37516612,0.30989754
ROC,2026-02-14T13:10:00,1.2032418,1.230896,0.37509218,0.41870004,1.2636788,1.2183299,0.1077529,0.074081756,-0.60237384,-0.45299444,-0.30139226,-0.35705408,-0.5751597,-0.58501935,-0.29901043,-0.32608292,1.2616972,1.2299128,0.48698765,0.2779669
ROC,2026-02-14T13:15:00,1.2110119,1.2338423,0.35361993,0.39595154,1.2636788,1.214977,0.1077529,0.06282425,-0.8095575,-0.4770917,-0.2981851,-0.35148406,-0.5751597,-0.5875364,-0.25071332,-0.3210894,1.2551997,1.2205387,0.37516612,0.3079958
ROC,2026-02-14T13:20:00,1.218782,1.2477047,0.33214766,0.38098496,1.2636788,1.2032446,0.1077529,0.07690872,-0.39519018,-0.5732786,-0.29497796,-0.34165752,-0.5751597,-0.58652264,-0.25071332,-0.31393322,1.2487023,1.207717,0.37516612,0.27063307
ROC,2026-02-14T13:25:00,1.2265519,1.2392788,0.3106754,0.3387843,1.2636788,1.2167593,0.1077529,0.06429021,-0.39519018,-0.46996048,-0.29177082,-0.34046173,-0.5751597,-0.5932969,-0.25071332,-0.31159338,1.2422048,1.2037243,0.26334456,0.28351828
ROC,2026-02-14T13:30:00,1.234322,1.2366552,0.28920314,0.31033716,1.2636788,1.2233953,0.1077529,0.06491893,-0.39519018,-0.41601655,-0.28856367,-0.33944675,-0.5751597,-0.5981211,-0.25071332,-0.3106962,1.2357073,1.1992713,0.26334456,0.2535603
ROC,2026-02-14T13:35:00,1.242092,1.2320327,0.26773086,0.28834277,1.2636788,1.2269543,0.1077529,0.07149726,-0.39519018,-0.3715441,-0.2853565,-0.336693,-0.5751597,-0.598239,-0.25071332,-0.3087612,1.2292099,1.1954476,0.37516612,0.23736525
ROC,2026-02-14T13:40:00,1.2498621,1.2279792,0.24625862,0.26604497,1.2636788,1.2300686,0.1077529,0.07359919,-0.18800654,-0.34250274,-0.28214934,-0.3323755,-0.5751597,-0.59811765,-0.25071332,-0.30471513,1.2227124,1.1904308,0.37516612,0.2620083
ROC,2026-02-14T13:45:00,1.2576321,1.2223079,0.22478634,0.22863477,1.2636788,1.244043,0.1077529,0.064228386,-0.39519018,-0.25863746,-0.2789422,-0.33237535,-0.5751597,-0.60654604,-0.25071332,-0.30470964,1.216215,1.1880121,0.37516612,0.29496828
ROC,2026-02-14T13:50:00,1.2654021,1.230611,0.20331408,0.21275166,1.2636788,1.2430047,0.1077529,0.07361473,-0.60237384,-0.30064195,-0.27573505,-0.33054912,-0.5751597,-0.6065654,-0.25071332,-0.30426562,1.2097175,1.1822349,0.37516612,0.28537208
ROC,2026-02-14T13:54:00,1.2731721,1.2451178,0.18184182,0.20153128,1.2636788,1.2326117,0.1077529,0.08866872,-0.60237384,-0.40287435,-0.2725279,-0.324931,-0.5751597,-0.6073285,-0.2024162,-0.30120826,1.20322,1.1718328,0.37516612,0.27811944
ROC,2026-02-14T13:55:00,1.2687781,1.2572887,0.16173184,0.18170856,1.2707493,1.2281277,0.1077529,0.09242827,-0.39519018,-0.4694995,-0.26504454,-0.31426403,-0.5751597,-0.60770845,-0.2024162,-0.29081753,1.20322,1.1621122,0.37516612,0.2670264
ROC,2026-02-14T14:00:00,1.264384,1.2512497,0.14162187,0.15102302,1.2778199,1.2353375,0.1077529,0.08105292,-0.18800654,-0.40688235,-0.25756118,-0.30781013,-0.5751597,-0.6075411,-0.2024162,-0.28415644,1.20322,1.1585636,0.37516612,0.27837723
ROC,2026-02-14T14:05:00,1.2599899,1.2396834,0.1215119,0.119399175,1.2848904,1.2503862,0.1077529,0.06508497,-0.60237384,-0.29397333,-0.2500778,-0.3066754,-0.5751597,-0.6068669,-0.2024162,-0.28105497,1.20322,1.1593992,0.26334456,0.28669396
ROC,2026-02-14T14:10:00,1.2555958,1.2542114,0.10140192,0.11876701,1.2919608,1.2404836,0.1077529,0.086614124,-0.18800654,-0.39530358,-0.24259447,-0.30118614,-0.5751597,-0.6006473,-0.2024162,-0.27855206,1.20322,1.1529969,0.26334456,0.22416364
ROC,2026-02-14T14:15:00,1.2512017,1.2438871,0.081291944,0.08572295,1.2990314,1.2560235,0.1077529,0.073385656,-0.18800654,-0.28434867,-0.23511112,-0.29971585,-0.5751597,-0.6033116,-0.2024162,-0.27522478,1.20322,1.1536906,0.26334456,0.23100771
ROC,2026-02-14T14:20:00,1.2468076,1.2354032,0.06118197,0.062117882,1.3061019,1.2633117,0.39359236,0.06593606,0.019177105,-0.21300566,-0.22762775,-0.29591304,-0.5751597,-0.6066655,-0.2024162,-0.27214047,1.20322,1.1517342,0.37516612,0.23727758
ROC,2026-02-14T14:25:00,1.2424135,1.2196043,0.041071996,0.003524484,1.3131725,1.2777369,0.39359236,0.21714014,-0.39519018,-0.102634035,-0.2201444,-0.29255703,-0.5751597,-0.6229715,-0.2024162,-0.26925322,1.20322,1.1425046,0.26334456,0.27454686
ROC,2026-02-14T14:30:00,1.2380195,1.2358043,0.02096202,-0.0018663742,1.320243,1.2693522,0.39359236,0.2975039,-0.60237384,-0.22416875,-0.21266104,-0.2885485,-0.5751597,-0.62467855,-0.15411907,-0.26807293,1.20322,1.1350014,0.37516612,0.23517285
ROC,2026-02-14T14:35:00,1.2336253,1.2522544,0.00085204584,-0.0052935164,1.3273134,1.2576118,0.39359236,0.32678965,-0.39519018,-0.36016622,-0.2051777,-0.27182168,-0.5751597,-0.62216115,-0.15411907,-0.2531144,1.20322,1.1259998,0.26334456,0.24023825
ROC,2026-02-14T14:40:00,1.2292312,1.2540563,-0.01925793,-0.025757726,1.334384,1.2608441,0.39359236,0.32446456,-0.18800654,-0.34770277,-0.19769433,-0.26246318,-0.5751597,-0.61859304,-0.15411907,-0.24417123,1.20322,1.1230637,0.26334456,0.22535424
ROC,2026-02-14T14:45:00,1.2248372,1.2438987,-0.039367903,-0.052635416,1.3414545,1.2732931,0.39359236,0.3097202,0.019177105,-0.24966714,-0.19021098,-0.25772285,-0.5751597,-0.61559224,-0.15411907,-0.23824738,1.20322,1.1241503,0.37516612,0.22899288
ROC,2026-02-14T14:50:00,1.2204431,1.2309413,-0.05947788,-0.083786435,1.348525,1.2926878,0.1077529,0.28975302,0.019177105,-0.13044256,-0.18272762,-0.25736687,-0.5751597,-0.61607575,-0.15411907,-0.23353298,1.20322,1.1265566,0.37516612,0.2661742
ROC,2026-02-14T14:54:00,1.216049,1.2216214,-0.079587854,-0.07481983,1.3555956,1.3040483,0.39359236,0.11846138,0.019177105,-0.039681867,-0.17524427,-0.25531772,-0.5751597,-0.600745,-0.105821945,-0.22780366,1.20322,1.1376191,0.37516612,0.2949891
ROC,2026-02-14T14:55:00,1.2449589,1.2121061,-0.07818232,-0.11187774,1.370915,1.3073697,0.39359236,0.2301993,0.019177105,0.003858965,-0.1722662,-0.24166237,-0.5751597,-0.60945326,-0.105821945,-0.2160842,1.2172979,1.1279621,0.37516612,0.29469293
ROC,2026-02-14T15:00:00,1.2738688,1.2115067,-0.07677678,-0.11791199,1.3862345,1.3149003,0.39359236,0.27674952,0.019177105,0.025030393,-0.16928813,-0.23483628,-0.5751597,-0.6063234,-0.105821945,-0.20801301,1.2313757,1.1317002,0.37516612,0.29992968
ROC,2026-02-14T15:05:00,1.3027787,1.223903,-0.07537124,-0.11950629,1.401554,1.3291188,0.39359236,0.29003292,-0.18800654,0.010507755,-0.16631006,-0.23621084,-0.5751597,-0.6028972,-0.105821945,-0.20743622,1.2454535,1.1420476,0.37516612,0.29197288
ROC,2026-02-14T15:10:00,1.3316885,1.2467477,-0.07396571,-0.112127624,1.4168735,1.3329129,0.39359236,0.3042175,0.019177105,-0.0903535,-0.16333199,-0.22906853,-0.5751597,-0.6027319,-0.105821945,-0.20024864,1.2595314,1.1490097,0.37516612,0.28579563
ROC,2026-02-14T15:15:00,1.3605984,1.2560887,-0.072560176,-0.11965729,1.4321929,1.3492066,0.39359236,0.29185095,-0.39519018,-0.055946194,-0.16035391,-0.22558588,-0.5751597,-0.59900093,-0.105821945,-0.19613814,1.2736092,1.1607555,0.48698765,0.28600717
ROC,2026-02-14T15:19:00,1.3895084,1.2790899,-0.07115464,-0.102117784,1.4475124,1.3437755,0.39359236,0.30904913,-0.39519018,-0.18487251,-0.15737584,-0.21678668,-0.5751597,-0.59136546,-0.105821945,-0.18995151,1.287687,1.1659281,0.48698765,0.29427588
ROC,2026-02-14T15:20:00,1.3895084,1.2957152,-0.10225212,-0.09664969,1.4590019,1.3455331,0.39359236,0.30756032,-0.18800654,-0.2484839,-0.15439777,-0.21170262,-0.5751597,-0.5877173,-0.105821945,-0.18685439,1.287687,1.1723663,0.37516612,0.30777502
ROC,2026-02-14T15:25:00,1.3895084,1.3004524,-0.1333496,-0.12351508,1.4704915,1.3579013,0.39359236,0.2953375,-0.18800654,-0.19793484,-0.15141971,-0.20887665,-0.5751597,-0.58926064,-0.105821945,-0.18631439,1.287687,1.1754785,0.37516612,0.29645944
ROC,2026-02-14T15:30:00,1.3895084,1.3029922,-0.16444708,-0.14488277,1.4819812,1.3666366,0.39359236,0.2972055,-0.60237384,-0.17513677,-0.14844164,-0.20210709,-0.5751597,-0.5881483,-0.105821945,-0.1778469,1.287687,1.1748706,0.48698765,0.28523618
ROC,2026-02-14T15:35:00,1.3895084,1.3206043,-0.19554457,-0.15156266,1.4934707,1.3592548,0.39359236,0.32692793,-0.39519018,-0.30447394,-0.14546357,-0.19389707,-0.5751597,-0.5832998,-0.105821945,-0.16989762,1.287687,1.1686363,0.48698765,0.29225832
ROC,2026-02-14T15:40:00,1.3895084,1.3291401,-0.22664204,-0.18319207,1.5049603,1.3714825,0.39359236,0.32475203,-0.18800654,-0.29897475,-0.1424855,-0.19396733,-0.5751597,-0.58266896,-0.105821945,-0.16828838,1.287687,1.168105,0.5988092,0.30959043
ROC,2026-02-14T15:45:00,1.3895084,1.3291614,-0.2577395,-0.22660267,1.5164499,1.392176,0.39359236,0.3082273,-0.60237384,-0.22394058,-0.13950743,-0.19369914,-0.5751597,-0.587914,-0.105821945,-0.1639751,1.287687,1.1687503,0.7106307,0.36809444
ROC,2026-02-14T15:50:00,1.3895084,1.3432132,-0.28883702,-0.24067101,1.5279396,1.3878292,0.39359236,0.32826498,-0.60237384,-0.31988326,-0.13652936,-0.18802904,-0.5751597,-0.5839011,-0.105821945,-0.15909436,1.287687,1.1627746,0.5988092,0.4049506
ROC,2026-02-14T15:54:00,1.3895084,1.3624251,-0.3199345,-0.26735127,1.5394291,1.3906343,0.39359236,0.34027898,0.019177105,-0.39460227,-0.13355128,-0.18692152,-0.5751597,-0.58553076,-0.105821945,-0.15795216,1.287687,1.1576455,0.5988092,0.40219513
ROC,2026-02-14T15:55:00,1.3952804,1.3512415,-0.3199345,-0.32601795,1.5394291,1.4223341,0.39359236,0.31321833,0.019177105,-0.20378703,-0.13156591,-0.18974103,-0.5751597,-0.5914575,-0.05752482,-0.15571463,1.287687,1.161034,0.5988092,0.4418608
ROC,2026-02-14T16:00:00,1.4010525,1.341104,-0.3199345,-0.3499603,1.5394291,1.4365127,0.39359236,0.2995542,0.22636075,-0.0907955,-0.12958053,-0.1836313,-0.5751597,-0.5915411,-0.05752482,-0.14849125,1.287687,1.1632358,0.7106307,0.4485247
ROC,2026-02-14T16:05:00,1.4068245,1.3247939,-0.3199345,-0.36731517,1.5394291,1.4548589,0.39359236,0.2800915,0.22636075,0.051290162,-0.12759514,-0.17886104,-0.5751597,-0.5911475,-0.05752482,-0.14009717,1.287687,1.1692443,0.48698765,0.48909217
ROC,2026-02-14T16:10:00,1.4125965,1.324006,-0.3199345,-0.3711849,1.5394291,1.4665703,0.39359236,0.2793535,0.22636075,0.0953674,-0.12560977,-0.17932282,-0.5751597,-0.59479356,-0.05752482,-0.13945884,1.287687,1.1760371,0.48698765,0.45029393
ROC,2026-02-14T16:15:00,1.4183685,1.3238212,-0.3199345,-0.36990085,1.5394291,1.4740189,0.39359236,0.28131577,0.019177105,0.1291936,-0.123624384,-0.17699072,-0.5751597,-0.5947143,-0.009227697,-0.13735221,1.287687,1.1819482,0.48698765,0.42680538
ROC,2026-02-14T16:20:00,1.4241406,1.330393,-0.3199345,-0.35629216,1.5394291,1.4691901,0.39359236,0.29581645,0.019177105,0.07629784,-0.121639006,-0.16556779,-0.5751597,-0.5944148,-0.009227697,-0.1280341,1.287687,1.1836855,0.7106307,0.41332138
ROC,2026-02-14T16:23:00,1.4299126,1.3319879,-0.3199345,-0.35692585,1.5394291,1.4678171,0.39359236,0.29878047,-0.18800654,0.04021937,-0.11965363,-0.1564116,-0.5751597,-0.5957241,-0.05752482,-0.11702667,1.287687,1.1817597,0.5988092,0.47958487
ROC,2026-02-14T16:25:00,1.4299126,1.3502448,-0.3199345,-0.3481617,1.5394291,1.4613954,0.39359236,0.3081301,0.019177105,-0.07542307,-0.11766825,-0.15963136,-0.5751597,-0.59660816,-0.05752482,-0.121619105,1.287687,1.1814039,0.5988092,0.4674044
ROC,2026-02-14T16:30:00,1.4299126,1.3483878,-0.3199345,-0.35359132,1.5394291,1.4653835,0.39359236,0.29287496,-0.18800654,-0.027077608,-0.11568286,-0.15902339,-0.5751597,-0.59484065,-0.009227697,-0.12238925,1.287687,1.1841005,0.7106307,0.4758939
ROC,2026-02-14T16:35:00,1.4299126,1.3503561,-0.3199345,-0.34493238,1.5394291,1.457517,0.39359236,0.29987782,0.22636075,-0.0739733,-0.113697484,-0.1465976,-0.5751597,-0.59025043,-0.009227697,-0.11052813,1.287687,1.1818887,0.48698765,0.49684647
ROC,2026-02-14T16:40:00,1.4299126,1.3375676,-0.3199345,-0.35787174,1.5394291,1.4685985,0.39359236,0.28104642,-0.18800654,0.059632972,-0.111712106,-0.14197502,-0.5751597,-0.59140265,-0.009227697,-0.10578452,1.287687,1.1855861,0.48698765,0.47608033
ROC,2026-02-14T16:45:00,1.4299126,1.348284,-0.3199345,-0.34035563,1.5394291,1.460868,0.6794318,0.2997513,-0.39519018,-0.03129591,-0.10972673,-0.1394901,-0.5751597,-0.58903635,-0.05752482,-0.10537142,1.287687,1.1869738,0.5988092,0.42501453
ROC,2026-02-14T16:50:00,1.4299126,1.3596783,-0.3199345,-0.3543397,1.5394291,1.4481176,0.6794318,0.4743796,-0.39519018,-0.15606037,-0.10774135,-0.1373126,-0.5751597,-0.5981026,-0.05752482,-0.107366055,1.287687,1.1748546,0.5988092,0.41083977
ROC,2026-02-14T16:54:00,1.4299126,1.3688688,-0.3199345,-0.35897398,1.5394291,1.4420109,0.96527123,0.53513134,-0.18800654,-0.23019683,-0.10575596,-0.13344915,-0.5751597,-0.59906465,-0.05752482,-0.104045555,1.287687,1.1696032,0.48698765,0.40981755
ROC,2026-02-14T16:55:00,1.4334493,1.3650519,-0.35658655,-0.3963979,1.5464996,1.4430699,0.96527123,0.68333983,-0.18800654,-0.20783308,-0.11003217,-0.12968956,-0.5751597,-0.6195936,-0.05752482,-0.102811046,1.2811896,1.15857,0.5988092,0.40886658
ROC,2026-02-14T17:00:00,1.436986,1.3665018,-0.3932386,-0.4229674,1.5535702,1.4489542,0.96527123,0.7357632,-0.18800654,-0.20025295,-0.11430837,-0.13448448,-0.5751597,-0.6241312,-0.05752482,-0.10664792,1.274692,1.153508,0.82245225,0.42607266
ROC,2026-02-14T17:05:00,1.4405227,1.3602746,-0.42989063,-0.44615766,1.5606407,1.4518397,0.96527123,0.7568025,0.019177105,-0.1699723,-0.11858457,-0.13209842,-0.5751597,-0.61947757,-0.05752482,-0.10200303,1.2681947,1.1474731,0.82245225,0.49877536
ROC,2026-02-14T17:10:00,1.4440594,1.3508445,-0.4665427,-0.4819864,1.5677112,1.4620793,0.96527123,0.7540186,-0.18800654,-0.091914736,-0.12286078,-0.1292997,-0.5751597,-0.6207591,-0.105821945,-0.09548469,1.2616972,1.141615,0.5988092,0.55764323
ROC,2026-02-14T17:15:00,1.4475961,1.3588413,-0.50319475,-0.49787122,1.5747817,1.4609357,0.96527123,0.7760486,-0.39519018,-0.11598087,-0.12713698,-0.13382488,-0.5751597,-0.6146245,-0.105821945,-0.10211888,1.2551997,1.1372311,0.7106307,0.5021283
ROC,2026-02-14T17:20:00,1.4511328,1.3752315,-0.5398468,-0.51896036,1.5818522,1.4586732,0.96527123,0.79782474,-0.60237384,-0.21473762,-0.13141319,-0.13847007,-0.5751597,-0.6108502,-0.105821945,-0.106918186,1.2487023,1.1288385,0.5988092,0.4809805
ROC,2026-02-14T17:25:00,1.4546695,1.3991985,-0.57649887,-0.536611,1.5889227,1.4509621,0.96527123,0.82784057,-0.39519018,-0.35954916,-0.1356894,-0.14384025,-0.5751597,-0.6084946,-0.105821945,-0.112242654,1.2422048,1.1178226,0.7106307,0.4360385
ROC,2026-02-14T17:30:00,1.4582062,1.405528,-0.6131509,-0.5786181,1.5959933,1.4589303,0.96527123,0.82285506,-0.18800654,-0.35689896,-0.1399656,-0.14695318,-0.5751597,-0.60923475,-0.105821945,-0.11277551,1.2357073,1.109333,0.93427384,0.459013
ROC,2026-02-14T17:35:00,1.4617429,1.3953471,-0.6498029,-0.620743,1.6030638,1.4715264,0.96527123,0.81376916,-0.18800654,-0.26931974,-0.1442418,-0.14737743,-0.5751597,-0.6064256,-0.105821945,-0.10678399,1.2292099,1.1023276,0.7106307,0.5414049
ROC,2026-02-14T17:40:00,1.4652796,1.3957658,-0.686455,-0.65504694,1.6101342,1.4793676,0.96527123,0.8137265,0.22636075,-0.23382369,-0.148518,-0.15390496,-0.5751597,-0.6064348,-0.105821945,-0.11241082,1.2227124,1.0963371,0.5988092,0.5309969
ROC,2026-02-14T17:45:00,1.4688163,1.3800809,-0.72310704,-0.7076207,1.6172048,1.4996626,0.96527123,0.7943617,0.019177105,-0.060399517,-0.1527942,-0.15908715,-0.5751597,-0.6105746,-0.105821945,-0.11546561,1.216215,1.0922371,0.82245225,0.53520226
ROC,2026-02-14T17:50:00,1.472353,1.3721992,-0.7597591,-0.73761433,1.6242753,1.5029756,0.96527123,0.79871,0.019177105,-0.019434378,-0.1570704,-0.15710573,-0.5751597,-0.61339504,-0.105821945,-0.11295568,1.2097175,1.0837083,0.82245225,0.58805466
ROC,2026-02-14T17:54:00,1.4758898,1.37551,-0.79641116,-0.7671301,1.6313459,1.5110426,0.96527123,0.80758786,0.019177105,-0.010783516,-0.16134661,-0.16445634,-0.5751597,-0.6064935,-0.105821945,-0.119031675,1.20322,1.0790594,0.7106307,0.5864327
ROC,2026-02-14T17:55:00,1.4758898,1.3833497,-0.79641116,-0.7993124,1.6313459,1.518633,0.96527123,0.81029946,-0.18800654,-0.023978136,-0.16455376,-0.17189999,-0.5751597,-0.60746247,-0.105821945,-0.12687363,1.20322,1.0737469,0.82245225,0.56433785
ROC,2026-02-14T18:00:00,1.4758898,1.3976971,-0.79641116,-0.8085398,1.6313459,1.5171556,0.96527123,0.8168386,0.22636075,-0.11837987,-0.16776091,-0.17852233,-0.5751597,-0.60611916,-0.105821945,-0.13331278,1.20322,1.069634,0.7106307,0.5644344
ROC,2026-02-14T18:05:00,1.4758898,1.388874,-0.79641116,-0.8324977,1.6313459,1.5297294,0.96527123,0.78624845,0.019177105,-0.011873107,-0.17096807,-0.18329956,-0.5751597,-0.6059757,-0.105821945,-0.13727085,1.20322,1.0700681,0.7106307,0.56868774
ROC,2026-02-14T18:10:00,1.4758898,1.3873686,-0.79641116,-0.8303766,1.6313459,1.5264578,0.96527123,0.79095954,-0.39519018,-0.016073212,-0.17417522,-0.1828257,-0.5751597,-0.6054083,-0.105821945,-0.13794945,1.20322,1.0683815,0.5988092,0.5738101
ROC,2026-02-14T18:15:00,1.4758898,1.408161,-0.79641116,-0.80974984,1.6313459,1.5101385,0.96527123,0.8209704,-0.18800654,-0.17912841,-0.17738236,-0.18389545,-0.5751597,-0.6014571,-0.105821945,-0.14297292,1.20322,1.0657226,0.48698765,0.5093867
ROC,2026-02-14T18:20:00,1.4758898,1.4102125,-0.79641116,-0.8097378,1.6313459,1.508328,0.96527123,0.815507,-0.18800654,-0.17151403,-0.18058953,-0.18405414,-0.5751597,-0.5976729,-0.105821945,-0.14611372,1.20322,1.0660375,0.7106307,0.4589432
ROC,2026-02-14T18:25:00,1.4758898,1.4040978,-0.79641116,-0.81296533,1.6313459,1.5054511,0.96527123,0.8092692,0.019177105,-0.1603347,-0.18379667,-0.1802239,-0.5751597,-0.59812963,-0.105821945,-0.14137235,1.20322,1.0621272,0.93427384,0.50831
ROC,2026-02-14T18:30:00,1.4758898,1.3896261,-0.79641116,-0.8226005,1.6313459,1.512772,0.96527123,0.78353846,-0.39519018,-0.07912045,-0.18700382,-0.1831318,-0.5751597,-0.5952517,-0.15411907,-0.14090307,1.20322,1.061918,0.5988092,0.59586316
ROC,2026-02-14T18:35:00,1.4758898,1.407615,-0.79641116,-0.80519056,1.6313459,1.5013227,0.96527123,0.80381215,-0.39519018,-0.21060902,-0.19021098,-0.19394413,-0.5751597,-0.5940419,-0.15411907,-0.15589143,1.20322,1.0619724,0.82245225,0.52594423
ROC,2026-02-14T18:40:00,1.4758898,1.41586,-0.79641116,-0.8045791,1.6313459,1.4965115,0.96527123,0.8011151,0.019177105,-0.2799905,-0.19341813,-0.19925672,-0.5751597,-0.5942153,-0.15411907,-0.16102067,1.20322,1.059052,0.93427384,0.55238205
ROC,2026-02-14T18:45:00,1.4758898,1.3978286,-0.79641116,-0.81924033,1.6313459,1.5071843,0.96527123,0.7692414,-0.39519018,-0.14662606,-0.19662528,-0.2016798,-0.5751597,-0.5910494,-0.15411907,-0.16110969,1.20322,1.0607231,0.93427384,0.6167898
ROC,2026-02-14T18:50:00,1.4758898,1.4025952,-0.79641116,-0.8063812,1.6313459,1.4939929,0.96527123,0.78650814,-0.39519018,-0.23405361,-0.19983244,-0.20146836,-0.5751597,-0.590941,-0.15411907,-0.16201836,1.20322,1.0562797,0.93427384,0.6330143
ROC,2026-02-14T18:54:00,1.4758898,1.4138517,-0.79641116,-0.80528754,1.6313459,1.4906582,0.96527123,0.79035664,0.019177105,-0.30797902,-0.20303959,-0.20768687,-0.5751597,-0.5880766,-0.15411907,-0.16723387,1.20322,1.0542065,0.93427384,0.62141615
ROC,2026-02-14T18:55:00,1.4904653,1.4030868,-0.79641116,-0.82122767,1.6313459,1.5049698,0.96527123,0.7674577,0.22636075,-0.18920708,-0.20410864,-0.21260947,-0.5751597,-0.5818795,-0.15411907,-0.16914546,1.20322,1.0578362,0.82245225,0.6264673
ROC,2026-02-14T19:00:00,1.5050408,1.3878561,-0.79641116,-0.83449334,1.6313459,1.5175436,0.96527123,0.7469469,-0.39519018,-0.05325923,-0.2051777,-0.21493495,-0.5751597,-0.5865862,-0.15411907,-0.17023197,1.20322,1.0610868,0.7106307,0.6333033
ROC,2026-02-14T19:05:00,1.5196162,1.4022714,-0.79641116,-0.8110433,1.6313459,1.4988534,0.96527123,0.7892564,-0.60237384,-0.19573992,-0.20624675,-0.2112619,-0.5751597,-0.59120095,-0.15411907,-0.171996,1.20322,1.0582366,0.82245225,0.5943167
ROC,2026-02-14T19:10:00,1.5341918,1.428165,-0.79641116,-0.7997007,1.6313459,1.4879599,0.96527123,0.81339073,-0.18800654,-0.36476922,-0.20731579,-0.21728551,-0.5751597,-0.5867606,-0.15411907,-0.17958236,1.20322,1.0559866,1.0460954,0.55392575
ROC,2026-02-14T19:15:00,1.5487673,1.4215853,-0.79641116,-0.81735915,1.6313459,1.4964979,0.96527123,0.7859176,-0.60237384,-0.30180115,-0.20838484,-0.21855223,-0.5751597,-0.588352,-0.15411907,-0.17733262,1.20322,1.0551044,0.5988092,0.6397494
ROC,2026-02-14T19:20:00,1.5633428,1.4389611,-0.79641116,-0.8042005,1.6313459,1.4816663,0.96527123,0.8133817,-0.18800654,-0.40878248,-0.2094539,-0.21747217,-0.5751597,-0.5873923,-0.15411907,-0.18263717,1.20322,1.0525161,0.7106307,0.55582476
ROC,2026-02-14T19:25:00,1.5779184,1.4375763,-0.79641116,-0.82233423,1.6313459,1.4937783,0.96527123,0.79398715,0.22636075,-0.34013203,-0.21052295,-0.22260667,-0.5751597,-0.5905695,-0.15411907,-0.18558119,1.20322,1.0541766,0.5988092,0.55786806
ROC,2026-02-14T19:30:00,1.5924939,1.4246764,-0.79641116,-0.84674686,1.6313459,1.5180305,0.96527123,0.7565202,-0.18800654,-0.16658345,-0.21159199,-0.23170751,-0.5751597,-0.595284,-0.15411907,-0.19224541,1.20322,1.0614606,0.7106307,0.5460932
ROC,2026-02-14T19:35:00,1.6070694,1.4273331,-0.79641116,-0.83567375,1.6313459,1.515222,0.96527123,0.7717513,-0.39519018,-0.1889328,-0.21266104,-0.23098737,-0.5751597,-0.5941365,-0.15411907,-0.1937481,1.20322,1.0643384,0.5988092,0.54316723
ROC,2026-02-14T19:40:00,1.621645,1.4396731,-0.79641116,-0.8191299,1.6313459,1.5063337,0.96527123,0.79619837,-0.60237384,-0.27093273,-0.2137301,-0.2296642,-0.5751597,-0.59211063,-0.15411907,-0.19645806,1.20322,1.066166,0.5988092,0.50031054
ROC,2026-02-14T19:45:00,1.6362205,1.4641147,-0.79641116,-0.80999494,1.6313459,1.4958187,0.96527123,0.8191805,-0.60237384,-0.41831768,-0.21479915,-0.23024651,-0.5751597,-0.5922452,-0.15411907,-0.19819322,1.20322,1.0631869,0.7106307,0.4548587
ROC,2026-02-14T19:50:00,1.6507959,1.4829334,-0.79641116,-0.81304646,1.6313459,1.4934717,0.96527123,0.8166357,-1.0167412,-0.5091243,-0.2158682,-0.23480555,-0.5751597,-0.59203184,-0.15411907,-0.20202076,1.20322,1.0608828,0.93427384,0.45694065
ROC,2026-02-14T19:54:00,1.6653714,1.497513,-0.79641116,-0.8026238,1.6313459,1.4710308,0.96527123,0.8296558,-0.8095575,-0.66102546,-0.21693724,-0.22636299,-0.5751597,-0.5929114,-0.15411907,-0.1968089,1.20322,1.050983,1.0460954,0.5268528
ROC,2026-02-14T19:55:00,1.6637102,1.5080972,-0.7956327,-0.8109502,1.6384164,1.4697771,0.96527123,0.8185311,-0.8095575,-0.7059178,-0.21479915,-0.22875217,-0.5751597,-0.5875031,-0.15411907,-0.19673945,1.2097175,1.0478224,1.1579169,0.5672755
ROC,2026-02-14T20:00:00,1.662049,1.5075841,-0.7948543,-0.8139248,1.645487,1.4680955,0.96527123,0.8019929,-0.8095575,-0.7120361,-0.21266104,-0.22889769,-0.5751597,-0.5848298,-0.15411907,-0.1964269,1.216215,1.0463122,1.0460954,0.633922
ROC,2026-02-14T20:05:00,1.6603879,1.5068358,-0.7940758,-0.8109298,1.6525574,1.4669868,0.96527123,0.7949865,-0.60237384,-0.70593655,-0.21052295,-0.23024115,-0.5751597,-0.5798495,-0.15411907,-0.19975235,1.2227124,1.0479829,1.0460954,0.63613653
ROC,2026-02-14T20:10:00,1.6587267,1.5034336,-0.79329735,-0.8182408,1.6596279,1.4750077,0.96527123,0.7849676,-0.8095575,-0.65314215,-0.20838484,-0.23279986,-0.5751597,-0.5794631,-0.15411907,-0.19976757,1.2292099,1.0508151,0.82245225,0.6546816
ROC,2026-02-14T20:15:00,1.6570656,1.5193093,-0.7925189,-0.813359,1.6666985,1.4740382,0.96527123,0.79773617,-1.0167412,-0.71109116,-0.20624675,-0.23707232,-0.5751597,-0.5772872,-0.15411907,-0.20525482,1.2357073,1.0530384,1.0460954,0.5773087
ROC,2026-02-14T20:20:00,1.6554044,1.5370643,-0.7917405,-0.8084094,1.673769,1.4696263,0.96527123,0.7990166,-0.8095575,-0.81210095,-0.20410864,-0.2399216,-0.5751597,-0.5775512,-0.15411907,-0.20817392,1.2422048,1.0520351,0.7106307,0.5740892
ROC,2026-02-14T20:25:00,1.6537433,1.5493798,-0.790962,-0.8146951,1.6808395,1.4744607,0.96527123,0.79054946,-1.0167412,-0.8213624,-0.20197053,-0.24264759,-0.5751597,-0.58254164,-0.15411907,-0.21203788,1.2487023,1.0543205,0.5988092,0.5142349
ROC,2026-02-14T20:30:00,1.6520821,1.5675023,-0.79018354,-0.8139334,1.6879101,1.4655985,0.96527123,0.8009459,-0.8095575,-0.90225846,-0.19983244,-0.238104,-0.5751597,-0.59066504,-0.15411907,-0.20953992,1.2551997,1.0491675,0.48698765,0.46060798
ROC,2026-02-14T20:35:00,1.6504209,1.5738771,-0.7894051,-0.82348204,1.6949805,1.4733043,0.96527123,0.79163504,-0.8095575,-0.87786365,-0.19769433,-0.24078792,-0.5751597,-0.5957592,-0.15411907,-0.2129531,1.2616972,1.0518765,0.7106307,0.41467834
ROC,2026-02-14T20:40:00,1.6487597,1.568035,-0.7886267,-0.8296931,1.702051,1.4782205,0.96527123,0.7869376,-0.60237384,-0.8374642,-0.19555624,-0.23680715,-0.5751597,-0.5997797,-0.15411907,-0.20771828,1.2681947,1.0533916,0.5988092,0.46378815
ROC,2026-02-14T20:45:00,1.6470985,1.5602417,-0.7878482,-0.8369268,1.7091216,1.4913017,0.96527123,0.7820598,-0.8095575,-0.7525824,-0.19341813,-0.23773235,-0.5751597,-0.5985219,-0.15411907,-0.2067753,1.274692,1.0600631,0.37516612,0.46123
ROC,2026-02-14T20:50:00,1.6454374,1.5680665,-0.78706974,-0.8278745,1.7161921,1.4912999,0.96527123,0.79150766,-0.60237384,-0.7719965,-0.19128004,-0.23856373,-0.5751597,-0.60014015,-0.15411907,-0.21079719,1.2811896,1.0640712,0.48698765,0.39243117
ROC,2026-02-14T20:54:00,1.6437762,1.5682548,-0.7862913,-0.8318657,1.7232627,1.5060085,0.96527123,0.7806488,-0.39519018,-0.72227705,-0.18914193,-0.24381071,-0.5751597,-0.5996792,-0.15411907,-0.2141487,1.287687,1.0727476,0.26334456,0.37254265
ROC,2026-02-14T20:55:00,1.6390605,1.5654503,-0.7101329,-0.838285,1.7091216,1.5215262,0.96527123,0.7681136,-0.39519018,-0.6434528,-0.19021098,-0.24689695,-0.5751597,-0.6048201,-0.15411907,-0.21605445,1.300682,1.0804263,0.26334456,0.33051333
ROC,2026-02-14T21:00:00,1.6343449,1.5612612,-0.63397443,-0.8085964,1.6949805,1.5297561,0.96527123,0.75422657,-0.18800654,-0.5918742,-0.19128004,-0.24914458,-0.5751597,-0.60249627,-0.15411907,-0.2179465,1.3136768,1.0961106,0.48698765,0.28395015
ROC,2026-02-14T21:05:00,1.6296293,1.544206,-0.557816,-0.7671191,1.6808395,1.5391356,0.96527123,0.7214055,-0.39519018,-0.50045687,-0.19234908,-0.25043246,-0.5751597,-0.60308975,-0.105821945,-0.215209,1.3266717,1.1149825,0.37516612,0.3246107
ROC,2026-02-14T21:10:00,1.6249137,1.5394014,-0.48165762,-0.69631416,1.6666985,1.529797,0.96527123,0.716006,-1.2239248,-0.51884806,-0.19341813,-0.2427599,-0.5751597,-0.60045934,-0.105821945,-0.2088081,1.3396666,1.1323205,-2.4203725,0.2975732
ROC,2026-02-14T21:15:00,1.6201981,1.6221054,-0.4054992,-0.5689879,1.6525574,1.4497508,0.96527123,0.7977272,-0.8095575,-0.94397295,-0.19448718,-0.24047568,-0.5751597,-0.5942434,-0.105821945,-0.23327552,1.3526615,1.1181922,1.38156,-0.54537773
ROC,2026-02-14T21:20:00,1.6154824,1.5649958,-0.32934076,-0.5471274,1.6384164,1.4767108,0.96527123,0.73677856,-0.60237384,-0.77395666,-0.19555624,-0.2240464,-0.5751597,-0.60744494,-0.15411907,-0.20124038,1.3656565,1.1471318,1.4933815,0.09698555
ROC,2026-02-14T21:25:00,1.6107669,1.5247031,-0.25318235,-0.49260882,1.6242753,1.4819334,0.96527123,0.6917846,-1.8454757,-0.680001,-0.19662528,-0.22125322,-0.5751597,-0.5990071,-0.105821945,-0.1872527,1.3786514,1.168227,-2.532194,0.45617783
ROC,2026-02-14T21:30:00,1.6060512,1.6328017,-0.17702393,-0.3512304,1.6101342,1.379081,0.96527123,0.7930667,-0.8095575,-1.2454362,-0.19769433,-0.22184049,-0.5751597,-0.58015394,-0.105821945,-0.2216682,1.3916463,1.1447874,1.4933815,-0.5641949
ROC,2026-02-14T21:35:00,1.6013356,1.5649034,-0.100865506,-0.34000185,1.5959933,1.4283248,0.96527123,0.71202207,-1.0167412,-0.96403795,-0.19876339,-0.21545178,-0.5751597,-0.5945463,-0.105821945,-0.1969637,1.4046412,1.1850097,-2.4203725,0.099290445
ROC,2026-02-14T21:40:00,1.5966201,1.6115475,-0.024707085,-0.24841209,1.5818522,1.3824798,0.96527123,0.75976694,-0.8095575,-1.1261681,-0.19983244,-0.22150171,-0.5751597,-0.57695407,-0.15411907,-0.22096443,1.4176362,1.1815202,-2.3085508,-0.69368804
ROC,2026-02-14T21:45:00,1.5919044,1.6103827,0.051451337,-0.19524075,1.5677112,1.3712295,0.96527123,0.7703373,-0.60237384,-1.0788006,-0.2009015,-0.22592601,-0.5751597,-0.57583237,-0.15411907,-0.23095559,1.430631,1.1892214,-2.4203725,-1.0352273
ROC,2026-02-14T21:50:00,1.5871888,1.5947759,0.12760976,-0.14250153,1.5535702,1.3712002,0.96527123,0.7694447,-0.8095575,-0.9751041,-0.20197053,-0.2270422,-0.5751597,-0.57431877,-0.15411907,-0.23138788,1.4436259,1.2022105,-2.4203725,-1.2474861
ROC,2026-02-14T21:54:00,1.5824732,1.6117396,0.20376818,-0.0537638,1.5394291,1.3607665,0.96527123,0.7790307,-0.8095575,-1.0434593,-0.20303959,-0.2429304,-0.5751597,-0.53162813,-0.15411907,-0.23915768,1.4566208,1.2109163,-2.3085508,-1.6496267
ROC,2026-02-14T21:55:00,1.5815086,1.5797235,0.22459173,-0.0022489838,1.5323585,1.3479211,0.96527123,0.77944314,-0.8095575,-0.9633073,-0.20197053,-0.21909197,-0.5751597,-0.5727826,-0.15411907,-0.21695705,1.4566208,1.2196333,-2.3085508,-1.4752835
ROC,2026-02-14T22:00:00,1.5805441,1.556112,0.24541529,0.035638176,1.5252881,1.3367735,0.96527123,0.7901926,-0.8095575,-0.90301776,-0.2009015,-0.20943247,-0.5751597,-0.5975317,-0.105821945,-0.21070458,1.4566208,1.2245567,-2.3085508,-1.3627394
ROC,2026-02-14T22:05:00,1.5795796,1.5780357,0.26623884,0.11461273,1.5182176,1.3331374,0.96527123,0.8049367,-1.0167412,-0.9959767,-0.19983244,-0.22399883,-0.5751597,-0.54541045,-0.105821945,-0.21007286,1.4566208,1.2347769,-2.3085508,-1.6981835
ROC,2026-02-14T22:10:00,1.578615,1.560971,0.2870624,0.13345197,1.511147,1.318896,0.96527123,0.81970537,-1.0167412,-0.97746587,-0.19876339,-0.20062405,-0.5751597,-0.5865506,-0.105821945,-0.19506173,1.4566208,1.2342328,-2.0849078,-1.5293409
ROC,2026-02-14T22:15:00,1.5776504,1.5735362,0.30788594,0.1864536,1.5040765,1.3220658,0.96527123,0.8355459,-1.0167412,-1.0276039,-0.19769433,-0.21211788,-0.5751597,-0.54752827,-0.105821945,-0.20130126,1.4566208,1.2525301,-2.0849078,-1.6975545
ROC,2026-02-14T22:20:00,1.5766859,1.576908,0.3287095,0.21986946,1.4970059,1.3212535,0.96527123,0.84724206,-0.8095575,-1.0380763,-0.19662528,-0.2158895,-0.5751597,-0.53299326,-0.105821945,-0.20767821,1.4566208,1.2650161,-2.4203725,-1.7505817
ROC,2026-02-14T22:25:00,1.5757213,1.5735533,0.34953305,0.24457127,1.4899354,1.3232503,0.96527123,0.8499649,-1.0167412,-0.9996612,-0.19555624,-0.22300792,-0.5751597,-0.5187383,-0.15411907,-0.2182886,1.4566208,1.2762598,-2.0849078,-1.8765755
ROC,2026-02-14T22:30:00,1.5747567,1.5775347,0.37035662,0.27422678,1.482865,1.326762,0.96527123,0.8553903,-1.0167412,-1.0274895,-0.19448718,-0.24052243,-0.5751597,-0.4972603,-0.15411907,-0.23868756,1.4566208,1.2888474,-1.9730862,-1.9012421
ROC,2026-02-14T22:35:00,1.5737922,1.576088,0.3911802,0.29167935,1.4757944,1.3216091,0.96527123,0.85668266,-1.2239248,-1.0260898,-0.19341813,-0.23269197,-0.5751597,-0.5177695,-0.15411907,-0.22897558,1.4566208,1.2914823,-2.0849078,-1.7977767
ROC,2026-02-14T22:40:00,1.5728277,1.581656,0.41200373,0.31720963,1.4687239,1.2991544,0.96527123,0.867938,-1.8454757,-1.0976665,-0.19234908,-0.22698052,-0.5751597,-0.5288848,-0.15411907,-0.22585261,1.4566208,1.2833056,-2.532194,-1.7962705
ROC,2026-02-14T22:45:00,1.571863,1.6132106,0.4328273,0.3628714,1.4616534,1.2454202,0.96527123,0.90052956,-1.2239248,-1.3661603,-0.19128004,-0.22956623,-0.5751597,-0.50304675,-0.15411907,-0.23852696,1.4566208,1.2572913,-2.0849078,-2.064152
ROC,2026-02-14T22:50:00,1.5708985,1.6082708,0.45365083,0.3590372,1.4545828,1.256335,0.96527123,0.8845215,-0.8095575,-1.2939404,-0.19021098,-0.22328106,-0.5751597,-0.5265359,-0.15411907,-0.22690018,1.4566208,1.2636871,-2.1967294,-1.9164369
ROC,2026-02-14T22:54:00,1.569934,1.5916351,0.4744744,0.36489907,1.4475124,1.2861735,0.96527123,0.86621034,-1.0167412,-1.1603492,-0.18914193,-0.2372837,-0.5751597,-0.5093333,-0.15411907,-0.23729308,1.4566208,1.2880317,-1.8612647,-1.9105929
ROC,2026-02-14T22:55:00,1.5704699,1.581214,0.49620613,0.3839694,1.4404418,1.2970356,0.96527123,0.86074674,-1.2239248,-1.1151834,-0.18379667,-0.23873548,-0.5751597,-0.5056331,-0.15411907,-0.23849024,1.4566208,1.3013697,-1.9730862,-1.8147709
ROC,2026-02-14T23:00:00,1.5710057,1.583601,0.5179379,0.41305515,1.4333713,1.2857465,0.96527123,0.8736746,-1.0167412,-1.1638924,-0.17845142,-0.24021655,-0.5751597,-0.49527225,-0.105821945,-0.24512768,1.4566208,1.3022515,-1.9730862,-1.8435075
ROC,2026-02-14T23:05:00,1.5715415,1.5768962,0.53966963,0.43278444,1.4263008,1.2879038,0.96527123,0.8690102,-0.8095575,-1.1373171,-0.17310616,-0.23707546,-0.5751597,-0.49532267,-0.105821945,-0.24039811,1.4566208,1.3087046,-2.3085508,-1.8243952
ROC,2026-02-14T23:10:00,1.5720774,1.5689845,0.56140137,0.45230907,1.4192302,1.2919494,0.96527123,0.86387324,-0.8095575,-1.0812533,-0.16776091,-0.23879305,-0.5751597,-0.49136296,-0.105821945,-0.23939344,1.4566208,1.3160285,-2.0849078,-1.9089898
ROC,2026-02-14T23:15:00,1.5726134,1.5599713,0.5831331,0.47122118,1.4121597,1.2974088,0.96527123,0.85697204,-1.0167412,-1.0288329,-0.16241565,-0.23720089,-0.5751597,-0.49124053,-0.105821945,-0.23429951,1.4566208,1.3238845,-1.9730862,-1.8741015
ROC,2026-02-14T23:20:00,1.5731492,1.5643103,0.6048649,0.5011632,1.4050893,1.2817737,0.96527123,0.8604542,-1.0167412,-1.0710851,-0.1570704,-0.22711606,-0.5751597,-0.49072894,-0.105821945,-0.22117546,1.4566208,1.3188827,-1.9730862,-1.8393205
ROC,2026-02-14T23:25:00,1.573685,1.5614774,0.6265966,0.52548176,1.3980187,1.2769356,0.96527123,0.8603116,-1.0167412,-1.0846771,-0.15172514,-0.22213443,-0.5751597,-0.49483207,-0.105821945,-0.21708784,1.4566208,1.3222042,-1.8612647,-1.8200332
ROC,2026-02-14T23:30:00,1.5742209,1.5556763,0.64832836,0.5435677,1.3909482,1.2760587,0.96527123,0.8607961,-1.0167412,-1.0808067,-0.1463799,-0.22109191,-0.5751597,-0.49536765,-0.105821945,-0.21798103,1.4566208,1.3286258,-1.7494432,-1.7750075
ROC,2026-02-14T23:35:00,1.5747567,1.54954,0.6700601,0.5624944,1.3838776,1.274657,0.96527123,0.85761786,-1.2239248,-1.0783998,-0.14103465,-0.21631949,-0.5751597,-0.50223446,-0.105821945,-0.21210922,1.4566208,1.3331125,-1.8612647,-1.7017876
ROC,2026-02-14T23:40:00,1.5752926,1.556273,0.6917919,0.59206724,1.3768071,1.2543297,0.96527123,0.8655439,-1.0167412,-1.1588099,-0.1356894,-0.21058173,-0.5751597,-0.5014024,-0.105821945,-0.20837496,1.4566208,1.3258569,-1.7494432,-1.729779
ROC,2026-02-14T23:45:00,1.5758286,1.550369,0.7135236,0.60515606,1.3697366,1.2561561,0.96527123,0.85914314,-1.0167412,-1.1336402,-0.13034414,-0.20804419,-0.5751597,-0.50401586,-0.05752482,-0.20456865,1.4566208,1.3316094,-1.8612647,-1.6797987
ROC,2026-02-14T23:50:00,1.5763644,1.5457716,0.73525536,0.624009,1.3626661,1.249902,0.96527123,0.85961956,-1.2239248,-1.1291616,-0.12499888,-0.20300756,-0.5751597,-0.49747416,-0.05752482,-0.20091711,1.4566208,1.3336058,-1.7494432,-1.7061107
ROC,2026-02-14T23:54:00,1.5769002,1.5448189,0.7569871,0.6482148,1.3555956,1.2347023,0.96527123,0.8625999,-1.2239248,-1.1804433,-0.11965363,-0.19301917,-0.5751597,-0.49845642,-0.05752482,-0.19303179,1.4566208,1.3296117,-1.9730862,-1.6920336
ROC,2026-02-14T23:55:00,1.5769002,1.5480725,0.7569871,0.6727679,1.3555956,1.2136763,0.96527123,0.86138463,-1.2239248,-1.2398102,-0.11858457,-0.18310498,-0.5751597,-0.49777284,-0.05752482,-0.18451017,1.4566208,1.3208889,-1.9730862,-1.761526
ROC,2026-02-15T00:00:00,1.5769002,1.5512761,0.7569871,0.68300086,1.3555956,1.2068012,0.96527123,0.8644939,-1.0167412,-1.2612569,-0.11751553,-0.17958039,-0.5751597,-0.49981305,-0.05752482,-0.18035196,1.4566208,1.3177001,-2.1967294,-1.785071
ROC,2026-02-15T00:05:00,1.5769002,1.5487067,0.7569871,0.6839108,1.3555956,1.2120596,0.96527123,0.86464757,-1.2239248,-1.2215981,-0.11644647,-0.18290836,-0.5751597,-0.4979228,-0.105821945,-0.18169749,1.4566208,1.3206892,-1.9730862,-1.8550628
ROC,2026-02-15T00:10:00,1.5769002,1.5505186,0.7569871,0.686239,1.3555956,1.2107649,0.96527123,0.86787957,-1.0167412,-1.2345473,-0.115377426,-0.18436444,-0.5751597,-0.50483227,-0.05752482,-0.18188885,1.4566208,1.3197562,-2.0849078,-1.8167
ROC,2026-02-15T00:15:00,1.5769002,1.5479923,0.7569871,0.6842294,1.3555956,1.2148796,0.96527123,0.8641592,-1.0167412,-1.1989714,-0.11430837,-0.18210635,-0.5751597,-0.5067686,-0.105821945,-0.17674544,1.4566208,1.3214293,-1.8612647,-1.8212477
ROC,2026-02-15T00:20:00,1.5769002,1.5421287,0.7569871,0.67911255,1.3555956,1.2267364,0.96527123,0.8614944,-1.0167412,-1.1523373,-0.11323932,-0.18514386,-0.5751597,-0.5113435,-0.105821945,-0.17814033,1.4566208,1.3289965,-1.9730862,-1.743615
ROC,2026-02-15T00:25:00,1.5769002,1.5409669,0.7569871,0.6798548,1.3555956,1.2297502,0.96527123,0.86526555,-0.8095575,-1.1380072,-0.11217027,-0.18637201,-0.5751597,-0.50797457,-0.105821945,-0.17969275,1.4566208,1.3317006,-1.9730862,-1.7568388
ROC,2026-02-15T00:30:00,1.5769002,1.5344042,0.7569871,0.67400414,1.3555956,1.2439233,0.96527123,0.86025053,-0.8095575,-1.06683,-0.11110122,-0.18794316,-0.5751597,-0.5104602,-0.105821945,-0.17719546,1.4566208,1.339747,-1.8612647,-1.7351096
ROC,2026-02-15T00:35:00,1.5769002,1.5296751,0.7569871,0.67245764,1.3555956,1.2536006,0.96527123,0.8573821,-1.0167412,-1.0180602,-0.11003217,-0.18768896,-0.5751597,-0.5106445,-0.105821945,-0.17405486,1.4566208,1.3465904,-1.8612647,-1.6894234
ROC,2026-02-15T00:40:00,1.5769002,1.5341729,0.7569871,0.6812118,1.3555956,1.2465912,0.96527123,0.86434436,-1.2239248,-1.05497,-0.10896312,-0.18360108,-0.5751597,-0.51128066,-0.105821945,-0.17052077,1.4566208,1.3438461,-1.8612647,-1.6866007
ROC,2026-02-15T00:45:00,1.5769002,1.5447356,0.7569871,0.69104743,1.3555956,1.2306783,0.96527123,0.876314,-1.2239248,-1.137901,-0.10789407,-0.18034625,-0.5751597,-0.50858545,-0.105821945,-0.17108217,1.4566208,1.3360786,-1.9730862,-1.7091466
ROC,2026-02-15T00:50:00,1.5769002,1.5546212,0.7569871,0.6958168,1.3555956,1.219951,0.96527123,0.880818,-1.2239248,-1.1954844,-0.10682502,-0.1790694,-0.5751597,-0.5111675,-0.05752482,-0.17065927,1.4566208,1.3290977,-2.1967294,-1.7477872
ROC,2026-02-15T00:54:00,1.5769002,1.5610676,0.7569871,0.69832516,1.3555956,1.2075995,0.96527123,0.88439405,-1.2239248,-1.240143,-0.10575596,-0.17198223,-0.5751597,-0.5075648,-0.05752482,-0.16596033,1.4566208,1.3211865,-1.9730862,-1.8501893
ROC,2026-02-15T00:55:00,1.5700947,1.5599018,0.7347364,0.69407254,1.3555956,1.2096078,0.96527123,0.8820274,-1.2239248,-1.2392088,-0.104686916,-0.16830465,-0.5751597,-0.51246214,-0.05752482,-0.16231333,1.4501234,1.3210987,-2.0849078,-1.8104714
ROC,2026-02-15T01:00:00,1.5632893,1.5617206,0.7124857,0.6857079,1.3555956,1.206978,0.96527123,0.8840823,-1.8454757,-1.2496907,-0.10361786,-0.16610911,-0.5751597,-0.5114807,-0.05752482,-0.16093074,1.4436259,1.3166423,-2.532194,-1.8353803
ROC,2026-02-15T01:05:00,1.5564837,1.586025,0.69023496,0.69312733,1.3555956,1.1593539,0.96527123,0.90911126,-1.8454757,-1.4544138,-0.102548815,-0.1570074,-0.5751597,-0.50630003,-0.009227697,-0.15994674,1.4371284,1.2828707,-2.532194,-2.054065
ROC,2026-02-15T01:10:00,1.5496783,1.5977114,0.66798425,0.67929804,1.3555956,1.1355484,0.96527123,0.9190256,-1.8454757,-1.5555112,-0.10147976,-0.14620319,-0.5751597,-0.50729936,-0.009227697,-0.15364681,1.430631,1.2604263,-2.532194,-2.1483195
ROC,2026-02-15T01:15:00,1.5428728,1.6071242,0.64573354,0.6593956,1.3555956,1.1224785,0.96527123,0.92249125,-1.8454757,-1.6135756,-0.100410715,-0.13919492,-0.5751597,-0.5105258,0.039069425,-0.14797626,1.4241335,1.2433373,-2.532194,-2.1868274
ROC,2026-02-15T01:20:00,1.5360674,1.6135213,0.6234828,0.6400171,1.3555956,1.1143895,0.96527123,0.92413497,-1.8454757,-1.6493926,-0.09934166,-0.12962364,-0.5751597,-0.5132891,-0.009227697,-0.13879845,1.4176362,1.2291404,-2.532194,-2.2058654
ROC,2026-02-15T01:25:00,1.5292618,1.6197733,0.6012321,0.6178341,1.3555956,1.1099432,0.96527123,0.9251827,-1.2239248,-1.6714795,-0.09827261,-0.13085061,-0.5751597,-0.51569057,-0.009227697,-0.14022055,1.4111387,1.218126,-2.0849078,-2.2119696
ROC,2026-02-15T01:30:00,1.5224564,1.5995415,0.5789814,0.57225364,1.3555956,1.153985,0.96527123,0.90904117,-1.2239248,-1.4907937,-0.09720356,-0.13958204,-0.5751597,-0.52090657,-0.009227697,-0.14323248,1.4046412,1.2387493,-2.4203725,-2.0134723
ROC,2026-02-15T01:35:00,1.5156509,1.5886067,0.5567307,0.54705596,1.3555956,1.168906,0.96527123,0.9073425,-1.0167412,-1.4102588,-0.096134506,-0.14441673,-0.5751597,-0.51986986,-0.009227697,-0.14444688,1.3981438,1.2411896,-2.3085508,-2.0338826
ROC,2026-02-15T01:40:00,1.5088454,1.571213,0.53448,0.5171188,1.3555956,1.1923695,0.96527123,0.9002783,-1.0167412,-1.2892573,-0.09506546,-0.1506218,-0.5751597,-0.5184626,-0.009227697,-0.14676452,1.3916463,1.2492595,-2.1967294,-1.9904242
ROC,2026-02-15T01:45:00,1.5020399,1.5640081,0.51222926,0.49944767,1.3555956,1.2042046,0.96527123,0.89676374,-1.0167412,-1.2193891,-0.093996406,-0.15162106,-0.5751597,-0.5150121,-0.009227697,-0.14308618,1.3851489,1.2514876,-2.3085508,-1.933231
ROC,2026-02-15T01:50:00,1.4952345,1.5589104,0.48997852,0.48586008,1.3555956,1.2076492,0.96527123,0.8980152,-1.2239248,-1.1834888,-0.09292735,-0.1485667,-0.5751597,-0.51298386,-0.009227697,-0.13704407,1.3786514,1.2488152,-2.3085508,-1.9448388
ROC,2026-02-15T01:54:00,1.488429,1.5618329,0.4677278,0.47896048,1.3555956,1.1975535,0.96527123,0.90503603,-1.0167412,-1.2204571,-0.091858305,-0.14192541,-0.5751597,-0.51401305,-0.009227697,-0.13055764,1.3721539,1.2381401,-2.1967294,-1.9690876
ROC,2026-02-15T01:55:00,1.507613,1.5537846,0.48952442,0.45719928,1.348525,1.2063214,0.96527123,0.8994555,-1.0167412,-1.1706486,-0.09506546,-0.13710995,-0.5751597,-0.51689446,-0.05752482,-0.12344592,1.3721539,1.2381785,-2.1967294,-1.919897
ROC,2026-02-15T02:00:00,1.5267969,1.5513104,0.51132107,0.4540419,1.3414545,1.2103007,0.96527123,0.89495575,-1.0167412,-1.1483783,-0.09827261,-0.14288439,-0.5751597,-0.5159053,-0.009227697,-0.12849438,1.3721539,1.2402209,-2.3085508,-1.90388
ROC,2026-02-15T02:05:00,1.5459808,1.544034,0.53311765,0.459481,1.334384,1.2131776,0.96527123,0.8914399,-1.0167412,-1.134483,-0.10147976,-0.14287609,-0.5751597,-0.5152874,-0.05752482,-0.13117005,1.3721539,1.2437626,-2.1967294,-1.9509643
ROC,2026-02-15T02:10:00,1.5651648,1.5416379,0.5549143,0.46724218,1.3273134,1.2152631,0.96527123,0.88925385,-0.8095575,-1.1228114,-0.104686916,-0.14989115,-0.5751597,-0.5112134,-0.05752482,-0.13951036,1.3721539,1.249379,-2.1967294,-1.9387275
ROC,2026-02-15T02:15:00,1.5843488,1.5300596,0.57671094,0.47226027,1.320243,1.2274175,0.96527123,0.8794496,-1.0167412,-1.0545483,-0.10789407,-0.1581728,-0.5751597,-0.50697535,-0.05752482,-0.14806457,1.3721539,1.2615688,-2.1967294,-1.9241681
ROC,2026-02-15T02:20:00,1.6035327,1.5283345,0.5985075,0.4937453,1.3131725,1.2163485,0.96527123,0.87799114,-1.0167412,-1.0887568,-0.11110122,-0.15630749,-0.5751597,-0.50503016,-0.105821945,-0.14950474,1.3721539,1.2612314,-2.0849078,-1.9455986
ROC,2026-02-15T02:25:00,1.6227167,1.5288115,0.62030417,0.51017123,1.3061019,1.2110784,0.96527123,0.8750983,-1.2239248,-1.1070405,-0.11430837,-0.16018023,-0.5751597,-0.5037244,-0.05752482,-0.15523179,1.3721539,1.264003,-1.8612647,-1.9219033
ROC,2026-02-15T02:30:00,1.6419007,1.5344409,0.64210075,0.5329847,1.2990314,1.1963317,0.96527123,0.8762315,-1.8454757,-1.1772012,-0.11751553,-0.15054986,-0.5751597,-0.508146,-0.05752482,-0.14750852,1.3721539,1.2601807,-2.532194,-1.8494296
ROC,2026-02-15T02:35:00,1.6610845,1.5668776,0.6638974,0.57608944,1.2919608,1.1331499,0.96527123,0.90221757,-1.8454757,-1.4492332,-0.120722674,-0.13788068,-0.5751597,-0.50270456,-0.05752482,-0.14482373,1.3721539,1.2256894,-2.532194,-2.108909
ROC,2026-02-15T02:40:00,1.6802685,1.5875915,0.685694,0.5943379,1.2848904,1.1001208,0.96527123,0.90811294,-1.8454757,-1.5896287,-0.12392983,-0.1355166,-0.5751597,-0.5013649,-0.05752482,-0.14793593,1.3721539,1.2065834,-2.532194,-2.2228374
ROC,2026-02-15T02:45:00,1.6994525,1.601971,0.7074906,0.60351616,1.2778199,1.0841545,0.96527123,0.9121366,-1.8454757,-1.6619297,-0.12713698,-0.13651337,-0.5751597,-0.50158477,-0.05752482,-0.15085359,1.3721539,1.1969666,-2.532194,-2.2690203
ROC,2026-02-15T02:50:00,1.7186364,1.6105098,0.7292872,0.61368155,1.2707493,1.0730741,0.96527123,0.9113168,-1.8454757,-1.7089776,-0.13034414,-0.13980946,-0.5751597,-0.5009283,-0.05752482,-0.15624633,1.3721539,1.1914294,-2.532194,-2.2945693
ROC,2026-02-15T02:54:00,1.7378204,1.6143833,0.75108385,0.62167376,1.2636788,1.066854,0.6794318,0.91320264,-1.8454757,-1.7348039,-0.13355128,-0.14543588,-0.5751597,-0.49944782,-0.05752482,-0.1639562,1.3721539,1.1895009,-2.532194,-2.307006
ROC,2026-02-15T02:55:00,1.7070618,1.6235718,0.79785573,0.6391429,1.2495377,1.0651858,0.6794318,0.8109816,-1.8454757,-1.7579437,-0.13782749,-0.15065642,-0.5751597,-0.49010345,-0.05752482,-0.16531506,1.3721539,1.1930732,-2.532194,-2.3055265
ROC,2026-02-15T03:00:00,1.6763031,1.6222651,0.8446277,0.6667936,1.2353967,1.0566065,0.96527123,0.752609,-1.8454757,-1.7751803,-0.14210369,-0.15555097,-0.5751597,-0.4860381,-0.105821945,-0.1685073,1.3721539,1.1931483,-2.532194,-2.301971
ROC,2026-02-15T03:05:00,1.6455445,1.6146834,0.89139956,0.6918456,1.2212557,1.038014,0.96527123,0.82010335,-1.8454757,-1.7943622,-0.1463799,-0.15528764,-0.5751597,-0.5000742,-0.105821945,-0.16882353,1.3721539,1.1833382,-2.532194,-2.2947412
ROC,2026-02-15T03:10:00,1.6147859,1.614157,0.9381715,0.7273393,1.2071146,1.0118835,0.96527123,0.85479707,-1.8454757,-1.8225547,-0.1506561,-0.1554734,-0.5751597,-0.50455123,-0.105821945,-0.16719085,1.3721539,1.1703682,-2.532194,-2.3001997
ROC,2026-02-15T03:15:00,1.5840272,1.6061617,0.9849434,0.7667993,1.1929736,0.989107,0.6794318,0.87148094,-1.8454757,-1.8368386,-0.1549323,-0.15546018,-0.5751597,-0.50833124,-0.105821945,-0.16579972,1.3721539,1.1617361,-2.532194,-2.2969296
ROC,2026-02-15T03:20:00,1.5532686,1.5972714,1.0317153,0.81619674,1.1788325,0.9732611,0.6794318,0.7733111,-1.8454757,-1.8420479,-0.1592085,-0.1563491,-0.5751597,-0.5002617,-0.105821945,-0.16193047,1.3721539,1.1621051,-2.532194,-2.2880056
ROC,2026-02-15T03:25:00,1.5225099,1.585114,1.0784873,0.8666693,1.1646916,0.95627874,0.6794318,0.7188137,-1.2239248,-1.8441179,-0.16348471,-0.157427,-0.5751597,-0.49742022,-0.15411907,-0.16019759,1.3721539,1.161241,-1.0785139,-2.27879
ROC,2026-02-15T03:30:00,1.4917513,1.5282383,1.1252592,0.8912953,1.1505505,1.0115571,0.39359236,0.64734054,-1.8454757,-1.5763533,-0.16776091,-0.17205334,-0.5751597,-0.5190075,-0.15411907,-0.16608268,1.3721539,1.2109519,-2.532194,-1.6780151
ROC,2026-02-15T03:35:00,1.4609927,1.5409888,1.172031,0.979555,1.1364094,0.9584125,0.39359236,0.53384274,-1.8454757,-1.731527,-0.17203711,-0.17567015,-0.5751597,-0.49064898,-0.15411907,-0.17031892,1.3721539,1.1932914,-2.532194,-2.0052178
ROC,2026-02-15T03:40:00,1.4302341,1.5376186,1.2188029,1.0394619,1.1222684,0.9257335,0.39359236,0.4739046,-1.0167412,-1.7924554,-0.17631333,-0.17928088,-0.5751597,-0.48271713,-0.15411907,-0.17368723,1.3721539,1.182661,-0.18394159,-2.1363306
ROC,2026-02-15T03:45:00,1.3994755,1.4515215,1.2655748,1.0556082,1.1081274,1.0007797,0.39359236,0.36511317,-1.8454757,-1.4182132,-0.18058953,-0.1872116,-0.5751597,-0.51716566,-0.15411907,-0.16923305,1.3721539,1.2455139,-2.532194,-1.2131145
ROC,2026-02-15T03:50:00,1.3687168,1.4804441,1.3123468,1.148222,1.0939863,0.9158739,0.39359236,0.3848763,-1.0167412,-1.681815,-0.18486573,-0.18313143,-0.5751597,-0.49098143,-0.15411907,-0.17207074,1.3721539,1.2041701,-0.18394159,-1.799263
ROC,2026-02-15T03:54:00,1.3379582,1.4027045,1.3591187,1.1675419,1.0798453,0.96851945,0.39359236,0.31092268,-1.2239248,-1.3744168,-0.18914193,-0.18350774,-0.5751597,-0.51744676,-0.15411907,-0.16536614,1.3721539,1.2497823,-0.18394159,-1.0549219
ROC,2026-02-15T03:55:00,1.3751779,1.3628453,1.3591187,1.2189552,1.0798453,0.96535456,0.39359236,0.2849765,-1.2239248,-1.3085108,-0.19192146,-0.17831913,-0.5751597,-0.5225315,-0.15411907,-0.16151328,1.3721539,1.2608604,-0.18394159,-0.7378609
ROC,2026-02-15T04:00:00,1.4123974,1.3507005,1.3591187,1.250999,1.0798453,0.9622656,0.39359236,0.2779235,-1.8454757,-1.2989743,-0.19470099,-0.17898732,-0.5751597,-0.5229627,-0.15411907,-0.16422285,1.3721539,1.2677565,-2.532194,-0.59193474
ROC,2026-02-15T04:05:00,1.449617,1.4300117,1.3591187,1.3092686,1.0798453,0.90156263,0.39359236,0.33361217,-1.8454757,-1.6515503,-0.19748053,-0.19232194,-0.5751597,-0.50727844,-0.15411907,-0.18612112,1.3721539,1.2372024,-2.532194,-1.5187169
ROC,2026-02-15T04:10:00,1.4868367,1.4702766,1.3591187,1.3115929,1.0798453,0.85660905,0.39359236,0.3653973,-1.8454757,-1.7938281,-0.20026006,-0.19769815,-0.5751597,-0.48958054,-0.15411907,-0.19702606,1.3721539,1.2037268,-2.532194,-1.921177
ROC,2026-02-15T04:15:00,1.5240563,1.4890293,1.3591187,1.304727,1.0798453,0.83845896,0.39359236,0.37654006,-1.8454757,-1.8437027,-0.20303959,-0.19984499,-0.5751597,-0.4844878,-0.15411907,-0.20150045,1.3721539,1.1883258,-2.532194,-2.0912685
ROC,2026-02-15T04:20:00,1.561276,1.4873832,1.3591187,1.2858849,1.0798453,0.8629818,0.1077529,0.3759119,-1.8454757,-1.8250914,-0.20581912,-0.19702064,-0.5751597,-0.50822407,-0.15411907,-0.20273696,1.3721539,1.1978716,-2.532194,-2.1328812
ROC,2026-02-15T04:20:00,1.5984956,1.5088054,1.3591187,1.2958533,1.0798453,0.85558087,0.1077529,0.27034992,-1.8454757,-1.8496437,-0.20859866,-0.21072033,-0.5751597,-0.48154688,-0.15411907,-0.21016796,1.3721539,1.1981552,-2.532194,-2.1867812
ROC,2026-02-15T04:25:00,1.5636643,1.5066566,1.521458,1.2822558,1.0338869,0.8789742,0.1077529,0.21179533,-1.8454757,-1.8198602,-0.21137819,-0.2086571,-0.5751597,-0.50028074,-0.15411907,-0.21101858,1.3721539,1.2099366,-2.532194,-2.1612108
ROC,2026-02-15T04:27:00,1.5288332,1.4920828,1.6837975,1.3285984,0.9879285,0.8662381,0.1077529,0.17654875,-1.8454757,-1.8115886,-0.21415772,-0.20551859,-0.5751597,-0.5117997,-0.15411907,-0.20910984,1.3721539,1.2104414,-2.532194,-2.1336915
ROC,2026-02-15T04:30:00,1.5172228,1.4693868,1.6836569,1.4129167,0.97260904,0.83911353,0.1077529,0.15394607,-1.8454757,-1.8124107,-0.21693724,-0.20381956,-0.5751597,-0.5181103,-0.15411907,-0.20763975,1.3580761,1.2093534,-2.532194,-2.1196363
ROC,2026-02-15T04:35:00,1.5056124,1.4707962,1.6835164,1.4910876,0.9572896,0.80796164,0.1077529,0.15565048,-1.8454757,-1.8406113,-0.21971679,-0.22387981,-0.5751597,-0.49459812,-0.15411907,-0.21486147,1.3439983,1.206838,-2.532194,-2.1637328
ROC,2026-02-15T04:40:00,1.494002,1.4593805,1.6833758,1.5345434,0.9419701,0.7736332,0.1077529,0.1486873,-1.8454757,-1.8586855,-0.22249632,-0.22416747,-0.5751597,-0.48477456,-0.15411907,-0.21746345,1.3299204,1.1926221,-2.532194,-2.1958623
ROC,2026-02-15T04:45:00,1.4823916,1.4487154,1.6832353,1.5608492,0.92665064,0.7513713,-0.17808655,0.14583194,-1.8454757,-1.865007,-0.22527584,-0.22235729,-0.5751597,-0.48291805,-0.15411907,-0.21701762,1.3158426,1.18167,-2.532194,-2.2079682
ROC,2026-02-15T04:50:00,1.4707812,1.4500241,1.6830947,1.5816032,0.9113312,0.75248784,-0.46392602,0.030989211,-1.8454757,-1.852544,-0.22805537,-0.22760314,-0.5751597,-0.48149016,-0.15411907,-0.21134096,1.3017648,1.1864141,-2.532194,-2.159088
ROC,2026-02-15T04:54:00,1.4591708,1.441953,1.6829542,1.6125205,0.8960117,0.7422649,-0.46392602,-0.16071549,-1.8454757,-1.8566434,-0.23083492,-0.23100197,-0.5751597,-0.4623809,-0.2024162,-0.21532044,1.287687,1.1869887,-2.532194,-2.1722267
ROC,2026-02-15T04:55:00,1.4417552,1.441941,1.6825324,1.6265577,0.87303257,0.742992,-0.46392602,-0.24428883,-1.8454757,-1.8427618,-0.23083492,-0.24074501,-0.5751597,-0.4638893,-0.2024162,-0.21918951,1.2665702,1.1887615,-2.532194,-2.1360874
ROC,2026-02-15T05:00:00,1.4243395,1.4344205,1.6821108,1.637588,0.85005337,0.73272467,-0.74976546,-0.28333825,-1.8454757,-1.8348358,-0.23083492,-0.24619447,-0.5751597,-0.46746272,-0.15411907,-0.22216599,1.2454535,1.1821151,-2.532194,-2.1181514
ROC,2026-02-15T05:05:00,1.406924,1.4255332,1.6816891,1.6569265,0.82707417,0.7232162,-0.74976546,-0.43181226,-1.8454757,-1.8278433,-0.23083492,-0.24706073,-0.5751597,-0.46023735,-0.15411907,-0.2169549,1.2243367,1.1781203,-2.532194,-2.0954978
ROC,2026-02-15T05:07:00,1.3895084,1.4081473,1.6812675,1.6742162,0.804095,0.7040109,-1.035605,-0.5089354,-1.8454757,-1.8350052,-0.23083492,-0.24811248,-0.5751597,-0.44759855,-0.15411907,-0.22226559,1.20322,1.1650136,-2.532194,-2.1266093
ROC,2026-02-15T05:10:00,1.3895084,1.3953879,1.7956781,1.6926816,0.804095,0.69013625,-1.035605,-0.6861924,-1.8454757,-1.8377788,-0.23083492,-0.24703762,-0.5751597,-0.43338916,-0.2024162,-0.21908471,1.2313757,1.1557863,-2.532194,-2.1345124
ROC,2026-02-15T05:15:00,1.3895084,1.3853892,1.9100888,1.7410575,0.804095,0.6758936,-1.3214444,-0.776552,-1.8454757,-1.8428365,-0.23083492,-0.25256652,-0.5751597,-0.42683828,-0.2024162,-0.22390512,1.2595314,1.1552907,-2.532194,-2.140397
ROC,2026-02-15T05:17:00,1.3895084,1.377319,2.0244994,1.82054,0.804095,0.6646617,-1.3214444,-0.96580106,-1.8454757,-1.846674,-0.23083492,-0.25892624,-0.5751597,-0.41342103,-0.2024162,-0.22782256,1.287687,1.1667588,-2.532194,-2.1304998
ROC,2026-02-15T05:20:00,1.3720927,1.3655792,2.0244994,1.9079242,0.7811158,0.6479074,-1.3214444,-1.0550543,-1.8454757,-1.8486547,-0.23083492,-0.26081684,-0.5751597,-0.40890932,-0.2024162,-0.23187551,1.2665702,1.1762836,-2.532194,-2.1256037
ROC,2026-02-15T05:25:00,1.3546772,1.3510401,2.0244994,1.9598345,0.7581366,0.6304021,-1.3214444,-1.0916147,-1.8454757,-1.8461493,-0.23083492,-0.2624423,-0.5751597,-0.40824232,-0.2024162,-0.23587583,1.2454535,1.1735791,-2.532194,-2.125856
ROC,2026-02-15T05:30:00,1.3372616,1.3358127,2.0244994,1.9902985,0.7351574,0.61274755,-1.3214444,-1.1064516,-1.8454757,-1.8417163,-0.23083492,-0.26212546,-0.5751597,-0.40999627,-0.2024162,-0.2372808,1.2243367,1.165046,-2.532194,-2.1284285
ROC,2026-02-15T05:35:00,1.3198459,1.320313,2.0244994,2.008859,0.71217823,0.5945864,-1.3214444,-1.1069227,-1.8454757,-1.8351222,-0.23083492,-0.2593975,-0.5751597,-0.4136119,-0.2024162,-0.23792386,1.20322,1.1538497,-2.532194,-2.131935
ROC,2026-02-15T05:40:00,1.3024304,1.305172,2.0244994,2.0193195,0.68919903,0.57673424,-1.3214444,-1.1065007,-1.8454757,-1.8309671,-0.23083492,-0.25657865,-0.5751597,-0.41711932,-0.2024162,-0.23688225,1.1821033,1.1401268,-2.532194,-2.1351812
ROC,2026-02-15T05:45:00,1.2850147,1.2894585,2.0244994,2.0264213,0.66621983,0.55825144,-1.3214444,-1.1000153,-1.8454757,-1.8259904,-0.23083492,-0.2544876,-0.5751597,-0.4205011,-0.2024162,-0.23823611,1.1609865,1.1252916,-2.532194,-2.1388805
ROC,2026-02-15T05:50:00,1.2675992,1.2770528,2.0244994,2.0342798,0.64324063,0.5434828,-1.3214444,-1.0934021,-1.8454757,-1.8215288,-0.23083492,-0.25731346,-0.5751597,-0.42222375,-0.2024162,-0.24294248,1.1398698,1.1131136,-2.532194,-2.1385822
ROC,2026-02-15T05:54:00,1.2501836,1.2643601,2.0244994,2.041421,0.62026143,0.52826256,-1.3214444,-1.0814015,-1.8454757,-1.8137558,-0.23083492,-0.25921792,-0.5751597,-0.4242365,-0.2024162,-0.24827951,1.1187532,1.1015182,-2.532194,-2.1351564
ROC,2026-02-15T05:55:00,1.2501836,1.2522414,2.0244994,2.0474985,0.62026143,0.5133616,-1.6787437,-1.0739163,-1.8454757,-1.8074424,-0.22790909,-0.2608817,-0.5751597,-0.42597723,-0.15411907,-0.251743,1.1187532,1.0896362,-2.532194,-2.1294596
ROC,2026-02-15T05:58:00,1.2501836,1.2480804,2.0244994,2.0619826,0.62026143,0.5089828,-1.7502035,-1.268144,-1.8454757,-1.8074147,-0.22498326,-0.25970066,-0.5751597,-0.41336536,-0.15411907,-0.24606551,1.1187532,1.0887543,-2.532194,-2.1096804
ROC,2026-02-15T06:00:00,1.2037419,1.2437077,2.0244994,2.0703888,0.5589836,0.5047758,-1.8216634,-1.389851,-1.8454757,-1.8058249,-0.22205745,-0.2587996,-0.5751597,-0.40386188,-0.15411907,-0.24333699,1.0624418,1.0858827,-2.532194,-2.099225
ROC,2026-02-15T06:05:00,1.1573004,1.2222482,2.0244994,2.0805452,0.49770576,0.48048925,-1.8245218,-1.4828953,-1.8454757,-1.8054655,-0.21913162,-0.25291595,-0.5751597,-0.39817765,-0.15411907,-0.23596063,1.0061306,1.0653398,-2.532194,-2.0927255
ROC,2026-02-15T06:06:00,1.1108588,1.1916418,2.0244994,2.0893905,0.43642792,0.44534132,-1.8216634,-1.5198907,-1.8454757,-1.8065683,-0.21620579,-0.24617858,-0.5751597,-0.39766875,-0.15411907,-0.22894935,0.94981927,1.0339773,-2.532194,-2.0935771
ROC,2026-02-15T06:10:00,1.1247913,1.1556672,1.954841,2.0959885,0.45481128,0.4031428,-1.8245218,-1.5336181,-1.8454757,-1.8087709,-0.21327998,-0.23901382,-0.5751597,-0.40088925,-0.15411907,-0.2219572,0.94981927,0.9961087,-2.532194,-2.0970068
ROC,2026-02-15T06:15:00,1.1387237,1.144039,1.8851826,2.0669801,0.47319463,0.38992968,-1.8245218,-1.5335966,-1.8454757,-1.8055359,-0.21035415,-0.2393055,-0.5751597,-0.4048184,-0.15411907,-0.22316007,0.94981927,0.9753222,-2.532194,-2.1020498
ROC,2026-02-15T06:20:00,1.1526562,1.1453073,1.8155243,2.0180764,0.49157798,0.3916749,-1.7502035,-1.5333229,-1.8454757,-1.7986704,-0.20742832,-0.24141347,-0.5751597,-0.40866905,-0.15411907,-0.22614186,0.94981927,0.9641052,-2.532194,-2.1058385
ROC,2026-02-15T06:25:00,1.1665887,1.1532611,1.745866,1.9577687,0.5099613,0.4013326,-1.7502035,-1.486902,-1.8454757,-1.789682,-0.20450251,-0.2440771,-0.5751597,-0.41444254,-0.105821945,-0.23080584,0.94981927,0.9571833,-2.532194,-2.1134722
ROC,2026-02-15T06:25:00,1.1805211,1.1621011,1.6762075,1.8959422,0.5283447,0.41312072,-1.7502035,-1.454191,-1.8454757,-1.7769604,-0.20157668,-0.23568225,-0.5751597,-0.41813695,-0.105821945,-0.22642928,0.94981927,0.9536575,-2.532194,-2.117714
ROC,2026-02-15T06:30:00,1.14569,1.1739701,1.8503535,1.8323569,0.4823863,0.4284405,-1.7502035,-1.437135,-1.8454757,-1.7663636,-0.19865085,-0.23236805,-0.5751597,-0.41938594,-0.105821945,-0.22600663,0.94981927,0.95202154,-2.532194,-2.1197448
ROC,2026-02-15T06:32:00,1.1108588,1.1589202,2.0244994,1.8730471,0.43642792,0.40698802,-1.7502035,-1.4483067,-1.8454757,-1.773827,-0.19572504,-0.22803445,-0.5751597,-0.41923782,-0.105821945,-0.22234933,0.94981927,0.945386,-2.532194,-2.1199496
ROC,2026-02-15T06:34:00,1.1108588,1.1280099,1.674521,1.970195,0.43642792,0.36478812,-1.7502035,-1.4704243,-1.8454757,-1.7892215,-0.19279921,-0.22249502,-0.5751597,-0.41901323,-0.105821945,-0.21630132,0.86535233,0.9341217,-2.532194,-2.1191683
ROC,2026-02-15T06:35:00,1.1108588,1.1161112,1.7620156,1.878176,0.43642792,0.35495576,-1.7502035,-1.4550155,-1.8454757,-1.7751806,-0.18987338,-0.21734695,-0.5751597,-0.42071268,-0.105821945,-0.21316653,0.88646907,0.89925396,-2.532194,-2.1234028
ROC,2026-02-15T06:40:00,1.1108588,1.1097026,1.8495102,1.8589814,0.43642792,0.34645733,-0.17808655,-1.4574218,-1.8454757,-1.7783873,-0.18694755,-0.21713352,-0.5751597,-0.42190668,-0.15411907,-0.21363902,0.9075858,0.88679606,-2.532194,-2.1289754
ROC,2026-02-15T06:45:00,1.1108588,1.074967,1.9370048,1.8251022,0.43642792,0.30777514,-0.17808655,-0.54617,-1.8454757,-1.760287,-0.18402174,-0.20400184,-0.5751597,-0.47900775,-0.105821945,-0.2268498,0.92870253,0.8437775,-2.532194,-2.2036765
ROC,2026-02-15T06:46:00,1.1108588,1.0625486,2.0244994,1.8484696,0.43642792,0.28752306,-0.17808655,-0.22834581,-1.8454757,-1.7727313,-0.18109591,-0.19495367,-0.5751597,-0.5050492,-0.105821945,-0.22432473,0.94981927,0.8352831,-2.532194,-2.2268894
ROC,2026-02-15T06:50:00,1.14569,1.0543965,1.8503535,1.8981712,0.4823863,0.27128592,-0.17808655,-0.12252057,-1.8454757,-1.7887372,-0.17817008,-0.18445015,-0.5751597,-0.51427823,-0.15411907,-0.2155117,0.94981927,0.83880585,-2.532194,-2.2311728
ROC,2026-02-15T06:54:00,1.1805211,1.0687702,1.6762075,1.8585354,0.5283447,0.28660223,-0.17808655,-0.07485258,-1.8454757,-1.7900236,-0.17524427,-0.18637986,-0.5751597,-0.51676583,-0.15411907,-0.2197357,0.94981927,0.8451766,-2.532194,-2.2326894
ROC,2026-02-15T06:55:00,1.0472338,1.0945244,1.7923049,1.7685498,0.49770576,0.31755984,-1.8216634,-0.04496056,-1.8454757,-1.7771735,-0.17687929,-0.19137715,-0.5751597,-0.51537263,-0.15411907,-0.22637288,0.94981927,0.8511943,-2.532194,-2.2258346
ROC,2026-02-15T07:00:00,0.9139464,1.1148511,1.9084021,1.8195337,0.46706682,0.34352344,-0.17808655,-0.91895604,-1.2239248,-1.787257,-0.1785143,-0.2178568,-0.5751597,-0.45437917,-0.15411907,-0.22531189,0.94981927,0.89032036,-1.8612647,-2.1463451
ROC,2026-02-15T07:02:00,0.78065896,0.9964212,2.0244994,1.8355271,0.43642792,0.33466664,-0.17808655,-0.43368345,-1.2239248,-1.5040101,-0.18014933,-0.20266584,-0.5751597,-0.505268,-0.15411907,-0.2245556,0.94981927,0.87742335,-1.8612647,-1.8064916
ROC,2026-02-15T07:05:00,0.8457933,0.91198677,2.0244994,1.9073342,0.41344872,0.3034385,-0.17808655,-0.2198574,-1.2239248,-1.3733517,-0.18178435,-0.1948534,-0.5751597,-0.5236711,-0.15411907,-0.21827301,0.92870253,0.86446714,-1.7494432,-1.6722833
ROC,2026-02-15T07:10:00,0.91092765,0.88890016,2.0244994,1.9568077,0.39046952,0.30014515,-0.17808655,-0.19257623,-1.8454757,-1.3426696,-0.18341936,-0.2015959,-0.5751597,-0.5308604,-0.15411907,-0.2124886,0.9075858,0.8660621,-2.532194,-1.5758133
ROC,2026-02-15T07:15:00,0.976062,0.9426772,2.0244994,1.9951115,0.36749032,0.24711844,-0.17808655,-0.15025324,-1.8454757,-1.6154649,-0.18505438,-0.20081517,-0.5751597,-0.5120422,-0.15411907,-0.20922364,0.88646907,0.833793,-2.532194,-1.9773178
ROC,2026-02-15T07:20:00,1.0411963,0.97299576,2.0244994,2.002884,0.34451115,0.2257914,-0.17808655,-0.13286054,-1.8454757,-1.7329688,-0.1866894,-0.19987755,-0.5751597,-0.5056966,-0.15411907,-0.20678416,0.86535233,0.81851965,-2.532194,-2.126539
ROC,2026-02-15T07:20:00,1.0237808,0.9912864,2.0244994,2.001531,0.32153195,0.21423337,-0.17808655,-0.12675166,-1.8454757,-1.7977601,-0.18832442,-0.19910377,-0.5751597,-0.50416476,-0.15411907,-0.20631146,0.8442356,0.8092889,-2.532194,-2.1923103
ROC,2026-02-15T07:25:00,1.0063652,0.9932579,2.0244994,2.0035872,0.29855275,0.20020473,-0.17808655,-0.12618858,-1.8454757,-1.833216,-0.18995944,-0.19434011,-0.5751597,-0.5060409,-0.105821945,-0.20223863,0.82311887,0.7991071,-2.532194,-2.2228792
ROC,2026-02-15T07:30:00,0.98894954,0.9729997,2.0244994,2.015349,0.27557358,0.17568848,-0.17808655,-0.07756059,-1.8454757,-1.82057,-0.19159445,-0.18353291,-0.5751597,-0.50271404,-0.105821945,-0.20617831,0.80200213,0.7844945,-2.532194,-2.2241073
ROC,2026-02-15T07:32:00,0.97153395,0.96163344,2.0244994,1.9978659,0.25259438,0.17782933,-0.17808655,-0.105505295,-1.8454757,-1.8419617,-0.19322948,-0.18203436,-0.5751597,-0.50661373,-0.105821945,-0.20183957,0.78088546,0.77348566,-2.532194,-2.2619328
ROC,2026-02-15T07:35:00,0.97153395,0.9456488,2.0244994,1.9881597,0.25259438,0.16719747,-0.17808655,-0.11630496,-1.8454757,-1.8520914,-0.1948645,-0.18320917,-0.5751597,-0.5059454,-0.105821945,-0.19988844,0.78088546,0.758742,-2.532194,-2.274528
ROC,2026-02-15T07:40:00,0.97153395,0.94560105,2.0244994,1.9857655,0.25259438,0.17127311,-0.17808655,-0.10223626,-1.8454757,-1.8593129,-0.19649951,-0.19523643,-0.5751597,-0.50414354,-0.15411907,-0.21073012,0.78088546,0.7566357,-2.532194,-2.2813568
ROC,2026-02-15T07:43:00,0.97153395,0.9556279,2.0244994,1.9972086,0.25259438,0.15627638,-0.17808655,-0.09333601,-1.8454757,-1.8739308,-0.19813453,-0.21131293,-0.5751597,-0.5004837,-0.15411907,-0.22189914,0.78088546,0.7480821,-2.532194,-2.2600384
ROC,2026-02-15T07:45:00,0.9947548,0.9617324,1.9072777,2.0007641,0.28323328,0.1496053,-0.17808655,-0.08836693,-1.8454757,-1.8804579,-0.19976956,-0.21856682,-0.5751597,-0.5014424,-0.15411907,-0.22656365,0.78088546,0.7436437,-2.532194,-2.2468772
ROC,2026-02-15T07:50:00,1.0179756,0.97750103,1.790056,1.9533653,0.31387222,0.16215193,-0.17808655,-0.079187304,-1.8454757,-1.8782715,-0.20140457,-0.22406335,-0.5751597,-0.50392276,-0.15411907,-0.23134287,0.78088546,0.7418391,-2.532194,-2.2410622
ROC,2026-02-15T07:54:00,1.0411963,0.9978242,1.6728343,1.8756515,0.34451115,0.1843313,-0.17808655,-0.070873976,-1.8454757,-1.8724169,-0.20303959,-0.22785018,-0.5751597,-0.5062657,-0.15411907,-0.23523843,0.78088546,0.7406841,-2.532194,-2.2397487
ROC,2026-02-15T07:55:00,1.0304791,1.0153551,1.6998855,1.7745407,0.3303701,0.2047343,-0.17808655,-0.08557106,-1.8454757,-1.8593533,-0.2009015,-0.22271922,-0.5751597,-0.51205915,-0.15411907,-0.2314192,0.77438796,0.7363445,-2.532194,-2.2348824
ROC,2026-02-15T08:00:00,1.0197618,1.0287246,1.7269366,1.7364293,0.31622908,0.22171131,-0.17808655,-0.07578854,-1.8454757,-1.8499734,-0.19876339,-0.23214458,-0.5751597,-0.5125757,-0.15411907,-0.239096,0.7678905,0.73937434,-2.532194,-2.217898
ROC,2026-02-15T08:05:00,1.0090445,1.0283066,1.7539878,1.726064,0.30208802,0.22118238,-0.17808655,-0.077550635,-1.8454757,-1.8483553,-0.19662528,-0.23633233,-0.5751597,-0.5125459,-0.15411907,-0.24206454,0.7613931,0.7364225,-2.532194,-2.2119777
ROC,2026-02-15T08:10:00,0.9983272,1.0227545,1.7810389,1.7327733,0.28794697,0.21347433,-0.17808655,-0.080341764,-1.8454757,-1.8505378,-0.19448718,-0.23783801,-0.5751597,-0.5127423,-0.15411907,-0.24235706,0.7548956,0.7314425,-2.532194,-2.2074914
ROC,2026-02-15T08:15:00,0.9876099,1.0134679,1.8080901,1.7492408,0.27380595,0.19836158,-0.17808655,-0.0838421,-1.8454757,-1.8641665,-0.19234908,-0.2389853,-0.5751597,-0.5099521,-0.15411907,-0.2458007,0.7483981,0.7220206,-2.532194,-2.2270894
ROC,2026-02-15T08:20:00,0.9768926,1.0035146,1.8351413,1.7703592,0.2596649,0.18317246,-0.17808655,-0.08614354,-1.8454757,-1.8729675,-0.19021098,-0.23870622,-0.5751597,-0.5087765,-0.15411907,-0.24623263,0.7419007,0.7136907,-2.532194,-2.2353208
ROC,2026-02-15T08:25:00,0.9661753,0.9918587,1.8621924,1.7947458,0.24552386,0.16718641,-0.17808655,-0.08798243,-1.8454757,-1.8818147,-0.18807288,-0.23622185,-0.5751597,-0.50868756,-0.15411907,-0.24416803,0.73540324,0.7057875,-2.532194,-2.242653
ROC,2026-02-15T08:30:00,0.95545805,0.97869897,1.8892436,1.8211057,0.23138282,0.15049794,-0.17808655,-0.0899647,-1.8454757,-1.8903238,-0.18593478,-0.23235661,-0.5751597,-0.50906885,-0.15411907,-0.24082242,0.7289058,0.6981967,-2.532194,-2.2500982
ROC,2026-02-15T08:35:00,0.9447407,0.96473336,1.9162947,1.8482255,0.21724178,0.13329619,-0.17808655,-0.09229971,-1.8454757,-1.8985225,-0.18379667,-0.2265764,-0.5751597,-0.5097685,-0.15411907,-0.23551473,0.72240835,0.69086295,-2.532194,-2.2575598
ROC,2026-02-15T08:40:00,0.93402344,0.95125324,1.9433459,1.8751022,0.20310074,0.11621452,-0.17808655,-0.09414195,-1.8454757,-1.9037185,-0.18165857,-0.22274457,-0.5751597,-0.5100942,-0.15411907,-0.23207928,0.71591085,0.68327975,-2.532194,-2.260863
ROC,2026-02-15T08:45:00,0.92330617,0.93823963,1.970397,1.9013793,0.18895969,0.099440105,-0.17808655,-0.095844366,-1.8454757,-1.9071457,-0.17952047,-0.22019088,-0.5751597,-0.51024187,-0.15411907,-0.22983472,0.7094134,0.67556673,-2.532194,-2.2618873
ROC,2026-02-15T08:50:00,0.91258883,0.92576987,1.9974482,1.9274267,0.17481865,0.08348977,-0.17808655,-0.09703552,-1.8454757,-1.9095873,-0.17738236,-0.2184547,-0.5751597,-0.51025486,-0.15411907,-0.22822283,0.70291597,0.6681873,-2.532194,-2.2616255
ROC,2026-02-15T08:54:00,0.90187156,0.9137534,2.0244994,1.9537045,0.16067761,0.06843821,-0.17808655,-0.09769476,-1.8454757,-1.9114871,-0.17524427,-0.21801494,-0.5751597,-0.51009583,-0.15411907,-0.22782567,0.6964185,0.66126114,-2.532194,-2.2607796
ROC,2026-02-15T08:55:00,0.92509234,0.9020097,2.0244994,1.9797018,0.19131653,0.053712204,-1.8245218,-0.0982851,-1.8454757,-1.9130335,-0.17601636,-0.21734202,-0.5751597,-0.5099593,-0.15411907,-0.22706707,0.72457415,0.654494,-2.532194,-2.259583
ROC,2026-02-15T09:00:00,0.9483132,0.93450403,2.0244994,2.0278633,0.22195546,0.093129314,-1.8245218,-1.0007309,-1.8454757,-1.9236966,-0.17678845,-0.23801775,-0.5751597,-0.44706842,-0.15411907,-0.21864647,0.7527298,0.7033598,-2.532194,-2.1867015
ROC,2026-02-15T09:01:00,0.97153395,0.9491486,2.0244994,2.0565872,0.25259438,0.11637164,-1.8216634,-1.3943559,-1.8454757,-1.9173106,-0.17756054,-0.24400163,-0.5751597,-0.41683495,-0.15411907,-0.21713349,0.78088546,0.72828335,-2.532194,-2.1502178
ROC,2026-02-15T09:05:00,0.98894954,0.9603329,1.936583,2.0631888,0.27557358,0.13434973,-1.8245218,-1.5466621,-1.8454757,-1.906504,-0.17833264,-0.24497941,-0.5751597,-0.40601712,-0.15411907,-0.2164288,0.78088546,0.74338466,-2.532194,-2.138903
ROC,2026-02-15T09:10:00,1.0063652,0.97465026,1.8486668,2.0227458,0.29855275,0.15573442,-1.8245218,-1.5984126,-1.8454757,-1.8909639,-0.17910473,-0.24543631,-0.5751597,-0.4048385,-0.15411907,-0.21681331,0.78088546,0.7500141,-2.532194,-2.1389065
ROC,2026-02-15T09:15:00,1.0237808,0.99264896,1.7607505,1.9575351,0.32153195,0.18060148,-1.8216634,-1.6123352,-1.8454757,-1.8751658,-0.17987682,-0.2468915,-0.5751597,-0.4075973,-0.15411907,-0.21854712,0.78088546,0.7539548,-2.532194,-2.1425333
ROC,2026-02-15T09:18:00,1.0411963,1.0130949,1.6728343,1.8805221,0.34451115,0.20761043,-1.6072838,-1.6128348,-1.8454757,-1.86035,-0.18064891,-0.249238,-0.5751597,-0.4115828,-0.15411907,-0.2213017,0.78088546,0.7570534,-2.532194,-2.1465492
ROC,2026-02-15T09:20:00,1.0411963,1.0320625,1.6728343,1.7916824,0.34451115,0.23129532,-1.3214444,-1.4823833,-1.8454757,-1.8455471,-0.18142101,-0.25021774,-0.5751597,-0.42447552,-0.15411907,-0.22639836,0.78088546,0.75458956,-2.532194,-2.1627207
ROC,2026-02-15T09:25:00,1.0411963,1.0403515,1.6728343,1.7355503,0.34451115,0.23938009,-1.6787437,-1.2689829,-1.8454757,-1.837376,-0.1821931,-0.24920097,-0.5751597,-0.44320548,-0.2024162,-0.23102169,0.78088546,0.7479047,-2.532194,-2.1845613
ROC,2026-02-15T09:30:00,1.0411963,1.0403048,1.6728343,1.7455614,0.34451115,0.23960367,-1.7502035,-1.3624814,-1.8454757,-1.8231348,-0.18296519,-0.26023373,-0.5751597,-0.43667677,-0.15411907,-0.2519885,0.78088546,0.7579234,-2.532194,-2.1748633
ROC,2026-02-15T09:31:00,1.0411963,1.0394647,1.6728343,1.7512895,0.34451115,0.2409912,-1.7502035,-1.4373025,-1.8454757,-1.8148066,-0.18373728,-0.25699037,-0.5751597,-0.43040618,-0.15411907,-0.2539777,0.78088546,0.76340926,-2.532194,-2.165332
ROC,2026-02-15T09:35:00,1.0644171,1.0391017,1.6733965,1.7534544,0.37515005,0.24241337,-1.8216634,-1.4629987,-1.8454757,-1.8102597,-0.18450938,-0.2545977,-0.5751597,-0.42711058,-0.15411907,-0.25450277,0.8090411,0.7657008,-2.532194,-2.1613488
ROC,2026-02-15T09:40:00,1.087638,1.0484,1.6739587,1.751642,0.405789,0.25426784,-1.8216634,-1.5161566,-1.8454757,-1.8102766,-0.18528147,-0.25509033,-0.5751597,-0.42345884,-0.15411907,-0.2555981,0.8371967,0.7762402,-2.532194,-2.1595054
ROC,2026-02-15T09:41:00,1.1108588,1.061396,1.674521,1.7466782,0.43642792,0.27028432,-1.8216634,-1.5375912,-1.8454757,-1.81073,-0.18605356,-0.25593463,-0.5751597,-0.42187867,-0.15411907,-0.2573826,0.86535233,0.78998184,-2.532194,-2.1625438
ROC,2026-02-15T09:45:00,1.1108588,1.0764431,1.674521,1.7407945,0.43642792,0.2885864,-1.6787437,-1.5476346,-1.8454757,-1.8113933,-0.18682565,-0.2566257,-0.5751597,-0.42121768,-0.15411907,-0.25894386,0.86535233,0.80588275,-2.532194,-2.167231
ROC,2026-02-15T09:47:00,1.1108588,1.083289,1.674521,1.7324622,0.43642792,0.29695427,-1.6072838,-1.4742849,-1.8454757,-1.8136452,-0.18759775,-0.25419703,-0.5751597,-0.4265945,-0.15411907,-0.25771165,0.86535233,0.8110021,-2.532194,-2.1795523
ROC,2026-02-15T09:50:00,1.1108588,1.0885142,1.674521,1.7259583,0.43642792,0.30238217,-1.3214444,-1.4139049,-1.8454757,-1.8172956,-0.18836984,-0.25237814,-0.5751597,-0.43209136,-0.15411907,-0.25452694,0.86535233,0.81332904,-2.532194,-2.18762
ROC,2026-02-15T09:54:00,1.1108588,1.0765473,1.674521,1.7117356,0.43642792,0.28764617,-1.1785246,-1.2293772,-1.8454757,-1.8053346,-0.18914193,-0.24281837,-0.5751597,-0.4466718,-0.15411907,-0.25263274,0.86535233,0.8042218,-2.532194,-2.1973946
ROC,2026-02-15T09:55:00,1.0992484,1.069555,1.6178778,1.7006514,0.42110845,0.27874961,-1.035605,-1.0748411,-1.8454757,-1.7984487,-0.19311269,-0.23367383,-0.5751597,-0.4589296,-0.15411907,-0.24895307,0.8371967,0.7976588,-2.532194,-2.2053845
ROC,2026-02-15T10:00:00,1.087638,1.0626495,1.5612347,1.6711063,0.405789,0.2717558,-1.1785246,-0.93016577,-1.8454757,-1.7927196,-0.19708344,-0.22771724,-0.5751597,-0.46910852,-0.15411907,-0.2473388,0.8090411,0.7846877,-2.532194,-2.213321
ROC,2026-02-15T10:05:00,1.0760275,1.0613856,1.5045916,1.6408389,0.39046952,0.27208477,-1.3214444,-0.9497685,-1.8454757,-1.7919946,-0.20105422,-0.22768329,-0.5751597,-0.4676585,-0.15411907,-0.24697214,0.78088546,0.7770116,-2.532194,-2.2091308
ROC,2026-02-15T10:10:00,1.0644171,1.0620638,1.4479486,1.6092302,0.37515005,0.2753341,-1.3214444,-1.0356498,-1.8454757,-1.7936312,-0.20502497,-0.23020741,-0.5751597,-0.4609812,-0.15411907,-0.24738966,0.7527298,0.77015513,-2.532194,-2.2007103
ROC,2026-02-15T10:15:00,1.0528067,1.0602129,1.3913054,1.570664,0.35983062,0.27630135,-1.035605,-1.063399,-1.8454757,-1.7936342,-0.20899573,-0.23158242,-0.5751597,-0.4576941,-0.15411907,-0.2484605,0.72457415,0.75867194,-2.532194,-2.1979396
ROC,2026-02-15T10:20:00,1.0411963,1.053452,1.3346623,1.5172254,0.34451115,0.27095515,-0.46392602,-0.904946,-1.8454757,-1.7926465,-0.21296649,-0.23032582,-0.5751597,-0.4673577,-0.15411907,-0.25091028,0.6964185,0.7361094,-2.532194,-2.2124546
ROC,2026-02-15T10:20:00,0.99539334,1.039642,1.3771447,1.4482821,0.35600075,0.25747886,-0.46392602,-0.512112,-1.8454757,-1.787115,-0.21693724,-0.2245881,-0.5751597,-0.49224943,-0.15411907,-0.25480354,0.71753526,0.7026554,-2.532194,-2.242599
ROC,2026-02-15T10:25:00,0.9495903,1.032603,1.419627,1.4289765,0.36749032,0.24997902,-0.74976546,-0.3791146,-1.8454757,-1.7926232,-0.22090802,-0.22578193,-0.5751597,-0.50601757,-0.15411907,-0.25569832,0.738652,0.6906557,-2.532194,-2.2471104
ROC,2026-02-15T10:30:00,0.90378726,1.0311776,1.4621093,1.4487216,0.37897992,0.2506013,-0.74976546,-0.49630308,-1.8454757,-1.799332,-0.22487877,-0.23128825,-0.5751597,-0.50210714,-0.15411907,-0.2543298,0.7597687,0.6971338,-2.532194,-2.231377
ROC,2026-02-15T10:35:00,0.85798424,1.0215783,1.5045916,1.4805473,0.39046952,0.24536973,-0.8926852,-0.55763847,-1.8454757,-1.800148,-0.22884953,-0.23332542,-0.5751597,-0.50000155,-0.15411907,-0.25286955,0.78088546,0.70054,-2.532194,-2.2202504
ROC,2026-02-15T10:40:00,0.81218123,1.0076668,1.547074,1.5235194,0.40195912,0.2384505,-0.74976546,-0.66451854,-1.8454757,-1.7939837,-0.23282029,-0.23412666,-0.5751597,-0.4932476,-0.2024162,-0.2511613,0.80200213,0.7065751,-2.532194,-2.2044716
ROC,2026-02-15T10:45:00,0.7663782,0.98792934,1.5895563,1.5615073,0.41344872,0.22615877,-0.74976546,-0.6286202,-1.2239248,-1.7814676,-0.23679104,-0.23846477,-0.5751597,-0.4950019,-0.2024162,-0.25869718,0.82311887,0.70634305,-1.8612647,-2.1992471
ROC,2026-02-15T10:50:00,0.72057515,0.91450334,1.6320386,1.5876222,0.42493832,0.2647905,-0.46392602,-0.6415818,-1.0167412,-1.5046257,-0.24076182,-0.24785906,-0.5751597,-0.515644,-0.2024162,-0.26418376,0.8442356,0.7419712,-1.6376216,-1.8145787
ROC,2026-02-15T10:54:00,0.67477214,0.8501819,1.674521,1.6131603,0.43642792,0.28946078,-0.46392602,-0.49080622,-1.0167412,-1.2832282,-0.24473257,-0.25100732,-0.5751597,-0.53531855,-0.2024162,-0.2655709,0.86535233,0.7650705,-1.6376216,-1.5588367
ROC,2026-02-15T10:55:00,0.70006496,0.81826895,1.6498051,1.657674,0.4717805,0.30076417,-0.46392602,-0.45376655,-0.8095575,-1.1882555,-0.24473257,-0.25318396,-0.5751597,-0.5384856,-0.2024162,-0.2602195,0.89134216,0.7833584,-1.6376216,-1.4661182
ROC,2026-02-15T11:00:00,0.7253578,0.8034604,1.6250893,1.6695293,0.5071331,0.3368895,-0.46392602,-0.43820247,-0.8095575,-1.0580674,-0.24473257,-0.2624064,-0.5751597,-0.5339927,-0.2024162,-0.26293707,0.917332,0.8156172,-1.5258001,-1.4124476
ROC,2026-02-15T11:05:00,0.7506506,0.8032505,1.6003735,1.6672885,0.5424857,0.37323678,-0.17808655,-0.42264837,-0.8095575,-0.97275877,-0.24473257,-0.26791632,-0.5751597,-0.52809966,-0.2024162,-0.2677201,0.9433218,0.8461106,-1.5258001,-1.34163
ROC,2026-02-15T11:10:00,0.7759434,0.81149864,1.5756577,1.638165,0.5778383,0.40208727,-0.17808655,-0.22945741,-1.0167412,-0.9265971,-0.24473257,-0.2692658,-0.5751597,-0.5326843,-0.2024162,-0.27331144,0.96931165,0.8632119,-1.302157,-1.3277915
ROC,2026-02-15T11:15:00,0.8012362,0.83360034,1.550942,1.615037,0.61319095,0.42320755,-0.17808655,-0.15632564,-0.8095575,-0.961412,-0.24473257,-0.2644987,-0.5751597,-0.5337005,-0.2024162,-0.27396667,0.9953015,0.8776674,-1.4139786,-1.2360501
ROC,2026-02-15T11:20:00,0.826529,0.852732,1.526226,1.5826675,0.64854354,0.46091568,0.1077529,-0.14379108,-0.8095575,-0.91492,-0.24473257,-0.2735381,-0.5751597,-0.5304432,-0.2024162,-0.2823656,1.0212913,0.90328807,-1.4139786,-1.2258751
ROC,2026-02-15T11:25:00,0.85182184,0.8645408,1.5015103,1.5329826,0.6838961,0.5050337,0.39359236,0.030934263,-0.8095575,-0.87290007,-0.24473257,-0.27496088,-0.5751597,-0.5393898,-0.2024162,-0.29093236,1.0472811,0.9247665,-1.4139786,-1.269447
ROC,2026-02-15T11:30:00,0.8771146,0.87972534,1.4767945,1.480766,0.7192487,0.54331106,0.6794318,0.25673488,-0.8095575,-0.8509081,-0.24473257,-0.27555302,-0.5751597,-0.54919773,-0.2024162,-0.29688862,1.0732709,0.9415266,-1.302157,-1.2997853
ROC,2026-02-15T11:35:00,0.9024074,0.89397275,1.4520787,1.4332235,0.7546013,0.57639354,0.6794318,0.5067434,-0.8095575,-0.8298241,-0.24473257,-0.27596593,-0.5751597,-0.55849135,-0.2024162,-0.3025928,1.0992608,0.95646244,-1.302157,-1.2659585
ROC,2026-02-15T11:40:00,0.9277002,0.91501707,1.4273628,1.4026003,0.78995395,0.611413,0.96527123,0.59698474,-0.60237384,-0.8204448,-0.24473257,-0.2795791,-0.5751597,-0.5535248,-0.2024162,-0.30775255,1.1252506,0.98091984,-1.1903355,-1.2533956
ROC,2026-02-15T11:45:00,0.95299304,0.92018497,1.402647,1.3525156,0.82530653,0.65348953,0.96527123,0.77940714,-0.8095575,-0.72915614,-0.24473257,-0.27852342,-0.5751597,-0.5617918,-0.2024162,-0.30840147,1.1512405,1.0038896,-1.302157,-1.1836568
ROC,2026-02-15T11:50:00,0.97828585,0.9537349,1.3779312,1.329111,0.8606591,0.6799845,0.96527123,0.84265226,-1.0167412,-0.77894485,-0.24473257,-0.27954602,-0.5751597,-0.55897313,-0.2024162,-0.30892077,1.1772302,1.0231634,-1.1903355,-1.2214618
ROC,2026-02-15T11:54:00,1.0035787,0.99191976,1.3532155,1.3094138,0.8960117,0.6995612,0.6794318,0.864148,-0.8095575,-0.86837274,-0.24473257,-0.27227652,-0.5751597,-0.5647972,-0.2024162,-0.3027369,1.20322,1.0366101,-1.1903355,-1.1981547
ROC,2026-02-15T11:55:00,1.0035787,1.0202861,1.3532155,1.295744,0.8960117,0.7425071,0.6794318,0.710414,-0.8095575,-0.84325165,-0.24045637,-0.28229827,-0.5751597,-0.5500681,-0.2024162,-0.3076487,1.20322,1.0729275,-1.1903355,-1.1621405
ROC,2026-02-15T12:00:00,1.0035787,1.0391836,1.3532155,1.2880231,0.8960117,0.77177596,0.6794318,0.6260331,-0.8095575,-0.83032167,-0.23618017,-0.28843415,-0.5751597,-0.5434303,-0.2024162,-0.30724096,1.20322,1.0968195,-1.1903355,-1.1328564
ROC,2026-02-15T12:05:00,1.0035787,1.0523614,1.3532155,1.284234,0.8960117,0.792221,0.6794318,0.5840086,-0.8095575,-0.82933265,-0.23190396,-0.2913882,-0.5751597,-0.5401946,-0.2024162,-0.30390126,1.20322,1.1134801,-0.9666924,-1.1203145
ROC,2026-02-15T12:10:00,1.0035787,1.0552629,1.3532155,1.2782154,0.8960117,0.8105054,0.39359236,0.5595125,-1.0167412,-0.81769687,-0.22762775,-0.28688264,-0.5751597,-0.5417553,-0.2024162,-0.2931122,1.20322,1.1265818,-1.1903355,-1.0244436
ROC,2026-02-15T12:15:00,1.0035787,1.0773354,1.3532155,1.3041929,0.8960117,0.8101876,0.39359236,0.40824613,-0.8095575,-0.9059934,-0.22335155,-0.28644785,-0.5751597,-0.52664447,-0.2024162,-0.28774178,1.20322,1.1357888,-1.0785139,-1.0833669
ROC,2026-02-15T12:20:00,1.0035787,1.0751415,1.3532155,1.302432,0.8960117,0.82702446,0.1077529,0.3329121,-1.0167412,-0.86910987,-0.21907535,-0.28432754,-0.5751597,-0.5231901,-0.15411907,-0.27887782,1.20322,1.1494228,-1.1903355,-1.0462822
ROC,2026-02-15T12:25:00,1.0035787,1.0924312,1.3532155,1.331541,0.8960117,0.82780075,0.1077529,0.15723479,-1.2239248,-0.9341321,-0.21479915,-0.27760872,-0.5751597,-0.5074347,-0.15411907,-0.26575613,1.20322,1.1591195,-1.1903355,-1.0844997
ROC,2026-02-15T12:30:00,1.0035787,1.1137897,1.3532155,1.3484557,0.8960117,0.8168897,-0.17808655,0.09484424,-1.0167412,-1.0426602,-0.21052295,-0.26443422,-0.5751597,-0.5092245,-0.15411907,-0.2503946,1.20322,1.1548924,-1.302157,-1.1076897
ROC,2026-02-15T12:35:00,1.0035787,1.1198181,1.3532155,1.36417,0.8960117,0.8268504,-0.17808655,-0.08426436,-1.2239248,-1.0243884,-0.20624675,-0.2648139,-0.5751597,-0.4996493,-0.15411907,-0.24812818,1.20322,1.168174,-1.302157,-1.1362697
ROC,2026-02-15T12:40:00,1.0035787,1.1311257,1.3532155,1.3768647,0.8960117,0.82103026,-0.17808655,-0.14795613,-1.2239248,-1.0835091,-0.20197053,-0.2598781,-0.5751597,-0.49700508,-0.15411907,-0.24403527,1.20322,1.1670237,-1.302157,-1.1686293
ROC,2026-02-15T12:45:00,1.0035787,1.1375318,1.3532155,1.378423,0.8960117,0.8194534,-0.17808655,-0.16680089,-1.0167412,-1.1136271,-0.19769433,-0.25637612,-0.5751597,-0.49855527,-0.15411907,-0.24043548,1.20322,1.1658322,-1.5258001,-1.1819679
ROC,2026-02-15T12:50:00,1.0035787,1.1356107,1.3532155,1.3681684,0.8960117,0.8287319,-0.17808655,-0.16908965,-1.0167412,-1.0689858,-0.19341813,-0.25705302,-0.5751597,-0.50477177,-0.15411907,-0.23807418,1.20322,1.1697593,-1.5258001,-1.251471
ROC,2026-02-15T12:54:00,1.0035787,1.1361636,1.3532155,1.366569,0.8960117,0.83319527,-0.17808655,-0.16457495,-0.8095575,-1.0375425,-0.18914193,-0.2572102,-0.5751597,-0.5076946,-0.15411907,-0.23816769,1.20322,1.1718205,-1.7494432,-1.2832652
ROC,2026-02-15T12:55:00,1.0049183,1.1267775,1.3290834,1.3578473,0.90308225,0.8458982,-0.17808655,-0.158903,-0.8095575,-0.9505919,-0.19128004,-0.2606395,-0.5751597,-0.5085781,-0.15411907,-0.23967038,1.20322,1.1791985,-1.7494432,-1.3693432
ROC,2026-02-15T13:00:00,1.006258,1.1231321,1.3049514,1.3482713,0.9101528,0.8550924,-0.17808655,-0.1501396,-0.60237384,-0.89229,-0.19341813,-0.25790364,-0.5751597,-0.51004636,-0.15411907,-0.23730417,1.20322,1.1828533,-1.6376216,-1.4086732
ROC,2026-02-15T13:05:00,1.0075977,1.1112248,1.2808195,1.3244743,0.9172233,0.8775701,-0.17808655,-0.15181535,-0.60237384,-0.77346456,-0.19555624,-0.25592133,-0.5751597,-0.5169552,-0.15411907,-0.23160304,1.20322,1.1918937,-1.5258001,-1.3549701
ROC,2026-02-15T13:10:00,1.0089374,1.1008115,1.2566875,1.3035698,0.9242938,0.8927597,-0.17808655,-0.1463283,-0.8095575,-0.6875157,-0.19769433,-0.2534611,-0.5751597,-0.5193674,-0.15411907,-0.23159473,1.20322,1.1986084,-1.6376216,-1.2925595
ROC,2026-02-15T13:15:00,1.010277,1.1126773,1.2325556,1.293824,0.93136436,0.88907236,0.1077529,-0.12873617,-0.60237384,-0.73484683,-0.19983244,-0.2494233,-0.5751597,-0.5199025,-0.15411907,-0.22947809,1.20322,1.1930172,-1.5258001,-1.3293195
ROC,2026-02-15T13:20:00,1.0116166,1.1055133,1.2084236,1.2490064,0.93843484,0.90103894,0.1077529,0.034543253,-0.60237384,-0.67178035,-0.20197053,-0.24697743,-0.5751597,-0.53539896,-0.15411907,-0.2297837,1.20322,1.1893609,-1.6376216,-1.2889965
ROC,2026-02-15T13:25:00,1.0129563,1.1070411,1.1842916,1.2209913,0.9455054,0.908795,0.1077529,0.10295252,-0.60237384,-0.6444657,-0.20410864,-0.24986258,-0.5751597,-0.53342557,-0.15411907,-0.23352136,1.20322,1.1898813,-1.6376216,-1.3243227
ROC,2026-02-15T13:30:00,1.0142959,1.108745,1.1601597,1.1978611,0.9525759,0.91543466,0.1077529,0.12780517,-0.60237384,-0.62569714,-0.20624675,-0.25020984,-0.5751597,-0.5303078,-0.15411907,-0.23533215,1.20322,1.1899682,-1.5258001,-1.3439852
ROC,2026-02-15T13:35:00,1.0156356,1.1076345,1.1360277,1.1771289,0.9596464,0.9240732,0.1077529,0.13388093,-0.39519018,-0.60053015,-0.20838484,-0.25161174,-0.5751597,-0.5221836,-0.15411907,-0.2380112,1.20322,1.1932608,-1.5258001,-1.316711
ROC,2026-02-15T13:40:00,1.0169753,1.0987784,1.1118957,1.1462562,0.96671695,0.94200516,0.39359236,0.12721261,-0.39519018,-0.51033247,-0.21052295,-0.2528314,-0.5751597,-0.5183496,-0.2024162,-0.2389109,1.20322,1.1998698,-1.5258001,-1.2904762
ROC,2026-02-15T13:45:00,1.018315,1.091646,1.0877638,1.1031305,0.9737875,0.95117825,0.39359236,0.28816292,-0.60237384,-0.46083644,-0.21266104,-0.25661567,-0.5751597,-0.5275826,-0.15411907,-0.24720058,1.20322,1.1956967,-1.5258001,-1.29471
ROC,2026-02-15T13:50:00,1.0196546,1.097515,1.0636318,1.0823547,0.98085797,0.94666576,0.39359236,0.36295116,-0.8095575,-0.5100546,-0.21479915,-0.24806659,-0.5751597,-0.5302949,-0.15411907,-0.24267519,1.20322,1.1870658,-1.4139786,-1.3134863
ROC,2026-02-15T13:54:00,1.0209943,1.1138102,1.0394998,1.0704612,0.9879285,0.9371206,0.39359236,0.39533207,-0.60237384,-0.6138233,-0.21693724,-0.2407357,-0.5751597,-0.53195965,-0.15411907,-0.23787771,1.20322,1.1769474,-1.4139786,-1.2903113
ROC,2026-02-15T13:55:00,1.0196546,1.11578,0.99454427,1.0402023,1.0020696,0.9496364,0.39359236,0.39038315,-0.39519018,-0.5959341,-0.22335155,-0.24137267,-0.5751597,-0.53360677,-0.15411907,-0.23630512,1.20322,1.1783892,-1.4139786,-1.2625628
ROC,2026-02-15T14:00:00,1.018315,1.1114466,0.9495888,0.99991417,1.0162106,0.9736005,0.39359236,0.3800089,-0.18800654,-0.5073872,-0.22976586,-0.248729,-0.5751597,-0.5284518,-0.15411907,-0.24117549,1.20322,1.1862684,-1.4139786,-1.2404605
ROC,2026-02-15T14:05:00,1.0169753,1.1019549,0.9046332,0.95190394,1.0303516,1.0034932,0.6794318,0.36773077,-0.39519018,-0.37533638,-0.23618017,-0.25624177,-0.5751597,-0.524688,-0.15411907,-0.24545658,1.20322,1.1961179,-1.302157,-1.21563
ROC,2026-02-15T14:10:00,1.0156356,1.102715,0.85967773,0.9013739,1.0444927,1.010761,0.6794318,0.53693956,-0.39519018,-0.37629664,-0.24259447,-0.25389966,-0.5751597,-0.53431875,-0.2024162,-0.24718373,1.20322,1.1867809,-1.302157,-1.1904923
ROC,2026-02-15T14:15:00,1.0142959,1.1081216,0.8147222,0.8562657,1.0586337,1.0223554,0.6794318,0.60920334,-0.60237384,-0.37306908,-0.24900877,-0.26286814,-0.5751597,-0.53435606,-0.2024162,-0.25828832,1.20322,1.1842436,-1.302157,-1.1825602
ROC,2026-02-15T14:20:00,1.0129563,1.1257309,0.7697667,0.82326216,1.0727748,1.0250747,0.6794318,0.6421994,-0.8095575,-0.4539465,-0.25542307,-0.27085358,-0.5751597,-0.53199387,-0.2024162,-0.2666895,1.20322,1.1774591,-1.1903355,-1.1964074
ROC,2026-02-15T14:25:00,1.0116166,1.1482259,0.72481114,0.7913556,1.0869157,1.0219724,0.6794318,0.65998834,-0.39519018,-0.56887144,-0.2618374,-0.26883858,-0.5751597,-0.5351088,-0.2024162,-0.26556763,1.20322,1.1665177,-1.302157,-1.1664957
ROC,2026-02-15T14:30:00,1.010277,1.1514556,0.67985564,0.73448986,1.1010568,1.0471417,0.6794318,0.6453549,-0.39519018,-0.4908913,-0.2682517,-0.27567822,-0.5751597,-0.5409387,-0.2024162,-0.2683336,1.20322,1.1696887,-1.302157,-1.1483727
ROC,2026-02-15T14:35:00,1.0089374,1.1532813,0.6349001,0.6877258,1.1151979,1.0670766,0.6794318,0.6386204,-0.8095575,-0.43721718,-0.27466598,-0.28253868,-0.5751597,-0.5410672,-0.2024162,-0.27330807,1.20322,1.1721106,-1.1903355,-1.1433964
ROC,2026-02-15T14:40:00,1.0075977,1.1697106,0.58994454,0.66134024,1.1293389,1.0604042,0.6794318,0.6553225,-0.39519018,-0.5482222,-0.2810803,-0.28095475,-0.5751597,-0.5392483,-0.2024162,-0.2757503,1.20322,1.1608319,-1.302157,-1.1400814
ROC,2026-02-15T14:45:00,1.006258,1.1649677,0.54498905,0.607029,1.14348,1.0826281,0.6794318,0.6450678,-0.60237384,-0.45726252,-0.2874946,-0.28953686,-0.5751597,-0.53555965,-0.25071332,-0.28360432,1.20322,1.1639544,-1.302157,-1.1479601
ROC,2026-02-15T14:50:00,1.0049183,1.1766906,0.5000335,0.56577677,1.157621,1.0908269,0.6794318,0.6478931,0.019177105,-0.48993662,-0.29390892,-0.297498,-0.5751597,-0.5379521,-0.25071332,-0.2894368,1.20322,1.1579833,-1.302157,-1.1630975
ROC,2026-02-15T14:54:00,1.0035787,1.1589862,0.455078,0.4950991,1.171762,1.1348925,0.6794318,0.61824065,0.22636075,-0.2667595,-0.30032322,-0.31578016,-0.5751597,-0.53670526,-0.25071332,-0.3013765,1.20322,1.1704307,-1.1903355,-1.1185634
ROC,2026-02-15T14:55:00,1.0363736,1.1400118,0.37638962,0.43378526,1.2000442,1.1772255,0.6794318,0.5924068,0.019177105,-0.0548409,-0.30139226,-0.33023492,-0.5751597,-0.53545624,-0.25071332,-0.30937123,1.20322,1.1831057,-1.302157,-1.0412133
ROC,2026-02-15T15:00:00,1.0691684,1.1509616,0.29770124,0.38232565,1.2283262,1.197525,0.6794318,0.60570854,0.019177105,-0.035756394,-0.30246133,-0.334422,-0.5751597,-0.53946894,-0.25071332,-0.31160074,1.20322,1.1832334,-1.302157,-1.0602893
ROC,2026-02-15T15:05:00,1.1019634,1.1650224,0.21901284,0.31799915,1.2566082,1.2197477,0.6794318,0.61780465,0.019177105,-0.01157961,-0.30353037,-0.3385238,-0.5751597,-0.53772914,-0.25071332,-0.31683797,1.20322,1.183426,-1.5258001,-1.0816406
ROC,2026-02-15T15:10:00,1.1347584,1.1869942,0.14032446,0.24974066,1.2848904,1.2411107,0.6794318,0.631605,0.019177105,-0.008534271,-0.3045994,-0.3448582,-0.5751597,-0.5335155,-0.25071332,-0.32508957,1.20322,1.1818057,-1.4139786,-1.1781487
ROC,2026-02-15T15:15:00,1.1675532,1.2089496,0.061636068,0.17185445,1.3131725,1.268072,0.96527123,0.6379754,0.019177105,-0.0023586787,-0.30566847,-0.34602728,-0.5751597,-0.53612554,-0.25071332,-0.3252592,1.20322,1.1789573,-1.4139786,-1.1712606
ROC,2026-02-15T15:20:00,1.2003481,1.2264699,-0.017052319,0.07690809,1.3414545,1.2889689,0.6794318,0.7997406,0.019177105,0.005140692,-0.3067375,-0.34830037,-0.5751597,-0.54335207,-0.25071332,-0.33271635,1.20322,1.1682422,-1.4139786,-1.1881852
ROC,2026-02-15T15:25:00,1.2331431,1.2509184,-0.095740706,0.011715161,1.3697366,1.3199004,0.6794318,0.71075964,0.22636075,0.014164191,-0.30780658,-0.35739747,-0.5751597,-0.53359556,-0.25071332,-0.33898038,1.20322,1.1734184,-1.302157,-1.1822388
ROC,2026-02-15T15:30:00,1.265938,1.2554524,-0.17442909,-0.07155023,1.3980187,1.3558012,0.6794318,0.6573603,0.019177105,0.13147977,-0.30887562,-0.36591265,-0.5751597,-0.5245097,-0.25071332,-0.3479436,1.20322,1.1777207,-1.5258001,-1.1349784
ROC,2026-02-15T15:35:00,1.2987329,1.2755507,-0.25311747,-0.13466395,1.4263008,1.3686609,0.6794318,0.6589307,0.019177105,0.10384908,-0.30994466,-0.37131613,-0.5751597,-0.52127343,-0.29901043,-0.35723585,1.20322,1.1715581,-1.4139786,-1.2057073
ROC,2026-02-15T15:40:00,1.3315278,1.301153,-0.33180586,-0.20970322,1.4545828,1.3928974,0.6794318,0.6583561,-0.39519018,0.0893992,-0.31101373,-0.38112417,-0.5751597,-0.52106136,-0.29901043,-0.3676499,1.20322,1.168348,-1.1903355,-1.2046211
ROC,2026-02-15T15:45:00,1.3643228,1.3400934,-0.41049424,-0.27046406,1.482865,1.40014,0.6794318,0.6897082,-0.18800654,-0.066580325,-0.31208277,-0.38316017,-0.5751597,-0.5223568,-0.25071332,-0.3726666,1.20322,1.1567165,-1.302157,-1.1610347
ROC,2026-02-15T15:50:00,1.3971176,1.3692067,-0.48918262,-0.34893948,1.511147,1.4254372,0.96527123,0.68806255,-0.18800654,-0.08426366,-0.31315184,-0.38544756,-0.5751597,-0.51604974,-0.25071332,-0.37642732,1.20322,1.1531596,-1.6376216,-1.1758745
ROC,2026-02-15T15:54:00,1.4299126,1.3981236,-0.56787103,-0.43693045,1.5394291,1.440181,0.96527123,0.83114505,-0.18800654,-0.12582406,-0.31422088,-0.38634503,-0.5751597,-0.5275073,-0.25071332,-0.3825276,1.20322,1.1393108,-1.1903355,-1.2921011
ROC,2026-02-15T15:55:00,1.4398797,1.4181964,-0.56715745,-0.52789277,1.5464996,1.4705347,0.96527123,0.8894668,-0.18800654,-0.11392201,-0.32170424,-0.38440523,-0.5751597,-0.53033555,-0.29901043,-0.37892124,1.2097175,1.1319481,-1.1903355,-1.2047464
ROC,2026-02-15T16:00:00,1.4498467,1.4346987,-0.56644386,-0.57082975,1.5535702,1.4881026,0.96527123,0.89920384,-0.18800654,-0.117732204,-0.32918757,-0.39418215,-0.5751597,-0.5288422,-0.29901043,-0.3898676,1.216215,1.133784,-1.4139786,-1.1575247
ROC,2026-02-15T16:05:00,1.4598138,1.4453107,-0.5657303,-0.58549714,1.5606407,1.4945543,0.96527123,0.9028396,-0.60237384,-0.12784803,-0.33667094,-0.4032297,-0.5751597,-0.52312154,-0.29901043,-0.40148252,1.2227124,1.1367382,-1.302157,-1.2037301
ROC,2026-02-15T16:10:00,1.4697809,1.4723148,-0.5650167,-0.57751596,1.5677112,1.4839035,0.96527123,0.9245301,-0.60237384,-0.2895821,-0.3441543,-0.4072501,-0.5751597,-0.52071995,-0.29901043,-0.40917572,1.2292099,1.1335216,-1.5258001,-1.2375772
ROC,2026-02-15T16:15:00,1.479748,1.4948146,-0.5643031,-0.5711859,1.5747817,1.4783205,0.96527123,0.92584485,-0.39519018,-0.39488825,-0.35163766,-0.41379082,-0.5751597,-0.518847,-0.29901043,-0.41895863,1.2357073,1.1336751,-1.302157,-1.3181652
ROC,2026-02-15T16:20:00,1.4897151,1.5040522,-0.5635895,-0.5840298,1.5818522,1.492519,0.96527123,0.8978162,0.019177105,-0.38408038,-0.359121,-0.41467175,-0.5751597,-0.52541876,-0.29901043,-0.41693944,1.2422048,1.1388413,-1.4139786,-1.253516
ROC,2026-02-15T16:25:00,1.4996822,1.4973114,-0.562876,-0.60138124,1.5889227,1.5213323,0.96527123,0.856144,-0.18800654,-0.23896486,-0.36660436,-0.41982517,-0.5751597,-0.5192558,-0.29901043,-0.41956052,1.2487023,1.1541733,-1.302157,-1.2424114
ROC,2026-02-15T16:30:00,1.5096492,1.5042421,-0.5621624,-0.5978701,1.5959933,1.5331472,0.96527123,0.8564184,-0.39519018,-0.2349211,-0.37408772,-0.42184687,-0.5751597,-0.51237684,-0.29901043,-0.42005837,1.2551997,1.1628305,-1.4139786,-1.2481688
ROC,2026-02-15T16:35:00,1.5196162,1.5156112,-0.5614488,-0.58119506,1.6030638,1.5293425,0.96527123,0.87125456,-0.60237384,-0.31261775,-0.38157108,-0.4177029,-0.5751597,-0.5163349,-0.29901043,-0.41592878,1.2616972,1.1653785,-1.6376216,-1.2713603
ROC,2026-02-15T16:40:00,1.5295833,1.5357274,-0.5607352,-0.56408435,1.6101342,1.5142633,0.96527123,0.8933042,-1.0167412,-0.43867797,-0.38905442,-0.41878742,-0.5751597,-0.51790273,-0.34730756,-0.42072487,1.2681947,1.1620806,-1.0785139,-1.3650452
ROC,2026-02-15T16:45:00,1.5395504,1.5596851,-0.56002164,-0.5557219,1.6172048,1.4987806,0.96527123,0.91851616,-0.39519018,-0.60962385,-0.39653778,-0.4214544,-0.5751597,-0.5223609,-0.34730756,-0.4261021,1.274692,1.1557124,-1.0785139,-1.2784206
ROC,2026-02-15T16:50:00,1.5495175,1.563443,-0.55930805,-0.575865,1.6242753,1.523153,0.96527123,0.88234955,-0.60237384,-0.53168637,-0.40402114,-0.43088216,-0.5751597,-0.52242637,-0.34730756,-0.43095842,1.2811896,1.1662866,-1.0785139,-1.1810043
ROC,2026-02-15T16:54:00,1.5594846,1.5760534,-0.55859447,-0.5757396,1.6313459,1.5264748,0.96527123,0.8768614,-0.39519018,-0.565972,-0.4115045,-0.43820316,-0.5751597,-0.5205927,-0.34730756,-0.43824202,1.287687,1.1697627,-1.5258001,-1.1604813
ROC,2026-02-15T16:55:00,1.5697197,1.5815122,-0.57610965,-0.5740641,1.6384164,1.5325135,0.96527123,0.86245775,-0.18800654,-0.5374657,-0.42112595,-0.44457915,-0.5751597,-0.521564,-0.3956047,-0.4453664,1.287687,1.176033,-1.4139786,-1.2534368
ROC,2026-02-15T17:00:00,1.5799546,1.5742418,-0.5936248,-0.5908748,1.645487,1.5543933,0.96527123,0.8451926,-0.18800654,-0.41545147,-0.43074742,-0.45791715,-0.5751597,-0.5171755,-0.3956047,-0.4590159,1.287687,1.1884739,-1.302157,-1.2617081
ROC,2026-02-15T17:05:00,1.5901897,1.5722818,-0.6111399,-0.6049288,1.6525574,1.5732427,0.96527123,0.8395106,-0.8095575,-0.34621397,-0.44036886,-0.4674363,-0.5751597,-0.5148057,-0.3956047,-0.4663171,1.287687,1.1970083,-1.302157,-1.2360033
ROC,2026-02-15T17:10:00,1.6004246,1.5973239,-0.628655,-0.5973335,1.6596279,1.5531842,0.96527123,0.882662,-0.18800654,-0.53078717,-0.44999033,-0.46607098,-0.5751597,-0.5219746,-0.3956047,-0.46701053,1.287687,1.1859611,-1.0785139,-1.2668628
ROC,2026-02-15T17:15:00,1.6106597,1.5960702,-0.6461702,-0.6319369,1.6666985,1.5805362,0.96527123,0.85597646,-0.18800654,-0.42258087,-0.45961177,-0.47512373,-0.5751597,-0.51986057,-0.4439018,-0.47114524,1.287687,1.1937821,-1.0785139,-1.1766208
ROC,2026-02-15T17:20:00,1.6208947,1.5979111,-0.6636853,-0.6539187,1.673769,1.5950636,0.96527123,0.8430109,-0.8095575,-0.37847522,-0.46923324,-0.48585847,-0.5751597,-0.52660674,-0.4439018,-0.47658235,1.287687,1.1956213,-1.0785139,-1.0992959
ROC,2026-02-15T17:25:00,1.6311297,1.6214367,-0.68120044,-0.6475871,1.6808395,1.5755407,0.96527123,0.8779021,-0.39519018,-0.54933286,-0.4788547,-0.48995048,-0.5751597,-0.534676,-0.4439018,-0.48592818,1.287687,1.1864021,-1.4139786,-1.1039171
ROC,2026-02-15T17:30:00,1.6413647,1.6328427,-0.6987156,-0.66666085,1.6879101,1.5839448,0.96527123,0.8692127,0.019177105,-0.5351049,-0.48847616,-0.5006543,-0.5751597,-0.53252125,-0.4439018,-0.49741873,1.287687,1.186968,-1.0785139,-1.1800627
ROC,2026-02-15T17:35:00,1.6515998,1.621626,-0.71623075,-0.707272,1.6949805,1.6200526,0.96527123,0.8342404,-0.39519018,-0.35064808,-0.49809763,-0.51411307,-0.5751597,-0.5242757,-0.49219894,-0.50752914,1.287687,1.2002288,-1.1903355,-1.1099743
ROC,2026-02-15T17:40:00,1.6618347,1.631697,-0.7337459,-0.7142674,1.702051,1.6211948,0.96527123,0.85737276,-0.39519018,-0.38565293,-0.5077191,-0.53028584,-0.5751597,-0.5204656,-0.49219894,-0.5273074,1.287687,1.2011805,-1.1903355,-1.1429522
ROC,2026-02-15T17:45:00,1.6720698,1.6395557,-0.751261,-0.72630066,1.7091216,1.6243718,0.96527123,0.8675905,0.019177105,-0.40475902,-0.51734054,-0.540187,-0.5751597,-0.5217385,-0.49219894,-0.538549,1.287687,1.2009584,-1.302157,-1.1492277
ROC,2026-02-15T17:50:00,1.6823047,1.6403742,-0.7687762,-0.7555606,1.7161921,1.6467059,0.96527123,0.8406575,-0.18800654,-0.30999178,-0.526962,-0.5508425,-0.5751597,-0.5206179,-0.49219894,-0.54418576,1.287687,1.2052525,-1.302157,-1.1581486
ROC,2026-02-15T17:54:00,1.6925398,1.6433952,-0.7862913,-0.7667478,1.7232627,1.6526108,0.96527123,0.8439101,-0.60237384,-0.29783514,-0.5365834,-0.5569046,-0.5751597,-0.5220238,-0.49219894,-0.5523454,1.287687,1.2069339,-1.1903355,-1.170192
ROC,2026-02-15T17:55:00,1.6921111,1.6605489,-0.803028,-0.7665827,1.7303331,1.6381685,0.96527123,0.8704756,-0.39519018,-0.429442,-0.54513586,-0.55906266,-0.5751597,-0.53253716,-0.49219894,-0.55742395,1.287687,1.1982946,-1.0785139,-1.1571918
ROC,2026-02-15T18:00:00,1.6916825,1.6700215,-0.8197647,-0.78867686,1.7374036,1.6434397,0.96527123,0.8665595,-0.39519018,-0.44862399,-0.5536882,-0.56276965,-0.5751597,-0.5375318,-0.49219894,-0.55783355,1.287687,1.1935422,-1.1903355,-1.1001073
ROC,2026-02-15T18:05:00,1.6912538,1.6791948,-0.83650136,-0.8049226,1.7444742,1.6485095,0.96527123,0.86449206,-0.8095575,-0.45671317,-0.56224066,-0.5710252,-0.5751597,-0.5325877,-0.49219894,-0.5678299,1.287687,1.1929666,-1.1903355,-1.1263385
ROC,2026-02-15T18:10:00,1.690825,1.693326,-0.85323805,-0.805474,1.7515447,1.634329,0.96527123,0.8931687,0.019177105,-0.57261646,-0.5707931,-0.5742591,-0.5751597,-0.5315819,-0.49219894,-0.5773777,1.287687,1.1859695,-1.4139786,-1.1564316
ROC,2026-02-15T18:15:00,1.6903963,1.6833373,-0.86997473,-0.84238875,1.7586153,1.6655183,0.96527123,0.8528296,-0.8095575,-0.39085555,-0.57934546,-0.59091365,-0.5751597,-0.5233419,-0.54049605,-0.59078014,1.287687,1.1945095,-1.6376216,-1.1835054
ROC,2026-02-15T18:20:00,1.6899676,1.7093908,-0.8867114,-0.83366615,1.7656858,1.641594,0.96527123,0.8954798,-0.60237384,-0.5726548,-0.5878979,-0.60069674,-0.5751597,-0.52510947,-0.54049605,-0.6056762,1.287687,1.1813794,-1.6376216,-1.3282553
ROC,2026-02-15T18:25:00,1.689539,1.7167418,-0.9034481,-0.84884673,1.7727562,1.6439061,0.96527123,0.8923365,-0.60237384,-0.58214664,-0.59645027,-0.610701,-0.5751597,-0.52367336,-0.54049605,-0.6188842,1.287687,1.1796417,-1.6376216,-1.3858875
ROC,2026-02-15T18:30:00,1.6891103,1.7211559,-0.9201848,-0.8673275,1.7798268,1.6464669,0.6794318,0.89507085,-0.39519018,-0.5830197,-0.6050027,-0.61669886,-0.5751597,-0.52497756,-0.54049605,-0.6254631,1.287687,1.1756756,-1.7494432,-1.4106417
ROC,2026-02-15T18:35:00,1.6886816,1.7233886,-0.9369215,-0.8754918,1.7868973,1.6613787,0.6794318,0.76387525,-0.39519018,-0.52563566,-0.6135551,-0.6251479,-0.5751597,-0.5153707,-0.54049605,-0.62791455,1.287687,1.180493,-1.5258001,-1.4294293
ROC,2026-02-15T18:40:00,1.6882529,1.7194113,-0.95365816,-0.8891689,1.7939678,1.6739471,0.96527123,0.68993574,-0.60237384,-0.47084585,-0.6221075,-0.62952554,-0.5751597,-0.5176882,-0.58879316,-0.6293932,1.287687,1.1834681,-1.6376216,-1.3607316
ROC,2026-02-15T18:45:00,1.6878242,1.7293558,-0.97039485,-0.9108603,1.8010384,1.667867,0.6794318,0.80154437,-0.18800654,-0.530632,-0.63065994,-0.6390246,-0.5751597,-0.5269793,-0.58879316,-0.6439908,1.287687,1.1733612,-1.4139786,-1.402036
ROC,2026-02-15T18:50:00,1.6873955,1.7209519,-0.98713154,-0.9354529,1.8081089,1.6932855,0.6794318,0.7034648,-0.18800654,-0.40847483,-0.6392123,-0.6485133,-0.5751597,-0.5209689,-0.58879316,-0.6460703,1.287687,1.1810468,-1.302157,-1.3079708
ROC,2026-02-15T18:54:00,1.6869668,1.7106453,-1.0038682,-0.95194036,1.8151793,1.7123278,0.96527123,0.65458393,-0.18800654,-0.3052992,-0.64776474,-0.661394,-0.5751597,-0.5128832,-0.58879316,-0.660282,1.287687,1.1909171,-1.302157,-1.2452427
ROC,2026-02-15T18:55:00,1.6967195,1.7156376,-1.0198914,-0.98199195,1.8222499,1.7179891,0.96527123,0.76215005,-0.18800654,-0.309998,-0.65417904,-0.671356,-0.5751597,-0.5195521,-0.58879316,-0.67033005,1.287687,1.1842601,-1.4139786,-1.2430506
ROC,2026-02-15T19:00:00,1.7064723,1.7199767,-1.0359144,-1.0006977,1.8293204,1.7237005,0.96527123,0.8190642,-0.18800654,-0.30383658,-0.66059333,-0.6799026,-0.5751597,-0.5168846,-0.6370903,-0.68094397,1.287687,1.1831905,-1.4139786,-1.2785376
ROC,2026-02-15T19:05:00,1.716225,1.7264864,-1.0519376,-1.0160534,1.836391,1.7308285,0.96527123,0.8409854,0.019177105,-0.3010115,-0.6670076,-0.6921117,-0.5751597,-0.51428443,-0.6370903,-0.69393736,1.287687,1.1839437,-1.4139786,-1.2965662
ROC,2026-02-15T19:10:00,1.7259778,1.7241976,-1.0679607,-1.0370618,1.8434615,1.747456,0.96527123,0.8197969,-0.18800654,-0.21937326,-0.673422,-0.70417035,-0.5751597,-0.5103922,-0.6370903,-0.7076118,1.287687,1.1904817,-1.1903355,-1.2921113
ROC,2026-02-15T19:15:00,1.7357305,1.7257075,-1.0839838,-1.0499792,1.8505319,1.7506076,0.96527123,0.82472086,-0.39519018,-0.2278263,-0.6798363,-0.7072209,-0.5751597,-0.51635635,-0.6370903,-0.71153593,1.287687,1.189899,-1.4139786,-1.2233332
ROC,2026-02-15T19:20:00,1.7454833,1.7444005,-1.1000069,-1.0501549,1.8576025,1.7415593,0.96527123,0.8557843,-0.18800654,-0.33923984,-0.68625057,-0.71253383,-0.5751597,-0.5161935,-0.6370903,-0.7181059,1.287687,1.1830962,-1.302157,-1.2838337
ROC,2026-02-15T19:25:00,1.7552359,1.7437876,-1.11603,-1.0690143,1.864673,1.7512877,0.96527123,0.8345479,0.22636075,-0.2976915,-0.69266486,-0.71855015,-0.5751597,-0.518112,-0.6370903,-0.7260998,1.287687,1.1856145,-1.5258001,-1.2436018
ROC,2026-02-15T19:30:00,1.7649887,1.7305657,-1.1320531,-1.0962268,1.8717436,1.7744256,0.96527123,0.805298,-0.39519018,-0.13317075,-0.69907916,-0.72815585,-0.5751597,-0.5107999,-0.6370903,-0.73601866,1.287687,1.1933355,-1.6376216,-1.2601031
ROC,2026-02-15T19:35:00,1.7747414,1.750497,-1.1480762,-1.0873934,1.8788141,1.7602249,0.96527123,0.84848076,0.019177105,-0.27839872,-0.70549345,-0.7321492,-0.5751597,-0.51172,-0.68538743,-0.74280727,1.287687,1.1860659,-1.5258001,-1.3591452
ROC,2026-02-15T19:40:00,1.7844942,1.7508514,-1.1640993,-1.112478,1.8858846,1.7789304,0.96527123,0.8329935,0.019177105,-0.20005876,-0.7119078,-0.7442274,-0.5751597,-0.5057315,-0.68538743,-0.75345224,1.287687,1.190416,-1.4139786,-1.3519452
ROC,2026-02-15T19:45:00,1.7942469,1.7515123,-1.1801225,-1.1326083,1.8929551,1.7929775,0.96527123,0.825141,-0.18800654,-0.1500909,-0.7183221,-0.7549678,-0.5751597,-0.5027677,-0.68538743,-0.7629539,1.287687,1.1936947,-1.5258001,-1.3173231
ROC,2026-02-15T19:50:00,1.8039997,1.7607981,-1.1961455,-1.1400697,1.9000256,1.791332,0.96527123,0.84469545,0.019177105,-0.19194454,-0.7247364,-0.76337886,-0.5751597,-0.5004753,-0.68538743,-0.77494043,1.287687,1.1928992,-1.4139786,-1.3512965
ROC,2026-02-15T19:54:00,1.8137524,1.758966,-1.2121687,-1.161763,1.9070961,1.8021299,0.96527123,0.83343273,-0.39519018,-0.14114016,-0.7311507,-0.7665147,-0.5751597,-0.50446165,-0.68538743,-0.77645427,1.287687,1.1931877,-1.5258001,-1.2988142
ROC,2026-02-15T19:55:00,1.8105907,1.7822192,-1.1953022,-1.1617714,1.9070961,1.7916111,0.96527123,0.8640697,-0.39519018,-0.28477043,-0.7311507,-0.7711685,-0.5751597,-0.5061163,-0.68538743,-0.78228843,1.2941844,1.1856657,-1.6376216,-1.3570814
ROC,2026-02-15T20:00:00,1.8074292,1.7922018,-1.1784358,-1.159067,1.9070961,1.782922,0.96527123,0.8752608,-0.18800654,-0.34870604,-0.7311507,-0.77214,-0.5751597,-0.5075597,-0.68538743,-0.78657,1.300682,1.182491,-1.6376216,-1.4007868
ROC,2026-02-15T20:05:00,1.8042675,1.7876477,-1.1615694,-1.1592138,1.9070961,1.7897741,0.96527123,0.86041987,-1.0167412,-0.29200488,-0.7311507,-0.777558,-0.5751597,-0.5010682,-0.68538743,-0.7947239,1.3071793,1.1893094,-1.6376216,-1.4176288
ROC,2026-02-15T20:10:00,1.801106,1.819037,-1.1447029,-1.1261766,1.9070961,1.7540491,0.96527123,0.91267383,-0.18800654,-0.569187,-0.7311507,-0.7734947,-0.5751597,-0.50647,-0.68538743,-0.79365504,1.3136768,1.175584,-1.6376216,-1.5028348
ROC,2026-02-15T20:15:00,1.7979444,1.8072903,-1.1278365,-1.1322103,1.9070961,1.7762957,0.96527123,0.86855644,-0.60237384,-0.42798835,-0.7311507,-0.7811343,-0.5751597,-0.49872804,-0.68538743,-0.799957,1.3201742,1.1890935,-1.5258001,-1.4699525
ROC,2026-02-15T20:20:00,1.7947828,1.8091882,-1.1109701,-1.1128312,1.9070961,1.7685186,0.96527123,0.87490857,-0.39519018,-0.47767803,-0.7311507,-0.7826939,-0.5751597,-0.50035566,-0.68538743,-0.8026216,1.3266717,1.1912694,-1.4139786,-1.445706
ROC,2026-02-15T20:25:00,1.7916212,1.8059354,-1.0941037,-1.1056325,1.9070961,1.7749231,0.96527123,0.8602333,-0.18800654,-0.445435,-0.7311507,-0.7863884,-0.5751597,-0.49819422,-0.68538743,-0.8043164,1.3331692,1.197822,-1.6376216,-1.3955873
ROC,2026-02-15T20:30:00,1.7884595,1.7958024,-1.0772372,-1.0923815,1.9070961,1.7825052,0.96527123,0.8391762,-0.18800654,-0.36698663,-0.7311507,-0.7885899,-0.5751597,-0.49665666,-0.68538743,-0.80628693,1.3396666,1.2074531,-1.5258001,-1.4043376
ROC,2026-02-15T20:35:00,1.785298,1.794354,-1.0603708,-1.0788231,1.9070961,1.7886443,0.96527123,0.8219996,-0.18800654,-0.3405724,-0.7311507,-0.79107237,-0.5751597,-0.494812,-0.68538743,-0.80581456,1.3461641,1.2141451,-1.5258001,-1.3973016
ROC,2026-02-15T20:40:00,1.7821363,1.7921969,-1.0435044,-1.0630299,1.9070961,1.7908708,0.96527123,0.81673145,-0.39519018,-0.32388598,-0.7311507,-0.7919524,-0.5751597,-0.49269912,-0.68538743,-0.80561286,1.3526615,1.2205054,-1.7494432,-1.3984934
ROC,2026-02-15T20:45:00,1.7789748,1.7972572,-1.0266379,-1.0355235,1.9070961,1.7800299,0.96527123,0.8406295,-0.39519018,-0.3813256,-0.7311507,-0.7932958,-0.5751597,-0.48811737,-0.68538743,-0.8108578,1.359159,1.2240463,-1.6376216,-1.4861273
ROC,2026-02-15T20:50:00,1.7758132,1.8073525,-1.0097715,-1.0180732,1.9070961,1.772855,0.96527123,0.8367845,-0.18800654,-0.4491167,-0.7311507,-0.79040587,-0.5751597,-0.4902834,-0.68538743,-0.8038538,1.3656565,1.2218801,-1.4139786,-1.5032233
ROC,2026-02-15T20:54:00,1.7726516,1.7951564,-0.9929051,-1.0126704,1.9070961,1.7861656,0.96527123,0.8195116,-0.18800654,-0.35777262,-0.7311507,-0.79320836,-0.5751597,-0.48773018,-0.68538743,-0.8075125,1.3721539,1.2351911,-1.5258001,-1.4205172
ROC,2026-02-15T20:55:00,1.746287,1.7901407,-0.9008533,-0.99670714,1.8788141,1.7868819,0.96527123,0.81495947,-0.18800654,-0.3370538,-0.7332888,-0.79240805,-0.5751597,-0.48947528,-0.68538743,-0.80492693,1.3786514,1.2405765,-1.6376216,-1.4047613
ROC,2026-02-15T21:00:00,1.7199225,1.7800092,-0.8088015,-0.9457853,1.8505319,1.7780823,0.96527123,0.80561537,-0.39519018,-0.32958457,-0.7354269,-0.79213816,-0.5751597,-0.48887613,-0.73368454,-0.80516285,1.3851489,1.2510903,-1.6376216,-1.425476
ROC,2026-02-15T21:05:00,1.693558,1.7739285,-0.7167497,-0.87403595,1.8222499,1.7572683,0.96527123,0.8152422,-0.18800654,-0.38779643,-0.737565,-0.7968778,-0.5751597,-0.48637137,-0.73368454,-0.8127389,1.3916463,1.2618303,-1.7494432,-1.4652046
ROC,2026-02-15T21:10:00,1.6671934,1.7570598,-0.6246979,-0.7989184,1.7939678,1.7447703,0.96527123,0.794555,-0.18800654,-0.3637612,-0.7397031,-0.7998363,-0.5751597,-0.48374534,-0.73368454,-0.8158167,1.3981438,1.2771177,-2.0849078,-1.4989326
ROC,2026-02-15T21:15:00,1.6408288,1.7412058,-0.5326461,-0.71054375,1.7656858,1.7221228,0.96527123,0.7868019,-0.18800654,-0.37073433,-0.7418412,-0.8005333,-0.5751597,-0.4792525,-0.73368454,-0.8182402,1.4046412,1.2890928,-2.0849078,-1.6230963
ROC,2026-02-15T21:20:00,1.6144643,1.7242547,-0.44059435,-0.625211,1.7374036,1.7003981,0.96527123,0.7810174,0.22636075,-0.37620357,-0.7439793,-0.79995906,-0.5751597,-0.47440276,-0.73368454,-0.81714326,1.4111387,1.2993237,-2.1967294,-1.706142
ROC,2026-02-15T21:25:00,1.5880998,1.6915544,-0.34854254,-0.5462594,1.7091216,1.6950032,0.96527123,0.7358882,0.019177105,-0.251121,-0.7461174,-0.7986655,-0.5751597,-0.47117317,-0.73368454,-0.81207365,1.4176362,1.3170729,-2.3085508,-1.7437863
ROC,2026-02-15T21:30:00,1.5617353,1.6652607,-0.25649077,-0.45286727,1.6808395,1.67169,0.96527123,0.74070203,-0.39519018,-0.2326347,-0.7482555,-0.79385495,-0.5751597,-0.4730288,-0.73368454,-0.8089302,1.4241335,1.3307269,-2.3085508,-1.8016247
ROC,2026-02-15T21:35:00,1.5353707,1.6561073,-0.16443898,-0.35004023,1.6525574,1.6288942,0.96527123,0.77068824,-0.39519018,-0.36754435,-0.7503936,-0.7851678,-0.5751597,-0.4785737,-0.73368454,-0.8027347,1.430631,1.3329816,-2.0849078,-1.8683271
ROC,2026-02-15T21:40:00,1.5090061,1.6405636,-0.07238719,-0.26380378,1.6242753,1.601484,0.96527123,0.78042305,-0.18800654,-0.42156744,-0.7525317,-0.78038293,-0.5751597,-0.48322836,-0.73368454,-0.7979879,1.4371284,1.3406962,-2.0849078,-1.8336384
ROC,2026-02-15T21:45:00,1.4826417,1.6180564,0.019664602,-0.18236944,1.5959933,1.5848786,0.96527123,0.771087,0.019177105,-0.39510697,-0.7546698,-0.7832782,-0.5751597,-0.48214388,-0.73368454,-0.79839367,1.4436259,1.3525001,-2.0849078,-1.807443
ROC,2026-02-15T21:50:00,1.4562771,1.5876305,0.11171639,-0.10090674,1.5677112,1.5762626,0.96527123,0.7534544,-0.18800654,-0.30529067,-0.7568079,-0.7880275,-0.5751597,-0.47889328,-0.73368454,-0.80148524,1.4501234,1.3712238,-2.0849078,-1.783539
ROC,2026-02-15T21:54:00,1.4299126,1.5685726,0.20376818,-0.004318334,1.5394291,1.549338,0.96527123,0.7648053,-0.18800654,-0.33300027,-0.758946,-0.7901883,-0.5751597,-0.47368127,-0.73368454,-0.80414397,1.4566208,1.3811126,-1.9730862,-1.814538
ROC,2026-02-15T21:55:00,1.4166768,1.5476289,0.22407277,0.08874769,1.5252881,1.5259162,0.96527123,0.76634115,0.019177105,-0.3447609,-0.757877,-0.7912651,-0.5751597,-0.4709032,-0.73368454,-0.80476755,1.4501234,1.3918241,-2.0849078,-1.7975914
ROC,2026-02-15T22:00:00,1.4034408,1.523018,0.24437736,0.14830592,1.511147,1.518493,0.96527123,0.76429284,0.019177105,-0.2705261,-0.7568079,-0.79612625,-0.5751597,-0.46590662,-0.73368454,-0.8112954,1.4436259,1.4058223,-1.9730862,-1.8142319
ROC,2026-02-15T22:05:00,1.390205,1.5031284,0.26468194,0.19000006,1.4970059,1.5096598,0.96527123,0.7714055,0.019177105,-0.2230244,-0.75573885,-0.7975591,-0.5751597,-0.46540105,-0.73368454,-0.81133306,1.4371284,1.4110553,-1.8612647,-1.7892673
ROC,2026-02-15T22:10:00,1.3769691,1.4884225,0.28498653,0.22135612,1.482865,1.4993621,0.96527123,0.77947193,0.019177105,-0.2037262,-0.7546698,-0.7962877,-0.5751597,-0.46713656,-0.73368454,-0.80553585,1.430631,1.4093901,-1.9730862,-1.7395651
ROC,2026-02-15T22:15:00,1.3637333,1.4763365,0.30529112,0.25025094,1.4687239,1.486921,0.96527123,0.7904368,0.019177105,-0.19861388,-0.7536008,-0.79582363,-0.5751597,-0.47066993,-0.73368454,-0.8026342,1.4241335,1.4068086,-1.9730862,-1.7411803
ROC,2026-02-15T22:20:00,1.3504974,1.4643743,0.3255957,0.27587152,1.4545828,1.4764673,0.96527123,0.79777956,-0.18800654,-0.18600923,-0.7525317,-0.7989965,-0.5751597,-0.4723352,-0.73368454,-0.8055558,1.4176362,1.4057635,-1.9730862,-1.7406026
ROC,2026-02-15T22:25:00,1.3372616,1.4591237,0.3459003,0.30686983,1.4404418,1.4570619,0.96527123,0.8233525,0.019177105,-0.24057403,-0.75146264,-0.8013722,-0.5751597,-0.472936,-0.73368454,-0.81077254,1.4111387,1.4013294,-1.9730862,-1.7596337
ROC,2026-02-15T22:30:00,1.3240258,1.4465942,0.3662049,0.32357004,1.4263008,1.4524198,0.96527123,0.82228595,-0.18800654,-0.19992179,-0.7503936,-0.8075524,-0.5751597,-0.46957332,-0.73368454,-0.8153554,1.4046412,1.4007753,-1.8612647,-1.7535582
ROC,2026-02-15T22:35:00,1.3107898,1.4399369,0.38650948,0.34878576,1.4121597,1.4360993,0.96527123,0.8380232,-0.18800654,-0.24080864,-0.74932456,-0.80793107,-0.5751597,-0.4726849,-0.73368454,-0.8153326,1.3981438,1.3948374,-1.9730862,-1.7211415
ROC,2026-02-15T22:40:00,1.297554,1.433329,0.40681407,0.37181845,1.3980187,1.4219847,0.96527123,0.8539458,-0.39519018,-0.26396298,-0.7482555,-0.8124377,-0.5751597,-0.46866602,-0.73368454,-0.8221736,1.3916463,1.3911923,-1.9730862,-1.7546347
ROC,2026-02-15T22:45:00,1.2843181,1.4315174,0.42711866,0.3998194,1.3838776,1.3979635,0.96527123,0.8728348,0.22636075,-0.34985545,-0.7471865,-0.81214696,-0.5751597,-0.4692656,-0.73368454,-0.8241933,1.3851489,1.3810402,-2.0849078,-1.7832586
ROC,2026-02-15T22:50:00,1.2710823,1.4052912,0.44742322,0.39927733,1.3697366,1.410026,0.96527123,0.83327717,0.22636075,-0.18102887,-0.7461174,-0.81926477,-0.5751597,-0.46747175,-0.73368454,-0.8269905,1.3786514,1.3876789,-1.9730862,-1.7752863
ROC,2026-02-15T22:54:00,1.2578465,1.3823005,0.4677278,0.4105049,1.3555956,1.4122194,0.96527123,0.81480896,-0.18800654,-0.075238846,-0.74504834,-0.82189256,-0.5751597,-0.4664696,-0.73368454,-0.8263838,1.3721539,1.3905172,-1.9730862,-1.738695
ROC,2026-02-15T22:55:00,1.2446642,1.378982,0.4891352,0.44590038,1.3414545,1.3857468,0.96527123,0.8439418,-0.18800654,-0.17241263,-0.7439793,-0.8186,-0.5751597,-0.46896106,-0.73368454,-0.82478446,1.3656565,1.3802769,-2.0849078,-1.7594063
ROC,2026-02-15T23:00:00,1.2314819,1.376627,0.51054263,0.47142717,1.3273134,1.3646817,0.96527123,0.8592822,0.019177105,-0.2365607,-0.74291027,-0.81772184,-0.5751597,-0.4705363,-0.73368454,-0.8241217,1.359159,1.3700609,-2.0849078,-1.8051401
ROC,2026-02-15T23:05:00,1.2182996,1.3611943,0.53195,0.48509404,1.3131725,1.3596458,0.96527123,0.8477849,0.22636075,-0.18539271,-0.7418412,-0.8206265,-0.5751597,-0.46924147,-0.68538743,-0.82637525,1.3526615,1.3693441,-1.9730862,-1.8089268
ROC,2026-02-15T23:10:00,1.2051173,1.3365475,0.55335736,0.4929622,1.2990314,1.362629,0.96527123,0.82431024,0.019177105,-0.07422147,-0.7407721,-0.8153797,-0.5751597,-0.47185722,-0.68538743,-0.8167376,1.3461641,1.37087,-1.9730862,-1.7439817
ROC,2026-02-15T23:15:00,1.1919351,1.3258151,0.5747648,0.520459,1.2848904,1.3467919,0.96527123,0.83501875,0.019177105,-0.095765166,-0.7397031,-0.8111979,-0.5751597,-0.47101006,-0.68538743,-0.8124761,1.3396666,1.3650113,-1.9730862,-1.7421033
ROC,2026-02-15T23:20:00,1.1787528,1.3168015,0.59617215,0.5439266,1.2707493,1.3322519,0.96527123,0.8401164,0.019177105,-0.11453516,-0.73863405,-0.8072783,-0.5751597,-0.4730671,-0.68538743,-0.8069461,1.3331692,1.3582824,-1.9730862,-1.7360519
ROC,2026-02-15T23:25:00,1.1655705,1.3028841,0.6175796,0.56786597,1.2566082,1.3198992,0.96527123,0.84468067,0.22636075,-0.1067146,-0.737565,-0.80762655,-0.5751597,-0.4692094,-0.68538743,-0.8104206,1.3266717,1.3576235,-1.9730862,-1.745217
ROC,2026-02-15T23:30:00,1.1523882,1.280852,0.63898695,0.58248365,1.2424673,1.3182398,0.96527123,0.83175683,0.4335444,-0.022905815,-0.736496,-0.80976063,-0.5751597,-0.46603394,-0.68538743,-0.81216884,1.3201742,1.3606085,-1.9730862,-1.7307045
ROC,2026-02-15T23:35:00,1.139206,1.2578965,0.6603944,0.5923462,1.2283262,1.3214902,0.96527123,0.81056595,0.019177105,0.089827694,-0.7354269,-0.81154156,-0.5751597,-0.46469584,-0.68538743,-0.80917984,1.3136768,1.3624185,-1.8612647,-1.704409
ROC,2026-02-15T23:40:00,1.1260238,1.2546961,0.68180174,0.630184,1.2141851,1.2960858,0.96527123,0.8339349,-0.18800654,-0.007877458,-0.73435783,-0.80640614,-0.5751597,-0.46699294,-0.68538743,-0.8045884,1.3071793,1.352174,-1.8612647,-1.6928984
ROC,2026-02-15T23:45:00,1.1128415,1.2555027,0.70320916,0.66639173,1.2000442,1.2664199,0.96527123,0.8614373,0.22636075,-0.1342068,-0.7332888,-0.8018927,-0.5751597,-0.46862018,-0.68538743,-0.8038942,1.300682,1.3404148,-1.8612647,-1.7062176
ROC,2026-02-15T23:50:00,1.0996592,1.2328174,0.7246165,0.6736721,1.1859031,1.2670388,0.96527123,0.8381866,-0.18800654,-0.03604255,-0.73221976,-0.80073446,-0.5751597,-0.46911535,-0.68538743,-0.80162805,1.2941844,1.3434372,-1.8612647,-1.6694808
ROC,2026-02-15T23:54:00,1.0864769,1.2320349,0.74602395,0.707807,1.171762,1.2378297,0.96527123,0.8590514,-0.18800654,-0.15217155,-0.7311507,-0.7943728,-0.5751597,-0.47239304,-0.73368454,-0.79687834,1.287687,1.3300831,-1.8612647,-1.6885452
ROC,2026-02-15T23:55:00,1.0836369,1.2293334,0.7456347,0.730985,1.1646916,1.217412,0.96527123,0.8634525,-0.39519018,-0.21531734,-0.7300816,-0.79713994,-0.5751597,-0.47542304,-0.68538743,-0.8003724,1.2811896,1.3204104,-1.8612647,-1.6931
ROC,2026-02-16T00:00:00,1.0807967,1.2322011,0.74524546,0.748745,1.157621,1.1926719,0.96527123,0.88442004,-0.39519018,-0.32180277,-0.7290126,-0.7915879,-0.5751597,-0.47603312,-0.68538743,-0.7977664,1.274692,1.3059332,-1.8612647,-1.7143536
ROC,2026-02-16T00:05:00,1.0779567,1.2298218,0.74485624,0.753668,1.1505505,1.1769242,0.96527123,0.89331245,-0.39519018,-0.37112218,-0.72794354,-0.78931904,-0.5751597,-0.47599334,-0.68538743,-0.7979781,1.2681947,1.2959254,-1.8612647,-1.7217779
ROC,2026-02-16T00:10:00,1.0751166,1.2240111,0.744467,0.7553496,1.14348,1.1646125,0.96527123,0.893825,-0.39519018,-0.3945207,-0.7268745,-0.78867155,-0.5751597,-0.47536588,-0.73368454,-0.79934245,1.2616972,1.2881725,-1.8612647,-1.7248144
ROC,2026-02-16T00:15:00,1.0722765,1.2251713,0.7440778,0.75114113,1.1364094,1.1565542,0.96527123,0.8907855,-0.18800654,-0.41963622,-0.72580546,-0.7940628,-0.5751597,-0.47965708,-0.73368454,-0.8031653,1.2551997,1.2785062,-1.8612647,-1.716802
ROC,2026-02-16T00:20:00,1.0694364,1.2185248,0.7436886,0.7379199,1.1293389,1.1610746,0.96527123,0.87621063,-0.39519018,-0.3615181,-0.7247364,-0.80093676,-0.5751597,-0.48252183,-0.73368454,-0.80639094,1.2487023,1.2749978,-1.9730862,-1.6913401
ROC,2026-02-16T00:25:00,1.0665964,1.2159183,0.74329937,0.7408789,1.1222684,1.1463475,0.96527123,0.8902337,-0.39519018,-0.40105364,-0.7236673,-0.802051,-0.5751597,-0.4818856,-0.73368454,-0.8098366,1.2422048,1.2658558,-1.8612647,-1.7450331
ROC,2026-02-16T00:30:00,1.0637562,1.215682,0.74291015,0.7381978,1.1151979,1.1382179,0.96527123,0.8906074,-0.39519018,-0.42407012,-0.7225983,-0.80119157,-0.5751597,-0.4864905,-0.73368454,-0.80718017,1.2357073,1.2562026,-1.9730862,-1.7203405
ROC,2026-02-16T00:35:00,1.0609162,1.2157749,0.74252087,0.73749715,1.1081274,1.1286055,0.96527123,0.8925054,-0.60237384,-0.44604465,-0.72152925,-0.8048761,-0.5751597,-0.48818994,-0.73368454,-0.8105665,1.2292099,1.2471168,-1.8612647,-1.7499142
ROC,2026-02-16T00:40:00,1.0580761,1.2220659,0.74213165,0.74130666,1.1010568,1.1111674,0.96527123,0.9018715,-0.8095575,-0.52933514,-0.7204602,-0.79935753,-0.5751597,-0.4936201,-0.68538743,-0.8052337,1.2227124,1.2326634,-1.8612647,-1.734786
ROC,2026-02-16T00:45:00,1.055236,1.2313372,0.74174243,0.74809945,1.0939863,1.08667,0.96527123,0.91766226,-0.60237384,-0.6498658,-0.7193911,-0.78724134,-0.5751597,-0.4977035,-0.68538743,-0.7956919,1.216215,1.214649,-1.7494432,-1.7438945
ROC,2026-02-16T00:50:00,1.0523959,1.2257038,0.7413532,0.7384773,1.0869157,1.0850931,0.96527123,0.9100729,-0.60237384,-0.6344029,-0.7183221,-0.78436273,-0.5751597,-0.49954495,-0.68538743,-0.7922464,1.2097175,1.2094404,-1.7494432,-1.6836734
ROC,2026-02-16T00:54:00,1.0495559,1.2219335,0.740964,0.73526907,1.0798453,1.0800833,0.96527123,0.90189224,-0.39519018,-0.6338904,-0.717253,-0.7852255,-0.5751597,-0.5016276,-0.68538743,-0.7926415,1.20322,1.2037824,-1.7494432,-1.6535573
ROC,2026-02-16T00:55:00,1.06456,1.2075361,0.740964,0.72670895,1.0798453,1.0852404,0.96527123,0.88476205,-0.39519018,-0.557783,-0.71083874,-0.789967,-0.5751597,-0.5005957,-0.68538743,-0.7964225,1.20322,1.2053244,-1.7494432,-1.6238561
ROC,2026-02-16T01:00:00,1.0795642,1.203181,0.740964,0.7226298,1.0798453,1.0875723,0.96527123,0.8814627,-0.39519018,-0.52366364,-0.70442444,-0.7935378,-0.5751597,-0.49750537,-0.68538743,-0.7990751,1.20322,1.2049397,-1.8612647,-1.617208
ROC,2026-02-16T01:05:00,1.0945685,1.203423,0.740964,0.72263503,1.0798453,1.0864315,0.96527123,0.87887114,-0.60237384,-0.51672345,-0.69801015,-0.79421693,-0.5751597,-0.49809036,-0.68538743,-0.7990718,1.20322,1.2037873,-1.8612647,-1.6543858
ROC,2026-02-16T01:10:00,1.1095726,1.2139336,0.740964,0.7296687,1.0798453,1.0747689,0.96527123,0.88973373,-0.8095575,-0.58784276,-0.6915958,-0.79304683,-0.5751597,-0.4968359,-0.6370903,-0.8001605,1.20322,1.1970056,-1.9730862,-1.6960062
ROC,2026-02-16T01:15:00,1.1245769,1.2323154,0.740964,0.73917747,1.0798453,1.0539641,0.96527123,0.9028895,-0.8095575,-0.7136713,-0.6851815,-0.77892774,-0.5751597,-0.5013535,-0.6370903,-0.78788733,1.20322,1.1832589,-2.0849078,-1.7671818
ROC,2026-02-16T01:20:00,1.1395811,1.2489357,0.740964,0.7395113,1.0798453,1.0408494,0.96527123,0.90531576,-0.8095575,-0.79246026,-0.6787672,-0.76720244,-0.5751597,-0.50547147,-0.6370903,-0.77621573,1.20322,1.172214,-2.0849078,-1.8355609
ROC,2026-02-16T01:25:00,1.1545854,1.2557373,0.740964,0.7345618,1.0798453,1.0354652,0.96527123,0.9021556,-0.60237384,-0.8245416,-0.6723529,-0.7601136,-0.5751597,-0.5084562,-0.6370903,-0.77026784,1.20322,1.1672108,-2.1967294,-1.8620281
ROC,2026-02-16T01:30:00,1.1695895,1.2542316,0.740964,0.72413886,1.0798453,1.0420877,0.96527123,0.89021474,-0.60237384,-0.77882475,-0.6659386,-0.7613278,-0.5751597,-0.50771713,-0.6370903,-0.7706607,1.20322,1.1694092,-2.1967294,-1.8972522
ROC,2026-02-16T01:35:00,1.1845938,1.2502731,0.740964,0.71720326,1.0798453,1.0470364,0.96527123,0.8861715,-0.39519018,-0.7431093,-0.65952426,-0.76267284,-0.5751597,-0.5046958,-0.58879316,-0.77289546,1.20322,1.1723062,-2.1967294,-1.9182045
ROC,2026-02-16T01:40:00,1.199598,1.2397391,0.740964,0.7084909,1.0798453,1.0608108,0.96527123,0.8733939,-0.39519018,-0.6520398,-0.65310997,-0.75958616,-0.5751597,-0.50130355,-0.58879316,-0.76849717,1.20322,1.1804956,-2.0849078,-1.9129696
ROC,2026-02-16T01:45:00,1.2146021,1.2341506,0.740964,0.70479304,1.0798453,1.0716223,0.96527123,0.86883295,-0.8095575,-0.5940612,-0.6466957,-0.756303,-0.5751597,-0.4982323,-0.58879316,-0.76409304,1.20322,1.187769,-2.1967294,-1.8747406
ROC,2026-02-16T01:50:00,1.2296064,1.2547917,0.740964,0.72110206,1.0798453,1.0520775,0.96527123,0.89289105,-0.8095575,-0.72861624,-0.6402814,-0.7466795,-0.5751597,-0.49808004,-0.58879316,-0.75703484,1.20322,1.1771519,-2.0849078,-1.9409351
ROC,2026-02-16T01:54:00,1.2446105,1.271495,0.740964,0.72391814,1.0798453,1.0447491,0.96527123,0.89839464,-1.0167412,-0.79958147,-0.6338671,-0.73603237,-0.5751597,-0.5016491,-0.58879316,-0.74618334,1.20322,1.1717178,-2.0849078,-1.9234017
ROC,2026-02-16T01:55:00,1.2338933,1.2938243,0.740964,0.72986174,1.0798453,1.0285852,0.96527123,0.9075624,-1.0167412,-0.91597104,-0.6338671,-0.72444254,-0.5751597,-0.5039075,-0.58879316,-0.7369458,1.20322,1.1617011,-2.0849078,-1.9357424
ROC,2026-02-16T02:00:00,1.223176,1.3065447,0.740964,0.72875905,1.0798453,1.0198951,0.96527123,0.90838766,-1.0167412,-0.97814095,-0.6338671,-0.71794164,-0.5751597,-0.5064418,-0.58879316,-0.7318776,1.20322,1.1553049,-2.0849078,-1.9353727
ROC,2026-02-16T02:05:00,1.2124587,1.3116249,0.740964,0.72611433,1.0798453,1.0145283,0.96527123,0.9064715,-1.0167412,-1.0087883,-0.6338671,-0.7161199,-0.5751597,-0.5046514,-0.58879316,-0.7325589,1.20322,1.1518782,-2.0849078,-1.9392765
ROC,2026-02-16T02:10:00,1.2017415,1.3131837,0.740964,0.723287,1.0798453,1.0109671,0.96527123,0.9047863,-0.8095575,-1.0249981,-0.6338671,-0.7154946,-0.5751597,-0.5033015,-0.58879316,-0.73348826,1.20322,1.148992,-2.1967294,-1.9403248
ROC,2026-02-16T02:15:00,1.1910241,1.3039465,0.740964,0.7150797,1.0798453,1.0178719,0.96527123,0.89667857,-1.0167412,-0.96918404,-0.6338671,-0.717254,-0.5751597,-0.49937555,-0.58879316,-0.7350261,1.20322,1.1530617,-1.9730862,-1.9666946
ROC,2026-02-16T02:20:00,1.1803068,1.2997279,0.740964,0.7158715,1.0798453,1.0145974,0.96527123,0.89888877,-1.0167412,-0.98593426,-0.6338671,-0.71209574,-0.5751597,-0.50101656,-0.58879316,-0.730829,1.20322,1.150782,-1.9730862,-1.910327
ROC,2026-02-16T02:25:00,1.1695895,1.3048497,0.740964,0.71822625,1.0798453,1.0090833,0.96527123,0.89905965,-0.8095575,-1.0146384,-0.6338671,-0.70729375,-0.5751597,-0.50425625,-0.58879316,-0.7244204,1.20322,1.1453674,-2.0849078,-1.8795962
ROC,2026-02-16T02:30:00,1.1588722,1.3006332,0.740964,0.7151627,1.0798453,1.014227,0.96527123,0.88937145,-0.8095575,-0.972926,-0.6338671,-0.70574504,-0.5751597,-0.50651103,-0.58879316,-0.719612,1.20322,1.147234,-2.0849078,-1.8842359
ROC,2026-02-16T02:35:00,1.148155,1.298529,0.740964,0.7167764,1.0798453,1.0154856,0.96527123,0.8842442,-0.8095575,-0.9507277,-0.6338671,-0.7026198,-0.5751597,-0.50879914,-0.58879316,-0.7134763,1.20322,1.146581,-2.0849078,-1.8833514
ROC,2026-02-16T02:40:00,1.1374377,1.2948313,0.740964,0.71918833,1.0798453,1.0150735,0.96527123,0.8820931,-0.8095575,-0.93452895,-0.6338671,-0.6999536,-0.5751597,-0.5105907,-0.58879316,-0.70911294,1.20322,1.1455196,-2.0849078,-1.8814367
ROC,2026-02-16T02:45:00,1.1267203,1.2904229,0.740964,0.72177035,1.0798453,1.0145636,0.96527123,0.8825645,-0.8095575,-0.9214465,-0.6338671,-0.69874996,-0.5751597,-0.51064897,-0.58879316,-0.7073733,1.20322,1.1446831,-1.8612647,-1.8823471
ROC,2026-02-16T02:50:00,1.116003,1.281995,0.740964,0.7214663,1.0798453,1.0181593,0.96527123,0.87973917,-0.60237384,-0.8951453,-0.6338671,-0.6964643,-0.5751597,-0.5133504,-0.58879316,-0.7044056,1.20322,1.1465002,-1.9730862,-1.7945383
ROC,2026-02-16T02:54:00,1.1052858,1.2687732,0.740964,0.7169239,1.0798453,1.028949,0.96527123,0.8741078,-0.60237384,-0.8182649,-0.6338671,-0.70094186,-0.5751597,-0.50825834,-0.58879316,-0.7082019,1.20322,1.1539094,-1.9730862,-1.7867955
ROC,2026-02-16T02:55:00,1.1165389,1.2587777,0.71897274,0.7175977,1.0869157,1.0337732,0.96527123,0.8710485,-0.60237384,-0.7753708,-0.63065994,-0.6996061,-0.5751597,-0.51120496,-0.58879316,-0.7040834,1.20322,1.1565716,-1.9730862,-1.773855
ROC,2026-02-16T03:00:00,1.1277921,1.2561427,0.69698155,0.7115622,1.0939863,1.0381124,0.96527123,0.8704945,-0.60237384,-0.75314146,-0.6274528,-0.69733506,-0.5751597,-0.5131517,-0.58879316,-0.70037997,1.20322,1.1575831,-1.9730862,-1.7694962
ROC,2026-02-16T03:05:00,1.1390452,1.2567658,0.6749903,0.697808,1.1010568,1.0450369,0.96527123,0.87368697,-0.8095575,-0.73462677,-0.6242456,-0.6976264,-0.5751597,-0.51135695,-0.58879316,-0.70117253,1.20322,1.1599519,-1.9730862,-1.7728798
ROC,2026-02-16T03:10:00,1.1502984,1.2690037,0.65299904,0.6878003,1.1081274,1.0398294,0.96527123,0.88603026,-0.8095575,-0.7973369,-0.62103844,-0.69316393,-0.5751597,-0.51196986,-0.58879316,-0.69908404,1.20322,1.1542212,-1.9730862,-1.7944934
ROC,2026-02-16T03:15:00,1.1615516,1.2795243,0.63100785,0.6695111,1.1151979,1.0409038,0.96527123,0.89118296,-1.2239248,-0.8305386,-0.6178313,-0.69089293,-0.5751597,-0.512543,-0.58879316,-0.6983693,1.20322,1.1508785,-1.9730862,-1.8026237
ROC,2026-02-16T03:20:00,1.1728047,1.3058274,0.6090166,0.66069525,1.1222684,1.0211118,0.96527123,0.91145945,-1.0167412,-0.9893085,-0.61462414,-0.6826697,-0.5751597,-0.5148738,-0.58879316,-0.69550806,1.20322,1.134573,-2.0849078,-1.8439951
ROC,2026-02-16T03:25:00,1.1840578,1.3170801,0.5870254,0.63440114,1.1293389,1.0244305,0.96527123,0.90837806,-1.0167412,-1.0132661,-0.611417,-0.6815119,-0.5751597,-0.5186537,-0.58879316,-0.6950311,1.20322,1.130523,-2.3085508,-1.8749143
ROC,2026-02-16T03:30:00,1.1953111,1.3276892,0.56503415,0.6104797,1.1364094,1.025663,0.96527123,0.9101068,-1.2239248,-1.0342077,-0.60820985,-0.68547016,-0.5751597,-0.51304936,-0.58879316,-0.701587,1.20322,1.1263746,-2.3085508,-1.9817183
ROC,2026-02-16T03:35:00,1.2065642,1.3425698,0.5430429,0.5905606,1.14348,1.0180978,0.96527123,0.9172024,-1.2239248,-1.1042913,-0.6050027,-0.6828638,-0.5751597,-0.5133388,-0.58879316,-0.7015713,1.20322,1.1162603,-2.1967294,-2.0421414
ROC,2026-02-16T03:40:00,1.2178173,1.3522171,0.5210517,0.5646842,1.1505505,1.0205748,0.96527123,0.91795963,-1.0167412,-1.1320612,-0.60179555,-0.6810887,-0.5751597,-0.5155202,-0.58879316,-0.7011204,1.20322,1.1116745,-2.1967294,-2.0246427
ROC,2026-02-16T03:45:00,1.2290705,1.3533728,0.49906045,0.53304714,1.157621,1.0371807,0.96527123,0.91109246,-1.0167412,-1.0837847,-0.5985884,-0.68507457,-0.5751597,-0.5144784,-0.58879316,-0.70443124,1.20322,1.1157843,-2.1967294,-2.0003464
ROC,2026-02-16T03:50:00,1.2403237,1.3597319,0.47706923,0.50754577,1.1646916,1.0487095,0.96527123,0.9081229,-1.0167412,-1.0642239,-0.59538126,-0.685903,-0.5751597,-0.51509464,-0.54049605,-0.7038105,1.20322,1.1166608,-2.1967294,-1.988795
ROC,2026-02-16T03:54:00,1.2515768,1.3646598,0.455078,0.48508576,1.171762,1.0573341,0.96527123,0.9077914,-0.8095575,-1.0532572,-0.5921741,-0.67984855,-0.5751597,-0.51559055,-0.54049605,-0.6970892,1.20322,1.1164387,-2.3085508,-1.9842114
ROC,2026-02-16T03:55:00,1.2403237,1.3691815,0.47706923,0.4607774,1.1646916,1.0730267,0.96527123,0.8994516,-0.8095575,-0.998819,-0.5932431,-0.6772675,-0.5751597,-0.5166164,-0.54049605,-0.69017786,1.20322,1.119315,-2.3085508,-2.0001912
ROC,2026-02-16T04:00:00,1.2290705,1.3657274,0.49906045,0.45604023,1.157621,1.0798808,0.96527123,0.89391327,-0.8095575,-0.95915395,-0.5943122,-0.67624897,-0.5751597,-0.5147677,-0.54049605,-0.6873525,1.20322,1.1229032,-2.4203725,-2.0101688
ROC,2026-02-16T04:05:00,1.2178173,1.3626822,0.5210517,0.46661794,1.1505505,1.0775474,0.96527123,0.8932355,-0.8095575,-0.94459,-0.59538126,-0.6774543,-0.5751597,-0.5070461,-0.54049605,-0.6885859,1.20322,1.1241232,-2.1967294,-2.068609
ROC,2026-02-16T04:10:00,1.2065642,1.3545338,0.5430429,0.4810535,1.14348,1.0776445,0.96527123,0.88801616,-0.8095575,-0.92008424,-0.59645027,-0.6744239,-0.5751597,-0.5076691,-0.54049605,-0.683694,1.20322,1.1272082,-2.1967294,-2.0080376
ROC,2026-02-16T04:15:00,1.1953111,1.3460909,0.56503415,0.5016876,1.1364094,1.0735757,0.96527123,0.88509816,-0.8095575,-0.9112818,-0.59751934,-0.67061394,-0.5751597,-0.50988734,-0.54049605,-0.67860556,1.20322,1.1289455,-2.1967294,-1.9799597
ROC,2026-02-16T04:20:00,1.1840578,1.3366964,0.5870254,0.5236635,1.1293389,1.06868,0.96527123,0.883339,-0.60237384,-0.90466464,-0.5985884,-0.669027,-0.5751597,-0.5095272,-0.54049605,-0.6774996,1.20322,1.1315995,-2.3085508,-1.9722846
ROC,2026-02-16T04:25:00,1.1728047,1.3217174,0.6090166,0.5429065,1.1222684,1.0708971,0.96527123,0.87228173,-0.60237384,-0.8431074,-0.5996574,-0.6702023,-0.5751597,-0.5069058,-0.54049605,-0.6768237,1.20322,1.1385287,-2.3085508,-1.9928675
ROC,2026-02-16T04:30:00,1.1615516,1.3082552,0.63100785,0.5655201,1.1151979,1.0686579,0.96527123,0.86675537,-0.60237384,-0.8055987,-0.6007265,-0.6662183,-0.5751597,-0.50564253,-0.54049605,-0.67135364,1.20322,1.1427966,-2.1967294,-2.004803
ROC,2026-02-16T04:35:00,1.1502984,1.2942286,0.65299904,0.5885075,1.1081274,1.0661249,0.96527123,0.8613626,-0.8095575,-0.77388936,-0.60179555,-0.6622569,-0.5751597,-0.5040986,-0.54049605,-0.66753584,1.20322,1.1481674,-2.0849078,-1.9748375
ROC,2026-02-16T04:40:00,1.1390452,1.2894791,0.6749903,0.6181472,1.1010568,1.0518839,0.96527123,0.87008035,-0.8095575,-0.8201833,-0.6028646,-0.656194,-0.5751597,-0.50445414,-0.54049605,-0.66386944,1.20322,1.1461455,-2.1967294,-1.9418956
ROC,2026-02-16T04:45:00,1.1277921,1.2872256,0.69698155,0.6462343,1.0939863,1.0367213,0.96527123,0.87634057,-0.60237384,-0.8604343,-0.60393363,-0.6544033,-0.5751597,-0.4999825,-0.54049605,-0.66456443,1.20322,1.1429993,-2.0849078,-1.9760628
ROC,2026-02-16T04:50:00,1.1165389,1.270776,0.71897274,0.66286975,1.0869157,1.0398815,0.96527123,0.8633677,-0.60237384,-0.8016834,-0.6050027,-0.65368474,-0.5751597,-0.50199866,-0.54049605,-0.66199034,1.20322,1.1498123,-2.1967294,-1.9210755
ROC,2026-02-16T04:54:00,1.1052858,1.2598962,0.740964,0.6853492,1.0798453,1.0346502,0.96527123,0.86016375,-0.60237384,-0.77955186,-0.60607177,-0.6532443,-0.5751597,-0.50185764,-0.54049605,-0.6603769,1.20322,1.1518104,-2.0849078,-1.9378834
ROC,2026-02-16T04:55:00,1.143225,1.2478538,0.740964,0.7067289,1.0798453,1.0318233,0.96527123,0.8583388,-0.60237384,-0.75437355,-0.6071408,-0.65276146,-0.5751597,-0.50242335,-0.58879316,-0.65897954,1.20322,1.155011,-2.0849078,-1.9024658
ROC,2026-02-16T05:00:00,1.1811641,1.2465327,0.740964,0.7167489,1.0798453,1.0341169,0.96527123,0.8627976,-0.60237384,-0.7423691,-0.60820985,-0.662072,-0.5751597,-0.49882653,-0.58879316,-0.6696364,1.20322,1.1610168,-1.9730862,-1.8970798
ROC,2026-02-16T05:05:00,1.2191035,1.2491584,0.740964,0.71899414,1.0798453,1.0404503,0.96527123,0.8661737,-0.8095575,-0.73255706,-0.6092789,-0.6664988,-0.5751597,-0.49800977,-0.58879316,-0.67459255,1.20322,1.1679051,-1.8612647,-1.8555568
ROC,2026-02-16T05:10:00,1.2570426,1.2624142,0.740964,0.7237602,1.0798453,1.0380414,0.96527123,0.87958354,-0.8095575,-0.7975425,-0.6103479,-0.66580355,-0.5751597,-0.50000226,-0.58879316,-0.67633045,1.20322,1.1687108,-1.8612647,-1.8164321
ROC,2026-02-16T05:15:00,1.2949818,1.2785636,0.740964,0.7223696,1.0798453,1.0383565,0.96527123,0.8851283,-0.8095575,-0.8478047,-0.611417,-0.66512495,-0.5751597,-0.50412154,-0.58879316,-0.6756905,1.20322,1.1690669,-1.9730862,-1.7930021
ROC,2026-02-16T05:20:00,1.332921,1.2970551,0.740964,0.71972007,1.0798453,1.0380037,0.96527123,0.8889729,-1.0167412,-0.89270496,-0.61248606,-0.6680685,-0.5751597,-0.5021747,-0.58879316,-0.67975265,1.20322,1.1691436,-1.7494432,-1.8321123
ROC,2026-02-16T05:25:00,1.3708603,1.3139689,0.740964,0.7164184,1.0798453,1.0356563,0.96527123,0.8950752,-1.0167412,-0.96605045,-0.6135551,-0.6660427,-0.5751597,-0.5058732,-0.58879316,-0.6804072,1.20322,1.1684904,-1.6376216,-1.780968
ROC,2026-02-16T05:30:00,1.4087995,1.3295785,0.740964,0.7089495,1.0798453,1.0375581,0.96527123,0.89590615,-1.0167412,-1.0118707,-0.61462414,-0.6670149,-0.5751597,-0.5061405,-0.58879316,-0.6835158,1.20322,1.1698457,-1.7494432,-1.7192812
ROC,2026-02-16T05:35:00,1.4467387,1.3462452,0.740964,0.7025352,1.0798453,1.0377569,0.96527123,0.8963694,-1.2239248,-1.0574496,-0.6156932,-0.66904455,-0.5751597,-0.50614345,-0.58879316,-0.6868766,1.20322,1.1699955,-1.6376216,-1.732775
ROC,2026-02-16T05:40:00,1.4846779,1.3686688,0.740964,0.70011777,1.0798453,1.0322978,0.96527123,0.902448,-1.8454757,-1.1474187,-0.6167623,-0.6713815,-0.5751597,-0.5054233,-0.58879316,-0.69255805,1.20322,1.1665632,-2.532194,-1.7200708
ROC,2026-02-16T05:45:00,1.5226171,1.4246817,0.740964,0.7165587,1.0798453,0.97654927,0.96527123,0.93721235,-1.8454757,-1.4579803,-0.6178313,-0.6650051,-0.5751597,-0.49831945,-0.58879316,-0.6954638,1.20322,1.1305065,-2.532194,-2.1058528
ROC,2026-02-16T05:50:00,1.5605564,1.462711,0.740964,0.7083881,1.0798453,0.953318,0.96527123,0.94213426,-1.8454757,-1.6078936,-0.61890036,-0.6599979,-0.5751597,-0.50219554,-0.54049605,-0.6927185,1.20322,1.1104726,-2.532194,-2.2592368
ROC,2026-02-16T05:54:00,1.5984956,1.4880521,0.740964,0.6964517,1.0798453,0.942356,0.96527123,0.9393439,-1.8454757,-1.6881467,-0.6199694,-0.6516302,-0.5751597,-0.506922,-0.58879316,-0.68507814,1.20322,1.0988936,-2.532194,-2.3205807
ROC,2026-02-16T05:55:00,1.5931369,1.5102249,0.7639283,0.68337363,1.0727748,0.93865955,0.96527123,0.93662703,-1.8454757,-1.7384406,-0.6199694,-0.6550446,-0.5751597,-0.50734544,-0.58879316,-0.6899009,1.20322,1.0928656,-2.532194,-2.3543117
ROC,2026-02-16T06:00:00,1.5877783,1.5231667,0.7868926,0.68124914,1.0657042,0.9344416,0.96527123,0.9318985,-1.8454757,-1.7715459,-0.6199694,-0.65476924,-0.5751597,-0.513637,-0.58879316,-0.6882675,1.20322,1.0877182,-2.532194,-2.3571513
ROC,2026-02-16T06:05:00,1.5824196,1.5287588,0.8098569,0.6863368,1.0586337,0.9286792,0.96527123,0.9275343,-1.2239248,-1.7940435,-0.6199694,-0.654424,-0.5751597,-0.5184958,-0.58879316,-0.68721557,1.20322,1.0834066,-1.5258001,-2.3554091
ROC,2026-02-16T06:10:00,1.5770609,1.4955859,0.8328212,0.6744716,1.0515631,0.97974753,0.96527123,0.8948038,-1.2239248,-1.5713606,-0.6199694,-0.6689474,-0.5751597,-0.5339988,-0.58879316,-0.6942615,1.20322,1.1193287,-1.302157,-1.9275396
ROC,2026-02-16T06:15:00,1.5717024,1.473089,0.8557855,0.6868131,1.0444927,1.0016268,0.96527123,0.8766424,-1.8454757,-1.4586412,-0.6199694,-0.67223984,-0.5751597,-0.54131323,-0.58879316,-0.69194293,1.20322,1.1380532,-2.532194,-1.6537427
ROC,2026-02-16T06:20:00,1.5663437,1.5205089,0.8787498,0.7397133,1.0374222,0.93471086,0.96527123,0.9087361,-1.8454757,-1.7060976,-0.6199694,-0.6635618,-0.5751597,-0.52366155,-0.58879316,-0.6884364,1.20322,1.0991237,-2.532194,-2.0687945
ROC,2026-02-16T06:25:00,1.5609851,1.5411389,0.901714,0.7672842,1.0303516,0.8992708,0.96527123,0.91445404,-1.8454757,-1.8122741,-0.6199694,-0.65572256,-0.5751597,-0.5221247,-0.6370903,-0.68132824,1.20322,1.0782027,-2.532194,-2.2349668
ROC,2026-02-16T06:30:00,1.5556264,1.5495285,0.9246783,0.786565,1.0232811,0.8786775,0.96527123,0.91338015,-1.8454757,-1.8603138,-0.6199694,-0.6531741,-0.5751597,-0.5233081,-0.6370903,-0.6782026,1.20322,1.0667707,-2.532194,-2.3029141
ROC,2026-02-16T06:35:00,1.5502677,1.5512787,0.9476426,0.8065855,1.0162106,0.86406726,0.96527123,0.9108443,-1.8454757,-1.8843155,-0.6199694,-0.653545,-0.5751597,-0.5240391,-0.58879316,-0.6784176,1.20322,1.0599504,-2.532194,-2.3338172
ROC,2026-02-16T06:40:00,1.5449091,1.5485529,0.9706069,0.827709,1.00914,0.8505757,0.96527123,0.90820307,-1.2239248,-1.8985038,-0.6199694,-0.64672446,-0.5751597,-0.526941,-0.58879316,-0.6704907,1.20322,1.0545096,-0.18394159,-2.3410263
ROC,2026-02-16T06:45:00,1.5395504,1.4757966,0.9935712,0.8116095,1.0020696,0.9259632,0.96527123,0.8480546,-1.8454757,-1.5587245,-0.6199694,-0.6531844,-0.5751597,-0.5598994,-0.58879316,-0.6680265,1.20322,1.1114534,-2.532194,-1.3792439
ROC,2026-02-16T06:50:00,1.5341918,1.505494,1.0165355,0.8682813,0.99499905,0.8786212,0.96527123,0.88063586,-1.8454757,-1.7822292,-0.6199694,-0.64961237,-0.5751597,-0.5423502,-0.58879316,-0.67076427,1.20322,1.0879142,-2.532194,-1.9431654
ROC,2026-02-16T06:54:00,1.5288332,1.5119035,1.0394998,0.8900631,0.9879285,0.8569391,0.96527123,0.8871386,-1.8454757,-1.8578922,-0.6199694,-0.6442283,-0.5751597,-0.54354453,-0.58879316,-0.66661227,1.20322,1.0762266,-2.532194,-2.1502433
ROC,2026-02-16T06:55:00,1.5288332,1.5222534,1.0394998,0.9175956,0.9879285,0.82144636,0.96527123,0.8901591,-1.8454757,-1.9155283,-0.62103844,-0.63841933,-0.5751597,-0.53104717,-0.58879316,-0.66295964,1.20322,1.0555834,-2.532194,-2.2729645
ROC,2026-02-16T07:00:00,1.5288332,1.5242115,1.0394998,0.9312471,0.9879285,0.8022115,0.96527123,0.89072037,-1.8454757,-1.9357374,-0.6221075,-0.632855,-0.5751597,-0.52798086,-0.58879316,-0.6583695,1.20322,1.0439286,-2.532194,-2.319424
ROC,2026-02-16T07:05:00,1.5288332,1.5241857,1.0394998,0.93885905,0.9879285,0.79195935,0.96527123,0.8908497,-1.8454757,-1.9422177,-0.6231766,-0.63082093,-0.5751597,-0.5271652,-0.58879316,-0.6567397,1.20322,1.0376498,-2.532194,-2.3383038
ROC,2026-02-16T07:10:00,1.5288332,1.5239323,1.0394998,0.9433789,0.9879285,0.7863811,0.96527123,0.8914752,-1.8454757,-1.9442419,-0.6242456,-0.6313791,-0.5751597,-0.5269212,-0.58879316,-0.65761995,1.20322,1.0342362,-2.532194,-2.345896
ROC,2026-02-16T07:15:00,1.5288332,1.5240726,1.0394998,0.94499063,0.9879285,0.7834275,0.96527123,0.89275664,-1.8454757,-1.9449153,-0.62531465,-0.6309453,-0.5751597,-0.5274798,-0.58879316,-0.65729725,1.20322,1.0322722,-2.532194,-2.3491783
ROC,2026-02-16T07:20:00,1.5288332,1.504962,1.0394998,0.939099,0.9879285,0.80744994,0.96527123,0.87902784,-1.8454757,-1.9089617,-0.6263837,-0.6270348,-0.5751597,-0.5538646,-0.58879316,-0.652353,1.20322,1.0459727,-2.532194,-2.3215203
ROC,2026-02-16T07:25:00,1.5288332,1.5169245,1.0394998,0.9423339,0.9879285,0.80117875,0.96527123,0.89778244,-1.8454757,-1.9151042,-0.6274528,-0.6377584,-0.5751597,-0.5423168,-0.58879316,-0.6594348,1.20322,1.0426456,-2.532194,-2.3202221
ROC,2026-02-16T07:30:00,1.5288332,1.52182,1.0394998,0.9420652,0.9879285,0.79827225,0.96527123,0.9062524,-1.8454757,-1.9146861,-0.6285218,-0.6415771,-0.5751597,-0.5409299,-0.58879316,-0.66192406,1.20322,1.0412917,-2.532194,-2.309778
ROC,2026-02-16T07:35:00,1.5288332,1.521737,1.0394998,0.9451088,0.9879285,0.7891518,0.96527123,0.903864,-1.8454757,-1.9222039,-0.62959087,-0.63928956,-0.5751597,-0.53617215,-0.58879316,-0.6627515,1.20322,1.0358784,-2.532194,-2.3290622
ROC,2026-02-16T07:40:00,1.5288332,1.5218809,1.0394998,0.946195,0.9879285,0.7851238,0.96527123,0.9022006,-1.8454757,-1.9250078,-0.63065994,-0.6379533,-0.5751597,-0.534434,-0.58879316,-0.6628467,1.20322,1.0333018,-2.532194,-2.337749
ROC,2026-02-16T07:45:00,1.5288332,1.5221006,1.0394998,0.9468256,0.9879285,0.78352445,0.96527123,0.9013047,-1.8454757,-1.9259657,-0.63172895,-0.6387931,-0.5751597,-0.53344184,-0.58879316,-0.6644989,1.20322,1.0322767,-2.532194,-2.3418124
ROC,2026-02-16T07:50:00,1.5288332,1.5225041,1.0394998,0.9471765,0.9879285,0.7830737,0.96527123,0.9007851,-1.8454757,-1.9261451,-0.632798,-0.6398755,-0.5751597,-0.5329406,-0.58879316,-0.6659937,1.20322,1.0320525,-2.532194,-2.343773
ROC,2026-02-16T07:54:00,1.5288332,1.523104,1.0394998,0.94723094,0.9879285,0.7831008,0.96527123,0.900354,-1.8454757,-1.9260001,-0.6338671,-0.64025384,-0.5751597,-0.5328448,-0.58879316,-0.66644514,1.20322,1.0321515,-2.532194,-2.3447108
ROC,2026-02-16T07:55:00,1.483499,1.5273716,1.1152691,0.94117105,0.9596464,0.7949557,0.96527123,0.9090951,-1.8454757,-1.9129639,-0.6274528,-0.64735913,-0.5751597,-0.54241264,-0.58879316,-0.6670611,1.1967226,1.0398118,-2.532194,-2.2977045
ROC,2026-02-16T08:00:00,1.4381648,1.51293,1.1910383,0.9729837,0.93136436,0.7753851,0.96527123,0.90041167,-1.8454757,-1.9218478,-0.62103844,-0.6427745,-0.5751597,-0.5359922,-0.58879316,-0.665866,1.1902251,1.0327955,-2.532194,-2.3232214
ROC,2026-02-16T08:05:00,1.3928307,1.4926319,1.2668074,1.0214684,0.90308225,0.7516136,0.96527123,0.89282477,-1.8454757,-1.9270297,-0.61462414,-0.6370026,-0.5751597,-0.53326404,-0.58879316,-0.66112924,1.1837277,1.0257859,-2.532194,-2.3340666
ROC,2026-02-16T08:10:00,1.3474966,1.4683344,1.3425766,1.0803677,0.87480015,0.7248305,0.96527123,0.88692147,-1.8454757,-1.9301105,-0.60820985,-0.6308186,-0.5751597,-0.531959,-0.58879316,-0.654752,1.1772302,1.0186815,-2.532194,-2.3372083
ROC,2026-02-16T08:15:00,1.3021624,1.4412054,1.4183458,1.1457834,0.8465181,0.6957432,0.96527123,0.88237697,-1.8454757,-1.9319382,-0.60179555,-0.62452215,-0.5751597,-0.5312069,-0.58879316,-0.6478663,1.1707327,1.0111167,-2.532194,-2.3370862
ROC,2026-02-16T08:20:00,1.2568283,1.4122534,1.494115,1.2153153,0.818236,0.665197,0.96527123,0.8788678,-1.8454757,-1.9328443,-0.59538126,-0.6181048,-0.5751597,-0.53082836,-0.58879316,-0.6407067,1.1642354,1.003211,-2.532194,-2.3354106
ROC,2026-02-16T08:25:00,1.2114941,1.3821073,1.5698842,1.2874368,0.78995395,0.6337491,0.96527123,0.8760743,-1.8454757,-1.9329839,-0.5889669,-0.6115936,-0.5751597,-0.5307198,-0.58879316,-0.63339937,1.1577379,0.99505436,-2.532194,-2.3328938
ROC,2026-02-16T08:30:00,1.16616,1.3511313,1.6456534,1.3612347,0.76167184,0.60174686,0.96527123,0.8737341,-1.8454757,-1.9324241,-0.5825526,-0.6050782,-0.5751597,-0.53077084,-0.58879316,-0.62608695,1.1512405,0.9867011,-2.532194,-2.3298995
ROC,2026-02-16T08:35:00,1.1208259,1.3195792,1.7214226,1.4362881,0.7333898,0.56966597,0.96527123,0.87162995,-1.8454757,-1.9308494,-0.5761383,-0.59883106,-0.5751597,-0.5307501,-0.58879316,-0.61938846,1.144743,0.9783432,-2.532194,-2.3274984
ROC,2026-02-16T08:40:00,1.0754917,1.2873043,1.7971917,1.5111523,0.7051077,0.53662544,0.96527123,0.87034273,-1.8454757,-1.9279915,-0.569724,-0.59260225,-0.5751597,-0.53118485,-0.58879316,-0.61232436,1.1382455,0.9691067,-2.532194,-2.3217497
ROC,2026-02-16T08:45:00,1.0301576,1.2546213,1.8729609,1.5858673,0.6768256,0.5032064,0.96527123,0.86957455,-1.8454757,-1.9240171,-0.5633097,-0.5869264,-0.5751597,-0.5316878,-0.54049605,-0.6058026,1.1317481,0.95928884,-2.532194,-2.3146644
ROC,2026-02-16T08:50:00,0.9848234,1.2202176,1.9487301,1.6617056,0.64854354,0.46865344,0.96527123,0.86948436,-1.2239248,-1.9190748,-0.55689543,-0.57558864,-0.5751597,-0.5323226,-0.54049605,-0.59363455,1.1252506,0.9484619,0.15152302,-2.3064506
ROC,2026-02-16T08:54:00,0.93948925,1.0924146,2.0244994,1.7235016,0.62026143,0.52469933,0.96527123,0.8030276,-1.2239248,-1.5162563,-0.5504811,-0.567099,-0.5751597,-0.5699857,-0.49219894,-0.5807866,1.1187532,1.005916,0.37516612,-1.1166191
ROC,2026-02-16T08:55:00,0.95803016,1.010952,2.0244994,1.8029706,0.61319095,0.52546936,0.96527123,0.7671415,-1.2239248,-1.3600343,-0.54513586,-0.54454106,-0.5751597,-0.5703449,-0.49219894,-0.5572449,1.1122557,1.0245146,0.26334456,-0.5214369
ROC,2026-02-16T09:00:00,0.9765711,0.9811653,2.0244994,1.8593562,0.6061204,0.5169417,0.96527123,0.75427276,-1.2239248,-1.3328017,-0.5397906,-0.535531,-0.5751597,-0.56296957,-0.49219894,-0.5488937,1.1057582,1.0307343,0.039701488,-0.30641314
ROC,2026-02-16T09:05:00,0.995112,0.97989404,2.0244994,1.8949007,0.59904987,0.5078378,0.96527123,0.7542501,-1.2239248,-1.3565097,-0.53444535,-0.5354515,-0.5751597,-0.55560684,-0.54049605,-0.5496281,1.0992608,1.031545,-0.18394159,-0.30356768
ROC,2026-02-16T09:10:00,1.0136529,0.99169004,2.0244994,1.912237,0.5919794,0.5013972,0.96527123,0.76075727,-1.2239248,-1.3906809,-0.52910006,-0.5449526,-0.5751597,-0.55018705,-0.54049605,-0.55950975,1.0927633,1.0300854,-0.18394159,-0.3959124
ROC,2026-02-16T09:15:00,1.0321939,0.99893916,2.0244994,1.9160929,0.58490884,0.49929202,0.96527123,0.7647576,-1.8454757,-1.4031416,-0.52375484,-0.54954636,-0.5751597,-0.54784054,-0.54049605,-0.56440824,1.0862658,1.0285962,-2.532194,-0.4345185
ROC,2026-02-16T09:20:00,1.0507348,1.1064786,2.0244994,1.9419807,0.5778383,0.41945326,0.96527123,0.82111055,-1.8454757,-1.7986593,-0.5184096,-0.56536764,-0.5751597,-0.5257037,-0.54049605,-0.5851271,1.0797684,0.9725925,-2.532194,-1.5335243
ROC,2026-02-16T09:25:00,1.0692756,1.14318,2.0244994,1.9300276,0.5707678,0.3860225,0.96527123,0.84267807,-1.8454757,-1.9264698,-0.5130643,-0.5635942,-0.5751597,-0.5191042,-0.54049605,-0.58349115,1.0732709,0.94241345,-2.532194,-1.9806604
ROC,2026-02-16T09:30:00,1.0878166,1.1406131,2.0244994,1.904654,0.5636973,0.41006505,0.96527123,0.82763034,-1.8454757,-1.9364984,-0.5077191,-0.552364,-0.5751597,-0.5457984,-0.54049605,-0.5709345,1.0667735,0.95231396,-2.532194,-2.1654465
ROC,2026-02-16T09:35:00,1.1063575,1.135052,2.0244994,1.8766406,0.55662674,0.4161297,0.96527123,0.83228934,-1.8454757,-1.9168718,-0.5023738,-0.5381314,-0.5751597,-0.5677087,-0.49219894,-0.5594927,1.060276,0.94858074,-2.532194,-2.1932108
ROC,2026-02-16T09:40:00,1.1248984,1.1323423,2.0244994,1.8608216,0.54955626,0.4170306,0.96527123,0.8429433,-1.8454757,-1.8994976,-0.49702856,-0.527402,-0.5751597,-0.57944274,-0.49219894,-0.5503858,1.0537785,0.94344664,-2.532194,-2.2010343
ROC,2026-02-16T09:45:00,1.1434393,1.1332579,2.0244994,1.8529536,0.5424857,0.41690534,0.6794318,0.8537137,-1.8454757,-1.8896905,-0.4916833,-0.5253125,-0.5751597,-0.5827573,-0.4439018,-0.54822,1.0472811,0.9398082,-2.532194,-2.2163622
ROC,2026-02-16T09:50:00,1.1619803,1.1387447,2.0244994,1.8585613,0.5354152,0.4200845,0.6794318,0.73986304,-1.8454757,-1.8866891,-0.48633805,-0.52658165,-0.5751597,-0.5712208,-0.4439018,-0.54435104,1.0407836,0.9438573,-2.532194,-2.2305744
ROC,2026-02-16T09:54:00,1.1805211,1.141032,2.0244994,1.8584788,0.5283447,0.42076367,0.96527123,0.686529,-1.8454757,-1.8818568,-0.4809928,-0.5254235,-0.5751597,-0.566829,-0.4439018,-0.5414517,1.0342863,0.9438193,-2.532194,-2.2401533
ROC,2026-02-16T09:55:00,1.1882614,1.1565483,1.9488815,1.8846419,0.53855765,0.391583,0.96527123,0.79896545,-1.8454757,-1.9102024,-0.47801474,-0.5366213,-0.5751597,-0.5426378,-0.4439018,-0.55011153,1.024901,0.92670673,-2.532194,-2.2910974
ROC,2026-02-16T10:00:00,1.1960016,1.1669526,1.8732637,1.8606066,0.5487706,0.38126543,0.6794318,0.8549281,-1.2239248,-1.9156281,-0.47503665,-0.5347023,-0.5751597,-0.53875726,-0.4439018,-0.5500011,1.0155158,0.9133919,0.93427384,-2.288649
ROC,2026-02-16T10:05:00,1.2037419,1.0618652,1.7976459,1.7889923,0.5589836,0.50686455,0.96527123,0.6906685,-1.8454757,-1.417473,-0.4720586,-0.529846,-0.5751597,-0.58397645,-0.3956047,-0.5330196,1.0061306,0.99714,-2.532194,-0.65874153
ROC,2026-02-16T10:10:00,1.2114823,1.1647017,1.722028,1.7615705,0.5691966,0.45339444,0.6794318,0.83502996,-1.2239248,-1.7645913,-0.4690805,-0.5349468,-0.5751597,-0.56191623,-0.4439018,-0.54008543,0.99674535,0.95291173,-2.3085508,-1.593926
ROC,2026-02-16T10:15:00,1.2192225,1.1804458,1.6464102,1.6952446,0.57940954,0.48981315,0.6794318,0.74273056,-1.8454757,-1.6697196,-0.46610245,-0.5541633,-0.5751597,-0.5523323,-0.3956047,-0.5471736,0.9873601,0.9686159,-2.532194,-1.7893502
ROC,2026-02-16T10:20:00,1.2269628,1.2165382,1.5707924,1.6472083,0.5896225,0.47609538,0.96527123,0.71395105,-1.8454757,-1.7954862,-0.4631244,-0.5416397,-0.5751597,-0.5414654,-0.3956047,-0.53591466,0.97797495,0.9458351,-2.532194,-2.0304163
ROC,2026-02-16T10:25:00,1.2347031,1.2301978,1.4951745,1.5848197,0.5998355,0.4697783,0.96527123,0.830006,-1.8454757,-1.838698,-0.4601463,-0.5293731,-0.5751597,-0.54854566,-0.3956047,-0.53217274,0.9685897,0.92344695,-2.532194,-2.1304877
ROC,2026-02-16T10:30:00,1.2424433,1.2423179,1.4195567,1.5175335,0.6100485,0.47434193,0.96527123,0.88589615,-1.8454757,-1.854837,-0.45716825,-0.5229163,-0.5751597,-0.5528342,-0.3956047,-0.52966374,0.9592045,0.909407,-2.532194,-2.169604
ROC,2026-02-16T10:32:00,1.2501836,1.2566702,1.343939,1.4461372,0.62026143,0.48059684,0.96527123,0.91047496,-1.8454757,-1.8792595,-0.45419016,-0.517889,-0.5751597,-0.54695654,-0.3956047,-0.53221184,0.94981927,0.89262414,-2.532194,-2.237641
ROC,2026-02-16T10:35:00,1.2501836,1.270496,1.41073,1.3746008,0.62026143,0.49087954,0.96527123,0.9211801,-1.8454757,-1.8916713,-0.4512121,-0.51294297,-0.5751597,-0.5464951,-0.3956047,-0.53096706,0.96671265,0.88035285,-2.532194,-2.2745228
ROC,2026-02-16T10:40:00,1.2501836,1.2444834,1.4775211,1.3207363,0.62026143,0.52259195,0.96527123,0.9079876,-1.8454757,-1.8531821,-0.44823402,-0.4899274,-0.5751597,-0.5916505,-0.3956047,-0.51441014,0.98360604,0.8822657,-2.532194,-2.2930608
ROC,2026-02-16T10:45:00,1.2501836,1.2651,1.5443121,1.3570416,0.62026143,0.50550973,0.96527123,0.9130288,-1.8454757,-1.891143,-0.44525596,-0.50074285,-0.5751597,-0.56155545,-0.3956047,-0.5198187,1.0004995,0.88362044,-2.532194,-2.317907
ROC,2026-02-16T10:50:00,1.2501836,1.2581441,1.6111032,1.3878783,0.62026143,0.49467528,0.96527123,0.9144473,-1.8454757,-1.898653,-0.44227788,-0.5044333,-0.5751597,-0.54634994,-0.3956047,-0.528895,1.0173929,0.887294,-2.532194,-2.327637
ROC,2026-02-16T10:54:00,1.2501836,1.2561373,1.6778942,1.4348431,0.62026143,0.4755283,0.96527123,0.91137433,-1.8454757,-1.914231,-0.43929982,-0.49703217,-0.5751597,-0.54201776,-0.3956047,-0.52197874,1.0342863,0.88613325,-2.532194,-2.3184566
ROC,2026-02-16T10:55:00,1.2394663,1.2512786,1.6776347,1.4801635,0.6061204,0.46004754,0.96527123,0.89755565,-1.8454757,-1.9292561,-0.43395457,-0.48829734,-0.5751597,-0.54131806,-0.3956047,-0.5111364,1.0212913,0.88696873,-2.532194,-2.3194308
ROC,2026-02-16T11:00:00,1.228749,1.2417699,1.6773752,1.5110258,0.5919794,0.44493452,0.96527123,0.8899879,-1.8454757,-1.9374319,-0.4286093,-0.47983602,-0.5751597,-0.54163253,-0.3956047,-0.501723,1.0082964,0.8831121,-2.532194,-2.323343
ROC,2026-02-16T11:05:00,1.2180316,1.2313981,1.6771158,1.5332118,0.5778383,0.43139878,0.96527123,0.88928455,-1.8454757,-1.9432222,-0.42326406,-0.47209322,-0.5751597,-0.5417967,-0.3956047,-0.4928728,0.9953015,0.8770507,-2.532194,-2.3284323
ROC,2026-02-16T11:10:00,1.2073144,1.2195024,1.6768563,1.5489358,0.5636973,0.41746008,0.6794318,0.888566,-1.8454757,-1.9474474,-0.4179188,-0.4643234,-0.5751597,-0.54223657,-0.3956047,-0.48445565,0.98230654,0.86887056,-2.532194,-2.3338187
ROC,2026-02-16T11:15:00,1.1965971,1.2185965,1.6765968,1.5494246,0.54955626,0.42351004,0.96527123,0.7772583,-1.8454757,-1.928251,-0.41257355,-0.46928358,-0.5751597,-0.5465247,-0.3956047,-0.47378474,0.96931165,0.8772724,-2.532194,-2.2486765
ROC,2026-02-16T11:20:00,1.1858798,1.2034763,1.6763374,1.5667769,0.5354152,0.40266836,0.39359236,0.8387192,-1.8454757,-1.9410375,-0.4072283,-0.46018326,-0.5751597,-0.5437389,-0.3956047,-0.47319996,0.9563167,0.8618849,-2.532194,-2.295719
ROC,2026-02-16T11:25:00,1.1751626,1.2011153,1.6760778,1.5865209,0.52127415,0.4039171,0.39359236,0.62131375,-1.8454757,-1.9391704,-0.40188304,-0.46347585,-0.5751597,-0.524235,-0.3956047,-0.4697744,0.9433218,0.86742,-2.532194,-2.2956731
ROC,2026-02-16T11:30:00,1.1644453,1.1951488,1.6758183,1.6018147,0.5071331,0.39530292,0.39359236,0.511939,-1.8454757,-1.9425895,-0.39653778,-0.45905298,-0.5751597,-0.51560897,-0.34730756,-0.46387812,0.93032694,0.8636268,-2.532194,-2.299183
ROC,2026-02-16T11:35:00,1.1537279,1.1871425,1.6755588,1.6127195,0.49299207,0.3862972,0.39359236,0.46513224,-1.8454757,-1.9427307,-0.39119253,-0.4497994,-0.5751597,-0.5119094,-0.34730756,-0.45351133,0.917332,0.8569194,-2.532194,-2.2986577
ROC,2026-02-16T11:40:00,1.1430106,1.1772593,1.6752994,1.6183075,0.47885102,0.37517133,0.39359236,0.4437322,-1.2239248,-1.942039,-0.38584727,-0.44214013,-0.5751597,-0.51105416,-0.34730756,-0.44532198,0.9043371,0.84735626,-0.072120056,-2.2986665
ROC,2026-02-16T11:45:00,1.1322933,1.0739113,1.6750399,1.6040895,0.46471,0.44922963,0.6794318,0.36431253,-1.2239248,-1.5492004,-0.38050202,-0.4299385,-0.5751597,-0.550572,-0.34730756,-0.43210024,0.89134216,0.89729315,-0.072120056,-1.1490426
ROC,2026-02-16T11:50:00,1.1215761,1.0235436,1.6747804,1.589048,0.45056894,0.46286508,0.6794318,0.49333096,-1.8454757,-1.4211346,-0.37515676,-0.4139099,-0.5751597,-0.5657507,-0.34730756,-0.42161223,0.8783473,0.9011789,-2.532194,-0.7010926
ROC,2026-02-16T11:54:00,1.1108588,1.1087673,1.674521,1.6247957,0.43642792,0.3792943,0.6794318,0.6088776,-1.8454757,-1.7998306,-0.3698115,-0.4269808,-0.5751597,-0.5395673,-0.34730756,-0.44181725,0.86535233,0.847303,-2.532194,-1.6872963
ROC,2026-02-16T11:55:00,1.1108588,1.1343951,1.674521,1.6236492,0.43642792,0.34183624,0.6794318,0.6434495,-1.8454757,-1.9277163,-0.36286268,-0.4246102,-0.5751597,-0.53136605,-0.34730756,-0.43855458,0.86535233,0.81651205,-2.532194,-2.0747814
ROC,2026-02-16T12:00:00,1.1108588,1.134186,1.674521,1.625886,0.43642792,0.32164016,0.6794318,0.660083,-1.8454757,-1.9569777,-0.35591385,-0.41992128,-0.5751597,-0.5290096,-0.29901043,-0.4373126,0.86535233,0.8004366,-2.532194,-2.2166767
ROC,2026-02-16T12:05:00,1.1108588,1.1285225,1.674521,1.6270825,0.43642792,0.3103977,0.39359236,0.66854435,-1.8454757,-1.9598678,-0.34896502,-0.4088377,-0.5751597,-0.52885777,-0.29901043,-0.42803538,0.86535233,0.79059064,-2.532194,-2.269762
ROC,2026-02-16T12:10:00,1.1108588,1.1287355,1.674521,1.6330978,0.43642792,0.3103371,0.39359236,0.5428916,-1.8454757,-1.9578253,-0.3420162,-0.40260258,-0.5751597,-0.51954234,-0.29901043,-0.41783294,0.86535233,0.79231316,-2.532194,-2.282718
ROC,2026-02-16T12:15:00,1.1108588,1.1269435,1.674521,1.6369131,0.43642792,0.30884477,0.1077529,0.483276,-1.8454757,-1.9544204,-0.33506736,-0.39812073,-0.5751597,-0.51572216,-0.29901043,-0.41237032,0.86535233,0.7913644,-2.532194,-2.2882578
ROC,2026-02-16T12:19:00,1.1108588,1.1153277,1.674521,1.6227742,0.43642792,0.34762055,0.1077529,0.3024045,-1.8454757,-1.9219477,-0.32811853,-0.38691366,-0.5751597,-0.5325736,-0.29901043,-0.3988383,0.86535233,0.81256634,-2.532194,-2.2955918
ROC,2026-02-16T12:20:00,1.1195666,1.1076405,1.6747317,1.6092243,0.4479175,0.35761243,0.1077529,0.22274473,-1.8454757,-1.9021198,-0.3211697,-0.37798095,-0.5751597,-0.54305923,-0.29901043,-0.38799596,0.8759107,0.8155517,-2.532194,-2.2662868
ROC,2026-02-16T12:25:00,1.1282743,1.1223,1.6749426,1.6339313,0.4594071,0.33826524,0.1077529,0.19778949,-1.8454757,-1.9232056,-0.31422088,-0.3915398,-0.5751597,-0.51610863,-0.29901043,-0.39386457,0.88646907,0.810314,-2.532194,-2.2916932
ROC,2026-02-16T12:30:00,1.1369822,1.1298742,1.6751534,1.6374211,0.4708967,0.33080372,0.1077529,0.1867266,-1.8454757,-1.925905,-0.30727205,-0.39163536,-0.5751597,-0.5083659,-0.25071332,-0.39278945,0.89702743,0.8073565,-2.532194,-2.282923
ROC,2026-02-16T12:35:00,1.14569,1.1324626,1.6753643,1.6357497,0.4823863,0.32829452,0.1077529,0.17174974,-1.8454757,-1.9235619,-0.30032322,-0.38082305,-0.5751597,-0.50778484,-0.25071332,-0.38276988,0.9075858,0.80739963,-2.532194,-2.2784257
ROC,2026-02-16T12:40:00,1.1543977,1.1364617,1.6755751,1.6321902,0.4938759,0.33097345,0.1077529,0.16165599,-1.8454757,-1.9205328,-0.2933744,-0.37065175,-0.5751597,-0.50799143,-0.25071332,-0.3732137,0.91814417,0.8104523,-2.532194,-2.2777243
ROC,2026-02-16T12:45:00,1.1631056,1.1399916,1.6757859,1.6323516,0.5053655,0.33487296,0.1077529,0.15845433,-1.8454757,-1.9143591,-0.28642556,-0.36349142,-0.5751597,-0.50816,-0.25071332,-0.3690269,0.92870253,0.81548333,-2.532194,-2.2764325
ROC,2026-02-16T12:50:00,1.1718134,1.1452316,1.6759968,1.6307817,0.51685506,0.3409592,0.1077529,0.15510525,-1.8454757,-1.9099909,-0.27947673,-0.35880107,-0.5751597,-0.50816864,-0.25071332,-0.36617318,0.9392609,0.8213125,-2.532194,-2.2758899
ROC,2026-02-16T12:54:00,1.1805211,1.1532419,1.6762075,1.6267381,0.5283447,0.35539958,0.39359236,0.16374254,-1.8454757,-1.8876256,-0.2725279,-0.36193925,-0.5751597,-0.5158438,-0.25071332,-0.3641146,0.94981927,0.8352726,-2.532194,-2.2136405
ROC,2026-02-16T12:55:00,1.1979368,1.154049,1.6350956,1.6162968,0.5513239,0.3580193,0.39359236,0.30122036,-1.8454757,-1.877695,-0.26954982,-0.35713583,-0.5751597,-0.5290998,-0.25071332,-0.36211413,0.96037763,0.8361692,-2.532194,-2.2010655
ROC,2026-02-16T13:00:00,1.2153524,1.1597329,1.5939838,1.5989707,0.57430303,0.36342278,0.1077529,0.3638504,-1.8454757,-1.8857745,-0.26657176,-0.35291016,-0.5751597,-0.5249887,-0.2024162,-0.36762714,0.970936,0.8358815,-2.532194,-2.2482746
ROC,2026-02-16T13:05:00,1.2327679,1.1757746,1.5528718,1.5785037,0.59728223,0.38252157,0.39359236,0.257881,-1.8454757,-1.887931,-0.26359367,-0.34553555,-0.5751597,-0.5137178,-0.2024162,-0.3599477,0.98149437,0.84771115,-2.532194,-2.2621624
ROC,2026-02-16T13:10:00,1.2501836,1.1875035,1.5117599,1.5427932,0.62026143,0.39709875,0.39359236,0.34337184,-1.8454757,-1.8837107,-0.26061562,-0.3346979,-0.5751597,-0.5182048,-0.2024162,-0.35416168,0.99205273,0.85081077,-2.532194,-2.2744892
ROC,2026-02-16T13:15:00,1.2675992,1.2032692,1.4706479,1.5037322,0.64324063,0.4163094,0.1077529,0.383331,-1.8454757,-1.8793734,-0.25763753,-0.3281404,-0.5751597,-0.52007,-0.25071332,-0.3495181,1.0026112,0.8577457,-2.532194,-2.2785478
ROC,2026-02-16T13:20:00,1.2850147,1.2265787,1.429536,1.4688073,0.66621983,0.44383687,-0.17808655,0.2659094,-1.8454757,-1.876064,-0.25465947,-0.33438748,-0.5751597,-0.51079303,-0.2024162,-0.35235563,1.0131695,0.8744176,-2.532194,-2.2705803
ROC,2026-02-16T13:25:00,1.3024304,1.249911,1.3884242,1.4408798,0.68919903,0.47358114,-0.17808655,0.07633409,-1.8454757,-1.8718991,-0.2516814,-0.33439082,-0.5751597,-0.49611977,-0.2024162,-0.34676135,1.0237279,0.89414686,-2.532194,-2.2565017
ROC,2026-02-16T13:27:00,1.3198459,1.2682645,1.3473122,1.4082031,0.71217823,0.49766958,-0.17808655,-0.015686825,-1.8454757,-1.8652508,-0.24870333,-0.33317065,-0.5751597,-0.48944953,-0.2024162,-0.34450567,1.0342863,0.90723187,-2.532194,-2.2488687
ROC,2026-02-16T13:30:00,1.2962768,1.2880621,1.348296,1.3679711,0.7428171,0.5227902,-0.46392602,-0.06287423,-1.2239248,-1.8615676,-0.24572526,-0.33192426,-0.5751597,-0.48719537,-0.2024162,-0.34098777,1.0624418,0.9177197,0.26334456,-2.2469323
ROC,2026-02-16T13:35:00,1.2727077,1.2041243,1.3492799,1.3222834,0.77345604,0.64239436,-0.17808655,-0.32309064,-1.2239248,-1.4344227,-0.24274719,-0.3217332,-0.5751597,-0.52274257,-0.2024162,-0.32483056,1.0905975,0.9982928,-0.072120056,-0.9346307
ROC,2026-02-16T13:40:00,1.2491386,1.1797085,1.3502638,1.3010504,0.804095,0.68253976,-0.17808655,-0.2611495,-1.2239248,-1.3167735,-0.23976912,-0.311152,-0.5751597,-0.5330987,-0.2024162,-0.31911546,1.1187532,1.0263382,0.039701488,-0.5569977
ROC,2026-02-16T13:45:00,1.2255695,1.1776373,1.3512477,1.2930077,0.8347339,0.71229196,-0.17808655,-0.24682936,-1.2239248,-1.277227,-0.23679104,-0.30466366,-0.5751597,-0.532525,-0.2024162,-0.31236538,1.1469088,1.0491933,0.15152302,-0.34949017
ROC,2026-02-16T13:50:00,1.2020004,1.1798601,1.3522315,1.2926819,0.86537284,0.73455435,-0.17808655,-0.2492156,-1.8454757,-1.2622061,-0.23381299,-0.30001673,-0.5751597,-0.52860945,-0.2024162,-0.30722228,1.1750644,1.0686266,-2.532194,-0.21304461
ROC,2026-02-16T13:54:00,1.1784313,1.2989099,1.3532155,1.3460269,0.8960117,0.6685215,-0.17808655,-0.1809769,-1.2239248,-1.6783082,-0.23083492,-0.3230308,-0.5751597,-0.49630007,-0.2024162,-0.33405188,1.20322,1.041124,0.15152302,-1.3948579
ROC,2026-02-16T13:55:00,1.2029738,1.2315401,1.3068976,1.314527,0.9242938,0.7332642,-0.17808655,-0.22514859,-1.2239248,-1.3925035,-0.23297301,-0.30463132,-0.5751597,-0.5222209,-0.2024162,-0.31561008,1.216215,1.0828173,0.039701488,-0.6593913
ROC,2026-02-16T14:00:00,1.2275165,1.2141441,1.2605798,1.2841713,0.9525759,0.76803863,-0.17808655,-0.23065889,-1.2239248,-1.2900487,-0.23511112,-0.2945934,-0.5751597,-0.52727085,-0.2024162,-0.30603695,1.2292099,1.1033703,0.039701488,-0.3934137
ROC,2026-02-16T14:05:00,1.2520591,1.2210054,1.214262,1.2496349,0.98085797,0.798616,-0.17808655,-0.22739434,-1.2239248,-1.2540962,-0.23724921,-0.29271868,-0.5751597,-0.52720726,-0.2024162,-0.30421323,1.2422048,1.1199235,0.26334456,-0.28261495
ROC,2026-02-16T14:10:00,1.2766017,1.2169302,1.1679442,1.2087594,1.00914,0.855521,-0.17808655,-0.23549125,-1.2239248,-1.1958508,-0.23938732,-0.28224725,-0.5751597,-0.5686162,-0.2024162,-0.2928891,1.2551997,1.148715,0.039701488,-0.17498009
ROC,2026-02-16T14:15:00,1.3011442,1.2376176,1.1216264,1.1640707,1.0374222,0.88593614,-0.17808655,-0.23144582,-1.8454757,-1.1945322,-0.24152541,-0.27984685,-0.5751597,-0.57911843,-0.2024162,-0.29081643,1.2681947,1.1626992,-2.532194,-0.18265656
ROC,2026-02-16T14:20:00,1.3256869,1.3641344,1.0753086,1.157843,1.0657042,0.84131944,0.1077529,-0.15565342,-1.8454757,-1.5849558,-0.24366352,-0.29016867,-0.5751597,-0.553227,-0.2024162,-0.3140846,1.2811896,1.1281358,-2.532194,-1.2785152
ROC,2026-02-16T14:25:00,1.3502295,1.4137381,1.0289907,1.0955576,1.0939863,0.8304143,0.1077529,0.021270826,-1.8454757,-1.6997077,-0.24580163,-0.2812796,-0.5751597,-0.5563409,-0.2024162,-0.31431374,1.2941844,1.1004877,-2.532194,-1.7393303
ROC,2026-02-16T14:30:00,1.3747721,1.4575795,0.9826729,1.0703036,1.1222684,0.8238682,0.1077529,0.09269957,-1.8454757,-1.7671562,-0.24793972,-0.30017856,-0.5751597,-0.51479316,-0.2024162,-0.3245719,1.3071793,1.099196,-2.532194,-2.033267
ROC,2026-02-16T14:35:00,1.3993146,1.4604062,0.9363551,1.0029564,1.1505505,0.85085034,0.1077529,0.12262851,-1.8454757,-1.731319,-0.2500778,-0.27937067,-0.5751597,-0.5422576,-0.2024162,-0.30989024,1.3201742,1.0972699,-2.532194,-2.0636702
ROC,2026-02-16T14:40:00,1.4238573,1.4702234,0.8900373,0.94681114,1.1788325,0.8741364,0.1077529,0.14114821,-1.2239248,-1.7024039,-0.25221592,-0.27103773,-0.5751597,-0.5554168,-0.2024162,-0.30469987,1.3331692,1.1004514,0.15152302,-2.0592778
ROC,2026-02-16T14:45:00,1.4483999,1.3985801,0.8437195,0.8593224,1.2071146,0.9900578,0.1077529,0.088354155,-1.2239248,-1.2961062,-0.25435403,-0.27353352,-0.5751597,-0.61280406,-0.2024162,-0.29605,1.3461641,1.17067,0.039701488,-0.97511715
ROC,2026-02-16T14:50:00,1.4729425,1.375805,0.79740167,0.79651076,1.2353967,1.0458468,0.39359236,0.08873366,-1.8454757,-1.1285123,-0.25649214,-0.27309683,-0.5751597,-0.63864243,-0.2024162,-0.28343135,1.359159,1.201683,-2.532194,-0.4683932
ROC,2026-02-16T14:54:00,1.497485,1.4756433,0.75108385,0.7838115,1.2636788,1.0010246,0.39359236,0.28992122,-1.2239248,-1.4667252,-0.25863025,-0.28026104,-0.5751597,-0.61832255,-0.2024162,-0.30574855,1.3721539,1.1670467,-0.072120056,-1.2917663
ROC,2026-02-16T14:55:00,1.5749846,1.4693263,0.75255966,0.7199316,1.286658,1.0695223,0.39359236,0.30708358,-1.8454757,-1.2746842,-0.25565216,-0.30242082,-0.5751597,-0.60303164,-0.2024162,-0.31408215,1.3932706,1.2149643,-2.532194,-0.78540653
ROC,2026-02-16T15:00:00,1.6524839,1.5693778,0.7540355,0.7360465,1.3096372,1.0262047,0.1077529,0.36772165,-1.2239248,-1.585211,-0.2526741,-0.3081651,-0.5751597,-0.55785775,-0.2024162,-0.32487956,1.4143873,1.192667,0.039701488,-1.5252527
ROC,2026-02-16T15:05:00,1.7299833,1.5436764,0.7555113,0.6826466,1.3326163,1.1119487,0.1077529,0.19913086,-1.2239248,-1.3458433,-0.24969602,-0.31360835,-0.5751597,-0.5490691,-0.2024162,-0.32277834,1.4355041,1.2519199,0.15152302,-0.85564375
ROC,2026-02-16T15:09:00,1.8074827,1.5440224,0.7569871,0.6591816,1.3555956,1.1606728,0.1077529,0.10954378,-1.8454757,-1.2457228,-0.24671794,-0.30804715,-0.5751597,-0.54879314,-0.2024162,-0.30937397,1.4566208,1.2865868,-2.532194,-0.47854483
ROC,2026-02-16T15:10:00,1.8015615,1.6584264,0.7305911,0.70788753,1.3923622,1.1116607,-0.17808655,0.13347763,-1.2239248,-1.6130795,-0.24373989,-0.31573093,-0.5751597,-0.515365,-0.2024162,-0.32572526,1.4819609,1.2685567,0.039701488,-1.3965046
ROC,2026-02-16T15:15:00,1.7956401,1.6082146,0.7041952,0.6662882,1.429129,1.2064701,-0.17808655,-0.056459412,-1.2239248,-1.340452,-0.24076182,-0.30707788,-0.5751597,-0.56212777,-0.2024162,-0.30388176,1.507301,1.323412,0.15152302,-0.7448845
ROC,2026-02-16T15:20:00,1.7897189,1.5860415,0.6777992,0.6448889,1.4658957,1.2493522,-0.46392602,-0.14911163,-1.2239248,-1.2155274,-0.23778374,-0.29858282,-0.5751597,-0.58022684,-0.2024162,-0.28986478,1.532641,1.3508492,0.26334456,-0.37878257
ROC,2026-02-16T15:25:00,1.7837975,1.6128025,0.65140325,0.6463412,1.5026624,1.2798674,-0.46392602,-0.34176826,-0.8095575,-1.2101126,-0.23480567,-0.31380352,-0.5751597,-0.53020823,-0.2024162,-0.2961827,1.5579811,1.3813629,0.37516612,-0.2386975
ROC,2026-02-16T15:30:00,1.7778763,1.5919935,0.6250073,0.6285972,1.5394291,1.3350017,-0.46392602,-0.45825565,-0.8095575,-1.0422413,-0.2318276,-0.3158712,-0.5751597,-0.5323795,-0.2024162,-0.29412305,1.5833212,1.4165924,0.26334456,-0.07657479
ROC,2026-02-16T15:35:00,1.7719549,1.6140912,0.5986113,0.5999124,1.5761958,1.3683226,-0.46392602,-0.49939388,-0.8095575,-0.993592,-0.22884953,-0.3248106,-0.5751597,-0.4979864,-0.2024162,-0.30226263,1.6086613,1.4377646,0.37516612,-0.07843533
ROC,2026-02-16T15:40:00,1.7660336,1.6087186,0.5722154,0.5844745,1.6129625,1.4043262,-0.46392602,-0.5168716,-0.60237384,-0.9132368,-0.22587146,-0.3187327,-0.5751597,-0.52167505,-0.2024162,-0.29509944,1.6340014,1.46026,0.37516612,-0.0050762556
ROC,2026-02-16T15:45:00,1.7601123,1.6053507,0.5458194,0.55198085,1.6497293,1.4441185,-0.17808655,-0.51994723,-0.39519018,-0.7896291,-0.22289339,-0.31681335,-0.5751597,-0.5375369,-0.15411907,-0.29177207,1.6593415,1.4814694,0.37516612,0.071638435
ROC,2026-02-16T15:50:00,1.754191,1.6177002,0.5194234,0.4826636,1.6864959,1.483023,-0.17808655,-0.35954022,-0.60237384,-0.686026,-0.21991532,-0.3227944,-0.5751597,-0.5155118,-0.15411907,-0.29618827,1.6846815,1.4956349,0.48698765,0.049445253
ROC,2026-02-16T15:54:00,1.7482697,1.6148256,0.49302748,0.45703265,1.7232627,1.5100613,-0.17808655,-0.2775393,-0.8095575,-0.63135844,-0.21693724,-0.31247193,-0.5751597,-0.55335844,-0.15411907,-0.28210592,1.7100216,1.5079194,0.37516612,0.14662698
ROC,2026-02-16T15:55:00,1.7700973,1.6287189,0.49302748,0.44541377,1.7232627,1.518534,-0.17808655,-0.2342048,-0.8095575,-0.6777765,-0.22686414,-0.30097997,-0.5751597,-0.5695073,-0.15411907,-0.2730968,1.7100216,1.513485,0.48698765,0.16424412
ROC,2026-02-16T16:00:00,1.7919248,1.642635,0.49302748,0.43251073,1.7232627,1.5321561,-0.17808655,-0.22690868,-1.0167412,-0.70810074,-0.23679104,-0.30000013,-0.5751597,-0.5676312,-0.15411907,-0.2792901,1.7100216,1.5244622,0.37516612,0.18001473
ROC,2026-02-16T16:01:00,1.8137524,1.6574396,0.49302748,0.43484458,1.7232627,1.528675,-0.17808655,-0.21004358,-1.0167412,-0.7785007,-0.24671794,-0.2926492,-0.5751597,-0.5750415,-0.2024162,-0.27398184,1.7100216,1.5253406,0.37516612,0.18468632
ROC,2026-02-16T16:05:00,1.8359177,1.6787947,0.44618478,0.43309197,1.7483308,1.5348554,-0.46392602,-0.21172303,-1.2239248,-0.8406999,-0.25664485,-0.29929665,-0.5751597,-0.56395835,-0.2024162,-0.2864543,1.7177005,1.5338907,0.26334456,0.1398843
ROC,2026-02-16T16:10:00,1.858083,1.7027509,0.39934212,0.4447247,1.773399,1.5330472,-0.46392602,-0.339802,-1.0167412,-0.9249753,-0.26657176,-0.29980743,-0.5751597,-0.55928576,-0.2024162,-0.28367013,1.7253792,1.5380187,0.37516612,0.12806813
ROC,2026-02-16T16:15:00,1.8802483,1.7104176,0.35249943,0.41134712,1.7984673,1.5501806,-0.17808655,-0.39794302,-1.0167412,-0.88425595,-0.27649865,-0.3006387,-0.5751597,-0.5658211,-0.2024162,-0.28207543,1.7330581,1.5424942,0.26334456,0.1766039
ROC,2026-02-16T16:20:00,1.9024136,1.7298356,0.30565676,0.35173982,1.8235354,1.572484,-0.17808655,-0.2734013,-1.2239248,-0.8879392,-0.28642556,-0.30338255,-0.5751597,-0.5626562,-0.25071332,-0.28971067,1.7407368,1.545084,0.039701488,0.10506153
ROC,2026-02-16T16:25:00,1.9245789,1.7557462,0.25881407,0.3100674,1.8486037,1.5789186,-0.17808655,-0.19161001,-0.8095575,-0.94819933,-0.29635245,-0.30510828,-0.5751597,-0.5733516,-0.25071332,-0.2919032,1.7484157,1.5384058,-0.072120056,0.036265362
ROC,2026-02-16T16:30:00,1.9467442,1.7697505,0.2119714,0.24837309,1.8736719,1.6129386,0.1077529,-0.16715175,-0.60237384,-0.85719836,-0.30627936,-0.31417534,-0.5751597,-0.58497566,-0.25071332,-0.29775676,1.7560945,1.545283,0.039701488,-0.006481264
ROC,2026-02-16T16:35:00,1.9689095,1.7681774,0.16512872,0.16083112,1.89874,1.6463424,0.1077529,-0.026684873,-0.60237384,-0.7202698,-0.31620625,-0.3171511,-0.5751597,-0.61011595,-0.25071332,-0.300613,1.7637733,1.5438813,0.039701488,0.02231523
ROC,2026-02-16T16:40:00,1.9910748,1.7750834,0.11828604,0.104903445,1.9238083,1.6743238,0.1077529,0.039623506,-0.8095575,-0.6450021,-0.32613316,-0.32311994,-0.5751597,-0.6167951,-0.25071332,-0.30507177,1.7714521,1.5479137,0.039701488,0.029433664
ROC,2026-02-16T16:45:00,2.01324,1.793092,0.071443364,0.071855046,1.9488765,1.6888651,-0.17808655,0.07795742,-0.60237384,-0.66859406,-0.33606005,-0.32972023,-0.5751597,-0.6142218,-0.25071332,-0.31217694,1.7791309,1.550684,0.039701488,0.016265862
ROC,2026-02-16T16:50:00,2.0354054,1.8058873,0.024600688,0.04658056,1.9739447,1.717006,-0.17808655,-0.054589555,-0.8095575,-0.61214453,-0.34598696,-0.34106672,-0.5751597,-0.6042792,-0.25071332,-0.32014188,1.7868097,1.5661103,0.039701488,0.031249646
ROC,2026-02-16T16:54:00,2.0575707,1.8237594,-0.02224199,0.021768352,1.999013,1.7294155,-0.17808655,-0.103633724,-1.0167412,-0.6370801,-0.35591385,-0.3442311,-0.5751597,-0.59950393,-0.29901043,-0.3244994,1.7944885,1.5702448,0.15152302,0.02901143
ROC,2026-02-16T16:55:00,2.0767279,1.8501754,0.04332626,-0.00079372525,1.999013,1.7399285,-0.17808655,-0.11289667,-1.0167412,-0.7217867,-0.36187,-0.35167056,-0.5751597,-0.5901576,-0.29901043,-0.33014202,1.8156053,1.5726279,0.15152302,0.033422418
ROC,2026-02-16T17:00:00,2.095885,1.8745,0.108894505,0.0050383043,1.999013,1.7484999,-0.17808655,-0.1302504,-1.2239248,-0.79434305,-0.36782613,-0.36328718,-0.5751597,-0.5815429,-0.29901043,-0.34021607,1.836722,1.5833331,-0.18394159,0.021170458
ROC,2026-02-16T17:05:00,2.1150422,1.9056102,0.17446275,0.04300695,1.999013,1.7425511,-0.17808655,-0.13254085,-1.2239248,-0.9169405,-0.37378228,-0.37117192,-0.5751597,-0.5678775,-0.29901043,-0.35265005,1.8578387,1.5947802,-0.18394159,-0.11023258
ROC,2026-02-16T17:08:00,2.1341994,1.9216664,0.240031,0.08820375,1.999013,1.7391617,-0.17808655,-0.13818529,-1.2239248,-0.9810394,-0.37973842,-0.37424323,-0.5751597,-0.5586708,-0.34730756,-0.35682905,1.8789555,1.608175,0.15152302,-0.17186177
ROC,2026-02-16T17:10:00,2.1740463,1.9257376,0.14566332,0.13151863,2.0449712,1.7415075,-0.17808655,-0.15982333,-1.2239248,-1.0030198,-0.38569456,-0.38282496,-0.5751597,-0.5534955,-0.34730756,-0.36396626,1.8874022,1.6262478,0.15152302,-0.108394116
ROC,2026-02-16T17:15:00,2.2138932,1.9414221,0.05129565,0.12181628,2.0909297,1.7535949,-0.17808655,-0.16116744,-1.8454757,-1.0236981,-0.3916507,-0.391738,-0.5751597,-0.55386674,-0.34730756,-0.372306,1.8958489,1.6348741,-2.532194,-0.07662535
ROC,2026-02-16T17:20:00,2.25374,2.032226,-0.04307203,0.11942653,2.136888,1.7033998,-0.17808655,-0.06578131,-1.8454757,-1.3573416,-0.39760685,-0.39299515,-0.5751597,-0.5344069,-0.34730756,-0.40045387,1.9042956,1.6005399,-2.532194,-0.9018837
ROC,2026-02-16T17:25:00,2.293587,2.085101,-0.13743971,0.06091235,2.1828465,1.6906538,-0.17808655,-0.021618165,-1.8454757,-1.4837897,-0.403563,-0.39004976,-0.5751597,-0.528415,-0.3956047,-0.40923512,1.9127423,1.5702478,-2.532194,-1.3085464
ROC,2026-02-16T17:30:00,2.3334339,2.1241276,-0.2318074,-0.013920259,2.2288048,1.7030293,0.1077529,-0.0029116422,-1.8454757,-1.5275617,-0.4095191,-0.39903414,-0.5751597,-0.52871525,-0.3956047,-0.4223306,1.921189,1.5529557,-2.532194,-1.4976828
ROC,2026-02-16T17:35:00,2.3732808,2.1536977,-0.32617506,-0.10430688,2.274763,1.7222354,0.1077529,0.1053754,-1.2239248,-1.537078,-0.41547525,-0.40882057,-0.5751597,-0.5412851,-0.3956047,-0.4373881,1.9296356,1.5389941,0.039701488,-1.5998899
ROC,2026-02-16T17:40:00,2.4131277,2.132116,-0.42054275,-0.24077766,2.3207216,1.8351507,0.1077529,0.09147233,-1.2239248,-1.2245095,-0.4214314,-0.4425948,-0.5751597,-0.58284146,-0.3956047,-0.45089057,1.9380823,1.5904095,0.15152302,-0.906313
ROC,2026-02-16T17:45:00,2.4529746,2.1249223,-0.5149104,-0.3439006,2.36668,1.8967645,0.1077529,0.114072464,-1.2239248,-1.0710124,-0.42738754,-0.4586358,-0.5751597,-0.5946343,-0.3956047,-0.4553777,1.946529,1.6089188,0.37516612,-0.5258225
ROC,2026-02-16T17:50:00,2.4928215,2.1234288,-0.6092781,-0.43166977,2.4126384,1.936937,0.1077529,0.1382058,-1.2239248,-0.9842218,-0.43334368,-0.47053176,-0.5751597,-0.6016235,-0.3956047,-0.46012396,1.9549757,1.6153238,0.26334456,-0.24241328
ROC,2026-02-16T17:54:00,2.5326684,2.139188,-0.70364577,-0.5095209,2.4585967,1.9673034,0.1077529,0.15700507,-1.2239248,-0.9641863,-0.43929982,-0.4806267,-0.5751597,-0.59988564,-0.3956047,-0.46763998,1.9634224,1.6167866,0.039701488,-0.12425342
ROC,2026-02-16T17:55:00,2.5295603,2.1991324,-0.72005814,-0.588732,2.4656672,2.0034535,0.39359236,0.15748686,-1.2239248,-1.0441958,-0.43929982,-0.5034906,-0.5751597,-0.5548695,-0.3956047,-0.49143505,1.9634224,1.6291673,0.15152302,-0.27393878
ROC,2026-02-16T18:00:00,2.5264523,2.2302544,-0.73647046,-0.6715802,2.4727378,2.0208645,0.39359236,0.2566601,-0.18800654,-1.0843832,-0.43929982,-0.50703275,-0.5751597,-0.5433031,-0.34730756,-0.5004564,1.9634224,1.6221597,0.37516612,-0.3096094
ROC,2026-02-16T18:05:00,2.5233443,2.2100222,-0.7528828,-0.76948696,2.4798083,2.0817652,0.39359236,0.24986279,-0.39519018,-0.8030342,-0.43929982,-0.51495963,-0.5751597,-0.5346083,-0.3956047,-0.5000365,1.9634224,1.6331483,0.26334456,-0.17962132
ROC,2026-02-16T18:10:00,2.5202363,2.2104142,-0.7692951,-0.80990434,2.4868789,2.1113005,0.6794318,0.25718325,-0.8095575,-0.70557874,-0.43929982,-0.52362573,-0.5751597,-0.52139646,-0.3956047,-0.50559264,1.9634224,1.6388375,0.15152302,-0.16362514
ROC,2026-02-16T18:15:00,2.5171282,2.2084765,-0.7857075,-0.82193667,2.4939494,2.111606,0.6794318,0.40093017,-0.60237384,-0.73530996,-0.43929982,-0.5243007,-0.5751597,-0.55706453,-0.3956047,-0.5096994,1.9634224,1.6299692,0.039701488,-0.15425348
ROC,2026-02-16T18:20:00,2.5140202,2.2056632,-0.8021198,-0.84115416,2.50102,2.121491,0.6794318,0.45968723,-0.8095575,-0.6966677,-0.43929982,-0.524205,-0.5751597,-0.5724312,-0.3956047,-0.51077425,1.9634224,1.629165,0.039701488,-0.13471094
ROC,2026-02-16T18:25:00,2.5109122,2.2088752,-0.8185321,-0.84510314,2.5080905,2.1176522,0.6794318,0.4946639,-1.0167412,-0.7297764,-0.43929982,-0.5215528,-0.5751597,-0.58347833,-0.3956047,-0.5108569,1.9634224,1.6250198,-0.072120056,-0.10973182
ROC,2026-02-16T18:30:00,2.5078042,2.2235973,-0.8349445,-0.8444473,2.5151608,2.1094706,0.6794318,0.5188084,-0.8095575,-0.8194676,-0.43929982,-0.5194179,-0.5751597,-0.5843113,-0.3956047,-0.5126272,1.9634224,1.6204584,0.039701488,-0.14221314
ROC,2026-02-16T18:35:00,2.5046961,2.2424386,-0.8513568,-0.87156934,2.5222313,2.1306944,0.39359236,0.50527996,-0.39519018,-0.827985,-0.43929982,-0.53040195,-0.5751597,-0.56077194,-0.3956047,-0.52432424,1.9634224,1.633477,0.15152302,-0.19171372
ROC,2026-02-16T18:40:00,2.501588,2.2388659,-0.8677691,-0.88260347,2.529302,2.1629994,-0.17808655,0.36388764,-0.60237384,-0.7003341,-0.43929982,-0.53501195,-0.5751597,-0.53657174,-0.3956047,-0.5210391,1.9634224,1.6517055,0.26334456,-0.14236175
ROC,2026-02-16T18:45:00,2.49848,2.2315397,-0.88418144,-0.8326135,2.5363724,2.177954,0.1077529,0.06894211,-0.60237384,-0.62076706,-0.43929982,-0.53567916,-0.5751597,-0.49656034,-0.3956047,-0.5157442,1.9634224,1.6768725,0.039701488,-0.06121051
ROC,2026-02-16T18:50:00,2.4953723,2.2347915,-0.9005938,-0.8376307,2.543443,2.1857252,0.6794318,0.054061733,-0.8095575,-0.6057825,-0.43929982,-0.5379881,-0.5751597,-0.49220467,-0.3956047,-0.51987475,1.9634224,1.6792194,0.26334456,-0.09761286
ROC,2026-02-16T18:54:00,2.4922643,2.2331905,-0.91700613,-0.884106,2.5505135,2.176508,0.6794318,0.31593066,-0.8095575,-0.6673978,-0.43929982,-0.53136635,-0.5751597,-0.53150135,-0.3956047,-0.51389545,1.9634224,1.6512623,0.26334456,-0.070299655
ROC,2026-02-16T18:55:00,2.498641,2.2327209,-0.9327698,-0.91055465,2.557584,2.1721838,0.6794318,0.44072384,-0.8095575,-0.6970517,-0.44357604,-0.52735656,-0.5751597,-0.54421157,-0.3956047,-0.5102197,1.9634224,1.6374677,0.37516612,-0.048919816
ROC,2026-02-16T19:00:00,2.5050178,2.2323828,-0.94853336,-0.9296545,2.5646546,2.1702163,0.6794318,0.49464428,-1.2239248,-0.71832156,-0.44785222,-0.52479625,-0.5751597,-0.54972434,-0.3956047,-0.5058688,1.9634224,1.6285009,0.37516612,-0.002542358
ROC,2026-02-16T19:05:00,2.5113945,2.2484522,-0.964297,-0.9303396,2.5717251,2.1526437,0.6794318,0.5374057,-1.8454757,-0.8643372,-0.45212844,-0.5218825,-0.5751597,-0.5473503,-0.3956047,-0.5042347,1.9634224,1.6174898,-2.532194,-0.013192773
ROC,2026-02-16T19:10:00,2.5177712,2.326188,-0.98006064,-0.8812606,2.5787957,2.0822036,0.6794318,0.64086103,-1.8454757,-1.2627879,-0.45640463,-0.51287836,-0.5751597,-0.53041625,-0.3956047,-0.5241103,1.9634224,1.5853987,-2.532194,-0.77275544
ROC,2026-02-16T19:15:00,2.5241482,2.3577216,-0.9958243,-0.887051,2.5858662,2.0464072,0.6794318,0.6745435,-1.8454757,-1.405648,-0.46068084,-0.50148463,-0.5751597,-0.52544767,-0.3956047,-0.527946,1.9634224,1.555495,-2.532194,-1.1525342
ROC,2026-02-16T19:20:00,2.530525,2.367925,-1.0115879,-0.91240263,2.5929368,2.027911,0.96527123,0.6728768,-1.0167412,-1.4382123,-0.46495703,-0.49012566,-0.5751597,-0.5283032,-0.3956047,-0.52545375,1.9634224,1.532226,-0.072120056,-1.3183718
ROC,2026-02-16T19:25:00,2.5369017,2.329468,-1.0273515,-1.008557,2.600007,2.104007,0.96527123,0.6908038,-1.2239248,-1.1381737,-0.46923324,-0.50953406,-0.5751597,-0.56652397,-0.3956047,-0.528408,1.9634224,1.5578955,0.039701488,-0.8050677
ROC,2026-02-16T19:30:00,2.5432785,2.3106058,-1.0431151,-1.0412558,2.6070776,2.129108,0.96527123,0.73698545,-0.60237384,-1.0579815,-0.47350946,-0.5143121,-0.5751597,-0.58002615,-0.3956047,-0.5202859,1.9634224,1.5618827,0.37516612,-0.5321205
ROC,2026-02-16T19:35:00,2.5496552,2.2790227,-1.0588788,-1.0819691,2.6141481,2.1705782,0.96527123,0.734368,-0.8095575,-0.84648705,-0.47778565,-0.5231042,-0.5751597,-0.58164334,-0.4439018,-0.51553875,1.9634224,1.5746479,0.37516612,-0.26298025
ROC,2026-02-16T19:40:00,2.556032,2.2653067,-1.0746424,-1.0908412,2.6212187,2.1828353,0.96527123,0.7449089,-1.2239248,-0.788923,-0.48206186,-0.5311437,-0.5751597,-0.5792339,-0.4439018,-0.5176776,1.9634224,1.5799338,0.37516612,-0.120358184
ROC,2026-02-16T19:45:00,2.562409,2.2735796,-1.0904061,-1.0805153,2.6282892,2.1716537,0.96527123,0.7675469,-1.0167412,-0.8971722,-0.48633805,-0.53436273,-0.5751597,-0.57569903,-0.4439018,-0.51923424,1.9634224,1.5774992,0.15152302,-0.073828384
ROC,2026-02-16T19:50:00,2.5687857,2.3096683,-1.1061696,-1.0936602,2.6353598,2.1823647,0.96527123,0.7678129,-0.8095575,-0.9946742,-0.49061427,-0.5518518,-0.5751597,-0.53251964,-0.4439018,-0.5344993,1.9634224,1.5838581,0.039701488,-0.26238668
ROC,2026-02-16T19:54:00,2.5751624,2.3236463,-1.1219332,-1.1186299,2.6424303,2.1926367,0.96527123,0.7577128,-0.8095575,-0.9858508,-0.49489045,-0.55534875,-0.5751597,-0.5087085,-0.4439018,-0.5391842,1.9634224,1.5854776,0.15152302,-0.34820315
ROC,2026-02-16T19:55:00,2.5296676,2.3269634,-1.074837,-1.1455348,2.600007,2.1943684,0.96527123,0.7388367,-0.8095575,-0.97226393,-0.4938214,-0.5549364,-0.5751597,-0.49953118,-0.4439018,-0.54165876,1.94393,1.5812477,0.15152302,-0.3573128
ROC,2026-02-16T20:00:00,2.4841726,2.3064997,-1.0277407,-1.1248589,2.557584,2.1955278,0.96527123,0.7313189,-0.8095575,-0.9109999,-0.49275237,-0.55473065,-0.5751597,-0.51903754,-0.4439018,-0.5398107,1.9244376,1.5847278,-2.1967294,-0.26667997
ROC,2026-02-16T20:05:00,2.4386778,2.326689,-0.98064446,-1.0613407,2.5151608,2.160092,0.96527123,0.77720904,-0.18800654,-1.0109653,-0.4916833,-0.5500163,-0.5751597,-0.5205292,-0.4439018,-0.5486973,1.9049453,1.5722971,-2.3085508,-0.7755509
ROC,2026-02-16T20:10:00,2.3931828,2.2979207,-0.9335482,-1.0417154,2.4727378,2.1599824,0.6794318,0.7665395,-0.18800654,-0.83320946,-0.49061427,-0.5464198,-0.5751597,-0.525858,-0.4439018,-0.5512486,1.885453,1.5686796,-2.1967294,-1.0023187
ROC,2026-02-16T20:15:00,2.347688,2.2629206,-0.88645196,-1.0014,2.4303148,2.158014,0.6794318,0.65910345,-0.18800654,-0.6798192,-0.4895452,-0.54490364,-0.5751597,-0.5205321,-0.4439018,-0.5484741,1.8659606,1.5710853,-2.1967294,-1.0940502
ROC,2026-02-16T20:20:00,2.302193,2.2313437,-0.8393557,-0.95791566,2.3878915,2.1466339,0.96527123,0.5942923,-0.39519018,-0.59149736,-0.48847616,-0.5409826,-0.5751597,-0.5217851,-0.4439018,-0.5422464,1.8464682,1.5678269,-2.0849078,-1.1629105
ROC,2026-02-16T20:25:00,2.2566981,2.216572,-0.7922594,-0.9245221,2.3454685,2.1331618,0.96527123,0.6589786,-0.39519018,-0.6059197,-0.48740712,-0.5448888,-0.5751597,-0.5129785,-0.4439018,-0.5476955,1.8269758,1.569237,-1.9730862,-1.2966406
ROC,2026-02-16T20:30:00,2.211203,2.194182,-0.74516314,-0.88769215,2.3030453,2.1164844,0.96527123,0.69386137,-0.39519018,-0.5925081,-0.48633805,-0.5406644,-0.5751597,-0.5102999,-0.4439018,-0.5449815,1.8074834,1.5699725,-2.0849078,-1.3391696
ROC,2026-02-16T20:35:00,2.1657083,2.1699612,-0.6980669,-0.8423529,2.2606223,2.0927987,0.96527123,0.71595764,-0.39519018,-0.5872089,-0.485269,-0.5339173,-0.5751597,-0.51053894,-0.4439018,-0.539954,1.787991,1.5666194,-2.1967294,-1.3846143
ROC,2026-02-16T20:40:00,2.1202133,2.140556,-0.65097064,-0.7928112,2.218199,2.0665183,0.39359236,0.7457572,-0.39519018,-0.5698534,-0.48419994,-0.526885,-0.5751597,-0.5274682,-0.4439018,-0.5321498,1.7684988,1.5566638,-2.0849078,-1.384686
ROC,2026-02-16T20:45:00,2.0747185,2.1250725,-0.6038744,-0.7076648,2.175776,2.0600903,0.39359236,0.5558767,-0.39519018,-0.56205386,-0.4831309,-0.5325628,-0.5751597,-0.48060438,-0.4439018,-0.5271277,1.7490064,1.5708257,-2.0849078,-1.5150937
ROC,2026-02-16T20:50:00,2.0292234,2.0980895,-0.5567781,-0.6390804,2.1333528,2.044827,0.6794318,0.45829764,-0.39519018,-0.52297366,-0.48206186,-0.53270346,-0.5751597,-0.4597457,-0.4439018,-0.5290437,1.729514,1.5794832,-1.9730862,-1.5759405
ROC,2026-02-16T20:54:00,1.9837286,2.0676239,-0.5096818,-0.59866494,2.0909297,2.020186,0.6794318,0.5085616,-0.39519018,-0.50107837,-0.4809928,-0.5330984,-0.5751597,-0.46747455,-0.4439018,-0.53541744,1.7100216,1.5751555,-2.1967294,-1.5819831
ROC,2026-02-16T20:55:00,1.9677598,2.0386465,-0.45311442,-0.5501345,2.0697181,1.9878639,0.6794318,0.54104584,-0.39519018,-0.5051586,-0.47778565,-0.5316875,-0.5751597,-0.4707442,-0.4439018,-0.53878033,1.7100216,1.5654633,-2.1967294,-1.6542767
ROC,2026-02-16T21:00:00,1.9517912,2.012729,-0.39654702,-0.49966905,2.0485065,1.9600682,0.6794318,0.5661066,-0.60237384,-0.5113701,-0.4745785,-0.52777874,-0.5751597,-0.47207502,-0.4439018,-0.5342407,1.7100216,1.5584623,-2.3085508,-1.6958445
ROC,2026-02-16T21:05:00,1.9358224,1.9958686,-0.3399796,-0.44065428,2.027295,1.9241889,0.6794318,0.59633654,-0.39519018,-0.57919604,-0.47137135,-0.5220019,-0.5751597,-0.47340485,-0.4439018,-0.52947694,1.7100216,1.5502428,-2.1967294,-1.7608012
ROC,2026-02-16T21:10:00,1.9198536,1.9723049,-0.2834122,-0.39645988,2.0060835,1.9089465,0.1077529,0.5940043,-0.39519018,-0.5458291,-0.4681642,-0.5200136,-0.5751597,-0.47362894,-0.4439018,-0.52587754,1.7100216,1.5517802,-2.1967294,-1.7521935
ROC,2026-02-16T21:15:00,1.9038848,1.9504224,-0.22684477,-0.31674904,1.9848719,1.9001981,-0.17808655,0.3666231,-0.39519018,-0.5041776,-0.46495703,-0.5200504,-0.5751597,-0.44985405,-0.4439018,-0.51973325,1.7100216,1.567239,-2.1967294,-1.7454278
ROC,2026-02-16T21:20:00,1.8879161,1.9351281,-0.17027736,-0.23211913,1.9636604,1.899762,0.6794318,0.112654656,-0.39519018,-0.47256264,-0.46174988,-0.53054816,-0.5751597,-0.41500577,-0.3956047,-0.52752066,1.7100216,1.5922713,-2.1967294,-1.784246
ROC,2026-02-16T21:25:00,1.8719473,1.9161559,-0.11370994,-0.20829621,1.9424487,1.8749956,0.96527123,0.35618433,-0.18800654,-0.48693928,-0.45854273,-0.526974,-0.5751597,-0.43224195,-0.3956047,-0.5335362,1.7100216,1.5853423,-2.3085508,-1.8387805
ROC,2026-02-16T21:30:00,1.8559785,1.8895553,-0.057142526,-0.19090325,1.9212372,1.8550705,0.96527123,0.5897867,-0.18800654,-0.44365358,-0.4553356,-0.5233377,-0.5751597,-0.44866785,-0.3956047,-0.5349397,1.7100216,1.5773575,-2.3085508,-1.8856246
ROC,2026-02-16T21:35:00,1.8400098,1.8662097,-0.00057511363,-0.15371233,1.9000256,1.8372853,0.96527123,0.70341814,-0.18800654,-0.41494513,-0.45212844,-0.52247036,-0.5751597,-0.4494241,-0.3956047,-0.5355564,1.7100216,1.5758709,-2.1967294,-1.9229347
ROC,2026-02-16T21:40:00,1.824041,1.8449589,0.0559923,-0.10664874,1.8788141,1.824175,0.96527123,0.75425583,-0.39519018,-0.38992584,-0.44892126,-0.5211367,-0.5751597,-0.44891208,-0.3956047,-0.5326403,1.7100216,1.5801765,-2.0849078,-1.9059544
ROC,2026-02-16T21:45:00,1.8080722,1.8323752,0.11255971,-0.047510765,1.8576025,1.799059,0.6794318,0.7889355,-0.39519018,-0.4449259,-0.44571412,-0.51636887,-0.5751597,-0.4495834,-0.3956047,-0.5262193,1.7100216,1.5793921,-2.0849078,-1.8821026
ROC,2026-02-16T21:50:00,1.7921034,1.8192488,0.16912712,0.023974413,1.836391,1.7842221,0.6794318,0.6876129,-0.39519018,-0.46080688,-0.44250697,-0.5153189,-0.5751597,-0.4385802,-0.3956047,-0.522764,1.7100216,1.5904821,-2.0849078,-1.8586981
ROC,2026-02-16T21:54:00,1.7761347,1.8069501,0.22569454,0.086541966,1.8151793,1.7677512,0.6794318,0.6245505,-0.60237384,-0.47010174,-0.43929982,-0.51749474,-0.5751597,-0.43417493,-0.3956047,-0.52710617,1.7100216,1.599132,-1.9730862,-1.8450543
ROC,2026-02-16T21:55:00,1.7676145,1.7978537,0.26779574,0.14610264,1.8010384,1.7376175,0.6794318,0.5987503,-0.60237384,-0.5348771,-0.43823078,-0.51554817,-0.5751597,-0.43836674,-0.3956047,-0.53000873,1.7100216,1.5978768,-1.9730862,-1.8126575
ROC,2026-02-16T22:00:00,1.7590942,1.7866822,0.30989695,0.20130523,1.7868973,1.7118971,0.6794318,0.59958434,-0.39519018,-0.5879312,-0.4371617,-0.5081527,-0.5751597,-0.44153708,-0.3956047,-0.5211126,1.7100216,1.5938364,-1.9730862,-1.8036389
ROC,2026-02-16T22:05:00,1.750574,1.7692034,0.35199815,0.24292532,1.7727562,1.7043921,0.6794318,0.5938842,-0.8095575,-0.55170655,-0.43609267,-0.50656706,-0.5751597,-0.4386387,-0.3956047,-0.5161865,1.7100216,1.5992959,-1.9730862,-1.7894583
ROC,2026-02-16T22:10:00,1.7420537,1.7654897,0.39409935,0.29840466,1.7586153,1.6712978,0.39359236,0.61588454,-0.60237384,-0.6643876,-0.4350236,-0.50090605,-0.5751597,-0.43628994,-0.3956047,-0.5120722,1.7100216,1.5919012,-1.8612647,-1.8183613
ROC,2026-02-16T22:15:00,1.7335335,1.7542652,0.43620056,0.34787965,1.7444742,1.6669184,0.39359236,0.48961475,-0.60237384,-0.6467979,-0.43395457,-0.50101626,-0.5751597,-0.42639804,-0.3956047,-0.50737584,1.7100216,1.602919,-1.9730862,-1.7634655
ROC,2026-02-16T22:20:00,1.7250133,1.7460263,0.47830176,0.39488325,1.7303331,1.6537919,0.1077529,0.4242617,-0.8095575,-0.65719783,-0.43288553,-0.49896887,-0.5751597,-0.42329803,-0.3956047,-0.50196826,1.7100216,1.6058556,-1.7494432,-1.7674735
ROC,2026-02-16T22:25:00,1.716493,1.7420884,0.52040297,0.45539105,1.7161921,1.6392192,0.1077529,0.27042204,-0.60237384,-0.70195794,-0.43181646,-0.49731335,-0.5751597,-0.41650766,-0.3956047,-0.49760172,1.7100216,1.6126721,-1.8612647,-1.6979569
ROC,2026-02-16T22:30:00,1.7079728,1.7318492,0.5625042,0.49670503,1.702051,1.6300399,0.1077529,0.18563882,-0.8095575,-0.67681414,-0.43074742,-0.4985586,-0.5751597,-0.4157991,-0.3956047,-0.4983969,1.7100216,1.6177989,-1.8612647,-1.6832937
ROC,2026-02-16T22:35:00,1.6994525,1.7284054,0.6046054,0.54177004,1.6879101,1.6047755,0.1077529,0.15553436,-0.60237384,-0.7353199,-0.42967835,-0.4941004,-0.5751597,-0.42093813,-0.3956047,-0.494407,1.7100216,1.61147,-1.9730862,-1.6858592
ROC,2026-02-16T22:40:00,1.6909323,1.7192537,0.6467066,0.57590115,1.673769,1.59975,0.1077529,0.13573286,-0.8095575,-0.70946294,-0.4286093,-0.4946519,-0.5751597,-0.42260623,-0.3956047,-0.49203387,1.7100216,1.6152567,-1.9730862,-1.7079972
ROC,2026-02-16T22:45:00,1.6824119,1.7138693,0.6888078,0.62023145,1.6596279,1.5826671,-0.17808655,0.14211585,-0.60237384,-0.7526283,-0.42754027,-0.49307618,-0.5751597,-0.42084143,-0.3956047,-0.49098933,1.7100216,1.6147603,-1.9730862,-1.7401087
ROC,2026-02-16T22:50:00,1.6738917,1.7039604,0.730909,0.66668063,1.645487,1.58235,-0.17808655,-0.0018616952,-0.8095575,-0.7125036,-0.4264712,-0.4934526,-0.5751597,-0.41124937,-0.3956047,-0.48403302,1.7100216,1.6247658,-1.9730862,-1.7234979
ROC,2026-02-16T22:54:00,1.6653714,1.6987714,0.7730102,0.71763974,1.6313459,1.5651191,-0.17808655,-0.061332926,-0.8095575,-0.74946976,-0.42540216,-0.49094033,-0.5751597,-0.41100612,-0.3956047,-0.48211706,1.7100216,1.6264638,-1.8612647,-1.7266868
ROC,2026-02-16T22:55:00,1.6653714,1.6916188,0.751019,0.7591862,1.6313459,1.5515835,0.1077529,-0.09253651,-0.8095575,-0.7663978,-0.42326406,-0.48868692,-0.5751597,-0.41380468,-0.3956047,-0.47962216,1.7035241,1.6280836,-1.9730862,-1.6901245
ROC,2026-02-16T23:00:00,1.6653714,1.6905503,0.72902775,0.75500345,1.6313459,1.5362388,0.1077529,0.035594948,-0.8095575,-0.7890534,-0.42112595,-0.48505637,-0.5751597,-0.43438444,-0.34730756,-0.4807934,1.6970267,1.6154156,-1.8612647,-1.7062783
ROC,2026-02-16T23:05:00,1.6653714,1.6866938,0.7070365,0.7430296,1.6313459,1.5312703,0.1077529,0.09821482,-1.0167412,-0.7827637,-0.41898784,-0.479097,-0.5751597,-0.44366837,-0.3956047,-0.47776812,1.6905292,1.6087822,-1.9730862,-1.6770009
ROC,2026-02-16T23:10:00,1.6653714,1.6970335,0.6850453,0.7356694,1.6313459,1.5146741,0.1077529,0.13985248,-0.8095575,-0.8596802,-0.41684976,-0.4781179,-0.5751597,-0.44903794,-0.34730756,-0.47848853,1.6840318,1.5940057,-1.8612647,-1.7120681
ROC,2026-02-16T23:15:00,1.6653714,1.6936117,0.66305405,0.7127846,1.6313459,1.5208358,0.1077529,0.14860097,-1.0167412,-0.8193822,-0.41471165,-0.47662953,-0.5751597,-0.45148924,-0.3956047,-0.4770719,1.6775343,1.5924035,-2.0849078,-1.674792
ROC,2026-02-16T23:20:00,1.6653714,1.7046965,0.64106286,0.70210963,1.6313459,1.5082729,0.1077529,0.16940576,-0.8095575,-0.8825908,-0.41257355,-0.4792498,-0.5751597,-0.44987854,-0.3956047,-0.4811748,1.6710368,1.5795165,-2.0849078,-1.7502542
ROC,2026-02-16T23:25:00,1.6653714,1.7030098,0.6190716,0.67614967,1.6313459,1.5141039,0.1077529,0.16758803,-0.8095575,-0.83740366,-0.41043544,-0.48509276,-0.5751597,-0.45090377,-0.3956047,-0.48865363,1.6645395,1.5776482,-2.1967294,-1.7634919
ROC,2026-02-16T23:30:00,1.6653714,1.7038836,0.59708035,0.6544303,1.6313459,1.5132815,0.1077529,0.17098847,-0.8095575,-0.8175849,-0.40829736,-0.48747447,-0.5751597,-0.4522453,-0.34730756,-0.4916318,1.658042,1.5703379,-2.1967294,-1.8041275
ROC,2026-02-16T23:35:00,1.6653714,1.7014375,0.57508916,0.6340837,1.6313459,1.513187,0.1077529,0.17456576,-0.8095575,-0.7974626,-0.40615925,-0.48251066,-0.5751597,-0.45482272,-0.34730756,-0.48674294,1.6515446,1.5633172,-2.3085508,-1.8189505
ROC,2026-02-16T23:40:00,1.6653714,1.7023021,0.5530979,0.614401,1.6313459,1.5100162,0.1077529,0.1775651,-0.8095575,-0.79627997,-0.40402114,-0.47825396,-0.5751597,-0.4552943,-0.34730756,-0.48127773,1.6450471,1.553237,-2.4203725,-1.8686241
ROC,2026-02-16T23:45:00,1.6653714,1.7025344,0.53110665,0.59394974,1.6313459,1.5077121,0.1077529,0.18291965,-0.8095575,-0.7941828,-0.40188304,-0.47308743,-0.5751597,-0.45527992,-0.34730756,-0.47596473,1.6385496,1.5438955,-2.4203725,-1.929769
ROC,2026-02-16T23:50:00,1.6653714,1.7051295,0.50911546,0.5741805,1.6313459,1.5072267,0.1077529,0.18210688,-0.8095575,-0.794534,-0.39974493,-0.47219256,-0.5751597,-0.45531464,-0.34730756,-0.47392502,1.6320522,1.536195,-2.3085508,-1.9602231
ROC,2026-02-16T23:54:00,1.6653714,1.7021812,0.4871242,0.5505567,1.6313459,1.5119438,0.1077529,0.18267158,-0.8095575,-0.77405864,-0.39760685,-0.46958202,-0.5751597,-0.4572739,-0.34730756,-0.47155413,1.6255547,1.5324589,-2.3085508,-1.9354624
ROC,2026-02-16T23:55:00,1.6580302,1.7046546,0.5312364,0.5311551,1.6172048,1.5134526,0.1077529,0.18127158,-0.8095575,-0.77365106,-0.3986759,-0.47095904,-0.5751597,-0.45630586,-0.34730756,-0.47244874,1.6255547,1.5276663,-2.1967294,-1.9307718
ROC,2026-02-17T00:00:00,1.6506888,1.6988462,0.5753486,0.53337765,1.6030638,1.5111475,0.1077529,0.17617235,-0.8095575,-0.762802,-0.39974493,-0.4718465,-0.5751597,-0.4553689,-0.34730756,-0.47465518,1.6255547,1.527398,-2.3085508,-1.8937693
ROC,2026-02-17T00:05:00,1.6433474,1.6940436,0.6194608,0.55571437,1.5889227,1.5000743,0.1077529,0.17136449,-1.0167412,-0.7754328,-0.400814,-0.47274435,-0.5751597,-0.4512655,-0.34730756,-0.4768392,1.6255547,1.526222,1.4933815,-1.9227742
ROC,2026-02-17T00:10:00,1.6360061,1.6241292,0.663573,0.5406579,1.5747817,1.5297514,0.1077529,0.07252993,-1.0167412,-0.6092947,-0.40188304,-0.4503067,-0.5751597,-0.487601,-0.34730756,-0.44129094,1.6255547,1.5462633,1.38156,-0.6201881
ROC,2026-02-17T00:15:00,1.6286647,1.5898185,0.70768523,0.5770316,1.5606407,1.5099193,0.1077529,0.043928053,-1.0167412,-0.6611643,-0.4029521,-0.43882602,-0.5751597,-0.48402938,-0.34730756,-0.4280524,1.6255547,1.5412039,1.38156,-0.03937349
ROC,2026-02-17T00:20:00,1.6213233,1.5743061,0.75179744,0.6226456,1.5464996,1.483078,0.1077529,0.022504956,-1.2239248,-0.75280684,-0.40402114,-0.43584904,-0.5751597,-0.47131333,-0.3956047,-0.42616165,1.6255547,1.5346141,-2.3085508,0.23721777
ROC,2026-02-17T00:25:00,1.6139821,1.6736917,0.79590964,0.727995,1.5323585,1.4246433,0.1077529,0.0969228,-1.2239248,-1.1281207,-0.40509018,-0.4741833,-0.5751597,-0.45258346,-0.34730756,-0.48300582,1.6255547,1.5336133,-2.4203725,-0.9314359
ROC,2026-02-17T00:30:00,1.6066407,1.705043,0.84002185,0.76929116,1.5182176,1.3860149,0.1077529,0.13148424,-1.0167412,-1.2590492,-0.40615925,-0.4715437,-0.5751597,-0.44240993,-0.34730756,-0.4856753,1.6255547,1.5131843,-2.3085508,-1.5624107
ROC,2026-02-17T00:35:00,1.5992993,1.6959825,0.88413405,0.7900797,1.5040765,1.375974,0.1077529,0.1267167,-1.0167412,-1.2168745,-0.4072283,-0.46596217,-0.5751597,-0.43773258,-0.34730756,-0.4789798,1.6255547,1.5067824,-2.1967294,-1.7978523
ROC,2026-02-17T00:40:00,1.591958,1.676628,0.92824626,0.81725246,1.4899354,1.3694551,0.1077529,0.119593374,-1.0167412,-1.1604208,-0.40829736,-0.4594331,-0.5751597,-0.43759796,-0.3956047,-0.47045067,1.6255547,1.5054151,-2.1967294,-1.860528
ROC,2026-02-17T00:45:00,1.5846167,1.6600865,0.97235847,0.85085183,1.4757944,1.3607464,0.1077529,0.117246,-1.0167412,-1.1222678,-0.4093664,-0.46275282,-0.5751597,-0.4358838,-0.3956047,-0.47276917,1.6255547,1.5058159,-2.3085508,-1.8958478
ROC,2026-02-17T00:50:00,1.5772753,1.6308796,1.0164707,0.86419374,1.4616534,1.3555672,0.1077529,0.11584982,-0.8095575,-1.0595921,-0.41043544,-0.43358812,-0.5751597,-0.50354385,-0.3956047,-0.44054183,1.6255547,1.4982989,-2.1967294,-1.7487913
ROC,2026-02-17T00:54:00,1.569934,1.6030861,1.0605829,0.8740228,1.4475124,1.3543652,0.1077529,0.11129574,-1.0167412,-0.94655156,-0.4115045,-0.42486605,-0.5751597,-0.54517883,-0.3956047,-0.43408293,1.6255547,1.4942352,-2.4203725,-1.5855862
ROC,2026-02-17T00:55:00,1.5645218,1.5936834,1.0605829,0.90751404,1.4475124,1.3293321,0.1077529,0.1271697,-1.0167412,-0.96631086,-0.40829736,-0.42062122,-0.5751597,-0.56143034,-0.34730756,-0.4353647,1.6255547,1.4796962,-2.4203725,-1.6004317
ROC,2026-02-17T01:00:00,1.5591096,1.6061975,1.0605829,0.98212993,1.4475124,1.3221388,0.1077529,0.13151112,-1.2239248,-1.033054,-0.40509018,-0.4498316,-0.5751597,-0.5003339,-0.34730756,-0.45182392,1.6255547,1.4950083,1.4933815,-1.8865353
ROC,2026-02-17T01:05:00,1.5536972,1.5354506,1.0605829,0.98049295,1.4475124,1.3614157,0.1077529,0.03403445,-1.0167412,-0.8474262,-0.40188304,-0.4366342,-0.5751597,-0.5152803,-0.34730756,-0.42512032,1.6255547,1.5339235,-2.4203725,-0.5819601
ROC,2026-02-17T01:10:00,1.548285,1.5903893,1.0605829,1.0334287,1.4475124,1.318341,0.1077529,0.10732552,-1.0167412,-1.0570619,-0.3986759,-0.44903386,-0.5751597,-0.48176086,-0.29901043,-0.44839412,1.6255547,1.5187727,1.2697384,-1.377668
ROC,2026-02-17T01:15:00,1.5428728,1.5254225,1.0605829,1.0011548,1.4475124,1.3553735,0.1077529,0.03224723,-1.0167412,-0.86184186,-0.39546874,-0.42658857,-0.5751597,-0.4986201,-0.29901043,-0.4190735,1.6255547,1.5385549,1.38156,-0.38973814
ROC,2026-02-17T01:20:00,1.5374606,1.4904484,1.0605829,0.9935167,1.4475124,1.354139,-0.17808655,0.0052625127,-0.8095575,-0.8331333,-0.3922616,-0.414683,-0.5751597,-0.49248824,-0.29901043,-0.40602276,1.6255547,1.5340384,-2.4203725,0.11337574
ROC,2026-02-17T01:25:00,1.5320483,1.5783364,1.0605829,1.0626308,1.4475124,1.3251318,0.1077529,-0.07936051,-1.0167412,-1.0194252,-0.38905442,-0.43833768,-0.5751597,-0.4832459,-0.29901043,-0.42680058,1.6255547,1.5371443,-2.3085508,-0.95050526
ROC,2026-02-17T01:30:00,1.5266361,1.6030647,1.0605829,1.055662,1.4475124,1.295809,0.1077529,0.038021512,-1.2239248,-1.094442,-0.38584727,-0.43224457,-0.5751597,-0.49138018,-0.29901043,-0.42752558,1.6255547,1.5092366,1.4933815,-1.4515965
ROC,2026-02-17T01:35:00,1.5212239,1.5286425,1.0605829,1.011663,1.4475124,1.3226305,0.1077529,-0.0108174905,-1.0167412,-0.9106293,-0.38264012,-0.40481487,-0.5751597,-0.5226429,-0.25071332,-0.39235005,1.6255547,1.5156456,-2.3085508,-0.33009356
ROC,2026-02-17T01:40:00,1.5158117,1.5847076,1.0605829,1.0450026,1.4475124,1.2924511,0.1077529,0.08368972,-1.0167412,-1.0967222,-0.37943298,-0.4281052,-0.5751597,-0.48064002,-0.25071332,-0.42575616,1.6255547,1.5051837,-2.1967294,-1.1906295
ROC,2026-02-17T01:45:00,1.5103995,1.5813379,1.0605829,1.0279179,1.4475124,1.2943238,0.1077529,0.10938702,-1.0167412,-1.0865747,-0.37622583,-0.4006571,-0.5751597,-0.5319387,-0.29901043,-0.40008974,1.6255547,1.492672,-1.7494432,-1.4136307
ROC,2026-02-17T01:50:00,1.5049872,1.588109,1.0605829,1.037293,1.4475124,1.3015279,0.1077529,0.11100477,-1.0167412,-1.0668333,-0.37301868,-0.4198717,-0.5751597,-0.48880953,-0.29901043,-0.4166613,1.6255547,1.5025704,-1.6376216,-1.5128931
ROC,2026-02-17T01:54:00,1.499575,1.5651947,1.0605829,1.0101328,1.4475124,1.3123343,0.1077529,0.111825265,-0.8095575,-0.98661554,-0.3698115,-0.39425302,-0.5751597,-0.5434645,-0.34730756,-0.39417043,1.6255547,1.4975177,-1.6376216,-1.338495
ROC,2026-02-17T01:55:00,1.5049872,1.545331,1.0605829,0.98117983,1.4475124,1.3239793,0.1077529,0.111467555,-1.0167412,-0.87312543,-0.37408772,-0.3914948,-0.5751597,-0.577928,-0.34730756,-0.39523846,1.6255547,1.4948863,-1.6376216,-1.1989819
ROC,2026-02-17T02:00:00,1.5103995,1.5655544,1.0605829,1.0209785,1.4475124,1.3268294,0.1077529,0.12112499,-1.0167412,-0.9285791,-0.37836394,-0.42552257,-0.5751597,-0.5122063,-0.34730756,-0.4241636,1.6255547,1.5152212,-1.7494432,-1.3853394
ROC,2026-02-17T02:05:00,1.5158117,1.5769011,1.0605829,1.0370739,1.4475124,1.321394,-0.17808655,0.12643185,-1.0167412,-0.96630013,-0.38264012,-0.4371601,-0.5751597,-0.482847,-0.29901043,-0.4347128,1.6255547,1.5182042,-1.7494432,-1.482364
ROC,2026-02-17T02:10:00,1.5212239,1.5625381,1.0605829,1.029478,1.4475124,1.325773,-0.17808655,-0.011326529,-1.0167412,-0.93422234,-0.38691634,-0.40829754,-0.5751597,-0.5333427,-0.34730756,-0.4062284,1.6255547,1.5117986,-1.5258001,-1.3617189
ROC,2026-02-17T02:15:00,1.5266361,1.5735198,1.0605829,1.0553415,1.4475124,1.3311311,-0.17808655,-0.08407241,-1.0167412,-0.9503827,-0.39119253,-0.4271441,-0.5751597,-0.48608157,-0.34730756,-0.41811243,1.6255547,1.5288278,-1.4139786,-1.3933347
ROC,2026-02-17T02:20:00,1.5320483,1.57828,1.0605829,1.0515894,1.4475124,1.3294826,-0.17808655,-0.11483245,-1.2239248,-0.9366569,-0.39546874,-0.42057043,-0.5751597,-0.49563792,-0.34730756,-0.40361735,1.6255547,1.5286477,-1.1903355,-1.2815565
ROC,2026-02-17T02:25:00,1.5374606,1.5806217,1.0605829,1.0621105,1.4475124,1.325516,-0.17808655,-0.1276213,-1.8454757,-0.9987395,-0.39974493,-0.42577553,-0.5751597,-0.48301053,-0.34730756,-0.41376016,1.6255547,1.5306286,-2.532194,-1.2196026
ROC,2026-02-17T02:30:00,1.5428728,1.6327963,1.0605829,1.085263,1.4475124,1.2533294,-0.17808655,-0.07141841,-1.2239248,-1.3163382,-0.40402114,-0.4086666,-0.5751597,-0.4873422,-0.34730756,-0.4039419,1.6255547,1.4809707,-0.85487086,-1.6825489
ROC,2026-02-17T02:35:00,1.548285,1.6003771,1.0605829,1.0486239,1.4475124,1.2880135,-0.17808655,-0.121434085,-1.0167412,-1.143165,-0.40829736,-0.40803465,-0.5751597,-0.518646,-0.3956047,-0.39887583,1.6255547,1.4986767,-0.85487086,-1.2074338
ROC,2026-02-17T02:40:00,1.5536972,1.5854017,1.0605829,1.0364522,1.4475124,1.3208487,-0.17808655,-0.14425123,-0.8095575,-1.0368861,-0.41257355,-0.43345544,-0.5751597,-0.50277966,-0.3956047,-0.4229557,1.6255547,1.5223716,-0.63122773,-1.0348197
ROC,2026-02-17T02:45:00,1.5591096,1.5677637,1.0605829,1.0250425,1.4475124,1.350371,-0.17808655,-0.17044657,-1.0167412,-0.9121537,-0.41684976,-0.44877666,-0.5751597,-0.49696684,-0.3956047,-0.43576425,1.6255547,1.5425866,-0.40758467,-0.8588467
ROC,2026-02-17T02:50:00,1.5645218,1.5604806,1.0605829,1.018446,1.4475124,1.3480996,0.39359236,-0.17623883,-1.0167412,-0.8916071,-0.42112595,-0.43764934,-0.5751597,-0.52123755,-0.3956047,-0.4216032,1.6255547,1.539769,-0.29576313,-0.65902305
ROC,2026-02-17T02:54:00,1.569934,1.553587,1.0605829,0.98134637,1.4475124,1.3471365,0.39359236,0.12279793,-1.0167412,-0.9076048,-0.42540216,-0.4417199,-0.5751597,-0.53307766,-0.3956047,-0.43605468,1.6255547,1.5303323,-0.40758467,-0.5962119
ROC,2026-02-17T02:55:00,1.5762036,1.5566051,1.0380727,0.9701456,1.4545828,1.3462214,-0.17808655,0.25499943,-1.0167412,-0.9358464,-0.4371617,-0.44523486,-0.5751597,-0.5351177,-0.3956047,-0.4442586,1.6255547,1.5274242,-0.63122773,-0.6031878
ROC,2026-02-17T03:00:00,1.5824732,1.5728496,1.0155624,1.0012821,1.4616534,1.3533959,-0.17808655,0.01805592,-1.2239248,-0.9645898,-0.44892126,-0.45554993,-0.5751597,-0.5169817,-0.4439018,-0.44727135,1.6255547,1.5423009,-0.7430493,-0.6457803
ROC,2026-02-17T03:05:00,1.5887429,1.6058813,0.99305224,1.0147547,1.4687239,1.3375869,-0.17808655,-0.08664837,-0.8095575,-1.0771232,-0.46068084,-0.4709667,-0.5751597,-0.49263802,-0.49219894,-0.46212643,1.6255547,1.5363947,-0.85487086,-0.7410327
ROC,2026-02-17T03:10:00,1.5950124,1.6019423,0.9705421,0.98630774,1.4757944,1.3684769,-0.17808655,-0.14019546,-0.8095575,-0.97097385,-0.4724404,-0.4879943,-0.5751597,-0.5104205,-0.49219894,-0.4755421,1.6255547,1.5489949,-0.63122773,-0.77311593
ROC,2026-02-17T03:15:00,1.6012821,1.5924804,0.94803184,0.9565081,1.482865,1.3887904,-0.17808655,-0.16618046,-1.0167412,-0.8824178,-0.48419994,-0.5000228,-0.5751597,-0.5214279,-0.49219894,-0.4866045,1.6255547,1.5556251,-0.5194062,-0.7029824
ROC,2026-02-17T03:20:00,1.6075517,1.5914878,0.9255217,0.9380502,1.4899354,1.391769,-0.17808655,-0.16518581,-0.8095575,-0.89043736,-0.49595952,-0.5044577,-0.5751597,-0.52788836,-0.49219894,-0.49344584,1.6255547,1.5535967,-0.7430493,-0.6423093
ROC,2026-02-17T03:25:00,1.6138213,1.5924605,0.9030115,0.9081388,1.4970059,1.4031333,-0.17808655,-0.16078094,-1.2239248,-0.84419364,-0.5077191,-0.5107382,-0.5751597,-0.53936553,-0.49219894,-0.50007653,1.6255547,1.5532889,-0.85487086,-0.6637716
ROC,2026-02-17T03:30:00,1.620091,1.613793,0.8805013,0.90448934,1.5040765,1.3886262,-0.17808655,-0.14393783,-1.2239248,-0.97256374,-0.5194786,-0.5101374,-0.5751597,-0.5383262,-0.49219894,-0.49799758,1.6255547,1.5397273,-0.63122773,-0.74568176
ROC,2026-02-17T03:35:00,1.6263605,1.6243441,0.8579911,0.88523245,1.511147,1.3879118,-0.17808655,-0.13995907,-1.8454757,-1.0216638,-0.5312382,-0.51256746,-0.5751597,-0.5387298,-0.54049605,-0.49827293,1.6255547,1.5340024,-2.532194,-0.70198166
ROC,2026-02-17T03:40:00,1.6326301,1.7014827,0.83548087,0.8974258,1.5182176,1.3215433,-0.17808655,-0.062657155,-1.8454757,-1.3752382,-0.5429978,-0.51947796,-0.5751597,-0.5197851,-0.54049605,-0.523488,1.6255547,1.4882282,-2.532194,-1.4262172
ROC,2026-02-17T03:45:00,1.6388998,1.7399144,0.8129707,0.8796371,1.5252881,1.2904437,-0.17808655,-0.047945596,-0.8095575,-1.5310407,-0.5547573,-0.52611595,-0.5751597,-0.50716317,-0.54049605,-0.5402855,1.6255547,1.458198,-0.40758467,-1.7859668
ROC,2026-02-17T03:50:00,1.6451694,1.6757314,0.79046047,0.7990159,1.5323585,1.3839722,-0.17808655,-0.12710908,-1.2239248,-1.1006304,-0.5665169,-0.5533846,-0.5751597,-0.54350066,-0.54049605,-0.5520328,1.6255547,1.5101793,-0.40758467,-1.0525584
ROC,2026-02-17T03:54:00,1.651439,1.6558514,0.7679503,0.7719749,1.5394291,1.4004525,-0.17808655,-0.1373772,-1.0167412,-1.0314379,-0.57827646,-0.55844665,-0.5751597,-0.55253816,-0.49219894,-0.5550057,1.6255547,1.5168104,-0.18394159,-0.756105
ROC,2026-02-17T03:55:00,1.66154,1.6375456,0.7233948,0.74117285,1.570068,1.420763,-0.17808655,-0.15053889,-1.2239248,-0.93683374,-0.5812545,-0.56054634,-0.5751597,-0.5637891,-0.49219894,-0.55294365,1.6396325,1.5237466,-0.072120056,-0.51096916
ROC,2026-02-17T04:00:00,1.6716411,1.6408422,0.6788393,0.7183406,1.6007069,1.4260733,-0.17808655,-0.14839935,-1.2239248,-0.960688,-0.58423257,-0.5626453,-0.5751597,-0.5608905,-0.49219894,-0.5553614,1.6537104,1.5239968,0.26334456,-0.3836934
ROC,2026-02-17T04:05:00,1.6817422,1.6486832,0.63428384,0.6860386,1.6313459,1.4416357,-0.17808655,-0.15763369,-0.8095575,-0.97574604,-0.58721066,-0.5681003,-0.5751597,-0.5597629,-0.49219894,-0.5566241,1.6677881,1.528203,0.26334456,-0.20625435
ROC,2026-02-17T04:10:00,1.6918432,1.6447103,0.58972836,0.63214594,1.6619848,1.4775989,-0.17808655,-0.17644331,-0.8095575,-0.85616124,-0.5901887,-0.578425,-0.5751597,-0.5649636,-0.49219894,-0.5613507,1.6818659,1.5407088,0.039701488,-0.07634777
ROC,2026-02-17T04:15:00,1.7019442,1.6734916,0.54517287,0.5900975,1.6926237,1.4964373,-0.17808655,-0.18412918,-0.8095575,-0.8490342,-0.59316677,-0.5984121,-0.5751597,-0.5343611,-0.49219894,-0.5817016,1.6959438,1.5474052,0.039701488,-0.14245653
ROC,2026-02-17T04:20:00,1.7120453,1.6921493,0.5006174,0.5446475,1.7232627,1.513806,-0.17808655,-0.18948126,-0.8095575,-0.8333472,-0.59614486,-0.60649693,-0.5751597,-0.52069813,-0.49219894,-0.5910207,1.7100216,1.5507776,-0.072120056,-0.16356994
ROC,2026-02-17T04:25:00,1.7221463,1.6915483,0.45606187,0.50826764,1.7539016,1.5434457,0.1077529,-0.18421915,-0.60237384,-0.77311385,-0.59912294,-0.6130265,-0.5751597,-0.53638387,-0.54049605,-0.59935194,1.7240994,1.5606867,0.039701488,-0.2036626
ROC,2026-02-17T04:30:00,1.7322474,1.6867774,0.41150638,0.43002224,1.7845404,1.5734186,0.1077529,-0.038603455,-0.8095575,-0.66679466,-0.60210097,-0.6192926,-0.5751597,-0.56316066,-0.54049605,-0.6067302,1.7381773,1.5600821,-0.072120056,-0.15163253
ROC,2026-02-17T04:35:00,1.7423484,1.6979761,0.3669509,0.38685167,1.8151793,1.5858643,0.1077529,0.03583471,-0.60237384,-0.67666936,-0.60507905,-0.6198877,-0.5751597,-0.57490945,-0.49219894,-0.6105302,1.7522551,1.5585345,-0.072120056,-0.16445537
ROC,2026-02-17T04:40:00,1.7524495,1.7030666,0.3223954,0.33783725,1.8458183,1.6129065,0.1077529,0.05680023,-0.39519018,-0.61088073,-0.60805714,-0.6198049,-0.5751597,-0.58168846,-0.54049605,-0.60960925,1.7663329,1.5649652,0.039701488,-0.14638099
ROC,2026-02-17T04:45:00,1.7625505,1.6998233,0.27783993,0.281828,1.8764572,1.647052,-0.17808655,0.049374476,-0.39519018,-0.4882292,-0.61103517,-0.626059,-0.5751597,-0.59390384,-0.54049605,-0.61370885,1.7804108,1.5742416,-0.072120056,-0.066065
ROC,2026-02-17T04:47:00,1.7726516,1.705443,0.23328443,0.26589525,1.9070961,1.674848,-0.17808655,-0.1013184,-0.18800654,-0.40614465,-0.61401325,-0.6335423,-0.5751597,-0.5841912,-0.54049605,-0.61881816,1.7944885,1.5918733,-0.072120056,-0.047995728
ROC,2026-02-17T04:50:00,1.7977301,1.7137114,0.23665772,0.2268903,1.9530545,1.7131987,-0.17808655,-0.18308002,-0.39519018,-0.29504567,-0.61699134,-0.6480056,-0.5751597,-0.56802267,-0.54049605,-0.6338246,1.836722,1.6115265,-0.072120056,-0.07421513
ROC,2026-02-17T04:54:00,1.8228085,1.7354676,0.240031,0.21698838,1.999013,1.7359648,0.39359236,-0.20799068,0.019177105,-0.30860025,-0.6199694,-0.6528733,-0.5751597,-0.5572716,-0.54049605,-0.64075726,1.8789555,1.629462,-0.072120056,-0.10539773
ROC,2026-02-17T04:55:00,1.8294532,1.7353891,0.24061485,0.13711931,2.0060835,1.7758852,0.39359236,0.07608709,0.019177105,-0.1599153,-0.6263837,-0.6558993,-0.5751597,-0.58381,-0.54049605,-0.6450641,1.885453,1.6354967,-0.18394159,-0.09110294
ROC,2026-02-17T05:00:00,1.836098,1.7402172,0.24119869,0.119448796,2.013154,1.8006257,0.96527123,0.18354481,0.22636075,-0.08599046,-0.632798,-0.6593004,-0.5751597,-0.5871139,-0.54049605,-0.6482542,1.8919504,1.6491771,-0.18394159,-0.11350441
ROC,2026-02-17T05:05:00,1.8427427,1.7357268,0.24178252,0.059732452,2.0202246,1.8218074,0.96527123,0.49998954,0.22636075,0.008496493,-0.6392123,-0.6574661,-0.5751597,-0.6090069,-0.54049605,-0.6496396,1.8984479,1.6468548,-0.18394159,-0.1339486
ROC,2026-02-17T05:10:00,1.8493874,1.7345423,0.24236636,0.0487756,2.027295,1.8373414,0.96527123,0.61871266,0.22636075,0.067310676,-0.6456266,-0.6542139,-0.5751597,-0.61117196,-0.54049605,-0.6469049,1.9049453,1.6563023,-0.072120056,-0.13858166
ROC,2026-02-17T05:15:00,1.8560321,1.7308798,0.2429502,0.054920375,2.0343654,1.8479643,0.96527123,0.65465873,0.64072806,0.11550676,-0.65204096,-0.6517591,-0.5751597,-0.61126626,-0.58879316,-0.6443656,1.9114428,1.6673194,-0.072120056,-0.09321755
ROC,2026-02-17T05:20:00,1.8626769,1.7186487,0.24353403,0.042331696,2.041436,1.8745631,0.96527123,0.6372452,0.22636075,0.29522577,-0.65845525,-0.66134447,-0.5751597,-0.6078105,-0.58879316,-0.6526886,1.9179403,1.6836661,-0.18394159,-0.051709753
ROC,2026-02-17T05:25:00,1.8693216,1.7307535,0.24411787,0.07058853,2.0485065,1.8759903,0.96527123,0.6603412,0.22636075,0.23872739,-0.66486955,-0.6648256,-0.5751597,-0.59940344,-0.58879316,-0.6589992,1.9244376,1.6965219,-0.072120056,-0.09854035
ROC,2026-02-17T05:30:00,1.8759663,1.7410368,0.24470171,0.08208561,2.055577,1.8839049,0.96527123,0.6664615,0.019177105,0.20703104,-0.67128384,-0.6671724,-0.5751597,-0.59570676,-0.58879316,-0.66070807,1.9309351,1.7074008,-0.072120056,-0.09229106
ROC,2026-02-17T05:35:00,1.882611,1.7580321,0.24528554,0.11348477,2.0626476,1.8863931,0.96527123,0.6850691,0.22636075,0.1129985,-0.67769814,-0.6674464,-0.5751597,-0.5833328,-0.58879316,-0.6592326,1.9374325,1.7205112,-0.18394159,-0.10969967
ROC,2026-02-17T05:40:00,1.8892558,1.7670643,0.24586938,0.120853975,2.0697181,1.9012731,0.96527123,0.6841008,0.22636075,0.1313206,-0.6841124,-0.67347765,-0.5751597,-0.5733951,-0.58879316,-0.6629858,1.94393,1.7340989,-0.18394159,-0.14193113
ROC,2026-02-17T05:45:00,1.8959005,1.7722008,0.24645323,0.13568084,2.0767887,1.9122591,0.96527123,0.68700784,0.22636075,0.13734543,-0.6905268,-0.67558604,-0.5751597,-0.5609092,-0.6370903,-0.6604978,1.9504275,1.7467566,-0.072120056,-0.16809258
ROC,2026-02-17T05:50:00,1.9025451,1.7758384,0.24703707,0.1412866,2.0838592,1.9227374,0.96527123,0.6912326,0.019177105,0.15173288,-0.6969411,-0.6804576,-0.5751597,-0.55240357,-0.6370903,-0.6616132,1.9569249,1.75682,-0.18394159,-0.15024494
ROC,2026-02-17T05:54:00,1.9091898,1.786337,0.2476209,0.15601888,2.0909297,1.9200704,0.96527123,0.7160574,0.019177105,0.08341861,-0.7033554,-0.6831029,-0.5751597,-0.5492791,-0.6370903,-0.66419166,1.9634224,1.7615889,-0.18394159,-0.1726199
ROC,2026-02-17T05:55:00,1.9185139,1.7917612,0.22809476,0.1661525,2.0980003,1.9184242,0.96527123,0.7303205,0.019177105,0.06228213,-0.70442444,-0.6872141,-0.5751597,-0.5431969,-0.6370903,-0.6698018,1.9634224,1.7663711,-0.18394159,-0.18387844
ROC,2026-02-17T06:00:00,1.927838,1.8024421,0.20856863,0.15792441,2.1050708,1.9245583,0.96527123,0.7392991,0.4335444,0.038143605,-0.70549345,-0.6928739,-0.5751597,-0.5400285,-0.6370903,-0.67412144,1.9634224,1.7681473,-0.18394159,-0.20098913
ROC,2026-02-17T06:05:00,1.937162,1.7987955,0.1890425,0.12286976,2.1121411,1.9487402,0.96527123,0.7123185,0.22636075,0.17297497,-0.7065625,-0.69861424,-0.5751597,-0.5431331,-0.6370903,-0.6768611,1.9634224,1.7732681,-0.18394159,-0.17590818
ROC,2026-02-17T06:10:00,1.946486,1.8063565,0.16951635,0.108968705,2.1192117,1.960694,0.96527123,0.7244011,0.22636075,0.17123875,-0.7076316,-0.70225245,-0.5751597,-0.54358315,-0.6370903,-0.6781867,1.9634224,1.7770265,-0.18394159,-0.17962706
ROC,2026-02-17T06:15:00,1.9558101,1.8136177,0.14999022,0.096364155,2.1262822,1.9703852,0.96527123,0.7350766,0.019177105,0.176669,-0.7087006,-0.7055722,-0.5751597,-0.5386842,-0.6370903,-0.6807951,1.9634224,1.7806557,-0.072120056,-0.19202225
ROC,2026-02-17T06:20:00,1.9651341,1.8240088,0.13046408,0.09264894,2.1333528,1.972643,0.96527123,0.7594074,0.019177105,0.113875985,-0.70976967,-0.7057016,-0.5751597,-0.53359884,-0.6370903,-0.67951477,1.9634224,1.7820905,-0.072120056,-0.18167953
ROC,2026-02-17T06:25:00,1.9744582,1.8320956,0.11093794,0.080919825,2.1404233,1.9753224,0.96527123,0.7719876,0.019177105,0.08017845,-0.71083874,-0.7080369,-0.5751597,-0.5316817,-0.6370903,-0.68112826,1.9634224,1.7814289,-0.072120056,-0.16567297
ROC,2026-02-17T06:30:00,1.9837822,1.8421427,0.09141181,0.06314219,2.1474938,1.98075,0.96527123,0.77660227,0.22636075,0.05226492,-0.7119078,-0.711881,-0.5751597,-0.5306378,-0.6370903,-0.6834912,1.9634224,1.7802275,-0.072120056,-0.16125889
ROC,2026-02-17T06:35:00,1.9931062,1.8437378,0.07188567,0.03446976,2.1545644,1.9941448,0.96527123,0.7690633,0.22636075,0.11209005,-0.7129768,-0.7170104,-0.5751597,-0.5285512,-0.6370903,-0.6866092,1.9634224,1.7804117,-0.072120056,-0.14561817
ROC,2026-02-17T06:40:00,2.0024302,1.8484209,0.05235953,0.012158817,2.161635,2.0053897,0.96527123,0.76091796,-0.18800654,0.14133973,-0.7140459,-0.7225242,-0.5751597,-0.52765656,-0.6370903,-0.69141376,1.9634224,1.7813915,-0.072120056,-0.1417476
ROC,2026-02-17T06:45:00,2.0117543,1.8613919,0.032833394,0.018083489,2.1687055,1.9925998,0.96527123,0.7923433,-0.18800654,0.026225105,-0.71511495,-0.7201843,-0.5751597,-0.52487254,-0.6370903,-0.6927525,1.9634224,1.7769309,-0.18394159,-0.16196884
ROC,2026-02-17T06:50:00,2.0210783,1.8764226,0.013307257,0.007593015,2.175776,1.989663,0.96527123,0.80333066,-0.18800654,-0.051103823,-0.71618396,-0.721764,-0.5751597,-0.5250697,-0.6370903,-0.69640666,1.9634224,1.7732832,-0.072120056,-0.20125818
ROC,2026-02-17T06:54:00,2.0304024,1.8859777,-0.006218881,-0.010791751,2.1828465,1.9914781,0.96527123,0.80590695,-0.18800654,-0.08524841,-0.717253,-0.7226418,-0.5751597,-0.5231201,-0.6370903,-0.69737166,1.9634224,1.7694284,0.039701488,-0.19367296
ROC,2026-02-17T06:55:00,2.026812,1.8927994,0.03413081,-0.034133695,2.175776,1.9953531,0.96527123,0.8014178,-0.18800654,-0.10608388,-0.71511495,-0.7228557,-0.5751597,-0.5249403,-0.6370903,-0.69598174,1.9699198,1.7646402,-0.072120056,-0.1508606
ROC,2026-02-17T07:00:00,2.023222,1.8980262,0.074480504,-0.031530797,2.1687055,1.9938353,0.96527123,0.7938382,0.019177105,-0.1322403,-0.7129768,-0.7248979,-0.5751597,-0.5253632,-0.6370903,-0.6983808,1.9764173,1.76513,-0.072120056,-0.15409525
ROC,2026-02-17T07:05:00,2.0196316,1.8957707,0.114830196,-0.024767214,2.161635,2.001242,0.96527123,0.7653128,-0.18800654,-0.08402613,-0.71083874,-0.72934574,-0.5751597,-0.5250579,-0.6370903,-0.7021187,1.9829148,1.7725224,0.039701488,-0.14572242
ROC,2026-02-17T07:10:00,2.0160413,1.8943172,0.15517989,0.008418037,2.1545644,1.9928099,0.96527123,0.7592374,-0.18800654,-0.11796831,-0.7087006,-0.7285126,-0.5751597,-0.5224277,-0.58879316,-0.70235425,1.9894122,1.7783072,0.039701488,-0.12505291
ROC,2026-02-17T07:15:00,2.012451,1.8913198,0.19552958,0.04421965,2.1474938,1.984819,0.96527123,0.75146496,-0.18800654,-0.1436047,-0.7065625,-0.7221956,-0.5751597,-0.5201677,-0.6370903,-0.6966414,1.9959097,1.7847478,0.039701488,-0.11395107
ROC,2026-02-17T07:20:00,2.0088606,1.8925596,0.23587927,0.07585001,2.1404233,1.9803861,0.96527123,0.7460251,0.22636075,-0.17544484,-0.70442444,-0.72421336,-0.5751597,-0.51872313,-0.6370903,-0.69691885,2.002407,1.7910957,-0.072120056,-0.1107979
ROC,2026-02-17T07:25:00,2.0052705,1.8844035,0.27622896,0.09185311,2.1333528,1.9945935,0.96527123,0.7100844,-0.39519018,-0.06778647,-0.7022863,-0.7302889,-0.5751597,-0.5181164,-0.6370903,-0.70070046,2.0089047,1.8050458,0.039701488,-0.12168498
ROC,2026-02-17T07:30:00,2.0016801,1.8908311,0.31657866,0.14785072,2.1262822,1.9722387,0.96527123,0.7299212,0.019177105,-0.20981207,-0.7001482,-0.7252229,-0.5751597,-0.51726174,-0.6370903,-0.69750667,2.015402,1.8082061,-0.18394159,-0.13246676
ROC,2026-02-17T07:35:00,1.9980898,1.8862464,0.35692835,0.17303531,2.1192117,1.9741076,0.96527123,0.7090512,-0.18800654,-0.1670354,-0.69801015,-0.72491324,-0.5751597,-0.52223104,-0.6370903,-0.69783264,2.0218995,1.8175768,-0.072120056,-0.15962254
ROC,2026-02-17T07:40:00,1.9944996,1.8856083,0.39727804,0.21193479,2.1121411,1.9651216,0.96527123,0.70763314,-0.18800654,-0.20470113,-0.695872,-0.7227014,-0.5751597,-0.5225987,-0.6370903,-0.69622713,2.0283968,1.8238081,-0.072120056,-0.16592243
ROC,2026-02-17T07:45:00,1.9909092,1.882119,0.43762773,0.25043496,2.1050708,1.9570829,0.96527123,0.70662355,-0.18800654,-0.2199927,-0.69373393,-0.7200628,-0.5751597,-0.5222043,-0.58879316,-0.69489396,2.0348945,1.8311317,-0.072120056,-0.16723049
ROC,2026-02-17T07:50:00,1.987319,1.8768831,0.47797742,0.2859541,2.0980003,1.9488198,0.96527123,0.70686805,-0.39519018,-0.23282167,-0.6915958,-0.7120009,-0.5751597,-0.52406967,-0.58879316,-0.6862152,2.0413918,1.835804,-0.072120056,-0.16062394
ROC,2026-02-17T07:54:00,1.9837286,1.8775744,0.5183271,0.32973823,2.0909297,1.9322978,0.96527123,0.71983826,-0.39519018,-0.30910715,-0.6894577,-0.7019358,-0.5751597,-0.5245826,-0.58879316,-0.67674553,2.0478892,1.8379072,-0.072120056,-0.16963904
ROC,2026-02-17T07:55:00,1.9846932,1.8784535,0.5395399,0.36673766,2.0838592,1.9216026,0.96527123,0.71781373,-0.39519018,-0.3565408,-0.68625057,-0.69934064,-0.5751597,-0.5263102,-0.58879316,-0.6748164,2.0478892,1.8420458,-0.072120056,-0.17207679
ROC,2026-02-17T08:00:00,1.9856578,1.8762244,0.5607527,0.3988955,2.0767887,1.9135857,0.96527123,0.71977407,-0.39519018,-0.3724231,-0.6830434,-0.6972547,-0.5751597,-0.52332926,-0.6370903,-0.6749794,2.0478892,1.8477875,-0.072120056,-0.18038087
ROC,2026-02-17T08:05:00,1.9866223,1.8783634,0.58196545,0.41761982,2.0697181,1.908293,0.96527123,0.717982,-0.18800654,-0.40054798,-0.6798363,-0.7008782,-0.5751597,-0.5279271,-0.6370903,-0.6764141,2.0478892,1.848402,-0.072120056,-0.17774801
ROC,2026-02-17T08:10:00,1.9875869,1.8716427,0.6031782,0.43047783,2.0626476,1.9125466,0.96527123,0.7073476,-0.18800654,-0.34058547,-0.6766291,-0.7046526,-0.5751597,-0.5280618,-0.6370903,-0.6794723,2.0478892,1.8554171,-0.072120056,-0.17208311
ROC,2026-02-17T08:15:00,1.9885514,1.8665566,0.624391,0.44630054,2.055577,1.9131129,0.96527123,0.70263475,-0.18800654,-0.3106559,-0.673422,-0.7067112,-0.5751597,-0.5300833,-0.6370903,-0.6800483,2.0478892,1.8597783,-0.072120056,-0.16670185
ROC,2026-02-17T08:20:00,1.989516,1.8617748,0.6456038,0.46499127,2.0485065,1.9115092,0.6794318,0.70488185,-0.39519018,-0.29138947,-0.6702148,-0.70710236,-0.5751597,-0.5307353,-0.6370903,-0.6794422,2.0478892,1.8637254,0.039701488,-0.1643852
ROC,2026-02-17T08:25:00,1.9904805,1.8612101,0.6668166,0.5157354,2.041436,1.9019222,0.6794318,0.58470017,-0.60237384,-0.33403832,-0.6670076,-0.70330614,-0.5751597,-0.52013534,-0.6370903,-0.6725282,2.0478892,1.8721834,0.039701488,-0.1330383
ROC,2026-02-17T08:30:00,1.9914451,1.8677636,0.68802935,0.5550369,2.0343654,1.8845332,0.6794318,0.54020387,-0.60237384,-0.43627474,-0.6638005,-0.6968521,-0.5751597,-0.51751405,-0.58879316,-0.6651609,2.0478892,1.8714927,0.15152302,-0.13064967
ROC,2026-02-17T08:35:00,1.9924097,1.8685337,0.7092421,0.5783661,2.027295,1.8725337,0.6794318,0.5179499,-0.60237384,-0.4897656,-0.66059333,-0.6877877,-0.5751597,-0.5181353,-0.58879316,-0.655305,2.0478892,1.8694009,0.15152302,-0.09510882
ROC,2026-02-17T08:40:00,1.9933742,1.8687559,0.7304549,0.59670436,2.0202246,1.8637143,0.6794318,0.5136738,-0.60237384,-0.5228879,-0.6573862,-0.6820171,-0.5751597,-0.5168252,-0.58879316,-0.6490924,2.0478892,1.8682036,0.15152302,-0.07761219
ROC,2026-02-17T08:45:00,1.9943388,1.8696831,0.7516677,0.61204875,2.013154,1.8565204,0.6794318,0.5045038,-0.8095575,-0.54904276,-0.65417904,-0.68145335,-0.5751597,-0.51938754,-0.58879316,-0.64866006,2.0478892,1.8674238,0.15152302,-0.065071285
ROC,2026-02-17T08:50:00,1.9953033,1.873861,0.7728805,0.6381125,2.0060835,1.84068,0.6794318,0.5164727,-0.8095575,-0.6242832,-0.6509719,-0.67848116,-0.5751597,-0.514798,-0.58879316,-0.6482508,2.0478892,1.8649129,0.15152302,-0.07731217
ROC,2026-02-17T08:54:00,1.9962679,1.8759207,0.79409325,0.6570345,1.999013,1.8291695,0.6794318,0.519489,-0.8095575,-0.67073953,-0.64776474,-0.6763821,-0.5751597,-0.5141317,-0.58879316,-0.6474288,2.0478892,1.8628957,0.15152302,-0.079824254
ROC,2026-02-17T08:55:00,2.0048015,1.8764389,0.79662323,0.6736397,2.0449712,1.8202331,0.6794318,0.5197295,-0.8095575,-0.6998199,-0.6408159,-0.67511517,-0.5751597,-0.51392037,-0.58879316,-0.646748,2.0901227,1.8616873,0.15152302,-0.07996771
ROC,2026-02-17T09:00:00,2.0133352,1.884044,0.7991532,0.6761476,2.0909297,1.8237497,0.6794318,0.51601094,-0.60237384,-0.71152407,-0.6338671,-0.6744241,-0.5751597,-0.5197639,-0.58879316,-0.64762014,2.1323562,1.8661584,0.26334456,-0.06747754
ROC,2026-02-17T09:05:00,2.0218687,1.888739,0.8016831,0.66530573,2.136888,1.8448435,0.6794318,0.49539718,-0.60237384,-0.6514958,-0.62691826,-0.6778703,-0.5751597,-0.52671427,-0.58879316,-0.6486814,2.1745896,1.8789647,0.37516612,-0.01120387
ROC,2026-02-17T09:10:00,2.0304024,1.8929961,0.8042131,0.65955096,2.1828465,1.8641297,0.6794318,0.47964546,-0.18800654,-0.60537434,-0.6199694,-0.6759174,-0.5751597,-0.53184974,-0.58879316,-0.6448447,2.216823,1.8931516,0.48698765,0.059390023
ROC,2026-02-17T09:10:00,2.0297058,1.887107,0.8335607,0.6389084,2.192038,1.902265,0.6794318,0.44612595,-0.18800654,-0.4399626,-0.6130206,-0.67979306,-0.5751597,-0.5372101,-0.58879316,-0.64411414,2.2337165,1.9157687,0.48698765,0.15944296
ROC,2026-02-17T09:15:00,2.029009,1.8832381,0.8629083,0.64531857,2.2012298,1.924499,0.6794318,0.4253765,-0.39519018,-0.3444394,-0.60607177,-0.681651,-0.5751597,-0.53749216,-0.54049605,-0.6437517,2.2506099,1.9349084,0.48698765,0.21003541
ROC,2026-02-17T09:20:00,2.0283127,1.8863764,0.8922559,0.6743063,2.2104216,1.9282769,0.39359236,0.42445388,-0.18800654,-0.36092958,-0.59912294,-0.6741155,-0.5751597,-0.53426474,-0.54049605,-0.6355953,2.2675033,1.9474771,0.5988092,0.2229109
ROC,2026-02-17T09:25:00,2.027616,1.8810153,0.92160344,0.71715045,2.219613,1.943185,0.39359236,0.27193546,-0.18800654,-0.29059607,-0.5921741,-0.6721987,-0.5751597,-0.52054644,-0.54049605,-0.628278,2.2843966,1.9711055,0.5988092,0.28754556
ROC,2026-02-17T09:30:00,2.0269194,1.877611,0.95095104,0.75185347,2.2288048,1.9513344,0.39359236,0.19927308,0.22636075,-0.25170392,-0.5852253,-0.6686194,-0.5751597,-0.51575214,-0.54049605,-0.62261885,2.30129,1.9876593,0.7106307,0.31984305
ROC,2026-02-17T09:35:00,2.0262227,1.8623761,0.98029864,0.756223,2.2379966,1.9756366,0.39359236,0.14013427,0.019177105,-0.08434019,-0.57827646,-0.6677935,-0.5751597,-0.52088916,-0.54049605,-0.6188451,2.3181834,2.0056705,0.5988092,0.39523837
ROC,2026-02-17T09:40:00,2.025526,1.8635088,1.0096462,0.78858894,2.247188,1.9824167,0.39359236,0.129188,0.12276893,-0.060329087,-0.57132757,-0.663536,-0.5751597,-0.5232711,-0.49219894,-0.6164925,2.3350768,2.0220757,0.5428984,0.3915209
ROC,2026-02-17T09:45:00,2.0248294,1.8626857,1.0389938,0.8117112,2.2563798,1.9932638,0.1077529,0.12294372,0.22636075,-0.009025317,-0.56437874,-0.65276814,-0.5751597,-0.5282775,-0.49219894,-0.60664904,2.3519702,2.0382583,0.48698765,0.3872175
ROC,2026-02-17T09:50:00,2.0241327,1.8607694,1.0683414,0.86446434,2.2655716,2.007366,0.1077529,-0.02903964,0.019177105,0.07601076,-0.5574299,-0.6456484,-0.5751597,-0.51813966,-0.49219894,-0.59967947,2.3688636,2.0657685,0.5988092,0.38988474
ROC,2026-02-17T09:54:00,2.0234363,1.8633195,1.097689,0.9119187,2.274763,2.0083416,0.1077529,-0.080518335,0.4335444,0.061185043,-0.5504811,-0.6356151,-0.5751597,-0.51279867,-0.49219894,-0.59061855,2.385757,2.0826652,0.5988092,0.4067809
ROC,2026-02-17T09:55:00,2.0212927,1.8546361,1.0973647,0.91619575,2.2676928,2.0292068,0.1077529,-0.12409713,0.4335444,0.19472605,-0.5440668,-0.6298956,-0.5751597,-0.51891536,-0.49219894,-0.58288693,2.3792596,2.0984266,0.5988092,0.4389092
ROC,2026-02-17T10:00:00,2.0191493,1.8478068,1.0970403,0.91712165,2.2606223,2.0392928,0.1077529,-0.13002372,-0.18800654,0.28702188,-0.5376525,-0.6225243,-0.5751597,-0.52965766,-0.49219894,-0.5779286,2.3727622,2.1063607,0.5988092,0.46124038
ROC,2026-02-17T10:05:00,2.017006,1.861181,1.0967159,0.9574373,2.2535517,2.0191221,-0.17808655,-0.084197395,0.4335444,0.116859324,-0.5312382,-0.6101487,-0.5751597,-0.52678907,-0.49219894,-0.56911665,2.3662646,2.1065607,0.5988092,0.43958446
ROC,2026-02-17T10:10:00,2.0148623,1.8491994,1.0963916,0.9682707,2.2464812,2.0323768,-0.17808655,-0.2491982,-0.39519018,0.26730508,-0.5248239,-0.60472655,-0.5751597,-0.5215315,-0.4439018,-0.56262994,2.3597672,2.117879,0.5988092,0.48173773
ROC,2026-02-17T10:15:00,2.012719,1.8642154,1.0960672,1.0204314,2.2394106,2.0048933,-0.17808655,-0.25715762,-0.18800654,0.048452117,-0.5184096,-0.5869323,-0.5751597,-0.5088887,-0.4439018,-0.546177,2.3532698,2.1148932,0.5988092,0.45111024
ROC,2026-02-17T10:20:00,2.0105755,1.8681746,1.0957428,1.0227447,2.23234,1.9990224,-0.17808655,-0.26184002,0.019177105,0.008126948,-0.51199526,-0.5731389,-0.5751597,-0.5078642,-0.4439018,-0.5321333,2.3467722,2.111016,0.5988092,0.4478085
ROC,2026-02-17T10:25:00,2.008432,1.8653736,1.0954186,1.0032959,2.2252696,2.0047548,-0.17808655,-0.259125,0.4335444,0.07205042,-0.50558096,-0.5643493,-0.5751597,-0.51421636,-0.4439018,-0.52428573,2.3402748,2.1079879,0.5988092,0.4585072
ROC,2026-02-17T10:30:00,2.0062885,1.8513339,1.0950942,0.9641233,2.218199,2.0250237,-0.17808655,-0.277302,-0.18800654,0.2542265,-0.49916667,-0.56137705,-0.5751597,-0.52776235,-0.4439018,-0.51882744,2.3337774,2.1075497,0.5988092,0.48963588
ROC,2026-02-17T10:35:00,2.0041451,1.8568935,1.0947698,0.99406147,2.2111285,2.0064745,-0.17808655,-0.24188814,-0.39519018,0.13893506,-0.49275237,-0.54818535,-0.5751597,-0.5215077,-0.4439018,-0.50807154,2.32728,2.1051419,0.5988092,0.4715143
ROC,2026-02-17T10:40:00,2.0020015,1.8639449,1.0944455,1.0180066,2.204058,1.9841524,-0.17808655,-0.20943612,-0.39519018,0.004420802,-0.48633805,-0.53522116,-0.5751597,-0.51430637,-0.4439018,-0.49709776,2.3207824,2.0973608,0.5988092,0.45623145
ROC,2026-02-17T10:45:00,1.9998581,1.8726692,1.0941211,1.0162916,2.1969874,1.9765533,-0.17808655,-0.19919789,-0.18800654,-0.082951635,-0.47992375,-0.53111273,-0.5751597,-0.5167747,-0.3956047,-0.49088904,2.314285,2.0901873,0.48698765,0.44992125
ROC,2026-02-17T10:50:00,1.9977148,1.8676268,1.0937967,1.0039167,2.189917,1.9718894,-0.17808655,-0.19041339,-0.18800654,-0.040885642,-0.47350946,-0.51679164,-0.5751597,-0.5220108,-0.3956047,-0.4799355,2.3077877,2.083003,0.5988092,0.43594027
ROC,2026-02-17T10:54:00,1.9955713,1.8665727,1.0934724,0.9859822,2.1828465,1.9756709,-0.17808655,-0.19669929,0.019177105,-0.03220862,-0.46709514,-0.5110533,-0.5751597,-0.53183466,-0.3956047,-0.47089317,2.30129,2.0776112,0.48698765,0.45362946
ROC,2026-02-17T10:55:00,2.0042791,1.8603108,1.0934724,0.9682663,2.1828465,1.98321,-0.17808655,-0.20641366,0.019177105,0.042119414,-0.4601463,-0.5058054,-0.5751597,-0.5387484,-0.3956047,-0.4641885,2.30129,2.0762093,0.48698765,0.44226217
ROC,2026-02-17T11:00:00,2.012987,1.8557045,1.0934724,0.964096,2.1828465,1.9845659,-0.17808655,-0.20897838,0.019177105,0.08901037,-0.45319748,-0.49969813,-0.5751597,-0.53849965,-0.3956047,-0.45829663,2.30129,2.0750544,0.5988092,0.43213022
ROC,2026-02-17T11:05:00,2.0216947,1.8481678,1.0934724,0.96792555,2.1828465,1.9814404,-0.17808655,-0.21178582,-0.18800654,0.1281065,-0.44624865,-0.49113798,-0.5751597,-0.5349546,-0.34730756,-0.4506243,2.30129,2.0742605,0.5988092,0.4581677
ROC,2026-02-17T11:06:00,2.0304024,1.8520948,1.0934724,0.9793241,2.1828465,1.9750999,-0.17808655,-0.19702876,-0.18800654,0.061927088,-0.43929982,-0.4809815,-0.5751597,-0.5321074,-0.34730756,-0.43887246,2.30129,2.0721998,0.5988092,0.4589994
ROC,2026-02-17T11:10:00,2.009643,1.8569568,1.1541915,0.9802455,2.164463,1.9736949,-0.46392602,-0.19090176,-0.39519018,0.018742984,-0.432351,-0.47546893,-0.5751597,-0.53266525,-0.34730756,-0.43165374,2.30129,2.0709527,0.48698765,0.46086407
ROC,2026-02-17T11:15:00,1.9888836,1.8651297,1.2149107,1.044107,2.1460798,1.9595233,-0.46392602,-0.34636837,-0.39519018,-0.090034224,-0.42540216,-0.47283468,-0.5751597,-0.5189313,-0.34730756,-0.42843014,2.30129,2.079976,0.37516612,0.43195435
ROC,2026-02-17T11:20:00,1.9681243,1.8653347,1.2756299,1.09799,2.1276963,1.9403712,-0.46392602,-0.4099647,-0.39519018,-0.15418106,-0.41845334,-0.46213803,-0.5751597,-0.51113313,-0.34730756,-0.419301,2.30129,2.0810387,0.37516612,0.3770113
ROC,2026-02-17T11:25:00,1.9473649,1.8598167,1.336349,1.1400656,2.109313,1.9246762,-0.46392602,-0.4489028,0.019177105,-0.19175357,-0.4115045,-0.45370165,-0.5751597,-0.5159801,-0.34730756,-0.41211376,2.30129,2.0815032,0.37516612,0.35527584
ROC,2026-02-17T11:30:00,1.9266055,1.8383065,1.3970681,1.1640713,2.0909297,1.9267523,-0.46392602,-0.48869348,-0.18800654,-0.065952726,-0.40455568,-0.44991168,-0.5751597,-0.52287453,-0.34730756,-0.40777782,2.30129,2.087667,0.37516612,0.3597908
ROC,2026-02-17T11:35:00,1.9058461,1.8250905,1.4577873,1.2206197,2.0725462,1.9118053,-0.46392602,-0.49721622,-0.18800654,-0.070262544,-0.39760685,-0.44269502,-0.5751597,-0.5205519,-0.34730756,-0.40132293,2.30129,2.0919044,0.37516612,0.34628984
ROC,2026-02-17T11:40:00,1.8850867,1.8108094,1.5185064,1.277676,2.054163,1.896293,-0.74976546,-0.49745107,0.019177105,-0.07191747,-0.39065802,-0.43442395,-0.5751597,-0.5189244,-0.34730756,-0.39326522,2.30129,2.095549,0.37516612,0.34517333
ROC,2026-02-17T11:45:00,1.8643273,1.7928541,1.5792255,1.3458953,2.0357797,1.8937315,-0.74976546,-0.6781664,0.019177105,-0.005791094,-0.3837092,-0.4323387,-0.5751597,-0.51325494,-0.29901043,-0.38794297,2.30129,2.1098986,0.37516612,0.36569062
ROC,2026-02-17T11:50:00,1.8435678,1.7753459,1.6399448,1.4026711,2.0173962,1.884681,-0.74976546,-0.7577009,0.019177105,0.027682642,-0.37676033,-0.4216883,-0.5751597,-0.515132,-0.29901043,-0.37647006,2.30129,2.1168387,0.37516612,0.37228534
ROC,2026-02-17T11:54:00,1.8228085,1.7628676,1.7006639,1.4462614,1.999013,1.8759804,-0.74976546,-0.77808905,0.019177105,0.046847202,-0.3698115,-0.4147342,-0.5751597,-0.5228704,-0.29901043,-0.37066278,2.30129,2.1197245,0.37516612,0.36918783
ROC,2026-02-17T11:55:00,1.8348833,1.7500714,1.7006639,1.4957517,1.999013,1.8650093,-0.74976546,-0.78144,-0.18800654,0.054469597,-0.36239943,-0.40751174,-0.5751597,-0.5235661,-0.29901043,-0.36349297,2.30129,2.1227388,0.37516612,0.35725155
ROC,2026-02-17T12:00:00,1.8469582,1.7487438,1.7006639,1.5345458,1.999013,1.8491381,-1.3214444,-0.76125175,-0.18800654,-0.013188377,-0.35498735,-0.39793265,-0.5751597,-0.5215299,-0.29901043,-0.35463604,2.30129,2.1208155,0.48698765,0.34208605
ROC,2026-02-17T12:05:00,1.859033,1.742685,1.7006639,1.6162889,1.999013,1.836986,-1.3214444,-1.0824027,-0.18800654,-0.030507617,-0.34757525,-0.39044,-0.5751597,-0.48790705,-0.29901043,-0.34544277,2.30129,2.1328082,0.48698765,0.38837427
ROC,2026-02-17T12:05:00,1.859033,1.7397933,1.7006639,1.6380668,1.999013,1.8302454,-1.3214444,-1.1951728,-0.18800654,-0.04165621,-0.34016317,-0.3846019,-0.5751597,-0.48176005,-0.29901043,-0.3385644,2.30129,2.1313782,0.48698765,0.40747768
ROC,2026-02-17T12:10:00,1.859033,1.7377336,1.7006639,1.6369729,1.999013,1.8258944,-1.3214444,-1.2222071,-0.39519018,-0.042787492,-0.3327511,-0.3791919,-0.5751597,-0.483626,-0.29901043,-0.33281276,2.30129,2.125923,0.48698765,0.4176324
ROC,2026-02-17T12:15:00,1.859033,1.7433214,1.7006639,1.6380432,1.999013,1.8134886,-1.3214444,-1.2019451,-0.60237384,-0.107145555,-0.325339,-0.3700232,-0.5751597,-0.48598063,-0.25071332,-0.32698837,2.30129,2.117577,0.48698765,0.4137025
ROC,2026-02-17T12:20:00,1.859033,1.7500665,1.7006639,1.6463908,1.999013,1.7948021,-1.3214444,-1.176685,-0.18800654,-0.21473747,-0.3179269,-0.35151893,-0.5751597,-0.4834564,-0.25071332,-0.31016082,2.30129,2.1061232,0.48698765,0.40266052
ROC,2026-02-17T12:25:00,1.859033,1.7415311,1.7006639,1.6190408,1.999013,1.8028466,-1.3214444,-1.1844506,-0.60237384,-0.118635975,-0.31051484,-0.34539232,-0.5751597,-0.49313456,-0.25071332,-0.3030964,2.30129,2.101521,0.48698765,0.4208404
ROC,2026-02-17T12:30:00,1.859033,1.7472885,1.7006639,1.6360048,1.999013,1.7862892,-1.3214444,-1.169822,0.019177105,-0.21727982,-0.30310273,-0.3364935,-0.5751597,-0.48522976,-0.25071332,-0.2949378,2.30129,2.0937257,0.37516612,0.40507546
ROC,2026-02-17T12:35:00,1.859033,1.7370088,1.7006639,1.5997846,1.999013,1.8095462,-1.464364,-1.1877357,0.019177105,-0.048314042,-0.29569066,-0.33979785,-0.5751597,-0.49956387,-0.25071332,-0.29585305,2.30129,2.0979054,0.48698765,0.3981189
ROC,2026-02-17T12:37:00,1.859033,1.7269131,1.7006639,1.587352,1.999013,1.8191048,-1.464364,-1.2606972,-0.18800654,0.070795804,-0.28827858,-0.33549553,-0.5751597,-0.5082785,-0.2024162,-0.29400167,2.30129,2.1004834,0.48698765,0.4413697
ROC,2026-02-17T12:40:00,1.88028,1.7252344,1.7006639,1.5965949,1.999013,1.8121673,-1.464364,-1.2777679,-0.39519018,0.051671542,-0.2808665,-0.32246694,-0.5751597,-0.5079647,-0.2024162,-0.28240708,2.30129,2.0982819,0.48698765,0.44740668
ROC,2026-02-17T12:45:00,1.901527,1.7333399,1.7006639,1.6127137,1.999013,1.7999411,-1.464364,-1.2697464,0.019177105,-0.040641427,-0.2734544,-0.31219497,-0.5751597,-0.5018155,-0.2024162,-0.27322087,2.30129,2.0954404,0.5988092,0.43799162
ROC,2026-02-17T12:50:00,1.9227741,1.7254107,1.7006639,1.5841038,1.999013,1.8135475,-1.464364,-1.2841172,0.22636075,0.06883058,-0.26604232,-0.31027272,-0.5751597,-0.5109845,-0.2024162,-0.269074,2.30129,2.09606,0.7106307,0.49021116
ROC,2026-02-17T12:54:00,1.9440211,1.71323,1.7006639,1.5534652,1.999013,1.8310826,-1.464364,-1.3013339,-0.60237384,0.20411903,-0.25863025,-0.30753395,-0.5751597,-0.5221801,-0.2024162,-0.26309088,2.30129,2.0993626,0.5988092,0.5579702
ROC,2026-02-17T12:55:00,1.9297403,1.7381403,1.7276502,1.6094401,1.9913532,1.800158,-1.3214444,-1.2672275,-0.60237384,-0.051207863,-0.25565216,-0.29417565,-0.5751597,-0.4994695,-0.2024162,-0.25241503,2.30129,2.0970333,0.5988092,0.5098072
ROC,2026-02-17T13:00:00,1.9154595,1.7523553,1.7546365,1.6159319,1.9836935,1.7855843,-1.3929042,-1.1682982,-0.39519018,-0.18545619,-0.2526741,-0.28860208,-0.5751597,-0.5030062,-0.2024162,-0.24738877,2.30129,2.090521,0.7106307,0.48695323
ROC,2026-02-17T13:05:00,1.9011787,1.7465558,1.7816228,1.6295421,1.9760337,1.7800539,-1.3929042,-1.1959056,-0.60237384,-0.17205295,-0.24969602,-0.28336272,-0.5751597,-0.4976249,-0.2024162,-0.24233128,2.30129,2.0911806,0.5988092,0.5203092
ROC,2026-02-17T13:10:00,1.8868979,1.7469219,1.808609,1.6597083,1.968374,1.7573434,-1.3929042,-1.1995255,0.019177105,-0.24600634,-0.24671794,-0.27277347,-0.5751597,-0.4962869,-0.2024162,-0.23459145,2.30129,2.0826828,0.5988092,0.50181246
ROC,2026-02-17T13:15:00,1.8726171,1.7267486,1.8355954,1.6420115,1.9607142,1.773782,-1.464364,-1.2292331,-0.18800654,-0.060602106,-0.24373989,-0.27201468,-0.5751597,-0.5167862,-0.2024162,-0.23135698,2.30129,2.0860648,0.5988092,0.52617216
ROC,2026-02-17T13:20:00,1.8583363,1.7189962,1.8625816,1.6717916,1.9530545,1.7714367,-1.464364,-1.2846702,-0.18800654,-0.042136043,-0.24076182,-0.270194,-0.5751597,-0.5181525,-0.2024162,-0.22837938,2.30129,2.0902686,0.48698765,0.5265776
ROC,2026-02-17T13:25:00,1.8440555,1.7125124,1.889568,1.7023867,1.9453948,1.7644153,-1.464364,-1.3036717,-0.39519018,-0.032595225,-0.23778374,-0.26440704,-0.5751597,-0.51732904,-0.15411907,-0.22431676,2.30129,2.0931377,0.48698765,0.49474582
ROC,2026-02-17T13:30:00,1.8297747,1.7091665,1.9165542,1.7432411,1.9377351,1.7456735,-1.464364,-1.3021662,-0.60237384,-0.10049895,-0.23480567,-0.24717756,-0.5751597,-0.51180583,-0.15411907,-0.20927794,2.30129,2.0911396,0.5988092,0.47484577
ROC,2026-02-17T13:35:00,1.815494,1.7146559,1.9435405,1.7754589,1.9300754,1.7312547,-1.464364,-1.2934461,-0.60237384,-0.21585974,-0.2318276,-0.24126826,-0.5751597,-0.51139027,-0.15411907,-0.20163688,2.30129,2.0872116,0.48698765,0.48610535
ROC,2026-02-17T13:40:00,1.8012131,1.71823,1.9705268,1.8009437,1.9224156,1.7203786,-1.464364,-1.2988745,0.019177105,-0.28945625,-0.22884953,-0.23921633,-0.5751597,-0.51401424,-0.15411907,-0.19855934,2.30129,2.0850255,0.48698765,0.46084622
ROC,2026-02-17T13:45:00,1.7869323,1.6951394,1.997513,1.7843055,1.914756,1.7390478,-1.464364,-1.3153622,-0.39519018,-0.086756624,-0.22587146,-0.24141838,-0.5751597,-0.53161126,-0.15411907,-0.19886903,2.30129,2.0908756,0.37516612,0.48793703
ROC,2026-02-17T13:47:00,1.7726516,1.6946772,2.0244994,1.8249239,1.9070961,1.725411,-1.464364,-1.3092982,-0.18800654,-0.14065704,-0.22289339,-0.23756287,-0.5751597,-0.5270683,-0.15411907,-0.19563444,2.30129,2.0901933,0.5988092,0.43604994
ROC,2026-02-17T13:50:00,1.7932019,1.6758165,1.8617383,1.8436624,1.9070961,1.7209872,-1.464364,-1.3206267,-0.39519018,-0.07133202,-0.21991532,-0.22893058,-0.5751597,-0.52312976,-0.15411907,-0.18708038,2.2590566,2.0912175,0.37516612,0.49257946
ROC,2026-02-17T13:54:00,1.8137524,1.681865,1.6989772,1.7999592,1.9070961,1.7157011,-1.464364,-1.2795918,-0.39519018,-0.1085094,-0.21693724,-0.22191562,-0.5751597,-0.52421445,-0.15411907,-0.18215415,2.216823,2.0745764,0.37516612,0.43879676
ROC,2026-02-17T13:55:00,1.8173426,1.6892736,1.6989772,1.7056215,1.9070961,1.7189295,-1.464364,-1.2342935,-0.39519018,-0.1088969,-0.21479915,-0.21484281,-0.5751597,-0.5231542,-0.15411907,-0.17540988,2.216823,2.0491302,0.37516612,0.40889952
ROC,2026-02-17T14:00:00,1.820933,1.6950096,1.6989772,1.6496549,1.9070961,1.7222738,-1.464364,-1.2170709,-0.18800654,-0.11134518,-0.21266104,-0.20966737,-0.5751597,-0.524101,-0.15411907,-0.16909912,2.216823,2.034525,0.37516612,0.3976232
ROC,2026-02-17T14:05:00,1.8245232,1.6930561,1.6989772,1.5973887,1.9070961,1.7371534,-1.464364,-1.2285441,-0.39519018,-0.0396559,-0.21052295,-0.2140219,-0.5751597,-0.5378788,-0.15411907,-0.17182794,2.216823,2.0299592,0.26334456,0.4100277
ROC,2026-02-17T14:10:00,1.8281136,1.7026228,1.6989772,1.5916464,1.9070961,1.7357093,-1.3929042,-1.2262021,0.019177105,-0.08942974,-0.20838484,-0.21588142,-0.5751597,-0.5358162,-0.15411907,-0.17429098,2.216823,2.0281506,0.37516612,0.362492
ROC,2026-02-17T14:15:00,1.8317039,1.6865845,1.6989772,1.5568782,1.9070961,1.7474622,-1.3929042,-1.2005855,-0.60237384,0.061300837,-0.20624675,-0.21318744,-0.5751597,-0.5399753,-0.15411907,-0.17232665,2.216823,2.0264091,0.37516612,0.39508605
ROC,2026-02-17T14:20:00,1.8352941,1.7010478,1.6989772,1.5892161,1.9070961,1.7276465,-1.3929042,-1.1690361,-0.39519018,-0.10747982,-0.20410864,-0.20972335,-0.5751597,-0.5253594,-0.105821945,-0.16966778,2.216823,2.022174,0.37516612,0.36966762
ROC,2026-02-17T14:25:00,1.8388845,1.6981425,1.6989772,1.589943,1.9070961,1.72229,-1.3214444,-1.158917,-0.39519018,-0.107098885,-0.20197053,-0.19821428,-0.5751597,-0.5248624,-0.15411907,-0.15827663,2.216823,2.017733,0.48698765,0.3838783
ROC,2026-02-17T14:30:00,1.8424747,1.6975563,1.6989772,1.5808376,1.9070961,1.7213948,-1.3214444,-1.1265167,-0.39519018,-0.118534826,-0.19983244,-0.19982891,-0.5751597,-0.52690136,-0.15411907,-0.15875152,2.216823,2.0156286,0.48698765,0.41009033
ROC,2026-02-17T14:35:00,1.846065,1.6979041,1.6989772,1.5788964,1.9070961,1.719319,-1.3214444,-1.1273044,-0.60237384,-0.13907889,-0.19769433,-0.20141533,-0.5751597,-0.52676284,-0.15411907,-0.15985991,2.216823,2.0159469,0.37516612,0.41795313
ROC,2026-02-17T14:40:00,1.8496553,1.7085507,1.6989772,1.5929301,1.9070961,1.7080936,-1.3214444,-1.1226186,-0.39519018,-0.23664212,-0.19555624,-0.20037657,-0.5751597,-0.52252924,-0.105821945,-0.16026698,2.216823,2.014648,0.37516612,0.37454098
ROC,2026-02-17T14:45:00,1.8532456,1.7055554,1.6989772,1.5849828,1.9070961,1.7092971,-1.3214444,-1.1318225,-0.18800654,-0.20795906,-0.19341813,-0.19332282,-0.5751597,-0.5255423,-0.105821945,-0.15376963,2.216823,2.0146208,0.37516612,0.36783382
ROC,2026-02-17T14:50:00,1.8568358,1.6993971,1.6989772,1.5688858,1.9070961,1.7225951,-1.1785246,-1.1460214,-0.39519018,-0.11894926,-0.19128004,-0.19461891,-0.5751597,-0.5303504,-0.15411907,-0.15359555,2.216823,2.0196283,0.37516612,0.3671207
ROC,2026-02-17T14:54:00,1.8604262,1.6994383,1.6989772,1.5722055,1.9070961,1.7160972,-1.464364,-1.0551388,-0.60237384,-0.1402663,-0.18914193,-0.1925608,-0.5751597,-0.52488613,-0.105821945,-0.15310387,2.216823,2.0169775,0.37516612,0.3509475
ROC,2026-02-17T14:55:00,1.855724,1.7101843,1.660079,1.6123666,1.9185858,1.7076858,-1.1785246,-1.1908506,-0.60237384,-0.24000993,-0.18616386,-0.19160172,-0.5751597,-0.5106008,-0.105821945,-0.1501294,2.216823,2.0219276,0.37516612,0.3447592
ROC,2026-02-17T15:00:00,1.8510218,1.7148362,1.6211809,1.5778061,1.9300754,1.7027597,-1.1785246,-1.0604404,-0.39519018,-0.27830586,-0.18318579,-0.18022935,-0.5751597,-0.52276313,-0.105821945,-0.14044303,2.216823,2.0097003,0.26334456,0.33699515
ROC,2026-02-17T15:05:00,1.8463196,1.7168438,1.5822827,1.532845,1.9415649,1.7163631,-1.1785246,-1.0158875,-0.39519018,-0.22782415,-0.18020771,-0.18243627,-0.5751597,-0.533078,-0.15411907,-0.14228491,2.216823,2.0069294,0.37516612,0.31392705
ROC,2026-02-17T15:10:00,1.8416173,1.717492,1.5433844,1.4930722,1.9530545,1.7287732,-1.1785246,-1.0028832,-0.39519018,-0.18991092,-0.17722964,-0.18957289,-0.5751597,-0.537401,-0.105821945,-0.14868282,2.216823,2.004497,0.37516612,0.3394878
ROC,2026-02-17T15:15:00,1.8369151,1.7197907,1.5044862,1.4578158,1.9645442,1.7391567,-1.035605,-0.9980886,-0.18800654,-0.17050138,-0.17425157,-0.18961576,-0.5751597,-0.5395776,-0.105821945,-0.14760499,2.216823,2.0018036,0.37516612,0.3484533
ROC,2026-02-17T15:20:00,1.8322129,1.7138232,1.465588,1.3982856,1.9760337,1.7556846,-0.8926852,-0.9138685,-0.18800654,-0.07420957,-0.17127351,-0.18522249,-0.5751597,-0.5487298,-0.105821945,-0.14275648,2.216823,1.9968882,0.48698765,0.35893065
ROC,2026-02-17T15:25:00,1.8275107,1.7082669,1.4266899,1.3436408,1.9875233,1.7669226,-0.74976546,-0.7975606,-0.18800654,-0.010419909,-0.16829544,-0.18056011,-0.5751597,-0.5532518,-0.105821945,-0.1381535,2.216823,1.9903206,0.48698765,0.3909985
ROC,2026-02-17T15:30:00,1.8228085,1.7077948,1.3877916,1.2977365,1.999013,1.7783229,-0.74976546,-0.67151684,0.019177105,0.02087235,-0.16531737,-0.1819816,-0.5751597,-0.5567082,-0.105821945,-0.13839924,2.216823,1.9854795,0.48698765,0.40565792
ROC,2026-02-17T15:30:00,1.8173516,1.7026616,1.3374734,1.2389337,1.999013,1.7979287,-0.74976546,-0.6232889,0.019177105,0.12231812,-0.1623393,-0.1839437,-0.5751597,-0.57041824,-0.105821945,-0.1400326,2.2027454,1.9844929,0.48698765,0.43156013
ROC,2026-02-17T15:35:00,1.8118948,1.6999432,1.2871553,1.2034557,1.999013,1.8102833,-0.74976546,-0.62297845,-0.39519018,0.16811049,-0.15936123,-0.1828424,-0.5751597,-0.57025594,-0.105821945,-0.13628848,2.1886675,1.9827782,0.37516612,0.44191346
ROC,2026-02-17T15:40:00,1.8064378,1.7153884,1.236837,1.2007862,1.999013,1.7977972,-0.74976546,-0.6019551,0.019177105,0.034644835,-0.15638316,-0.17731911,-0.5751597,-0.55647194,-0.105821945,-0.13309127,2.1745896,1.9745587,0.37516612,0.38587213
ROC,2026-02-17T15:45:00,1.8009809,1.7098348,1.1865189,1.1437571,1.999013,1.8111624,-0.46392602,-0.60992825,-0.18800654,0.12689933,-0.15340509,-0.17973925,-0.5751597,-0.56153244,-0.105821945,-0.13490538,2.160512,1.9673692,0.48698765,0.3879687
ROC,2026-02-17T15:50:00,1.795524,1.7089925,1.1362007,1.0753033,1.999013,1.8095173,-0.46392602,-0.43568426,0.019177105,0.10647179,-0.15042701,-0.17251293,-0.5751597,-0.5737973,-0.105821945,-0.12918618,2.146434,1.947289,0.26334456,0.39962393
ROC,2026-02-17T15:54:00,1.7900672,1.7081276,1.0858825,1.0225132,1.999013,1.8186467,-0.46392602,-0.37893322,0.22636075,0.16117597,-0.14744894,-0.17082573,-0.5751597,-0.5743841,-0.105821945,-0.12733003,2.1323562,1.9385539,0.37516612,0.34897658
ROC,2026-02-17T15:55:00,1.8130558,1.696432,1.0858825,0.9671865,1.999013,1.8337414,-0.46392602,-0.37698278,0.22636075,0.27976385,-0.1524124,-0.16968572,-0.5751597,-0.5751261,-0.105821945,-0.122965805,2.1323562,1.9314352,0.37516612,0.37205335
ROC,2026-02-17T16:00:00,1.8360443,1.6930441,1.0858825,0.94688374,1.999013,1.845119,-0.46392602,-0.38956937,0.22636075,0.33399287,-0.15737584,-0.17426315,-0.5751597,-0.57091963,-0.105821945,-0.12546958,2.1323562,1.933621,0.26334456,0.37998375
ROC,2026-02-17T16:04:00,1.859033,1.6952443,1.0858825,0.94350755,1.999013,1.8488975,-0.46392602,-0.39752597,-0.18800654,0.355751,-0.1623393,-0.1746321,-0.5751597,-0.5654865,-0.105821945,-0.12609299,2.1323562,1.9365935,0.37516612,0.34679946
ROC,2026-02-17T16:05:00,1.8557398,1.7099426,1.1133288,0.97070634,1.999013,1.8362051,-0.46392602,-0.38090292,-0.39519018,0.20752776,-0.16730274,-0.17155443,-0.5751597,-0.5549415,-0.105821945,-0.12467652,2.1400352,1.9382226,0.37516612,0.3410038
ROC,2026-02-17T16:10:00,1.8524467,1.7284145,1.1407751,1.0016162,1.999013,1.8236612,-0.46392602,-0.3714344,0.019177105,0.034996632,-0.1722662,-0.17227942,-0.5751597,-0.5472991,-0.105821945,-0.12608339,2.147714,1.9403107,0.37516612,0.32097432
ROC,2026-02-17T16:15:00,1.8491535,1.7230437,1.1682214,1.002016,1.999013,1.8293566,-0.46392602,-0.39871106,-0.18800654,0.09741749,-0.17722964,-0.17468116,-0.5751597,-0.54855907,-0.105821945,-0.12822206,2.1553926,1.9450911,0.37516612,0.33554807
ROC,2026-02-17T16:20:00,1.8458604,1.7241397,1.1956676,1.0339998,1.999013,1.8223891,-0.46392602,-0.42009163,-0.18800654,0.03826357,-0.1821931,-0.17372409,-0.5751597,-0.546399,-0.105821945,-0.12566113,2.1630714,1.9494187,0.48698765,0.33570954
ROC,2026-02-17T16:25:00,1.8425673,1.7221303,1.2231139,1.0652306,1.999013,1.8173423,-0.46392602,-0.4350953,-0.60237384,0.008337598,-0.18715654,-0.17361727,-0.5751597,-0.53732806,-0.105821945,-0.12482527,2.1707504,1.9555249,0.5988092,0.35382807
ROC,2026-02-17T16:30:00,1.8392742,1.7257265,1.2505602,1.1185157,1.999013,1.7900125,-0.46392602,-0.42718938,-0.18800654,-0.1535132,-0.19212,-0.16609992,-0.5751597,-0.5262713,-0.105821945,-0.119794905,2.1784291,1.9537402,0.7106307,0.38454357
ROC,2026-02-17T16:35:00,1.835981,1.7154881,1.2780064,1.1269696,1.999013,1.7949952,-0.17808655,-0.44861394,0.22636075,-0.09372071,-0.19708344,-0.16907205,-0.5751597,-0.52911466,-0.105821945,-0.12085466,2.1861079,1.9599105,0.7106307,0.45728594
ROC,2026-02-17T16:40:00,1.8326879,1.6991137,1.3054527,1.0933062,1.999013,1.8155365,-0.46392602,-0.31781036,0.22636075,0.07975015,-0.2020469,-0.17592686,-0.5751597,-0.5474472,-0.105821945,-0.12566729,2.1937869,1.9637848,0.82245225,0.4941648
ROC,2026-02-17T16:45:00,1.8293948,1.6885705,1.3328991,1.1252446,1.999013,1.8290987,-0.46392602,-0.44027227,0.019177105,0.1720739,-0.20701034,-0.18528666,-0.5751597,-0.54289216,-0.105821945,-0.1301791,2.2014656,1.9808922,0.82245225,0.56126624
ROC,2026-02-17T16:50:00,1.8261017,1.6888613,1.3603454,1.1629941,1.999013,1.8285682,-0.46392602,-0.48451757,0.22636075,0.13545942,-0.2119738,-0.19186962,-0.5751597,-0.5426134,-0.105821945,-0.13538127,2.2091444,1.9914287,0.7106307,0.5844634
ROC,2026-02-17T16:54:00,1.8228085,1.6832349,1.3877916,1.1873344,1.999013,1.8329272,-0.46392602,-0.5040198,0.019177105,0.19480717,-0.21693724,-0.19448797,-0.5751597,-0.54173535,-0.15411907,-0.13849041,2.216823,2.0014634,0.82245225,0.5697127
ROC,2026-02-17T16:55:00,1.835187,1.6848891,1.3648273,1.2193834,2.0060835,1.8301437,-0.46392602,-0.501935,0.019177105,0.15096465,-0.2180063,-0.20216659,-0.5751597,-0.5413827,-0.15411907,-0.14634995,2.216823,2.0092971,0.82245225,0.58612204
ROC,2026-02-17T17:00:00,1.8475654,1.6878132,1.341863,1.2237625,2.013154,1.8312674,-0.46392602,-0.48948085,-0.39519018,0.13252875,-0.21907535,-0.20644979,-0.5751597,-0.54200244,-0.15411907,-0.15061802,2.216823,2.011602,0.7106307,0.59792024
ROC,2026-02-17T17:05:00,1.8599439,1.7070389,1.3188987,1.2344645,2.0202246,1.8175492,-0.46392602,-0.45294845,-0.39519018,-0.03639756,-0.2201444,-0.20652115,-0.5751597,-0.54238486,-0.15411907,-0.15225908,2.216823,2.0058265,0.82245225,0.56462014
ROC,2026-02-17T17:10:00,1.8723224,1.7164569,1.2959344,1.2224233,2.027295,1.8096167,-0.46392602,-0.4352684,0.019177105,-0.10596565,-0.22121346,-0.20299637,-0.5751597,-0.54245436,-0.15411907,-0.15036193,2.216823,1.997878,0.7106307,0.58892053
ROC,2026-02-17T17:15:00,1.8847009,1.7131513,1.2729701,1.1913784,2.0343654,1.8242038,-0.46392602,-0.44821396,-0.39519018,0.0016955286,-0.2222825,-0.20665717,-0.5751597,-0.5418224,-0.15411907,-0.15193072,2.216823,1.9990747,0.7106307,0.5864367
ROC,2026-02-17T17:20:00,1.8970793,1.724194,1.2500058,1.1833289,2.041436,1.8154151,-0.46392602,-0.42458123,-0.39519018,-0.073390625,-0.22335155,-0.20436554,-0.5751597,-0.54230297,-0.15411907,-0.15356213,2.216823,1.9923642,0.82245225,0.57634354
ROC,2026-02-17T17:25:00,1.9094578,1.7321522,1.2270416,1.1602052,2.0485065,1.8153949,-0.46392602,-0.4167628,-0.60237384,-0.11145157,-0.2244206,-0.2057942,-0.5751597,-0.5461094,-0.15411907,-0.15546918,2.216823,1.9862552,0.82245225,0.60624474
ROC,2026-02-17T17:30:00,1.9218363,1.744064,1.2040772,1.15475,2.055577,1.8054419,-0.46392602,-0.39780065,-0.60237384,-0.20232803,-0.22548966,-0.20368879,-0.5751597,-0.5376831,-0.15411907,-0.15506321,2.216823,1.978665,0.82245225,0.60484385
ROC,2026-02-17T17:35:00,1.9342147,1.7551017,1.181113,1.1345099,2.0626476,1.8042562,-0.46392602,-0.3901282,-0.39519018,-0.2539894,-0.2265587,-0.20854825,-0.5751597,-0.53913724,-0.15411907,-0.16023256,2.216823,1.9727451,0.93427384,0.6144632
ROC,2026-02-17T17:40:00,1.9465932,1.7556019,1.1581486,1.0979091,2.0697181,1.8141735,-0.46392602,-0.39987248,-0.8095575,-0.20682901,-0.22762775,-0.21332183,-0.5751597,-0.54582345,-0.15411907,-0.1631562,2.216823,1.9692187,0.93427384,0.6660709
ROC,2026-02-17T17:45:00,1.9589717,1.7742267,1.1351844,1.0880498,2.0767887,1.8069158,-0.46392602,-0.39521787,-0.8095575,-0.33872327,-0.22869681,-0.21755749,-0.5751597,-0.5464287,-0.15411907,-0.16845377,2.216823,1.9632734,0.82245225,0.6668772
ROC,2026-02-17T17:50:00,1.9713502,1.7904159,1.11222,1.0691158,2.0838592,1.8028609,-0.74976546,-0.38869724,-0.60237384,-0.41594684,-0.22976586,-0.21891059,-0.5751597,-0.54952043,-0.15411907,-0.17148091,2.216823,1.9568394,0.82245225,0.6468882
ROC,2026-02-17T17:54:00,1.9837286,1.794105,1.0892558,1.0722495,2.0909297,1.8095714,-0.74976546,-0.5422803,-0.39519018,-0.37998983,-0.23083492,-0.22295775,-0.5751597,-0.5338482,-0.15411907,-0.17377596,2.216823,1.9635994,0.93427384,0.6510049
ROC,2026-02-17T17:55:00,1.9807278,1.7916077,1.1124147,1.0405849,2.0909297,1.8256296,-0.74976546,-0.6204977,-0.60237384,-0.28961012,-0.23511112,-0.22799312,-0.5751597,-0.5389725,-0.15411907,-0.17525563,2.2233207,1.9645108,0.93427384,0.6953381
ROC,2026-02-17T18:00:00,1.9777269,1.7948066,1.1355736,1.0416704,2.0909297,1.8237466,-0.74976546,-0.6494375,-0.8095575,-0.31302506,-0.23938732,-0.22949383,-0.5751597,-0.5405522,-0.15411907,-0.17688471,2.229818,1.9641225,0.82245225,0.7116816
ROC,2026-02-17T18:05:00,1.9747261,1.8081928,1.1587325,1.060703,2.0909297,1.815154,-0.74976546,-0.6504391,-1.0167412,-0.41094583,-0.24366352,-0.23208426,-0.5751597,-0.5376511,-0.2024162,-0.18104924,2.2363155,1.9650736,0.5988092,0.6735383
ROC,2026-02-17T18:10:00,1.9717252,1.83,1.1818914,1.0871888,2.0909297,1.8014641,-0.46392602,-0.6416722,-0.60237384,-0.54736096,-0.24793972,-0.24059913,-0.5751597,-0.53490627,-0.2024162,-0.19370568,2.242813,1.9656928,0.26334456,0.5798352
ROC,2026-02-17T18:15:00,1.9687245,1.8362002,1.2050503,1.0556234,2.0909297,1.8117214,-0.74976546,-0.49402046,-0.8095575,-0.4918706,-0.25221592,-0.24784301,-0.5751597,-0.55832475,-0.2024162,-0.2051803,2.2493105,1.9656564,0.26334456,0.45610467
ROC,2026-02-17T18:20:00,1.9657236,1.8488303,1.2282093,1.0896144,2.0909297,1.8131955,-0.74976546,-0.58799917,-0.39519018,-0.5341096,-0.25649214,-0.25661188,-0.5751597,-0.552834,-0.2024162,-0.21366496,2.2558079,1.9770069,0.26334456,0.38545355
ROC,2026-02-17T18:25:00,1.9627228,1.8420724,1.2513682,1.0904073,2.0909297,1.8329633,-0.74976546,-0.65243447,-0.60237384,-0.41639012,-0.26076832,-0.26525068,-0.5751597,-0.5604671,-0.2024162,-0.2200255,2.2623053,1.990428,0.26334456,0.3695234
ROC,2026-02-17T18:30:00,1.9597219,1.8403984,1.2745271,1.1115978,2.0909297,1.8315043,-0.74976546,-0.66645247,0.019177105,-0.4019215,-0.26504454,-0.2643928,-0.5751597,-0.5604044,-0.2024162,-0.22246183,2.268803,1.9962444,0.26334456,0.3461216
ROC,2026-02-17T18:35:00,1.9567211,1.8172115,1.297686,1.0958564,2.0909297,1.8579184,-0.74976546,-0.70079273,-0.18800654,-0.17489505,-0.26932073,-0.2700724,-0.5751597,-0.5751119,-0.2024162,-0.22779955,2.2753003,2.0099268,0.37516612,0.37558734
ROC,2026-02-17T18:40:00,1.9537202,1.8063468,1.3208449,1.1152804,2.0909297,1.8632959,-0.74976546,-0.7122334,-0.18800654,-0.115160845,-0.27359694,-0.27126566,-0.5751597,-0.578707,-0.2024162,-0.228825,2.2817976,2.0187018,0.37516612,0.40674067
ROC,2026-02-17T18:45:00,1.9507194,1.8022962,1.3440038,1.1365547,2.0909297,1.868524,-0.8926852,-0.71732706,0.019177105,-0.091895856,-0.27787316,-0.2758081,-0.5751597,-0.58037144,-0.2024162,-0.23261803,2.2882953,2.028043,0.48698765,0.4129893
ROC,2026-02-17T18:50:00,1.9477185,1.7930001,1.3671627,1.1601013,2.0909297,1.8828284,-0.8926852,-0.81286013,0.22636075,-0.0091990195,-0.28214934,-0.28710532,-0.5751597,-0.574823,-0.2024162,-0.24002717,2.2947927,2.0433657,0.48698765,0.4503314
ROC,2026-02-17T18:54:00,1.9447176,1.7804416,1.3903216,1.1838202,2.0909297,1.8983941,-1.035605,-0.86932325,-0.18800654,0.10846119,-0.28642556,-0.29366592,-0.5751597,-0.56103677,-0.2024162,-0.24305472,2.30129,2.0596657,0.48698765,0.4560594
ROC,2026-02-17T18:55:00,1.9447176,1.7880781,1.3903216,1.2417572,2.0909297,1.8892977,-1.035605,-0.94674766,-0.18800654,0.020868424,-0.2896327,-0.2950245,-0.5751597,-0.5464871,-0.2024162,-0.24510747,2.30129,2.070148,0.48698765,0.44167393
ROC,2026-02-17T19:00:00,1.9447176,1.7919227,1.3903216,1.2670144,2.0909297,1.8841348,-1.035605,-0.96755856,0.22636075,-0.014570147,-0.29283985,-0.29247746,-0.5751597,-0.5385252,-0.2024162,-0.2448461,2.30129,2.0745075,0.37516612,0.4300851
ROC,2026-02-17T19:05:00,1.9447176,1.7831991,1.3903216,1.248009,2.0909297,1.8996929,-1.035605,-0.98396134,0.22636075,0.11462026,-0.296047,-0.29535565,-0.5751597,-0.5450308,-0.2024162,-0.24753493,2.30129,2.0780828,0.37516612,0.411252
ROC,2026-02-17T19:10:00,1.9447176,1.775309,1.3903216,1.249432,2.0909297,1.9054691,-1.035605,-0.9849988,0.019177105,0.20505178,-0.29925415,-0.2914508,-0.5751597,-0.54081684,-0.2024162,-0.24615507,2.30129,2.081951,0.37516612,0.39585876
ROC,2026-02-17T19:15:00,1.9447176,1.7771505,1.3903216,1.2637508,2.0909297,1.9011743,-1.035605,-0.9694172,0.019177105,0.17602488,-0.30246133,-0.2884523,-0.5751597,-0.53675795,-0.25071332,-0.2442399,2.30129,2.0828302,0.37516612,0.3828697
ROC,2026-02-17T19:20:00,1.9447176,1.7806284,1.3903216,1.2680926,2.0909297,1.9022503,-1.035605,-0.95984197,0.4335444,0.16234943,-0.30566847,-0.29495108,-0.5751597,-0.5343882,-0.2024162,-0.25106385,2.30129,2.0851967,0.37516612,0.3749
ROC,2026-02-17T19:25:00,1.9447176,1.7676991,1.3903216,1.2382836,2.0909297,1.9197166,-1.035605,-0.97100866,0.22636075,0.32455954,-0.30887562,-0.29706964,-0.5751597,-0.543385,-0.25071332,-0.25401706,2.30129,2.088308,0.37516612,0.39335567
ROC,2026-02-17T19:30:00,1.9447176,1.7681502,1.3903216,1.2503821,2.0909297,1.9230771,-0.8926852,-0.95655316,-0.18800654,0.3367281,-0.31208277,-0.30282548,-0.5751597,-0.5345841,-0.25071332,-0.26082295,2.30129,2.0953326,0.48698765,0.38120213
ROC,2026-02-17T19:35:00,1.9447176,1.781051,1.3903216,1.2580447,2.0909297,1.9091312,-0.74976546,-0.8365444,-0.18800654,0.18506822,-0.3152899,-0.30278972,-0.5751597,-0.5346298,-0.25071332,-0.26131666,2.30129,2.0893843,0.37516612,0.38682514
ROC,2026-02-17T19:40:00,1.9447176,1.7919956,1.3903216,1.2476207,2.0909297,1.9025495,-0.74976546,-0.7022212,-0.39519018,0.10112185,-0.3184971,-0.3028536,-0.5751597,-0.539315,-0.25071332,-0.26260203,2.30129,2.083313,0.5988092,0.35566863
ROC,2026-02-17T19:45:00,1.9447176,1.7980486,1.3903216,1.26177,2.0909297,1.8868291,-0.74976546,-0.6549463,-0.39519018,-0.0055470914,-0.32170424,-0.29825276,-0.5751597,-0.52882296,-0.25071332,-0.25896525,2.30129,2.078159,0.48698765,0.39211592
ROC,2026-02-17T19:50:00,1.9447176,1.80381,1.3903216,1.2742524,2.0909297,1.8768247,-0.74976546,-0.63315487,0.22636075,-0.069712654,-0.3249114,-0.29664332,-0.5751597,-0.5208555,-0.25071332,-0.25797153,2.30129,2.0753498,0.5988092,0.38045973
ROC,2026-02-17T19:54:00,1.9447176,1.7882453,1.3903216,1.2361838,2.0909297,1.9005226,-0.74976546,-0.663057,-0.18800654,0.1229034,-0.32811853,-0.30402923,-0.5751597,-0.5345383,-0.25071332,-0.2609933,2.30129,2.0790482,0.7106307,0.44241887
ROC,2026-02-17T19:55:00,1.9575784,1.7874188,1.3674871,1.250947,2.0980003,1.8932415,-0.74976546,-0.6624479,0.019177105,0.07758492,-0.32918757,-0.3065291,-0.5751597,-0.5301719,-0.25071332,-0.2627303,2.30129,2.0781922,0.7106307,0.48333994
ROC,2026-02-17T20:00:00,1.9704392,1.7808287,1.3446524,1.2426136,2.1050708,1.8940825,-0.74976546,-0.6649646,0.019177105,0.13370416,-0.33025664,-0.3026407,-0.5751597,-0.52757406,-0.25071332,-0.25860694,2.30129,2.0760984,0.7106307,0.5146342
ROC,2026-02-17T20:05:00,1.9833,1.7806847,1.3218179,1.2301731,2.1121411,1.8987378,-0.74976546,-0.66044796,-0.18800654,0.16184151,-0.33132568,-0.30624664,-0.5751597,-0.5260065,-0.25071332,-0.26123074,2.30129,2.075386,0.5988092,0.52883667
ROC,2026-02-17T20:10:00,1.9961607,1.7934165,1.2989833,1.2243534,2.1192117,1.8991508,-0.74976546,-0.6537782,0.019177105,0.0858016,-0.33239475,-0.3118536,-0.5751597,-0.5278494,-0.25071332,-0.26572412,2.30129,2.074662,0.48698765,0.50150543
ROC,2026-02-17T20:15:00,2.0090215,1.8016267,1.2761488,1.1991909,2.1262822,1.913527,-0.74976546,-0.66309273,-0.18800654,0.11492785,-0.3334638,-0.31965443,-0.5751597,-0.52945155,-0.25071332,-0.27191743,2.30129,2.0778303,0.5988092,0.45741865
ROC,2026-02-17T20:20:00,2.0218823,1.8105401,1.2533143,1.1843039,2.1333528,1.9149567,-0.46392602,-0.65317893,-0.60237384,0.0661385,-0.33453283,-0.32011557,-0.5751597,-0.5299856,-0.25071332,-0.271175,2.30129,2.0748808,0.5988092,0.46906042
ROC,2026-02-17T20:25:00,2.034743,1.8315132,1.2304797,1.1591079,2.1404233,1.8998477,-0.46392602,-0.46149847,-0.60237384,-0.11350114,-0.3356019,-0.3160672,-0.5751597,-0.5346151,-0.25071332,-0.27036425,2.30129,2.059802,0.5988092,0.4387995
ROC,2026-02-17T20:30:00,2.0476036,1.8425299,1.2076452,1.1419472,2.1474938,1.888165,-0.46392602,-0.38805377,-0.60237384,-0.19808814,-0.33667094,-0.3109721,-0.5751597,-0.5303217,-0.25071332,-0.26870912,2.30129,2.0494826,0.5988092,0.43509766
ROC,2026-02-17T20:35:00,2.0604644,1.853178,1.1848106,1.1177044,2.1545644,1.8867222,-0.46392602,-0.36433142,-0.8095575,-0.24981952,-0.33774,-0.31382963,-0.5751597,-0.5348884,-0.25071332,-0.27210405,2.30129,2.0426736,0.5988092,0.4448017
ROC,2026-02-17T20:40:00,2.0733252,1.8654197,1.1619761,1.1109692,2.161635,1.8748609,-0.46392602,-0.34565446,-0.39519018,-0.34696832,-0.33880904,-0.31034628,-0.5751597,-0.5290709,-0.25071332,-0.27023625,2.30129,2.033765,0.48698765,0.43952492
ROC,2026-02-17T20:45:00,2.086186,1.8680559,1.1391416,1.0726283,2.1687055,1.8903167,-0.46392602,-0.3565269,-0.60237384,-0.2687431,-0.33987808,-0.317932,-0.5751597,-0.53610426,-0.25071332,-0.27671745,2.30129,2.0342307,0.7106307,0.43000638
ROC,2026-02-17T20:50:00,2.0990467,1.8739305,1.1163069,1.0506123,2.175776,1.8955207,-0.46392602,-0.36739144,-0.60237384,-0.2886683,-0.34094715,-0.32279885,-0.5751597,-0.5384844,-0.25071332,-0.2807612,2.30129,2.0330508,0.7106307,0.47140288
ROC,2026-02-17T20:54:00,2.1119075,1.8802524,1.0934724,1.0331477,2.1828465,1.8997823,-0.46392602,-0.37172353,-0.60237384,-0.3038685,-0.3420162,-0.3270765,-0.5751597,-0.53393555,-0.25071332,-0.28528696,2.30129,2.0330098,0.82245225,0.48385763
ROC,2026-02-17T20:55:00,2.1119075,1.8837093,1.0934724,1.0081064,2.1828465,1.9035454,-0.46392602,-0.38081262,-0.8095575,-0.3118118,-0.34003082,-0.32931793,-0.5751597,-0.5392489,-0.25071332,-0.28693524,2.30129,2.0296767,0.82245225,0.53463286
ROC,2026-02-17T21:00:00,2.1119075,1.8965974,1.0934724,1.0080379,2.1828465,1.900274,-0.46392602,-0.3919655,-1.0167412,-0.4095548,-0.33804545,-0.33384213,-0.5751597,-0.5374696,-0.25071332,-0.2893543,2.30129,2.028037,0.7106307,0.5457474
ROC,2026-02-17T21:05:00,2.1119075,1.9128711,1.0934724,1.0186108,2.1828465,1.88631,-0.46392602,-0.38289878,-0.8095575,-0.53847516,-0.33606005,-0.33263868,-0.5751597,-0.531414,-0.25071332,-0.28961965,2.30129,2.0222762,0.82245225,0.51169163
ROC,2026-02-17T21:10:00,2.1119075,1.9150242,1.0934724,1.0036621,2.1828465,1.8879383,-0.46392602,-0.39625037,-0.60237384,-0.5391322,-0.33407468,-0.3348568,-0.5751597,-0.53692245,-0.25071332,-0.29099765,2.30129,2.0198264,0.7106307,0.54361266
ROC,2026-02-17T21:15:00,2.1119075,1.9150046,1.0934724,0.9840734,2.1828465,1.8989184,-0.46392602,-0.41044345,-0.8095575,-0.48485157,-0.3320893,-0.34050742,-0.5751597,-0.54577184,-0.25071332,-0.2949911,2.30129,2.0217485,0.93427384,0.54187983
ROC,2026-02-17T21:20:00,2.1119075,1.9124342,1.0934724,0.9879339,2.1828465,1.8926176,-0.46392602,-0.4161316,-1.0167412,-0.5033022,-0.3301039,-0.33855692,-0.5751597,-0.5397219,-0.25071332,-0.29359347,2.30129,2.0188298,0.7106307,0.5830302
ROC,2026-02-17T21:25:00,2.1119075,1.9237394,1.0934724,0.99906623,2.1828465,1.8802664,-0.46392602,-0.4075981,-0.8095575,-0.60028356,-0.32811853,-0.3372849,-0.5751597,-0.53861934,-0.25071332,-0.29528227,2.30129,2.014764,0.82245225,0.54027426
ROC,2026-02-17T21:30:00,2.1119075,1.9229027,1.0934724,0.98934424,2.1828465,1.8839848,-0.46392602,-0.4132985,-0.8095575,-0.5825297,-0.32613316,-0.33922204,-0.5751597,-0.54100984,-0.25071332,-0.29633513,2.30129,2.0144787,0.93427384,0.56068075
ROC,2026-02-17T21:35:00,2.1119075,1.9184322,1.0934724,0.98132586,2.1828465,1.8847259,-0.46392602,-0.4228522,-0.39519018,-0.5672516,-0.32414776,-0.33905464,-0.5751597,-0.5460915,-0.25071332,-0.29532275,2.30129,2.0126853,0.7106307,0.6119704
ROC,2026-02-17T21:38:00,2.1119075,1.9129069,1.0934724,0.9544541,2.1828465,1.9079275,-0.46392602,-0.4414198,-0.60237384,-0.44387564,-0.3221624,-0.3490067,-0.5751597,-0.56131953,-0.25071332,-0.30277562,2.30129,2.0212219,0.82245225,0.60137504
ROC,2026-02-17T21:40:00,2.1119075,1.9131646,1.0211576,0.9526689,2.1828465,1.9126725,-0.46392602,-0.44856298,-0.39519018,-0.43863195,-0.32017702,-0.35258186,-0.5751597,-0.56424475,-0.25071332,-0.3054284,2.2801733,2.0239162,0.7106307,0.60537356
ROC,2026-02-17T21:45:00,2.1119075,1.9083593,0.94884276,0.91556877,2.1828465,1.9242971,-0.46392602,-0.44615835,-0.18800654,-0.35965768,-0.31819165,-0.35373175,-0.5751597,-0.57234395,-0.25071332,-0.30640697,2.2590566,2.0205102,0.82245225,0.5953822
ROC,2026-02-17T21:50:00,2.1119075,1.8960958,0.8765279,0.85665584,2.1828465,1.9413228,-0.46392602,-0.4485955,-0.60237384,-0.22762802,-0.31620625,-0.3549155,-0.5751597,-0.57835597,-0.2024162,-0.3061992,2.2379398,2.013809,0.5988092,0.6254615
ROC,2026-02-17T21:54:00,2.1119075,1.9050595,0.8042131,0.82618636,2.1828465,1.9332794,-0.46392602,-0.41259763,-0.60237384,-0.29941446,-0.31422088,-0.34452125,-0.5751597,-0.57618874,-0.2024162,-0.29872468,2.216823,1.9982767,0.82245225,0.5634064
ROC,2026-02-17T21:55:00,2.1032693,1.90826,0.8042131,0.77191997,2.1828465,1.9329208,-0.46392602,-0.3953855,-0.60237384,-0.32966876,-0.30925742,-0.33861297,-0.5751597,-0.5765122,-0.2024162,-0.2919622,2.216823,1.9807153,0.7106307,0.5869209
ROC,2026-02-17T22:00:00,2.0946312,1.9118344,0.8042131,0.7411385,2.1828465,1.930499,-0.46392602,-0.38798237,-0.39519018,-0.34982267,-0.30429396,-0.33484754,-0.5751597,-0.57600963,-0.2024162,-0.28940606,2.216823,1.9696435,0.5988092,0.5772423
ROC,2026-02-17T22:05:00,2.085993,1.9086326,0.8042131,0.71169704,2.1828465,1.9369272,-0.46392602,-0.39383942,-0.60237384,-0.29433054,-0.29933053,-0.3345234,-0.5751597,-0.5820616,-0.2024162,-0.28931496,2.216823,1.9645865,0.5988092,0.56283855
ROC,2026-02-17T22:10:00,2.077355,1.9120947,0.8042131,0.71394837,2.1828465,1.93065,-0.46392602,-0.39170355,-0.60237384,-0.32462493,-0.29436707,-0.3314413,-0.5751597,-0.57419354,-0.2024162,-0.2885449,2.216823,1.9614494,0.7106307,0.52962226
ROC,2026-02-17T22:11:00,2.0687168,1.910569,0.8042131,0.71052045,2.1828465,1.9276534,-0.46392602,-0.39643344,-0.39519018,-0.3390239,-0.28940362,-0.3294496,-0.5751597,-0.5736747,-0.2024162,-0.28654408,2.216823,1.9583248,0.7106307,0.54887027
ROC,2026-02-17T22:15:00,2.0765345,1.9015864,0.8358845,0.70039916,2.1726334,1.9323854,-0.46392602,-0.410947,-0.60237384,-0.2764392,-0.28444016,-0.3278429,-0.5751597,-0.5732917,-0.2024162,-0.2841699,2.216823,1.9578661,0.5988092,0.56678575
ROC,2026-02-17T22:20:00,2.084352,1.9017657,0.8675559,0.72571445,2.1624205,1.921228,-0.46392602,-0.4102549,-0.8095575,-0.31774244,-0.27947673,-0.3223363,-0.5751597,-0.5652684,-0.2024162,-0.2811181,2.216823,1.958119,0.5988092,0.5348071
ROC,2026-02-17T22:25:00,2.0921698,1.9108353,0.8992273,0.7584023,2.1522076,1.905773,-0.46392602,-0.4116474,-0.39519018,-0.43185425,-0.27451327,-0.31626156,-0.5751597,-0.55907726,-0.2024162,-0.2764006,2.216823,1.9574172,0.48698765,0.49219102
ROC,2026-02-17T22:30:00,2.0999875,1.9053801,0.9308987,0.7604093,2.1419945,1.9130378,-0.46392602,-0.4363626,-0.60237384,-0.36872396,-0.26954982,-0.3163682,-0.5751597,-0.56656736,-0.2024162,-0.27571774,2.216823,1.9630175,0.5988092,0.472003
ROC,2026-02-17T22:35:00,2.107805,1.9038873,0.96257013,0.7879005,2.1317816,1.9052229,-0.46392602,-0.44586208,-0.60237384,-0.39822876,-0.26458636,-0.31237328,-0.5751597,-0.5640938,-0.2024162,-0.27196822,2.216823,1.9656206,0.5988092,0.47300696
ROC,2026-02-17T22:40:00,2.1156228,1.901366,0.99424154,0.8176126,2.1215687,1.8971913,-0.46392602,-0.45242652,-0.60237384,-0.4156749,-0.25962293,-0.3083836,-0.5751597,-0.55974483,-0.2024162,-0.2689302,2.216823,1.9691297,0.5988092,0.4684154
ROC,2026-02-17T22:45:00,2.1234405,1.9007795,1.025913,0.84662974,2.1113555,1.8923205,-0.46392602,-0.45390952,-0.8095575,-0.43435833,-0.25465947,-0.30653125,-0.5751597,-0.5548494,-0.15411907,-0.26648247,2.216823,1.9737278,0.48698765,0.45883945
ROC,2026-02-17T22:50:00,2.131258,1.9058161,1.0575844,0.88506186,2.1011426,1.8752121,-0.46392602,-0.44632623,-0.8095575,-0.5211013,-0.24969602,-0.29534328,-0.5751597,-0.5521016,-0.15411907,-0.2573475,2.216823,1.9731268,0.48698765,0.41887808
ROC,2026-02-17T22:54:00,2.1390758,1.9066138,1.0892558,0.9165647,2.0909297,1.8629304,-0.46392602,-0.44206667,-1.0167412,-0.56665033,-0.24473257,-0.28656808,-0.5751597,-0.5473975,-0.15411907,-0.25011632,2.216823,1.9737275,0.48698765,0.39609274
ROC,2026-02-17T22:55:00,2.1205885,1.9138924,1.11222,0.95357126,2.0838592,1.8446344,-0.46392602,-0.4327053,-0.8095575,-0.6672483,-0.24580163,-0.27893084,-0.5751597,-0.54114825,-0.15411907,-0.2437395,2.216823,1.9707475,0.37516612,0.36468342
ROC,2026-02-17T23:00:00,2.102101,1.9161617,1.1351844,0.9664448,2.0767887,1.8440999,-0.17808655,-0.43874103,-0.39519018,-0.6734917,-0.24687067,-0.2787563,-0.5751597,-0.54556495,-0.15411907,-0.24217501,2.216823,1.9725941,0.5988092,0.32522172
ROC,2026-02-17T23:05:00,2.0836139,1.8931874,1.1581486,0.9348016,2.0697181,1.8583381,-0.17808655,-0.32140404,-0.39519018,-0.5201532,-0.24793972,-0.27710882,-0.5751597,-0.56683004,-0.15411907,-0.23901819,2.216823,1.9719958,0.48698765,0.38349935
ROC,2026-02-17T23:10:00,2.0651264,1.8795131,1.181113,0.9386064,2.0626476,1.86348,-0.17808655,-0.2684267,-0.8095575,-0.4427244,-0.24900877,-0.27780616,-0.5751597,-0.575497,-0.15411907,-0.23841701,2.216823,1.9749509,0.48698765,0.38560873
ROC,2026-02-17T23:15:00,2.0466392,1.8799005,1.2040772,0.980394,2.055577,1.8449619,-0.17808655,-0.22996956,-0.60237384,-0.530787,-0.2500778,-0.27266303,-0.5751597,-0.5684109,-0.15411907,-0.2351569,2.216823,1.9733174,0.37516612,0.3595654
ROC,2026-02-17T23:20:00,2.0281518,1.8750226,1.2270416,1.0022719,2.0485065,1.8415471,-0.17808655,-0.22093561,-0.8095575,-0.5200285,-0.25114688,-0.27315593,-0.5751597,-0.5693936,-0.15411907,-0.23564255,2.216823,1.976096,0.37516612,0.32971507
ROC,2026-02-17T23:25:00,2.0096645,1.8757299,1.2500058,1.0346891,2.041436,1.8274548,-0.17808655,-0.21302745,-0.60237384,-0.5830177,-0.25221592,-0.2675637,-0.5751597,-0.56781137,-0.2024162,-0.23040381,2.216823,1.9738377,0.37516612,0.2972733
ROC,2026-02-17T23:30:00,1.9911772,1.8683989,1.2729701,1.0500062,2.0343654,1.8275477,-0.17808655,-0.21635121,-0.60237384,-0.54917705,-0.253285,-0.2714629,-0.5751597,-0.5710877,-0.2024162,-0.23267479,2.216823,1.9765626,0.26334456,0.29606736
ROC,2026-02-17T23:35:00,1.9726899,1.8646512,1.2959344,1.0689156,2.027295,1.825238,-0.17808655,-0.21884835,-0.8095575,-0.539005,-0.25435403,-0.27532414,-0.5751597,-0.575086,-0.2024162,-0.23553564,2.216823,1.9784963,0.15152302,0.2612038
ROC,2026-02-17T23:40:00,1.9542025,1.8673617,1.3188987,1.1018751,2.0202246,1.8104414,-0.46392602,-0.21285036,-0.60237384,-0.59922343,-0.25542307,-0.27398807,-0.5751597,-0.57173324,-0.2024162,-0.23656897,2.216823,1.9767536,0.15152302,0.19147708
ROC,2026-02-17T23:45:00,1.9357152,1.8555521,1.341863,1.1524653,2.013154,1.8088509,-0.46392602,-0.36007187,-0.39519018,-0.5524169,-0.25649214,-0.27474874,-0.5751597,-0.5552799,-0.2024162,-0.23366596,2.216823,1.9888538,0.15152302,0.18949208
ROC,2026-02-17T23:50:00,1.9172279,1.8372043,1.3648273,1.1770564,2.0060835,1.8140222,-0.46392602,-0.43641365,-0.39519018,-0.4516745,-0.25756118,-0.2766479,-0.5751597,-0.5529497,-0.2024162,-0.23277137,2.216823,1.9975221,0.15152302,0.1955
ROC,2026-02-17T23:54:00,1.8987405,1.8236276,1.3877916,1.1977519,1.999013,1.8154129,-0.46392602,-0.46913844,-0.39519018,-0.39625326,-0.25863025,-0.2780683,-0.5751597,-0.55581135,-0.2024162,-0.23155895,2.216823,2.0012522,0.26334456,0.1954607
ROC,2026-02-17T23:55:00,1.8893093,1.8087585,1.4115993,1.2199306,1.9848719,1.8136415,-0.46392602,-0.48267168,-0.39519018,-0.3511253,-0.2618374,-0.27712375,-0.5751597,-0.55465907,-0.2024162,-0.2294066,2.2103257,2.0045588,0.26334456,0.22213598
ROC,2026-02-18T00:00:00,1.879878,1.7979497,1.4354068,1.2408923,1.9707308,1.8099266,-0.46392602,-0.48675567,-0.39519018,-0.33228052,-0.26504454,-0.2762039,-0.5751597,-0.555924,-0.15411907,-0.22702926,2.2038283,2.0060456,0.26334456,0.23306845
ROC,2026-02-18T00:05:00,1.8704469,1.7866038,1.4592144,1.2653639,1.9565898,1.8024477,-0.46392602,-0.4863745,-0.18800654,-0.3172027,-0.2682517,-0.271067,-0.5751597,-0.5548851,-0.15411907,-0.22219957,2.1973307,2.0063643,0.26334456,0.23830226
ROC,2026-02-18T00:10:00,1.8610157,1.7709235,1.4830221,1.2779826,1.9424487,1.8046328,-0.46392602,-0.49499583,-0.18800654,-0.23954165,-0.27145883,-0.27097404,-0.5751597,-0.5564351,-0.2024162,-0.22093292,2.1908333,2.0096521,0.26334456,0.24647407
ROC,2026-02-18T00:15:00,1.8515844,1.7609143,1.5068297,1.2984992,1.9283078,1.80463,-0.46392602,-0.49734735,0.019177105,-0.20150241,-0.27466598,-0.27788234,-0.5751597,-0.5537577,-0.2024162,-0.22616889,2.184336,2.0134141,0.37516612,0.24064927
ROC,2026-02-18T00:20:00,1.8421532,1.7418042,1.5306373,1.3043458,1.9141667,1.8109521,-0.74976546,-0.49822497,-0.39519018,-0.08713042,-0.27787316,-0.28242043,-0.5751597,-0.5584517,-0.2024162,-0.23077825,2.1778386,2.0182507,0.15152302,0.28729394
ROC,2026-02-18T00:25:00,1.832722,1.7446849,1.5544449,1.3844568,1.9000256,1.7891709,-0.74976546,-0.63415855,-0.60237384,-0.1817345,-0.2810803,-0.2814652,-0.5751597,-0.5355435,-0.2024162,-0.23229577,2.171341,2.0250866,0.26334456,0.2223346
ROC,2026-02-18T00:30:00,1.8232908,1.7455469,1.5782526,1.4351501,1.8858846,1.7629642,-0.74976546,-0.68106997,-0.60237384,-0.29918528,-0.28428745,-0.27603152,-0.5751597,-0.52620125,-0.2024162,-0.22913426,2.1648436,2.019994,0.26334456,0.2101742
ROC,2026-02-18T00:35:00,1.8138596,1.7420486,1.6020602,1.4624484,1.8717436,1.7442533,-0.74976546,-0.69316745,-0.60237384,-0.3609437,-0.2874946,-0.2719883,-0.5751597,-0.52536213,-0.2024162,-0.22651394,2.1583462,2.013146,0.15152302,0.21020155
ROC,2026-02-18T00:40:00,1.8044283,1.7395068,1.6258677,1.4823334,1.8576025,1.7291296,-0.74976546,-0.6937775,-0.60237384,-0.40214726,-0.29070175,-0.27080858,-0.5751597,-0.5276896,-0.2024162,-0.22669853,2.1518486,2.00663,0.15152302,0.17645243
ROC,2026-02-18T00:45:00,1.7949971,1.7338737,1.6496754,1.5002588,1.8434615,1.7162427,-0.74976546,-0.6915887,-0.60237384,-0.42220157,-0.29390892,-0.26836073,-0.5751597,-0.5291823,-0.2024162,-0.22480792,2.1453512,2.0006084,0.15152302,0.16021326
ROC,2026-02-18T00:50:00,1.7855659,1.7254019,1.673483,1.5208508,1.8293204,1.7039543,-0.74976546,-0.68961924,-0.8095575,-0.42917615,-0.29711607,-0.26644477,-0.5751597,-0.52760047,-0.2024162,-0.22389074,2.1388538,1.9964412,0.26334456,0.15005443
ROC,2026-02-18T00:54:00,1.7761347,1.7204787,1.6972907,1.5518845,1.8151793,1.6829308,-1.035605,-0.68588406,-0.60237384,-0.500514,-0.30032322,-0.26601827,-0.5751597,-0.52217853,-0.2024162,-0.22473435,2.1323562,1.9890394,0.26334456,0.16601445
ROC,2026-02-18T00:55:00,1.8092244,1.705239,1.6972907,1.5947148,1.8151793,1.6727515,-0.8926852,-0.8514367,-0.8095575,-0.46668074,-0.29646274,-0.26825488,-0.5751597,-0.51052076,-0.2024162,-0.22545627,2.1323562,1.9913939,0.15152302,0.20637971
ROC,2026-02-18T01:00:00,1.842314,1.7136298,1.6972907,1.6037959,1.8151793,1.660709,-0.8926852,-0.8140286,-0.8095575,-0.53034973,-0.2926023,-0.26992127,-0.5751597,-0.5132307,-0.2024162,-0.23021705,2.1323562,1.9836701,0.26334456,0.15676534
ROC,2026-02-18T01:05:00,1.8754036,1.7194359,1.6972907,1.5999876,1.8151793,1.6565197,-0.8926852,-0.79625773,-1.0167412,-0.56225497,-0.28874183,-0.2706092,-0.5751597,-0.5193257,-0.2024162,-0.23080735,2.1323562,1.9785202,0.37516612,0.17375083
ROC,2026-02-18T01:10:00,1.9084933,1.7293358,1.6972907,1.6041286,1.8151793,1.6438283,-0.8926852,-0.7835331,-1.0167412,-0.6493607,-0.28488138,-0.26793727,-0.5751597,-0.51918393,-0.2024162,-0.22900414,2.1323562,1.9709188,0.37516612,0.20654388
ROC,2026-02-18T01:15:00,1.9415829,1.7400929,1.6972907,1.6026486,1.8151793,1.6373717,-1.035605,-0.77761143,-1.0167412,-0.70695984,-0.2810209,-0.26886544,-0.5751597,-0.517781,-0.2024162,-0.2303944,2.1323562,1.966831,0.15152302,0.2167605
ROC,2026-02-18T01:19:00,1.9746726,1.7561841,1.6972907,1.6146768,1.8151793,1.633053,-1.035605,-0.848612,-1.2239248,-0.7587516,-0.27716044,-0.27146783,-0.5751597,-0.5103006,-0.2024162,-0.23299743,2.1323562,1.968098,0.5988092,0.15338993
ROC,2026-02-18T01:20:00,1.9266055,1.7610531,1.8063602,1.6206008,1.8151793,1.6218007,-1.035605,-0.8829933,-1.2239248,-0.82775116,-0.2733,-0.26732987,-0.5751597,-0.5034169,-0.2024162,-0.22832173,2.160512,1.9623817,0.7106307,0.25135815
ROC,2026-02-18T01:25:00,1.8785384,1.7564551,1.9154298,1.6578542,1.8151793,1.6082158,-1.035605,-0.91569906,-1.0167412,-0.8756105,-0.26943952,-0.26728958,-0.5751597,-0.5044776,-0.2024162,-0.22723469,2.1886675,1.9623834,0.48698765,0.34699082
ROC,2026-02-18T01:28:00,1.8304714,1.745349,2.0244994,1.7089652,1.8151793,1.5999597,-1.3214444,-0.9322532,-0.8095575,-0.84627277,-0.26557907,-0.26949233,-0.5751597,-0.51241565,-0.2024162,-0.2318198,2.216823,1.97052,0.5988092,0.34391227
ROC,2026-02-18T01:30:00,1.8628644,1.7251923,1.860895,1.8012371,1.8151793,1.6003717,-1.3214444,-1.132509,-0.8095575,-0.77242523,-0.2617186,-0.2785939,-0.5751597,-0.504227,-0.2024162,-0.2359447,2.1745896,1.9930078,0.48698765,0.39492634
ROC,2026-02-18T01:34:00,1.8952574,1.7191049,1.6972907,1.7880085,1.8151793,1.6052072,-1.464364,-1.190348,-1.0167412,-0.71741104,-0.25785813,-0.27810222,-0.5751597,-0.5123711,-0.2024162,-0.23465054,2.1323562,1.9905818,0.48698765,0.38767865
ROC,2026-02-18T01:35:00,1.8628644,1.7290679,1.6972907,1.732698,1.8151793,1.6057001,-1.535824,-1.2608705,-0.8095575,-0.74397475,-0.25399768,-0.27415162,-0.5751597,-0.51287913,-0.15411907,-0.2305538,2.1323562,1.973878,0.37516612,0.3791639
ROC,2026-02-18T01:38:00,1.8304714,1.7286654,1.6972907,1.6878469,1.8151793,1.6157789,-1.7502035,-1.3290935,-0.8095575,-0.6908338,-0.2501372,-0.2701843,-0.5751597,-0.5161212,-0.15411907,-0.22539338,2.1323562,1.9667693,0.37516612,0.35351458
ROC,2026-02-18T01:40:00,1.8628644,1.7261252,1.860895,1.6797174,1.7692211,1.6202945,-1.7502035,-1.4773536,-1.0167412,-0.65596485,-0.24627675,-0.2694572,-0.5751597,-0.50518113,-0.15411907,-0.22366391,2.1323562,1.9659148,0.48698765,0.33950186
ROC,2026-02-18T01:42:00,1.8952574,1.7233405,2.0244994,1.7377638,1.7232627,1.5998968,-1.8216634,-1.5469385,-1.2239248,-0.7189606,-0.24241629,-0.26403058,-0.5751597,-0.504141,-0.15411907,-0.21865843,2.1323562,1.9653523,0.48698765,0.37046546
ROC,2026-02-18T01:45:00,1.9217291,1.7247022,1.9154298,1.8452897,1.7539016,1.563992,-1.8245218,-1.6187335,-1.2239248,-0.843895,-0.23855583,-0.25948822,-0.5751597,-0.4986661,-0.15411907,-0.21552859,2.1323562,1.966764,0.48698765,0.37902433
ROC,2026-02-18T01:50:00,1.9482008,1.7319424,1.8063602,1.8569628,1.7845404,1.5523547,-1.8245218,-1.6210691,-1.0167412,-0.89378077,-0.23469537,-0.25634256,-0.5751597,-0.49732855,-0.15411907,-0.21426211,2.1323562,1.9609933,0.37516612,0.37580666
ROC,2026-02-18T01:54:00,1.9746726,1.7392746,1.6972907,1.7974635,1.8151793,1.5690529,-1.8588225,-1.5863025,-1.2239248,-0.829216,-0.23083492,-0.25743285,-0.5751597,-0.5121995,-0.15411907,-0.21872112,2.1323562,1.958565,0.5988092,0.35797277
ROC,2026-02-18T01:55:00,1.8942125,1.7517325,1.860895,1.7294465,1.7692211,1.577117,-1.8559642,-1.5846299,-1.2239248,-0.8494417,-0.23361444,-0.25226715,-0.5751597,-0.5103803,-0.15411907,-0.21494085,2.1323562,1.9484947,0.7106307,0.4047019
ROC,2026-02-18T02:00:00,1.8137524,1.7428302,2.0244994,1.7443144,1.7232627,1.5631442,-1.8588225,-1.6151392,-1.0167412,-0.88072664,-0.23639397,-0.24820082,-0.5751597,-0.5147119,-0.15411907,-0.21161978,2.1323562,1.9423076,0.48698765,0.46706253
ROC,2026-02-18T02:00:00,1.8142749,1.7195973,2.0244994,1.8140072,1.7002834,1.5446477,-1.8559642,-1.6526909,-1.0167412,-0.8550862,-0.2391735,-0.24520373,-0.5751597,-0.5192178,-0.15411907,-0.20939013,2.1112394,1.9450656,0.48698765,0.43202946
ROC,2026-02-18T02:05:00,1.8147973,1.7001681,2.0244994,1.8524668,1.6773043,1.5278584,-1.8559642,-1.6566783,-1.2239248,-0.8345974,-0.24195305,-0.24047038,-0.5751597,-0.5251508,-0.15411907,-0.20701402,2.0901227,1.9406582,0.15152302,0.40971777
ROC,2026-02-18T02:10:00,1.8153198,1.7038156,2.0244994,1.8888267,1.654325,1.5009649,-1.8559642,-1.6348237,-1.0167412,-0.90818644,-0.24473257,-0.2340182,-0.5751597,-0.53011894,-0.15411907,-0.20390962,2.069006,1.9257997,0.039701488,0.28518784
ROC,2026-02-18T02:12:00,1.8158423,1.6993315,2.0244994,1.8960335,1.6313459,1.4930271,-1.8759729,-1.6123178,-1.2239248,-0.8695629,-0.2475121,-0.23427863,-0.5751597,-0.5440325,-0.15411907,-0.20473032,2.0478892,1.9162081,0.26334456,0.20745036
ROC,2026-02-18T02:15:00,1.8303939,1.6940134,2.0244994,1.9099398,1.6211329,1.476427,-1.8759729,-1.6178522,-1.2239248,-0.90387,-0.25029165,-0.23022415,-0.5751597,-0.54210037,-0.15411907,-0.20092356,2.0385041,1.9055201,0.039701488,0.22922851
ROC,2026-02-18T02:20:00,1.8449457,1.6984819,2.0244994,1.9181452,1.61092,1.4631137,-1.8759729,-1.6140664,-1.0167412,-0.94071627,-0.25307116,-0.22688642,-0.5751597,-0.5367431,-0.15411907,-0.19956335,2.029119,1.8979115,0.039701488,0.15385053
ROC,2026-02-18T02:25:00,1.8594973,1.6950685,2.0244994,1.9017602,1.6007069,1.4688089,-1.8759729,-1.6174023,-1.2239248,-0.89280534,-0.2558507,-0.22798668,-0.5751597,-0.5482451,-0.15411907,-0.2002436,2.0197337,1.8970544,-0.18394159,0.13827571
ROC,2026-02-18T02:30:00,1.8740491,1.7043021,2.0244994,1.9060711,1.5904939,1.4555527,-1.8759729,-1.605867,-1.8454757,-0.94803125,-0.25863025,-0.22546487,-0.5751597,-0.5494416,-0.2024162,-0.20026435,2.0103486,1.8855673,-2.532194,0.0414055
ROC,2026-02-18T02:35:00,1.8886007,1.7922999,2.0244994,1.9488052,1.580281,1.3801719,-1.8759729,-1.4945704,-1.8454757,-1.3211468,-0.26140976,-0.22511795,-0.5751597,-0.49906158,-0.2024162,-0.21790072,2.0009632,1.8323901,-2.532194,-0.9199314
ROC,2026-02-18T02:40:00,1.9031525,1.8186135,2.0244994,1.948046,1.570068,1.3372315,-1.8759729,-1.4499346,-1.8454757,-1.4499627,-0.2641893,-0.21709818,-0.5751597,-0.4708652,-0.2024162,-0.216983,1.9915781,1.79158,-2.532194,-1.3385503
ROC,2026-02-18T02:45:00,1.9177042,1.8262073,2.0244994,1.9483751,1.559855,1.3130585,-1.8759729,-1.4406846,-1.8454757,-1.4968023,-0.26696882,-0.2140929,-0.5751597,-0.45689973,-0.2024162,-0.21400349,1.9821929,1.7688009,-2.532194,-1.5341072
ROC,2026-02-18T02:50:00,1.9322559,1.8232431,2.0244994,1.9464506,1.5496421,1.2970021,-1.8759729,-1.4403832,-1.8454757,-1.5057621,-0.26974836,-0.2128304,-0.5751597,-0.4497757,-0.2024162,-0.21305116,1.9728076,1.7551918,-2.532194,-1.6235895
ROC,2026-02-18T02:54:00,1.9468076,1.8214424,2.0244994,1.9384339,1.5394291,1.2875509,-1.8759729,-1.440726,-1.8454757,-1.50645,-0.2725279,-0.21184905,-0.5751597,-0.4566881,-0.2024162,-0.21258947,1.9634224,1.7431388,-2.532194,-1.6533629
ROC,2026-02-18T02:55:00,1.924462,1.8211006,2.0244994,1.9361756,1.5323585,1.2822691,-1.8759729,-1.4417304,-1.8454757,-1.5110317,-0.27466598,-0.21639998,-0.5751597,-0.45571107,-0.2024162,-0.21598102,1.9569249,1.7368014,-2.532194,-1.6852022
ROC,2026-02-18T03:00:00,1.9021164,1.8144319,2.0244994,1.9279084,1.5252881,1.2756225,-1.8759729,-1.4416349,-1.8454757,-1.5069495,-0.2768041,-0.21862783,-0.5751597,-0.45704448,-0.2024162,-0.21895334,1.9504275,1.7279286,-2.532194,-1.6930776
ROC,2026-02-18T03:05:00,1.8797709,1.8080583,2.0244994,1.9280168,1.5182176,1.2661871,-1.8759729,-1.4427264,-1.8454757,-1.5069484,-0.2789422,-0.2235241,-0.5751597,-0.45639357,-0.2024162,-0.22247216,1.94393,1.7198575,-2.532194,-1.7107908
ROC,2026-02-18T03:10:00,1.8574253,1.8105162,2.0244994,1.9753196,1.511147,1.243584,-1.8759729,-1.4753942,-1.8454757,-1.5557959,-0.2810803,-0.25007272,-0.5751597,-0.40974024,-0.2024162,-0.23404731,1.9374325,1.7228061,-2.532194,-1.8196988
ROC,2026-02-18T03:15:00,1.8350798,1.803558,2.0244994,1.9921596,1.5040765,1.2241431,-1.8759729,-1.493125,-1.8454757,-1.5698746,-0.2832184,-0.2582718,-0.5751597,-0.3918373,-0.2024162,-0.23641823,1.9309351,1.7166162,-2.532194,-1.8434883
ROC,2026-02-18T03:20:00,1.8127342,1.7941818,2.0244994,1.9985847,1.4970059,1.2105292,-1.8759729,-1.5018747,-1.8454757,-1.5753672,-0.2853565,-0.26243997,-0.5751597,-0.3828937,-0.2024162,-0.23841037,1.9244376,1.7098124,-2.532194,-1.856207
ROC,2026-02-18T03:25:00,1.7903887,1.7845031,2.0244994,2.003775,1.4899354,1.2005754,-1.8759729,-1.5062661,-1.8454757,-1.5746715,-0.2874946,-0.2649755,-0.5751597,-0.37811914,-0.25071332,-0.24043724,1.9179403,1.7035371,-2.532194,-1.8651087
ROC,2026-02-18T03:30:00,1.7680432,1.7771518,2.0244994,2.0050538,1.482865,1.1918056,-1.8759729,-1.5114707,-1.8454757,-1.5736719,-0.2896327,-0.2723765,-0.5751597,-0.37778565,-0.25071332,-0.24800998,1.9114428,1.6965306,-2.532194,-1.8655812
ROC,2026-02-18T03:35:00,1.7456976,1.7688981,2.0244994,2.0073316,1.4757944,1.1841807,-1.8759729,-1.5141139,-1.8454757,-1.5728185,-0.29177082,-0.27878976,-0.5751597,-0.37687442,-0.25071332,-0.25486928,1.9049453,1.6905025,-2.532194,-1.8692783
ROC,2026-02-18T03:40:00,1.7233521,1.7593791,2.0244994,2.0110602,1.4687239,1.1764991,-1.8759729,-1.5162524,-1.8454757,-1.5695955,-0.29390892,-0.28314537,-0.5751597,-0.37644342,-0.25071332,-0.2598362,1.8984479,1.6841443,-2.532194,-1.8726039
ROC,2026-02-18T03:45:00,1.7010064,1.7487327,2.0244994,2.0135858,1.4616534,1.1681249,-1.8759729,-1.5185733,-1.8454757,-1.5689057,-0.296047,-0.28712782,-0.5751597,-0.3752017,-0.25071332,-0.2643162,1.8919504,1.677522,-2.532194,-1.8773274
ROC,2026-02-18T03:50:00,1.6786609,1.7323337,2.0244994,2.0165825,1.4545828,1.1595764,-1.8759729,-1.5170907,-1.2239248,-1.5807924,-0.2981851,-0.29975972,-0.5751597,-0.3633985,-0.25071332,-0.2787902,1.885453,1.6750144,-0.18394159,-1.919637
ROC,2026-02-18T03:54:00,1.6563153,1.6387228,2.0244994,1.9862208,1.4475124,1.233348,-1.8759729,-1.6288399,-1.2239248,-1.2178246,-0.30032322,-0.3083215,-0.5751597,-0.41207,-0.25071332,-0.28310487,1.8789555,1.7266684,0.039701488,-0.91542715
ROC,2026-02-18T03:55:00,1.6131247,1.5893155,2.0244994,1.9728215,1.4475124,1.255807,-1.8759729,-1.6619335,-1.0167412,-1.0796148,-0.30277574,-0.30867907,-0.5751597,-0.43465343,-0.25071332,-0.28450164,1.8789555,1.7408521,-0.072120056,-0.42028877
ROC,2026-02-18T03:58:00,1.569934,1.5613348,2.0244994,1.9677,1.4475124,1.2710935,-1.8588225,-1.6731784,-1.0167412,-0.9771751,-0.30522826,-0.31592217,-0.5751597,-0.44411162,-0.25071332,-0.29114977,1.8789555,1.7503254,-0.072120056,-0.24076813
ROC,2026-02-18T04:00:00,1.5822742,1.5435559,2.0244994,1.9734406,1.4475124,1.2746521,-1.8559642,-1.6695291,-1.0167412,-0.9322626,-0.3076808,-0.3230698,-0.5751597,-0.44349146,-0.25071332,-0.29819092,1.8789555,1.7528023,-0.072120056,-0.16601852
ROC,2026-02-18T04:05:00,1.5946144,1.5362394,2.0244994,1.9788287,1.4475124,1.2760156,-1.8559642,-1.6656027,-1.2239248,-0.9160872,-0.31013334,-0.32777402,-0.5751597,-0.4392362,-0.25071332,-0.30278865,1.8789555,1.754314,0.039701488,-0.13729249
ROC,2026-02-18T04:10:00,1.6069546,1.5386566,2.0244994,1.9889126,1.4475124,1.2646644,-1.8559642,-1.6625285,-1.2239248,-0.9804795,-0.31258586,-0.326653,-0.5751597,-0.43171412,-0.25071332,-0.30333742,1.8789555,1.7483554,0.15152302,-0.09961936
ROC,2026-02-18T04:15:00,1.6192948,1.5386513,2.0244994,1.9868257,1.4475124,1.259148,-1.8559642,-1.6629184,-1.8454757,-1.0135965,-0.31503838,-0.32618636,-0.5751597,-0.4302009,-0.25071332,-0.30418983,1.8789555,1.7438775,-2.532194,-0.038180318
ROC,2026-02-18T04:20:00,1.631635,1.6501809,2.0244994,2.042697,1.4475124,1.1843967,-1.8559642,-1.5739256,-1.8454757,-1.436228,-0.3174909,-0.33852693,-0.5751597,-0.38756517,-0.25071332,-0.32089758,1.8789555,1.706682,-2.532194,-1.1799855
ROC,2026-02-18T04:25:00,1.6439751,1.6840028,2.0244994,2.0241125,1.4475124,1.1772243,-1.8559642,-1.5161405,-1.2239248,-1.544567,-0.31994343,-0.31710675,-0.5751597,-0.40210414,-0.25071332,-0.31055322,1.8789555,1.6808513,-0.072120056,-1.6526862
ROC,2026-02-18T04:28:00,1.6563153,1.6072469,2.0244994,1.9789562,1.4475124,1.2527351,-1.8588225,-1.6134615,-1.2239248,-1.1875674,-0.32239598,-0.30755767,-0.5751597,-0.47081923,-0.25071332,-0.29572654,1.8789555,1.724691,-0.18394159,-0.76067823
ROC,2026-02-18T04:30:00,1.6563153,1.5782214,2.0244994,1.9612484,1.4475124,1.2765307,-1.8559642,-1.6341116,-1.2239248,-1.0628711,-0.3248485,-0.30627957,-0.5751597,-0.49650854,-0.25071332,-0.29412377,1.8789555,1.7405043,-0.18394159,-0.44050154
ROC,2026-02-18T04:33:00,1.6563153,1.567299,2.0244994,1.9579597,1.4475124,1.2857071,-1.8588225,-1.6384495,-1.2239248,-1.0217421,-0.32730103,-0.31107047,-0.5751597,-0.50600356,-0.25071332,-0.29877746,1.8789555,1.7481465,-0.18394159,-0.30670112
ROC,2026-02-18T04:35:00,1.753146,1.5646874,2.0244994,1.959528,1.4781512,1.2900441,-1.8559642,-1.6416056,-1.8454757,-1.011911,-0.32975355,-0.31664786,-0.5751597,-0.50770366,-0.25071332,-0.30393952,1.9071112,1.752899,-2.532194,-0.25107414
ROC,2026-02-18T04:40:00,1.8499768,1.6714256,2.0244994,1.9888883,1.5087901,1.2354494,-1.8559642,-1.5362484,-1.8454757,-1.3914361,-0.33220607,-0.32322916,-0.5751597,-0.46656373,-0.29901043,-0.3246436,1.9352667,1.7182521,-2.532194,-1.2166084
ROC,2026-02-18T04:45:00,1.9468076,1.7250291,2.0244994,1.9744556,1.5394291,1.2223039,-1.8588225,-1.492681,-1.8454757,-1.5205163,-0.33465862,-0.32749677,-0.5751597,-0.44303802,-0.25071332,-0.33519614,1.9634224,1.7027252,-2.532194,-1.6106191
ROC,2026-02-18T04:45:00,1.9468076,1.7676393,2.0244994,1.9938722,1.5394291,1.2106657,-1.8559642,-1.5041629,-1.8454757,-1.607842,-0.33711115,-0.3497771,-0.5751597,-0.37697968,-0.25071332,-0.3426764,1.9634224,1.7131686,-2.532194,-1.8590274
ROC,2026-02-18T04:50:00,1.9468076,1.7897983,2.0244994,1.9962566,1.5394291,1.2063943,-1.8559642,-1.5148911,-1.8454757,-1.6171732,-0.33956367,-0.34615663,-0.5751597,-0.36248234,-0.25071332,-0.32988766,1.9634224,1.7132397,-2.532194,-1.8786421
ROC,2026-02-18T04:54:00,1.9468076,1.7893716,2.0244994,1.9663408,1.5394291,1.2258143,-1.8588225,-1.4936248,-1.8454757,-1.5742954,-0.3420162,-0.32012382,-0.5751597,-0.40473264,-0.29901043,-0.3131544,1.9634224,1.7077367,-2.532194,-1.8481076
ROC,2026-02-18T04:55:00,1.8887092,1.7894082,2.0244994,1.9511042,1.5210457,1.2320799,-1.8559642,-1.4851837,-1.2239248,-1.550174,-0.3519431,-0.3178233,-0.5751597,-0.42223582,-0.29901043,-0.31649995,1.946529,1.7061899,-1.4139786,-1.8185743
ROC,2026-02-18T05:00:00,1.8306106,1.7351834,2.0244994,1.9293896,1.5026624,1.2908688,-1.8559642,-1.5457147,-1.8454757,-1.2619786,-0.36187,-0.33179945,-0.5751597,-0.46600223,-0.29901043,-0.3242107,1.9296356,1.7469103,-2.532194,-1.3223771
ROC,2026-02-18T05:05:00,1.7725122,1.7481709,2.0244994,1.9449799,1.484279,1.2471676,-1.8559642,-1.4967026,-1.8454757,-1.4094313,-0.3717969,-0.3289947,-0.5751597,-0.45186958,-0.29901043,-0.32817218,1.9127423,1.714418,-2.532194,-1.6081026
ROC,2026-02-18T05:10:00,1.7144138,1.7582012,2.0244994,1.988564,1.4658957,1.2093253,-1.8559642,-1.5088506,-1.2239248,-1.5113682,-0.3817238,-0.35019192,-0.5751597,-0.4023035,-0.29901043,-0.33756134,1.8958489,1.7027763,-1.9730862,-1.7920794
ROC,2026-02-18T05:15:00,1.6563153,1.7154156,2.0244994,1.9864981,1.4475124,1.2332796,-1.8759729,-1.5537441,-1.2239248,-1.3095133,-0.3916507,-0.3672906,-0.5751597,-0.40574914,-0.34730756,-0.34484804,1.8789555,1.7223935,-1.9730862,-1.5613358
ROC,2026-02-18T05:15:00,1.6885923,1.6799237,2.0244994,1.9950042,1.4577253,1.2399684,-1.8759729,-1.5754027,-1.2239248,-1.2188517,-0.4015776,-0.3877187,-0.5751597,-0.39177084,-0.34730756,-0.36269873,1.8883407,1.7335259,-1.9730862,-1.5131238
ROC,2026-02-18T05:20:00,1.7208692,1.66583,2.0244994,2.0008585,1.4679383,1.2457565,-1.8759729,-1.5813644,-1.8454757,-1.1720693,-0.4115045,-0.39706454,-0.5751597,-0.38620937,-0.34730756,-0.3717038,1.8977259,1.7413363,-2.532194,-1.504647
ROC,2026-02-18T05:25:00,1.753146,1.7093376,2.0244994,2.0288813,1.4781512,1.2058413,-1.8759729,-1.5436126,-1.8454757,-1.3811748,-0.4214314,-0.3884294,-0.5751597,-0.3724338,-0.34730756,-0.36439857,1.9071112,1.714541,-2.532194,-1.7469447
ROC,2026-02-18T05:30:00,1.785423,1.7338549,2.0244994,2.0318084,1.4883642,1.1917288,-1.8759729,-1.5297943,-1.8454757,-1.4732867,-0.4313583,-0.38936508,-0.5751597,-0.36834177,-0.3956047,-0.36759806,1.9164963,1.7035854,-2.532194,-1.8423481
ROC,2026-02-18T05:35:00,1.8176999,1.7455659,2.0244994,2.0116012,1.4985772,1.2050748,-1.8759729,-1.509105,-1.8454757,-1.4950544,-0.4412852,-0.39510962,-0.5751597,-0.38148183,-0.3956047,-0.38199326,1.9258815,1.7031711,-2.532194,-1.8824935
ROC,2026-02-18T05:40:00,1.8499768,1.7590452,2.0244994,2.0136836,1.5087901,1.1963909,-1.8759729,-1.5200312,-1.8454757,-1.5319893,-0.4512121,-0.40940988,-0.5751597,-0.37305465,-0.3956047,-0.39354968,1.9352667,1.7028024,-2.532194,-1.8979572
ROC,2026-02-18T05:45:00,1.8822538,1.7652005,2.0244994,2.0111217,1.5190032,1.1962583,-1.8759729,-1.5233147,-1.8454757,-1.5675745,-0.461139,-0.42830032,-0.5751597,-0.3595186,-0.4439018,-0.41285744,1.944652,1.709284,-2.532194,-1.9490519
ROC,2026-02-18T05:50:00,1.9145306,1.7697654,2.0244994,1.9980075,1.5292162,1.2098975,-1.8759729,-1.5168239,-1.8454757,-1.5775802,-0.4710659,-0.4444077,-0.5751597,-0.3568851,-0.4439018,-0.4348268,1.9540372,1.7168897,-2.532194,-1.9899127
ROC,2026-02-18T05:54:00,1.9468076,1.7764299,2.0244994,1.9878478,1.5394291,1.217857,-1.8759729,-1.5129975,-1.8454757,-1.5875045,-0.4809928,-0.45652556,-0.5751597,-0.35460714,-0.4439018,-0.44981512,1.9634224,1.7220532,-2.532194,-2.0076344
ROC,2026-02-18T05:55:00,1.9468076,1.7861941,2.0244994,1.9791574,1.5394291,1.2258778,-1.8759729,-1.5086914,-1.8454757,-1.5969021,-0.4809928,-0.4666638,-0.5751597,-0.35197508,-0.4439018,-0.4613562,1.9634224,1.7280552,-2.532194,-2.0158234
ROC,2026-02-18T06:00:00,1.9468076,1.7986917,2.0244994,1.9817972,1.5394291,1.2220556,-1.8759729,-1.5192267,-1.8454757,-1.6143063,-0.4809928,-0.47598943,-0.5751597,-0.34800515,-0.4439018,-0.46684667,1.9634224,1.7298021,-2.532194,-2.0103695
ROC,2026-02-18T06:05:00,1.9468076,1.805741,2.0244994,1.9823344,1.5394291,1.2213064,-1.8759729,-1.5239749,-1.8454757,-1.6228539,-0.4809928,-0.4814318,-0.5751597,-0.3472248,-0.4439018,-0.4709027,1.9634224,1.7306857,-2.532194,-2.0058444
ROC,2026-02-18T06:10:00,1.9468076,1.8133146,2.0244994,1.9862833,1.5394291,1.225293,-1.8759729,-1.5254872,-1.8454757,-1.6167493,-0.4809928,-0.48695976,-0.5751597,-0.348932,-0.4439018,-0.47478503,1.9634224,1.732674,-2.532194,-1.9800019
ROC,2026-02-18T06:15:00,1.9468076,1.8133936,2.0244994,1.9855258,1.5394291,1.2231665,-1.8759729,-1.5271022,-1.2239248,-1.6254957,-0.4809928,-0.49229327,-0.5751597,-0.34644625,-0.4439018,-0.4816803,1.9634224,1.733349,-1.5258001,-1.9934857
ROC,2026-02-18T06:20:00,1.9468076,1.7719952,2.0244994,1.9652557,1.5394291,1.2847916,-1.8759729,-1.5879635,-1.2239248,-1.3623422,-0.4809928,-0.5064933,-0.5751597,-0.3737684,-0.4439018,-0.49087903,1.9634224,1.7778642,-1.4139786,-1.52846
ROC,2026-02-18T06:25:00,1.9468076,1.7540573,2.0244994,1.9651624,1.5394291,1.3171519,-1.8759729,-1.6107267,-1.2239248,-1.2331203,-0.4809928,-0.51619977,-0.5751597,-0.383731,-0.4439018,-0.49847832,1.9634224,1.803077,-1.302157,-1.2924564
ROC,2026-02-18T06:30:00,1.9468076,1.7447834,2.0244994,1.9703019,1.5394291,1.3339729,-1.8759729,-1.6222187,-1.8454757,-1.171505,-0.4809928,-0.52275014,-0.5751597,-0.38668588,-0.4439018,-0.50453055,1.9634224,1.8183984,-2.532194,-1.1543
ROC,2026-02-18T06:35:00,1.9468076,1.795585,2.0244994,2.005387,1.5394291,1.2797748,-1.8759729,-1.5577358,-1.8454757,-1.4437486,-0.4809928,-0.5202921,-0.5751597,-0.355621,-0.4439018,-0.50732476,1.9634224,1.7863407,-2.532194,-1.665052
ROC,2026-02-18T06:40:00,1.9468076,1.8132116,2.0244994,2.0092247,1.5394291,1.2536837,-1.8759729,-1.5363148,-1.8454757,-1.5554935,-0.4809928,-0.5159588,-0.5751597,-0.34119922,-0.4439018,-0.50565547,1.9634224,1.7669222,-2.532194,-1.8739043
ROC,2026-02-18T06:45:00,1.9468076,1.8195419,2.0244994,2.0076907,1.5394291,1.2417266,-1.8759729,-1.5307628,-1.8454757,-1.5992796,-0.4809928,-0.5121981,-0.5751597,-0.3369243,-0.4439018,-0.50269186,1.9634224,1.7564459,-2.532194,-1.9518944
ROC,2026-02-18T06:50:00,1.9468076,1.8218819,2.0244994,2.0062754,1.5394291,1.2359363,-1.8759729,-1.5302213,-1.2239248,-1.6176652,-0.4809928,-0.5110873,-0.5751597,-0.3367245,-0.4439018,-0.50218326,1.9634224,1.7508113,0.039701488,-1.9807267
ROC,2026-02-18T06:54:00,1.9468076,1.7405143,2.0244994,1.9726346,1.5394291,1.3207793,-1.8759729,-1.6547426,-1.8454757,-1.2439474,-0.4809928,-0.51757085,-0.5751597,-0.3928412,-0.4439018,-0.5021875,1.9634224,1.8098116,-2.532194,-0.8811312
ROC,2026-02-18T06:55:00,1.924462,1.8002995,2.0244994,1.9962592,1.5323585,1.2855158,-1.8759729,-1.55611,-1.8454757,-1.5032245,-0.4916833,-0.5164926,-0.5751597,-0.3771542,-0.4439018,-0.5106881,1.9569249,1.7858425,-2.532194,-1.5828145
ROC,2026-02-18T07:00:00,1.9021164,1.8156086,2.0244994,1.995003,1.5252881,1.2688019,-1.8759729,-1.5184566,-1.8454757,-1.5860993,-0.5023738,-0.51363707,-0.5751597,-0.36783728,-0.4439018,-0.5135045,1.9504275,1.7672551,-2.532194,-1.8429122
ROC,2026-02-18T07:05:00,1.8797709,1.8143153,2.0244994,1.9899609,1.5182176,1.2594541,-1.8759729,-1.5032005,-1.8454757,-1.6054579,-0.5130643,-0.5111762,-0.5751597,-0.36646846,-0.4439018,-0.51355624,1.94393,1.7543497,-2.532194,-1.9335287
ROC,2026-02-18T07:10:00,1.8574253,1.8128862,2.0244994,2.0023901,1.511147,1.2365235,-1.8759729,-1.5146822,-1.8454757,-1.6284586,-0.52375484,-0.5185061,-0.5751597,-0.34973177,-0.4439018,-0.514848,1.9374325,1.7427092,-2.532194,-1.9716563
ROC,2026-02-18T07:15:00,1.8350798,1.806239,2.0244994,2.0073657,1.5040765,1.2222737,-1.8759729,-1.5204002,-1.8454757,-1.6330205,-0.53444535,-0.520064,-0.5751597,-0.34658247,-0.4439018,-0.5137126,1.9309351,1.7330382,-2.532194,-1.9797363
ROC,2026-02-18T07:20:00,1.8127342,1.7986462,2.0244994,2.0105627,1.4970059,1.2125841,-1.8759729,-1.5234283,-1.8454757,-1.6321758,-0.54513586,-0.5209216,-0.5751597,-0.34757116,-0.4439018,-0.5135304,1.9244376,1.7254666,-2.532194,-1.9817634
ROC,2026-02-18T07:25:00,1.7903887,1.7913241,2.0244994,2.0135326,1.4899354,1.2054235,-1.8759729,-1.5256786,-1.8454757,-1.6296794,-0.55582637,-0.5225543,-0.5751597,-0.34978276,-0.49219894,-0.51483685,1.9179403,1.71939,-2.532194,-1.9825923
ROC,2026-02-18T07:30:00,1.7680432,1.7803546,2.0244994,1.984405,1.482865,1.2300572,-1.8759729,-1.496304,-1.2239248,-1.5826352,-0.5665169,-0.51612014,-0.5751597,-0.39905286,-0.49219894,-0.5202145,1.9114428,1.7156996,-1.4139786,-1.9676092
ROC,2026-02-18T07:35:00,1.7456976,1.733123,2.0244994,1.9874592,1.4757944,1.2759614,-1.8759729,-1.5745331,-1.8454757,-1.3115683,-0.5772074,-0.54838955,-0.5751597,-0.4051394,-0.49219894,-0.53642297,1.9049453,1.7587633,-2.532194,-1.4439209
ROC,2026-02-18T07:40:00,1.7233521,1.7565554,2.0244994,2.0167222,1.4687239,1.2281643,-1.8759729,-1.5337821,-1.2239248,-1.4835595,-0.5878979,-0.5500726,-0.5751597,-0.37913093,-0.54049605,-0.53962034,1.8984479,1.7305182,-1.5258001,-1.7543709
ROC,2026-02-18T07:45:00,1.7010064,1.7142886,2.0244994,2.0026622,1.4616534,1.2653033,-1.8759729,-1.5830247,-1.2239248,-1.2704476,-0.5985884,-0.56885153,-0.5751597,-0.3966603,-0.54049605,-0.55266416,1.8919504,1.7549446,-1.5258001,-1.3941748
ROC,2026-02-18T07:50:00,1.6786609,1.6866566,2.0244994,2.0005164,1.4545828,1.2741033,-1.8559642,-1.6000689,-1.0167412,-1.1861538,-0.6092789,-0.5805953,-0.5751597,-0.4001689,-0.54049605,-0.56400955,1.885453,1.7630856,-1.4139786,-1.2778687
ROC,2026-02-18T07:54:00,1.6563153,1.6579463,2.0244994,1.994674,1.4475124,1.2890735,-1.8588225,-1.6045971,-1.2239248,-1.0656656,-0.6199694,-0.5899375,-0.5751597,-0.40690854,-0.54049605,-0.5720354,1.8789555,1.7722894,-1.5258001,-1.1684293
ROC,2026-02-18T07:55:00,1.6763908,1.6513811,2.0244994,2.0084229,1.4475124,1.2781208,-1.8559642,-1.5978094,-1.2239248,-1.0878688,-0.62294745,-0.59253263,-0.5751597,-0.4023716,-0.54049605,-0.575021,1.8789555,1.7665594,-1.5258001,-1.1937399
ROC,2026-02-18T08:00:00,1.6964662,1.6503141,2.0244994,2.0141108,1.4475124,1.2740362,-1.8559642,-1.5915687,-1.2239248,-1.0995766,-0.62592554,-0.5953493,-0.5751597,-0.3993137,-0.54049605,-0.5780604,1.8789555,1.7644374,-1.302157,-1.2065557
ROC,2026-02-18T08:05:00,1.7165416,1.6537547,2.0244994,2.0146556,1.4475124,1.2810844,-1.8559642,-1.5999624,-1.0167412,-1.0766279,-0.6289036,-0.5943088,-0.5751597,-0.4078025,-0.54049605,-0.57390875,1.8789555,1.7656987,-1.302157,-1.0738388
ROC,2026-02-18T08:10:00,1.7366171,1.6413918,2.0244994,1.9981034,1.4475124,1.3098376,-1.8559642,-1.5956868,-1.2239248,-0.99780715,-0.6318817,-0.6036117,-0.5751597,-0.42121786,-0.54049605,-0.58893883,1.8789555,1.7817245,-1.1903355,-1.0719128
ROC,2026-02-18T08:15:00,1.7566925,1.6449425,2.0244994,2.0093784,1.4475124,1.295961,-1.8559642,-1.6031517,-1.2239248,-1.049272,-0.63485974,-0.6097339,-0.5751597,-0.4057385,-0.54049605,-0.5940935,1.8789555,1.7794391,-1.6376216,-1.0255306
ROC,2026-02-18T08:20:00,1.776768,1.6609899,2.0244994,2.009133,1.4475124,1.2984978,-1.8559642,-1.5795153,-1.0167412,-1.0972766,-0.6378378,-0.615415,-0.5751597,-0.40737432,-0.58879316,-0.60469687,1.8789555,1.7791133,-1.7494432,-1.2180419
ROC,2026-02-18T08:25:00,1.7968434,1.6637698,2.0244994,1.9981239,1.4475124,1.3121562,-1.8559642,-1.5734844,-0.8095575,-1.046558,-0.6408159,-0.62939805,-0.5751597,-0.40699825,-0.6370903,-0.6204543,1.8789555,1.7857993,-1.7494432,-1.3222653
ROC,2026-02-18T08:30:00,1.8169188,1.6554099,2.0244994,1.983886,1.4475124,1.3355212,-1.8559642,-1.5793878,-0.8095575,-0.9342451,-0.64379394,-0.6472761,-0.5751597,-0.4067506,-0.6370903,-0.6393093,1.8789555,1.7992035,-1.6376216,-1.3521616
ROC,2026-02-18T08:35:00,1.8369943,1.6491585,2.0244994,1.9807894,1.4475124,1.3480804,-1.8559642,-1.5891045,-1.2239248,-0.86662656,-0.646772,-0.657189,-0.5751597,-0.40534237,-0.6370903,-0.6478725,1.8789555,1.8082232,-1.6376216,-1.3210657
ROC,2026-02-18T08:40:00,1.8570697,1.6656784,2.0244994,1.9982619,1.4475124,1.3304881,-1.8559642,-1.5775714,-1.8454757,-0.9862635,-0.6497501,-0.6563538,-0.5751597,-0.39706707,-0.6370903,-0.64810807,1.8789555,1.8010026,-2.532194,-1.3485698
ROC,2026-02-18T08:40:00,1.8771452,1.7208834,2.0244994,2.0210433,1.4475124,1.2682248,-1.8588225,-1.5082805,-1.8454757,-1.327487,-0.6527282,-0.6476754,-0.5751597,-0.37624264,-0.6370903,-0.6482739,1.8789555,1.7587755,-2.532194,-1.7800798
ROC,2026-02-18T08:45:00,1.8771452,1.7473793,2.0244994,2.01833,1.4475124,1.2449576,-1.8559642,-1.4837898,-1.2239248,-1.4548194,-0.6557062,-0.6430066,-0.5751597,-0.36874008,-0.6370903,-0.6464698,1.8789555,1.7375895,-1.6376216,-1.9149963
ROC,2026-02-18T08:50:00,1.8771452,1.7185147,2.0244994,1.9929004,1.4475124,1.2884493,-1.8216634,-1.5416819,-1.8454757,-1.2581038,-0.6586843,-0.65489554,-0.5751597,-0.39920935,-0.58879316,-0.6534148,1.8789555,1.7664894,-2.532194,-1.5658759
ROC,2026-02-18T08:54:00,1.8771452,1.7507044,2.0244994,2.0094035,1.4475124,1.2465845,-1.8216634,-1.4817381,-1.8454757,-1.4473518,-0.6616624,-0.6465244,-0.5751597,-0.37827116,-0.58879316,-0.6485487,1.8789555,1.7389855,-2.532194,-1.8414915
ROC,2026-02-18T08:55:00,1.8374376,1.7618232,2.0244994,2.0122755,1.4475124,1.227689,-1.8216634,-1.46131,-1.8454757,-1.5241656,-0.66563314,-0.6472895,-0.54514503,-0.36441928,-0.58879316,-0.65205365,1.8789555,1.7255234,-2.532194,-1.9487394
ROC,2026-02-18T09:00:00,1.7977301,1.7593569,2.0244994,2.0139146,1.4475124,1.217938,-1.8216634,-1.4546092,-1.8454757,-1.5505819,-0.6696039,-0.6520005,-0.5151303,-0.33823135,-0.58879316,-0.65969235,1.8789555,1.7180469,-2.532194,-1.9859297
ROC,2026-02-18T09:05:00,1.7580224,1.7520311,2.0244994,2.0127761,1.4475124,1.2103472,-1.8216634,-1.4531195,-1.2239248,-1.5620832,-0.6735747,-0.6541511,-0.48511553,-0.31303623,-0.58879316,-0.663756,1.8789555,1.711065,-1.8612647,-1.9961202
ROC,2026-02-18T09:10:00,1.7183149,1.7134601,2.0244994,1.9974029,1.4475124,1.256361,-1.8245218,-1.507775,-1.2239248,-1.3223073,-0.6775454,-0.668632,-0.45510077,-0.31418237,-0.6370903,-0.67068833,1.8789555,1.7411897,-1.8612647,-1.6619401
ROC,2026-02-18T09:15:00,1.6786073,1.697627,2.0244994,2.006808,1.4475124,1.264889,-1.8245218,-1.5448354,-1.0167412,-1.2242506,-0.6815162,-0.6854896,-0.42508602,-0.28641933,-0.6370903,-0.6799785,1.8789555,1.7525514,-1.8612647,-1.5193553
ROC,2026-02-18T09:20:00,1.6388998,1.6753584,2.0244994,2.0090027,1.4475124,1.2806798,-1.8216634,-1.5659777,-0.8095575,-1.0967138,-0.685487,-0.6963438,-0.39507127,-0.2606042,-0.6370903,-0.6865728,1.8789555,1.764466,-1.8612647,-1.4383706
ROC,2026-02-18T09:25:00,1.5991921,1.6463597,2.0244994,1.9976583,1.4475124,1.3124965,-1.8216634,-1.5694629,-1.0167412,-0.9319867,-0.6894577,-0.69989467,-0.36505654,-0.24433696,-0.6370903,-0.6915783,1.8789555,1.7796332,-1.8612647,-1.4038534
ROC,2026-02-18T09:30:00,1.5594846,1.6354651,2.0244994,2.0207167,1.4475124,1.2999411,-1.8216634,-1.5774757,-1.0167412,-0.9363005,-0.69342846,-0.70013815,-0.3350418,-0.19978441,-0.6370903,-0.68835074,1.8789555,1.777611,-1.8612647,-1.4001538
ROC,2026-02-18T09:35:00,1.519777,1.6235546,2.0244994,2.0355315,1.4475124,1.2935908,-1.8216634,-1.5806259,-1.0167412,-0.92707926,-0.69739926,-0.7008144,-0.30502704,-0.16426937,-0.6370903,-0.68766344,1.8789555,1.7755126,-1.7494432,-1.3964434
ROC,2026-02-18T09:40:00,1.4800695,1.6079656,2.0244994,2.0460098,1.4475124,1.2912308,-1.8216634,-1.5879542,-0.8095575,-0.90450686,-0.70137,-0.7022148,-0.27501228,-0.13364123,-0.68538743,-0.6886339,1.8789555,1.7746644,-1.8612647,-1.3425018
ROC,2026-02-18T09:45:00,1.440362,1.5897474,2.0244994,2.0445008,1.4475124,1.3002571,-1.7502035,-1.5940082,-0.60237384,-0.81963056,-0.70534074,-0.7144156,-0.24499755,-0.10674972,-0.68538743,-0.6996133,1.8789555,1.7789714,-1.8612647,-1.3470011
ROC,2026-02-18T09:45:00,1.4600996,1.5626922,2.0244994,2.0271435,1.4475124,1.3262976,-1.7502035,-1.5541861,-0.60237384,-0.6748992,-0.7093115,-0.7212179,-0.21498281,-0.08803131,-0.68538743,-0.7099529,1.8789555,1.7891742,-1.8612647,-1.3564295
ROC,2026-02-18T09:50:00,1.4798373,1.5475848,2.0244994,2.0242655,1.4475124,1.3380444,-1.6787437,-1.5398155,-0.60237384,-0.6092814,-0.7132823,-0.7289467,-0.18496805,-0.055337474,-0.68538743,-0.7206065,1.8789555,1.7972022,-1.7494432,-1.381283
ROC,2026-02-18T09:54:00,1.499575,1.5384406,2.0244994,2.0203462,1.4475124,1.3480991,-1.6787437,-1.4908699,-0.8095575,-0.56657743,-0.717253,-0.73307085,-0.15495332,-0.021567445,-0.68538743,-0.72720796,1.8789555,1.804471,-1.7494432,-1.3553545
ROC,2026-02-18T09:55:00,1.5171647,1.5479037,2.0244994,2.032834,1.4475124,1.3450855,-1.6787437,-1.4634526,-1.0167412,-0.62718564,-0.72837114,-0.7339237,-0.12493857,0.01769781,-0.68538743,-0.7296448,1.8789555,1.8055159,-1.7494432,-1.3539149
ROC,2026-02-18T10:00:00,1.5347545,1.5627189,2.0244994,2.0459657,1.4475124,1.3291855,-1.6787437,-1.4494333,-0.8095575,-0.7554247,-0.7394893,-0.73274666,-0.094923824,0.05152715,-0.68538743,-0.7296155,1.8789555,1.7995799,-1.6376216,-1.3842735
ROC,2026-02-18T10:05:00,1.5523442,1.5613538,2.0244994,2.0366533,1.4475124,1.3385226,-1.6787437,-1.4611237,-0.8095575,-0.7286779,-0.75060743,-0.7378787,-0.06490908,0.07639097,-0.68538743,-0.73375696,1.8789555,1.8051952,-1.5258001,-1.3250312
ROC,2026-02-18T10:10:00,1.569934,1.5605483,2.0244994,2.0309503,1.4475124,1.3458865,-1.035605,-1.4727858,-1.0167412,-0.7144277,-0.76172554,-0.74175227,-0.034894332,0.09992504,-0.68538743,-0.7371052,1.8789555,1.809934,-1.302157,-1.2527611
ROC,2026-02-18T10:10:00,1.5508465,1.5603315,2.0244994,1.98999,1.4658957,1.3327374,-1.035605,-1.0403837,-1.0167412,-0.779878,-0.77284366,-0.742058,-0.004879587,0.109824814,-0.68538743,-0.74591666,1.8958489,1.7933049,-1.302157,-1.1836354
ROC,2026-02-18T10:15:00,1.531759,1.5660287,2.0244994,1.9809535,1.484279,1.3349454,-1.035605,-0.90658766,-0.60237384,-0.81592214,-0.78396183,-0.7491976,0.02513516,0.13415572,-0.68538743,-0.75521344,1.9127423,1.7945797,-1.4139786,-1.1396971
ROC,2026-02-18T10:20:00,1.5126715,1.5570459,2.0244994,1.9664071,1.5026624,1.3647406,-1.035605,-0.885698,-0.39519018,-0.67961913,-0.79507995,-0.7649445,0.055149905,0.15833986,-0.73368454,-0.76938456,1.9296356,1.8145974,-1.5258001,-1.1292727
ROC,2026-02-18T10:25:00,1.493584,1.5470743,2.0244994,1.9616256,1.5210457,1.3974553,-1.3214444,-0.8987927,-0.18800654,-0.52773756,-0.80619806,-0.78555775,0.08516465,0.18865532,-0.73368454,-0.7877564,1.946529,1.8379725,-1.5258001,-1.154924
ROC,2026-02-18T10:28:00,1.4744965,1.5340097,2.0244994,1.9796307,1.5394291,1.4332397,-1.3214444,-1.1148546,-0.39519018,-0.35423905,-0.8173162,-0.801567,0.1151794,0.23087862,-0.73368454,-0.7982134,1.9634224,1.8683609,-1.4139786,-1.12962
ROC,2026-02-18T10:30:00,1.4542944,1.5313046,2.0244994,2.0011058,1.5394291,1.4410034,-1.3214444,-1.1844531,-0.60237384,-0.34054163,-0.8284343,-0.8033993,0.14519414,0.2669182,-0.68538743,-0.79775953,1.9634224,1.8794817,-1.4139786,-1.0843745
ROC,2026-02-18T10:35:00,1.4340923,1.5346276,2.0244994,2.0221324,1.5394291,1.431348,-1.3214444,-1.1884574,-0.39519018,-0.4178498,-0.83955246,-0.79358363,0.17520888,0.30093354,-0.73368454,-0.78885984,1.9634224,1.8773223,-1.5258001,-1.0871258
ROC,2026-02-18T10:40:00,1.4138902,1.529395,2.0244994,2.0150146,1.5394291,1.4401053,-1.3214444,-1.1899122,-0.18800654,-0.36708516,-0.8506706,-0.80159265,0.20522363,0.32175672,-0.73368454,-0.79678226,1.9634224,1.880619,-1.5258001,-1.1119322
ROC,2026-02-18T10:45:00,1.3936881,1.5149251,2.0244994,2.0086322,1.5394291,1.4618237,-1.3214444,-1.2486234,-0.18800654,-0.2543328,-0.8617887,-0.8114955,0.23523837,0.33863646,-0.78198165,-0.80072874,1.9634224,1.8898504,-1.5258001,-1.0978658
ROC,2026-02-18T10:50:00,1.373486,1.5057483,2.0244994,2.0096304,1.5394291,1.4733903,-1.3214444,-1.2647175,0.019177105,-0.19246525,-0.8729068,-0.8276032,0.26525313,0.36587524,-0.8302788,-0.8146632,1.9634224,1.8973707,-1.6376216,-1.092408
ROC,2026-02-18T10:54:00,1.3532839,1.4912958,2.0244994,2.0034022,1.5394291,1.491157,-1.535824,-1.2711835,0.22636075,-0.070594735,-0.884025,-0.8502774,0.29526788,0.40412414,-0.8302788,-0.8386412,1.9634224,1.9093581,-1.6376216,-1.1381407
ROC,2026-02-18T10:55:00,1.3667341,1.4705842,2.0244994,2.0135448,1.5507419,1.5130522,-1.464364,-1.4423492,0.22636075,0.09097029,-0.88601035,-0.86711764,0.3252826,0.45595086,-0.8302788,-0.8558899,1.9738183,1.9270536,-1.6376216,-1.1386868
ROC,2026-02-18T11:00:00,1.3801843,1.4616996,2.0244994,2.0104983,1.5620548,1.5240499,-1.535824,-1.4054517,-0.60237384,0.17237821,-0.8879957,-0.8739328,0.35529736,0.50004035,-0.8302788,-0.8669123,1.9842143,1.9362353,-1.5258001,-1.1601498
ROC,2026-02-18T11:05:00,1.3936346,1.4994427,2.0244994,2.068744,1.5733676,1.4876369,-1.535824,-1.3970205,-1.0167412,-0.17957887,-0.8899811,-0.8659648,0.3853121,0.5450358,-0.78198165,-0.8591722,1.9946102,1.926019,-1.302157,-1.1713554
ROC,2026-02-18T11:10:00,1.4070847,1.5356363,2.0244994,2.0950606,1.5846804,1.4520053,-1.535824,-1.3814878,-0.8095575,-0.50266415,-0.89196646,-0.8465368,0.41532686,0.57175606,-0.78198165,-0.8391241,2.005006,1.9074873,-1.1903355,-1.0851305
ROC,2026-02-18T11:15:00,1.420535,1.5469036,2.0244994,2.0798566,1.5959933,1.4540484,-1.535824,-1.3975654,-0.39519018,-0.55273163,-0.89395183,-0.8491677,0.4453416,0.59182286,-0.78198165,-0.84260017,2.015402,1.9072173,-1.4139786,-0.97727257
ROC,2026-02-18T11:20:00,1.4339851,1.5455941,2.0244994,2.0501702,1.6073061,1.4858012,-1.535824,-1.4125862,-0.39519018,-0.41597044,-0.89593726,-0.8629915,0.47535634,0.6066628,-0.8302788,-0.8582602,2.025798,1.9250139,-1.6376216,-1.007343
ROC,2026-02-18T11:25:00,1.4474354,1.5526615,2.0244994,2.045999,1.618619,1.501832,-1.535824,-1.4143305,0.019177105,-0.36802667,-0.89792264,-0.88223064,0.5053711,0.6392099,-0.8302788,-0.87923,2.0361938,1.9368608,-1.7494432,-1.1256499
ROC,2026-02-18T11:30:00,1.4608855,1.5379376,2.0244994,2.0283678,1.6299318,1.5364982,-1.3929042,-1.4320143,-0.39519018,-0.15302488,-0.899908,-0.90187234,0.53538585,0.68219644,-0.8302788,-0.9007503,2.0465899,1.9582387,-1.7494432,-1.203626
ROC,2026-02-18T11:35:00,1.4743358,1.5460304,2.0244994,2.0451095,1.6412445,1.527101,-1.3929042,-1.2855065,0.019177105,-0.2362673,-0.9018934,-0.9060533,0.5654006,0.73624957,-0.8302788,-0.9088645,2.0569859,1.9594274,-1.7494432,-1.2850218
ROC,2026-02-18T11:40:00,1.4877859,1.5350657,2.0244994,2.0285778,1.6525574,1.5528492,-1.3929042,-1.276851,-0.18800654,-0.07756894,-0.90387875,-0.91203594,0.5654006,0.76984894,-0.8785759,-0.9145075,2.0673816,1.9745467,-1.7494432,-1.2821132
ROC,2026-02-18T11:45:00,1.5012361,1.5509443,2.0244994,2.028559,1.6638702,1.5618596,-1.464364,-1.2657793,0.019177105,-0.10228229,-0.9058641,-0.9191131,0.5654006,0.75494653,-0.8785759,-0.9174929,2.0777776,1.9810935,-1.6376216,-1.2705969
ROC,2026-02-18T11:50:00,1.5146863,1.5521886,2.0244994,2.0088398,1.675183,1.5861807,-1.6072838,-1.3353068,0.019177105,-0.00614259,-0.90784955,-0.9174333,1.7059609,0.71987885,-0.8785759,-0.91052467,2.0881736,1.9931562,-1.6376216,-1.1737212
ROC,2026-02-18T11:50:00,1.5281365,1.5614716,2.0244994,2.0422509,1.6864959,1.6116453,-1.6787437,-1.4963541,0.019177105,0.016496986,-0.9098349,-0.92095244,1.7059609,1.733831,-0.8785759,-0.92341787,2.0985694,2.0227487,-1.6376216,-1.1252447
ROC,2026-02-18T11:54:00,1.4758898,1.5647063,2.0244994,2.0475981,1.6313459,1.6193787,-1.6787437,-1.5950855,0.019177105,0.003666373,-0.9118203,-0.93147063,1.7059609,2.027038,-0.8785759,-0.93231356,2.0478892,2.032888,-1.6376216,-1.1164134
ROC,2026-02-18T11:55:00,1.4664586,1.5484028,2.0244994,2.0449877,1.6242753,1.601147,-1.3214444,-1.6091915,0.019177105,-0.0026421584,-0.9160965,-0.94164497,1.6742787,1.9936862,-0.8785759,-0.9392887,2.0413918,2.0165124,-1.6376216,-1.1214409
ROC,2026-02-18T12:00:00,1.4570273,1.5343109,2.0244994,2.0173442,1.6172048,1.5870032,-1.6072838,-1.28562,-0.18800654,-0.00084368885,-0.92037266,-0.9543116,1.6425965,1.9041556,-0.8785759,-0.9537525,2.0348945,2.001845,-1.6376216,-1.1630751
ROC,2026-02-18T12:05:00,1.4475961,1.5468403,2.0244994,2.070825,1.6101342,1.5746162,-1.6072838,-1.5058119,-0.18800654,-0.11455605,-0.9246489,-0.9576516,1.6109142,1.851684,-0.8785759,-0.9535056,2.0283968,2.0031116,-1.6376216,-1.1628889
ROC,2026-02-18T12:10:00,1.4381648,1.5454315,2.0244994,2.086432,1.6030638,1.5668042,-1.464364,-1.5401293,-0.39519018,-0.15350804,-0.9289251,-0.9595558,1.579232,1.827292,-0.8302788,-0.9569058,2.0218995,2.000463,-1.5258001,-1.1751508
ROC,2026-02-18T12:15:00,1.4287337,1.550342,2.0244994,2.0813043,1.5959933,1.5471879,-1.464364,-1.4099796,-0.18800654,-0.26875782,-0.9332013,-0.9470151,1.5475497,1.7899826,-0.8302788,-0.94463146,2.015402,1.984514,-1.5258001,-1.1353285
ROC,2026-02-18T12:20:00,1.4193025,1.5428964,2.0244994,2.0580783,1.5889227,1.5529221,-1.464364,-1.3952429,-0.39519018,-0.20584488,-0.9374775,-0.9415804,1.5158675,1.7421665,-0.8302788,-0.93973774,2.0089047,1.982308,-1.4139786,-1.0980818
ROC,2026-02-18T12:25:00,1.4098712,1.5400897,2.0244994,2.078701,1.5818522,1.5388529,-1.464364,-1.3505249,0.019177105,-0.30251738,-0.9417537,-0.94603854,1.4841853,1.6679621,-0.8302788,-0.9434853,2.002407,1.972498,-1.4139786,-1.0506684
ROC,2026-02-18T12:30:00,1.40044,1.5178478,2.0244994,2.0508633,1.5747817,1.5555161,-1.464364,-1.3554008,0.22636075,-0.12618268,-0.9460299,-0.9571094,1.4525031,1.6256866,-0.8785759,-0.9527586,1.9959097,1.9780716,-1.4139786,-1.0135031
ROC,2026-02-18T12:35:00,1.3910087,1.4923432,2.0244994,2.033087,1.5677112,1.5666381,-1.464364,-1.3723253,-0.18800654,0.04530993,-0.9503061,-0.97355306,1.4208208,1.601397,-0.8785759,-0.96850526,1.9894122,1.9812833,-1.4139786,-1.0030652
ROC,2026-02-18T12:40:00,1.3815776,1.49791,2.0244994,2.0789611,1.5606407,1.5440509,-1.535824,-1.3789111,0.22636075,-0.114504255,-0.95458233,-0.9756315,1.3891386,1.5947833,-0.8785759,-0.96954393,1.9829148,1.9741933,-1.4139786,-1.0377752
ROC,2026-02-18T12:45:00,1.3721464,1.4813899,2.0244994,2.0506792,1.5535702,1.5600487,-1.535824,-1.4322162,0.22636075,0.05674983,-0.9588585,-0.98105603,1.3574563,1.5503634,-0.8785759,-0.9746828,1.9764173,1.977382,-1.4139786,-1.0074252
ROC,2026-02-18T12:50:00,1.3627151,1.467714,2.0244994,2.0470436,1.5464996,1.5598274,-1.3929042,-1.4352893,-0.18800654,0.1248409,-0.9631347,-0.98313147,1.3257742,1.5177634,-0.926873,-0.9769403,1.9699198,1.9749193,-1.4139786,-1.0056279
ROC,2026-02-18T12:54:00,1.3532839,1.4808611,2.0244994,2.062889,1.5394291,1.532861,-1.6787437,-1.2923453,0.22636075,-0.07075726,-0.9674109,-0.98445445,1.2940919,1.4792384,-0.926873,-0.97616225,1.9634224,1.9576728,-1.4139786,-1.0303985
ROC,2026-02-18T12:55:00,1.3635011,1.4651766,1.9970212,2.0622857,1.5470889,1.5480447,-1.1785246,-1.5480344,0.019177105,0.078642905,-0.970389,-0.9889408,1.2624097,1.4469368,-0.926873,-0.9813513,1.9634224,1.9662832,-1.4139786,-0.99407953
ROC,2026-02-18T13:00:00,1.3737183,1.4574137,1.9695429,1.9982951,1.5547485,1.5270536,-1.1785246,-1.1307973,0.4335444,0.04206076,-0.97336704,-0.980921,1.2307274,1.34671,-0.926873,-0.974191,1.9634224,1.9337275,-1.5258001,-1.0154161
ROC,2026-02-18T13:05:00,1.3839353,1.4416057,1.9420646,1.9436879,1.5624083,1.5506651,-1.1785246,-1.0894746,0.64072806,0.24111679,-0.9763451,-0.98659897,1.1990452,1.3001015,-0.926873,-0.9815794,1.9634224,1.938618,-1.5258001,-1.0567933
ROC,2026-02-18T13:10:00,1.3941525,1.4249315,1.9145864,1.909402,1.570068,1.5739573,-1.1785246,-1.1119895,0.019177105,0.4337125,-0.9793232,-0.9951304,1.1673629,1.2864332,-0.926873,-0.9923307,1.9634224,1.9481997,-1.5258001,-1.0704007
ROC,2026-02-18T13:15:00,1.4043697,1.456404,1.8871082,1.9361236,1.5777278,1.5574368,-1.1785246,-1.0620778,0.019177105,0.17805263,-0.9823013,-0.9946231,1.1356808,1.2728086,-0.926873,-0.9906279,1.9634224,1.9424483,-1.6376216,-1.1071391
ROC,2026-02-18T13:20:00,1.4145868,1.4717406,1.85963,1.9238337,1.5853875,1.5488085,-1.1785246,-1.0522227,0.4335444,0.08356014,-0.9852793,-0.99431634,1.1039985,1.2564303,-0.926873,-0.991554,1.9634224,1.9341707,-1.6376216,-1.1771107
ROC,2026-02-18T13:25:00,1.424804,1.4582499,1.8321518,1.8651699,1.5930473,1.5723474,-1.1785246,-1.0823594,0.019177105,0.27412692,-0.9882574,-0.9990855,1.0723163,1.2196232,-0.9751702,-0.99732304,1.9634224,1.9364877,-1.6376216,-1.169169
ROC,2026-02-18T13:30:00,1.4350212,1.4805375,1.8046736,1.8602961,1.6007069,1.5658437,-1.035605,-1.072229,-0.18800654,0.12899566,-0.9912355,-1.0079235,1.040634,1.1836994,-0.9751702,-1.004544,1.9634224,1.9298043,-1.6376216,-1.1825778
ROC,2026-02-18T13:35:00,1.4452382,1.4991065,1.7771953,1.8394722,1.6083667,1.5491912,-1.035605,-0.90380865,-0.18800654,-0.016113494,-0.9942136,-1.0132703,1.0089518,1.1631594,-0.9751702,-1.0126704,1.9634224,1.9158357,-1.7494432,-1.21293
ROC,2026-02-18T13:40:00,1.4554554,1.5146216,1.7497171,1.8194143,1.6160264,1.5491966,-1.1785246,-0.9262594,0.019177105,-0.0954782,-0.9971916,-1.0162851,0.9772696,1.1219312,-0.9751702,-1.0142668,1.9634224,1.9097078,-1.7494432,-1.2639639
ROC,2026-02-18T13:45:00,1.4656726,1.5120414,1.7222389,1.8020871,1.6236861,1.5647278,-1.1785246,-1.0602126,0.22636075,-0.012294229,-1.0001698,-1.0234141,0.94558734,1.1108216,-0.9751702,-1.0232855,1.9634224,1.9183117,-1.6376216,-1.2732333
ROC,2026-02-18T13:46:00,1.4758898,1.4977885,1.6947607,1.7695094,1.6313459,1.583297,-1.6072838,-1.1013805,0.019177105,0.13844633,-1.0031477,-1.0291301,0.91390514,1.0956731,-0.9751702,-1.0307127,1.9634224,1.9251884,-1.6376216,-1.2244608
ROC,2026-02-18T13:50:00,1.4529011,1.5154933,1.85963,1.7862787,1.5853875,1.590738,-1.1785246,-1.4425229,-0.60237384,0.08672379,-1.0061258,-1.0260541,0.8822229,1.0680809,-0.9751702,-1.0247291,1.9634224,1.9324704,-1.6376216,-1.1918006
ROC,2026-02-18T13:54:00,1.4299126,1.5350592,2.0244994,1.8791798,1.5394291,1.5296383,-1.6072838,-1.1326272,-0.18800654,-0.2716535,-1.0091039,-1.0229416,0.85054064,1.0376761,-0.9751702,-1.0222231,1.9634224,1.9132385,-1.6376216,-1.2568268
ROC,2026-02-18T13:55:00,1.4160671,1.5105256,1.9830712,2.0168555,1.5394291,1.5136957,-1.1785246,-1.4495468,0.019177105,-0.23194957,-1.0160527,-1.0232476,0.81885844,1.0160688,-0.9751702,-1.0231271,1.952864,1.935093,-1.6376216,-1.2302686
ROC,2026-02-18T14:00:00,1.4022218,1.4873998,1.941643,1.993799,1.5394291,1.5146021,-1.1785246,-1.1870052,-0.18800654,-0.10638904,-1.0230016,-1.0313184,0.7871762,0.957682,-0.9751702,-1.0329535,1.9423057,1.9287821,-1.7494432,-1.2231358
ROC,2026-02-18T14:05:00,1.3883764,1.4877236,1.9002149,1.9890292,1.5394291,1.4998068,-1.1785246,-1.1135314,0.019177105,-0.15708756,-1.0299504,-1.0325623,0.755494,0.92123026,-0.9751702,-1.0324103,1.9317473,1.9147446,-1.7494432,-1.2841706
ROC,2026-02-18T14:10:00,1.3745309,1.4818681,1.8587867,1.9465084,1.5394291,1.5158393,-1.1785246,-1.0984826,0.019177105,-0.06652526,-1.0368992,-1.0407618,0.72381175,0.88781106,-0.9751702,-1.0416058,1.921189,1.9150059,-1.7494432,-1.2910371
ROC,2026-02-18T14:15:00,1.3606856,1.4750452,1.8173585,1.9145933,1.5394291,1.5203713,-1.3214444,-1.0778015,0.019177105,-0.014484227,-1.043848,-1.0468012,0.6921295,0.86811817,-0.9751702,-1.0500069,1.9106306,1.9113622,-1.7494432,-1.3053275
ROC,2026-02-18T14:20:00,1.3468401,1.468398,1.7759303,1.8959119,1.5394291,1.5225927,-1.3214444,-1.1791606,0.22636075,0.016925622,-1.0507969,-1.0481906,0.6604473,0.8504993,-1.0234673,-1.0522046,1.9000722,1.9080601,-1.7494432,-1.3094184
ROC,2026-02-18T14:25:00,1.3329947,1.4612954,1.7345022,1.8336173,1.5394291,1.5375198,-1.3214444,-1.1787518,0.22636075,0.14247076,-1.0577457,-1.0592839,0.62876505,0.80962145,-1.0234673,-1.0645941,1.8895139,1.9037986,-1.7494432,-1.2902664
ROC,2026-02-18T14:27:00,1.3191494,1.4554223,1.693074,1.7858883,1.5394291,1.5459664,-1.6072838,-1.2018543,0.4335444,0.19549567,-1.0646945,-1.0659618,0.5970828,0.7613939,-1.0234673,-1.0657657,1.8789555,1.8901497,-1.7494432,-1.2666852
ROC,2026-02-18T14:30:00,1.3102094,1.4387338,1.7483115,1.7523843,1.5241096,1.5592264,-1.3214444,-1.398121,0.4335444,0.3595513,-1.0716434,-1.0725113,0.5654006,0.7428158,-1.0234673,-1.074054,1.8789555,1.8878952,-1.7494432,-1.2361203
ROC,2026-02-18T14:35:00,1.3012693,1.4215646,1.8035492,1.7440436,1.5087901,1.5549467,-1.3214444,-1.2490429,0.4335444,0.40283945,-1.0785922,-1.0783905,0.5654006,0.71532196,-1.0234673,-1.0802344,1.8789555,1.879671,-1.8612647,-1.2628697
ROC,2026-02-18T14:40:00,1.2923293,1.416158,1.8587867,1.7812634,1.4934707,1.5498651,-1.1785246,-1.2183007,0.019177105,0.39723757,-1.085541,-1.0832934,0.5654006,0.712137,-1.0234673,-1.0848359,1.8789555,1.8838638,-1.7494432,-1.3237374
ROC,2026-02-18T14:45:00,1.2833893,1.4244639,1.9140242,1.8530812,1.4781512,1.5168736,-1.1785246,-1.0831016,0.019177105,0.186248,-1.0924898,-1.0832852,0.5654006,0.72813225,-1.0717645,-1.0864245,1.8789555,1.8792046,-1.7494432,-1.3413956
ROC,2026-02-18T14:50:00,1.2744493,1.4238844,1.9692618,1.9101256,1.4628317,1.4964489,-1.035605,-1.068532,0.019177105,0.09371429,-1.0994387,-1.0930166,1.7059609,0.73058945,-1.0717645,-1.0971262,1.8789555,1.8792528,-1.7494432,-1.3393537
ROC,2026-02-18T14:54:00,1.2655092,1.4207823,2.0244994,1.9725637,1.4475124,1.4873413,-1.6072838,-0.9816443,0.22636075,0.032123584,-1.1063875,-1.0957778,1.7059609,1.7595232,-1.0717645,-1.1130869,1.8789555,1.8935457,-1.6376216,-1.3205206
ROC,2026-02-18T14:55:00,1.2624061,1.4001288,1.9942164,2.0568576,1.4475124,1.4851203,-1.035605,-1.5064282,0.22636075,0.083807185,-1.1163144,-1.1032252,1.4208208,2.0469983,-1.0717645,-1.1163079,1.8712766,1.9101542,-1.7494432,-1.2108703
ROC,2026-02-18T15:00:00,1.259303,1.381973,1.9639336,1.9938071,1.4475124,1.4669268,-1.035605,-1.065794,0.019177105,0.10009623,-1.1262413,-1.1172885,1.1356808,1.6723702,-1.0717645,-1.127087,1.8635979,1.8838195,-1.7494432,-1.2812672
ROC,2026-02-18T15:05:00,1.2561998,1.389379,1.9336506,1.9856317,1.4475124,1.4468486,-1.035605,-0.95702565,-0.18800654,0.02094077,-1.1361682,-1.1235341,0.85054064,1.2982882,-1.0717645,-1.1322113,1.855919,1.8712964,-1.6376216,-1.3253235
ROC,2026-02-18T15:10:00,1.2530967,1.4001089,1.9033678,1.9871817,1.4475124,1.4351052,-1.035605,-0.9513472,0.22636075,-0.092892475,-1.1460952,-1.1279479,0.5654006,0.9951672,-1.0717645,-1.1365482,1.8482403,1.8623192,-1.6376216,-1.3027725
ROC,2026-02-18T15:15:00,1.2499936,1.3852832,1.8730848,1.9367778,1.4475124,1.4547652,-1.035605,-0.9698945,0.4335444,0.08825207,-1.1560221,-1.1382637,0.5654006,0.71436775,-1.1200615,-1.1459962,1.8405614,1.8615469,-1.6376216,-1.27143
ROC,2026-02-18T15:20:00,1.2468904,1.3719853,1.8428019,1.8896525,1.4475124,1.4791921,-1.035605,-0.9902812,0.22636075,0.27280587,-1.165949,-1.1533062,1.7059609,0.67837834,-1.1200615,-1.1597986,1.8328826,1.8630986,-1.7494432,-1.2366167
ROC,2026-02-18T15:25:00,1.2437873,1.3802801,1.812519,1.8981104,1.4475124,1.4859878,-1.035605,-0.992571,0.22636075,0.22137094,-1.1758758,-1.1598488,2.8465211,1.7535931,-1.1200615,-1.1776024,1.8252038,1.8716582,-1.7494432,-1.2770163
ROC,2026-02-18T15:30:00,1.2406842,1.355098,1.7822361,1.8859084,1.4475124,1.4701449,-0.8926852,-1.012266,0.22636075,0.13853997,-1.1858027,-1.1576117,3.9870815,3.1520283,-1.1683587,-1.1808666,1.817525,1.8548458,-1.7494432,-1.2495341
ROC,2026-02-18T15:35:00,1.237581,1.3089956,1.7519531,1.7925533,1.4475124,1.4244397,-1.035605,-0.8497689,0.4335444,0.0966652,-1.1957296,-1.1753834,5.127642,4.489264,-1.1683587,-1.1925316,1.8098462,1.8050896,-1.7494432,-1.1758004
ROC,2026-02-18T15:40:00,1.2344779,1.2552226,1.7216703,1.7168792,1.4475124,1.3871306,-1.035605,-1.08273,0.64072806,0.1529463,-1.2056565,-1.1848658,6.2682023,5.5312204,-1.1683587,-1.191387,1.8021674,1.7590983,-1.6376216,-1.0755416
ROC,2026-02-18T15:44:00,1.2313747,1.1853309,1.6913874,1.6285924,1.4475124,1.3364332,-1.6072838,-1.1533712,0.4335444,0.26852083,-1.2155834,-1.1935056,6.2682023,6.378033,-1.1683587,-1.1844782,1.7944885,1.7017889,-1.6376216,-0.92442936
ROC,2026-02-18T15:45:00,1.2427529,1.2216234,1.6913874,1.661675,1.4475124,1.3382727,-1.035605,-1.6837481,0.64072806,0.15721871,-1.2255104,-1.2311157,6.2682023,6.057391,-1.1683587,-1.2038618,1.7944885,1.7060317,-1.6376216,-0.9178314
ROC,2026-02-18T15:50:00,1.2541311,1.20308,1.6913874,1.5770922,1.4475124,1.3456466,-1.035605,-1.1061199,0.22636075,0.27563918,-1.2354373,-1.2580062,7.4087625,5.8985577,-1.2166557,-1.243943,1.7944885,1.6926637,-1.6376216,-0.9497523
ROC,2026-02-18T15:54:00,1.2655092,1.2007288,1.6913874,1.6530851,1.4475124,1.2821317,-1.6072838,-1.2076265,0.22636075,0.03228039,-1.2453642,-1.2270956,8.549323,7.0172415,-1.2166557,-1.2127368,1.7944885,1.6770128,-1.6376216,-0.9068809
ROC,2026-02-18T15:55:00,1.2655092,1.1583538,1.6913874,1.6905693,1.4475124,1.2154231,-1.035605,-1.6297212,0.4335444,-0.03260362,-1.2539165,-1.2187757,5.8880153,7.7228007,-1.2166557,-1.1787118,1.7944885,1.6428834,-1.6376216,-0.8501928
ROC,2026-02-18T16:00:00,1.2655092,1.2128577,1.6913874,1.5609465,1.4475124,1.3180838,-1.035605,-0.8805561,0.019177105,0.027958099,-1.2624689,-1.3719834,3.226708,4.4736986,-1.2166557,-1.3390739,1.7944885,1.6579957,-1.7494432,-1.0773323
ROC,2026-02-18T16:05:00,1.2655092,1.3549095,1.6913874,1.7488208,1.4475124,1.379587,-1.035605,-1.0864453,0.22636075,-0.20543814,-1.2710214,-1.3813815,0.5654006,1.7944585,-1.2166557,-1.3741468,1.7944885,1.7553867,-1.7494432,-1.2948784
ROC,2026-02-18T16:10:00,1.2655092,1.3160783,1.6913874,1.7280571,1.4475124,1.3521577,-0.8926852,-1.1205617,0.019177105,-0.02347174,-1.2795738,-1.313985,1.7059609,0.18791765,-1.2166557,-1.3258711,1.7944885,1.7284819,-1.7494432,-1.2973421
ROC,2026-02-18T16:15:00,1.2655092,1.3085912,1.6913874,1.7476367,1.4475124,1.3629148,-0.8926852,-0.95024717,-0.18800654,-0.06446639,-1.2881261,-1.2860172,2.8465211,1.6013081,-1.2166557,-1.3237824,1.7944885,1.7357832,-1.7494432,-1.3359772
ROC,2026-02-18T16:20:00,1.2655092,1.3265045,1.6913874,1.7916077,1.4475124,1.3747792,-1.035605,-0.8696715,0.22636075,-0.2135618,-1.2966785,-1.2905604,3.9870815,3.1726449,-1.2166557,-1.3171613,1.7944885,1.7526779,-1.7494432,-1.3344476
ROC,2026-02-18T16:25:00,1.2655092,1.2798321,1.6913874,1.7575434,1.4475124,1.3719561,-1.035605,-0.9769741,0.22636075,-0.10770515,-1.305231,-1.2746257,5.127642,4.5249033,-1.2166557,-1.3041623,1.7944885,1.7413653,-1.7494432,-1.2681048
ROC,2026-02-18T16:30:00,1.2655092,1.2263794,1.6913874,1.6779253,1.4475124,1.3154926,-0.8926852,-0.94187784,0.64072806,-0.11027051,-1.3137834,-1.2599621,6.2682023,5.4983563,-1.2649529,-1.2887851,1.7944885,1.6709999,-1.8612647,-1.2146667
ROC,2026-02-18T16:35:00,1.2655092,1.1376507,1.6913874,1.5925756,1.4475124,1.2608689,-1.035605,-0.8443797,0.22636075,0.07115594,-1.3223358,-1.277565,6.2682023,6.215975,-1.2649529,-1.3013254,1.7944885,1.6076705,-1.7494432,-1.2080281
ROC,2026-02-18T16:40:00,1.2655092,1.192874,1.6913874,1.694887,1.4475124,1.2759496,-1.035605,-1.041351,0.4335444,-0.13296556,-1.3308882,-1.3543329,8.549323,5.873422,-1.2649529,-1.3407009,1.7944885,1.6695422,-1.7494432,-1.1387498
ROC,2026-02-18T16:45:00,1.2655092,1.1135377,1.6913874,1.6381354,1.4475124,1.1833521,-1.035605,-1.2125218,0.22636075,0.031289782,-1.3394406,-1.266042,8.549323,7.7845283,-1.2649529,-1.2506126,1.7944885,1.6068559,-1.7494432,-0.86847085
ROC,2026-02-18T16:50:00,1.2655092,1.0912738,1.6913874,1.5354178,1.4475124,1.1218783,-1.035605,-1.1734995,0.22636075,-0.04945968,-1.347993,-1.2565839,9.689883,7.52628,-1.3132501,-1.2376105,1.7944885,1.5195398,-1.7494432,-0.8994404
ROC,2026-02-18T16:54:00,1.2655092,1.0773414,1.6913874,1.5706931,1.4475124,1.1037818,-1.6072838,-1.1917452,0.22636075,-0.077480495,-1.3565454,-1.2424662,11.971004,7.919209,-1.3132501,-1.229625,1.7944885,1.509067,-1.7494432,-0.86776346
ROC,2026-02-18T16:55:00,1.2411275,0.99181855,1.7580098,1.6422557,1.429129,0.99955094,-1.035605,-1.5689574,0.4335444,-0.078335404,-1.3639575,-1.1935105,6.8384824,9.055289,-1.3132501,-1.1491325,1.7944885,1.4620376,-1.7494432,-0.77142024
ROC,2026-02-18T17:00:00,1.2167456,1.0935035,1.8246322,1.46679,1.4107456,1.1937131,-1.1785246,-0.7671772,0.22636075,-0.08381525,-1.3713696,-1.4918913,1.7059609,3.9287553,-1.3615471,-1.4636952,1.7944885,1.50513,-1.7494432,-1.1565536
ROC,2026-02-18T17:05:00,1.1923637,1.2214408,1.8912545,1.664452,1.3923622,1.2471008,-1.1785246,-1.2772342,0.64072806,-0.117992304,-1.3787817,-1.4103538,2.8465211,-0.59211534,-1.3615471,-1.4422077,1.7944885,1.5921661,-1.7494432,-1.2369403
ROC,2026-02-18T17:10:00,1.167982,1.2191819,1.9578769,1.8922498,1.373979,1.3549674,-1.1785246,-1.3962059,0.4335444,0.13954107,-1.3861938,-1.3518871,5.127642,2.0024562,-1.3615471,-1.445637,1.7944885,1.7276976,-1.6376216,-1.2796247
ROC,2026-02-18T17:14:00,1.1436001,1.1938579,2.0244994,1.969595,1.3555956,1.3291755,-1.6072838,-1.1753724,0.4335444,0.05224236,-1.3936058,-1.3162875,6.2682023,5.3761144,-1.3615471,-1.3823365,1.7944885,1.7404103,-1.7494432,-1.1608195
ROC,2026-02-18T17:15:00,1.1395074,1.1118536,2.0244994,1.8694193,1.3555956,1.2263833,-1.1785246,-1.3583509,0.4335444,-0.055256158,-1.4010179,-1.2905698,6.2682023,6.5383368,-1.3615471,-1.3427504,1.7944885,1.6248168,-1.7494432,-1.1744449
ROC,2026-02-18T17:20:00,1.1354147,1.0755937,2.0244994,1.80341,1.3555956,1.1850742,-1.035605,-0.96052766,0.4335444,-0.07553822,-1.40843,-1.3936615,7.4087625,5.914274,-1.3615471,-1.4040166,1.7944885,1.5896596,-1.7494432,-1.220004
ROC,2026-02-18T17:25:00,1.1313221,1.0866518,2.0244994,1.8134063,1.3555956,1.1754402,-1.035605,-0.9261646,0.64072806,-0.08793298,-1.415842,-1.367048,8.549323,6.7310586,-1.3132501,-1.3912058,1.7944885,1.5831901,-1.8612647,-1.1711544
ROC,2026-02-18T17:30:00,1.1272295,0.99291575,2.0244994,1.7523254,1.3555956,1.0954424,-1.035605,-0.95160633,0.22636075,-0.0186526,-1.4232543,-1.2992473,9.689883,7.5213466,-1.3132501,-1.3394302,1.7944885,1.4956186,-1.8612647,-1.1545933
ROC,2026-02-18T17:35:00,1.1231368,0.964931,2.0244994,1.8440411,1.3555956,1.0116174,-1.1785246,-1.1045146,0.64072806,-0.18102062,-1.4306663,-1.3509835,9.689883,8.148143,-1.3132501,-1.3160485,1.7944885,1.5175177,-1.7494432,-0.98890895
ROC,2026-02-18T17:40:00,1.1190441,0.9382105,2.0244994,1.6928227,1.3555956,1.0064508,-1.1785246,-1.3887738,0.4335444,0.13339472,-1.4380784,-1.3404553,11.971004,8.075593,-1.3615471,-1.3051566,1.7944885,1.4722991,-1.7494432,-0.8061649
ROC,2026-02-18T17:45:00,1.1149515,0.911811,2.0244994,1.7496442,1.3555956,0.9517952,-1.3214444,-1.2720863,0.4335444,0.02990241,-1.4454905,-1.2701801,13.111565,9.125011,-1.4098443,-1.2390178,1.7944885,1.4474144,-1.7494432,-0.76675075
ROC,2026-02-18T17:49:00,1.1108588,0.88091683,2.0244994,1.7352852,1.3555956,0.9298137,-1.6072838,-1.1228409,0.64072806,-0.02688872,-1.4529026,-1.2934352,14.252125,9.163493,-1.4098443,-1.252655,1.7944885,1.4148668,-1.7494432,-0.84892964
ROC,2026-02-18T17:50:00,1.1108588,0.8055098,2.0244994,1.6827012,1.3555956,0.8659852,-1.3929042,-1.2140877,0.64072806,0.021903036,-1.4603146,-1.2579463,14.252125,9.303921,-1.4098443,-1.2187915,1.7944885,1.338762,-1.7494432,-0.8705553
ROC,2026-02-18T17:54:00,1.1108588,0.76458,2.0244994,1.6499344,1.3555956,0.82902527,-1.6072838,-1.113592,0.64072806,0.0061029103,-1.4677267,-1.3024547,16.533245,9.231677,-1.4581414,-1.258643,1.7944885,1.3019527,-1.7494432,-0.8605484
ROC,2026-02-18T17:55:00,1.125886,0.7282821,1.9767915,1.6984766,1.3555956,0.77716804,-1.3214444,-1.2281855,0.64072806,0.016536431,-1.476661,-1.2408986,8.549323,10.004526,-1.4581414,-1.1817337,1.7824218,1.2820381,-1.7494432,-0.7985789
ROC,2026-02-18T18:00:00,1.1409131,0.82961065,1.9290836,1.4972519,1.3555956,0.96243614,-1.1785246,-1.0433857,0.22636075,-0.097746454,-1.4855951,-1.5471147,0.5654006,4.1905355,-1.4581414,-1.5824194,1.7703551,1.2662364,-1.7494432,-1.2048153
ROC,2026-02-18T18:05:00,1.1559403,1.0195198,1.8813757,1.5494657,1.3555956,0.9895245,-1.1785246,-1.2714692,0.64072806,-0.117150895,-1.4945294,-1.4713273,1.7059609,-1.3814024,-1.4581414,-1.5195684,1.7582884,1.3489684,-1.7494432,-1.1387471
ROC,2026-02-18T18:10:00,1.1709675,1.1302671,1.8336678,1.8658137,1.3555956,1.2324058,-1.035605,-1.3568852,1.0550953,0.21664914,-1.5034635,-1.5643057,2.8465211,0.8942134,-1.5064385,-1.6175992,1.7462218,1.6288617,-1.7494432,-1.2830831
ROC,2026-02-18T18:15:00,1.1859946,1.0555854,1.7859598,1.817368,1.3555956,1.2603619,-1.035605,-1.2128798,0.4335444,0.42781234,-1.5123978,-1.428232,2.8465211,3.3381186,-1.4098443,-1.5326254,1.734155,1.6134315,-1.8612647,-1.2589551
ROC,2026-02-18T18:20:00,1.2010218,1.0106798,1.7382519,1.7240372,1.3555956,1.1863788,-1.035605,-1.0820085,0.019177105,0.14296341,-1.521332,-1.3382616,3.9870815,3.7891464,-1.4098443,-1.457365,1.7220883,1.5219474,-1.7494432,-1.2976302
ROC,2026-02-18T18:20:00,1.216049,0.9900818,1.690544,1.6440582,1.3555956,1.128385,-1.6072838,-1.0489146,0.019177105,-0.14167097,-1.5302662,-1.3135575,3.9870815,4.6550145,-1.4098443,-1.4339718,1.7100216,1.4418285,-1.7494432,-1.248628
ROC,2026-02-18T18:25:00,1.210675,1.0191755,1.690544,1.5972992,1.3555956,1.1336244,-0.74976546,-1.5160135,0.22636075,-0.27356392,-1.5392004,-1.3556894,5.127642,4.407143,-1.4581414,-1.4673127,1.7100216,1.4276205,-1.6376216,-1.2377388
ROC,2026-02-18T18:30:00,1.205301,0.94039655,1.690544,1.4785944,1.3555956,1.0862999,-1.035605,-0.7920228,0.4335444,-0.15667772,-1.5481346,-1.3313944,5.127642,5.4361525,-1.5064385,-1.4648823,1.7100216,1.3539765,-1.6376216,-1.1186764
ROC,2026-02-18T18:35:00,1.1999271,1.0714972,1.690544,1.731452,1.3555956,1.178047,-1.3214444,-1.1426305,0.22636075,-0.09677466,-1.5570688,-1.5376413,7.4087625,5.0168505,-1.4581414,-1.5584846,1.7100216,1.5778474,-1.6376216,-1.1038531
ROC,2026-02-18T18:40:00,1.1945531,1.0784914,1.690544,1.6281546,1.3555956,1.0657028,-1.1785246,-1.6093667,0.22636075,-0.0040769204,-1.566003,-1.3567612,9.689883,7.3879805,-1.4581414,-1.3585328,1.7100216,1.4975632,-1.6376216,-0.87474865
ROC,2026-02-18T18:45:00,1.1891792,0.94942135,1.690544,1.5684397,1.3555956,0.9561643,-1.035605,-1.2684393,0.22636075,-0.038024858,-1.5749372,-1.3012505,10.830443,8.565932,-1.5064385,-1.2864553,1.7100216,1.3894099,-1.6376216,-0.7697953
ROC,2026-02-18T18:50:00,1.1838052,0.9006178,1.690544,1.5433134,1.3555956,0.923257,-0.8926852,-0.9938607,0.019177105,-0.120307855,-1.5838715,-1.3157777,11.971004,8.422484,-1.5547357,-1.3125116,1.7100216,1.3272198,-1.6376216,-0.8326838
ROC,2026-02-18T18:54:00,1.1784313,0.8826916,1.690544,1.5554304,1.3555956,0.8774783,-1.6072838,-0.9603597,0.22636075,-0.21916759,-1.5928056,-1.318088,11.971004,8.690679,-1.5547357,-1.309409,1.7100216,1.2951349,-1.5258001,-0.827257
ROC,2026-02-18T18:55:00,1.1838052,0.88937336,1.690544,1.6019301,1.3555956,0.90050817,-1.035605,-1.4759014,0.22636075,-0.17545044,-1.6017399,-1.3309422,6.2682023,8.460352,-1.5547357,-1.3197638,1.7100216,1.3145703,-1.5258001,-0.7855409
ROC,2026-02-18T19:00:00,1.1891792,1.0161191,1.690544,1.4647995,1.3555956,1.0764173,-0.8926852,-0.80828625,-0.18800654,-0.2592054,-1.610674,-1.6683105,0.5654006,2.8778334,-1.6030328,-1.6676905,1.7100216,1.3724406,-1.5258001,-1.0499507
ROC,2026-02-18T19:05:00,1.1945531,1.0775427,1.690544,1.5465245,1.3555956,1.0735455,-0.74976546,-1.0478108,0.019177105,-0.30995446,-1.6196083,-1.5065345,0.5654006,-1.2052535,-1.6030328,-1.5707293,1.7100216,1.3772534,-1.5258001,-1.096208
ROC,2026-02-18T19:10:00,1.1999271,1.2207645,1.690544,1.7237997,1.3555956,1.240846,-0.46392602,-0.86189663,-0.18800654,-0.14450747,-1.6285425,-1.6815411,0.5654006,-0.13345432,-1.5547357,-1.7251011,1.7100216,1.6078413,-1.4139786,-1.186431
ROC,2026-02-18T19:15:00,1.205301,1.2422557,1.690544,1.7437905,1.3555956,1.2494676,-0.17808655,-0.7359214,-0.18800654,-0.21364841,-1.6374767,-1.6512927,0.5654006,1.0240101,-1.6030328,-1.680437,1.7100216,1.6319107,-1.4139786,-1.1509513
ROC,2026-02-18T19:20:00,1.210675,1.1630845,1.690544,1.5972,1.3555956,1.1688932,-0.17808655,-0.48569882,0.019177105,-0.25320214,-1.646411,-1.5512038,0.5654006,1.5198214,-1.6030328,-1.6018382,1.7100216,1.5237527,-1.4139786,-1.0850114
ROC,2026-02-18T19:22:00,1.216049,1.1229863,1.690544,1.5275939,1.3555956,1.1476457,-0.17808655,-0.39218476,0.019177105,-0.19857875,-1.6553451,-1.5368865,0.5654006,1.5683833,-1.6030328,-1.5948042,1.7100216,1.491717,-1.5258001,-1.0572067
ROC,2026-02-18T19:25:00,1.210675,1.1093822,1.690544,1.4730961,1.3555956,1.1264518,-0.17808655,-0.39398244,0.019177105,-0.21951294,-1.6642793,-1.5191367,1.7059609,1.6215487,-1.6030328,-1.5848972,1.7100216,1.4587728,-1.5258001,-1.0719832
ROC,2026-02-18T19:30:00,1.205301,1.1234772,1.690544,1.5153569,1.3555956,1.1630269,-0.46392602,-0.41673136,0.4335444,-0.21935424,-1.6732136,-1.5386838,1.7059609,2.3357034,-1.6513299,-1.6077249,1.7100216,1.4895128,-1.4139786,-1.0843263
ROC,2026-02-18T19:35:00,1.1999271,1.2035583,1.690544,1.7372195,1.3555956,1.2936299,-0.17808655,-0.54141396,0.64072806,0.005075995,-1.6821477,-1.7206554,1.7059609,2.0308218,-1.6513299,-1.7272189,1.7100216,1.6847502,-1.5258001,-1.0718405
ROC,2026-02-18T19:40:00,1.1945531,1.2737347,1.690544,1.5932363,1.3555956,1.3620058,0.1077529,-0.36540034,0.019177105,0.37325728,-1.691082,-1.6799532,1.7059609,1.9129239,-1.6513299,-1.7155246,1.7100216,1.6995665,-1.4139786,-1.0903888
ROC,2026-02-18T19:45:00,1.1891792,1.2887604,1.690544,1.616591,1.3555956,1.342625,0.39359236,0.015282489,0.019177105,0.08644083,-1.7000161,-1.6681522,1.7059609,1.7500226,-1.6513299,-1.7099359,1.7100216,1.6825123,-1.4139786,-1.1106133
ROC,2026-02-18T19:50:00,1.1838052,1.26241,1.690544,1.6014348,1.3555956,1.3078268,0.1077529,0.27128926,0.019177105,-0.028381892,-1.7089504,-1.6183134,1.7059609,1.5297815,-1.6513299,-1.65675,1.7100216,1.641859,-1.5258001,-1.0995821
ROC,2026-02-18T19:54:00,1.1784313,1.2441989,1.690544,1.6260669,1.3555956,1.2940676,-0.17808655,0.0052835215,0.22636075,-0.094579466,-1.7178845,-1.5954881,1.7059609,1.4552267,-1.699627,-1.6301928,1.7100216,1.626659,-1.4139786,-1.1252444
ROC,2026-02-18T19:55:00,1.1784313,1.2234154,1.7162329,1.6481259,1.3555956,1.3086232,-0.17808655,-0.32972348,0.019177105,0.005447006,-1.7125393,-1.6162415,1.1356808,1.4701966,-1.699627,-1.6483614,1.7165191,1.6409235,-1.4139786,-1.0511429
ROC,2026-02-18T20:00:00,1.1784313,1.2166345,1.7419218,1.6557307,1.3555956,1.2828693,-0.74976546,-0.3431938,0.019177105,-0.07514951,-1.7071941,-1.6214286,0.5654006,0.930567,-1.7479241,-1.6482818,1.7230165,1.6175985,-1.4139786,-1.0708475
ROC,2026-02-18T20:05:00,1.1784313,1.201078,1.7676107,1.7120355,1.3555956,1.2754161,-0.74976546,-0.7960821,0.4335444,-0.0828782,-1.7018489,-1.6302612,0.5654006,0.3881471,-1.7479241,-1.6547931,1.729514,1.6121564,-1.4139786,-1.0441254
ROC,2026-02-18T20:10:00,1.1784313,1.2480799,1.7932996,1.7661628,1.3555956,1.361525,-0.74976546,-0.8428904,0.22636075,0.14536723,-1.6965036,-1.7598878,1.7059609,0.54971474,-1.7479241,-1.7865288,1.7360115,1.7155669,-1.5258001,-1.052524
ROC,2026-02-18T20:15:00,1.1784313,1.3029041,1.8189884,1.900987,1.3555956,1.4108433,-0.46392602,-0.89126194,-0.18800654,0.09123856,-1.6911583,-1.7854909,1.7059609,1.791432,-1.699627,-1.8314103,1.7425089,1.8097202,-1.6376216,-1.1377017
ROC,2026-02-18T20:20:00,1.1784313,1.3229719,1.8446772,1.8986222,1.3555956,1.3691189,-0.17808655,-0.61604065,-0.18800654,-0.18737456,-1.6858131,-1.7399,1.7059609,2.004912,-1.699627,-1.7783973,1.7490064,1.7788404,-1.4139786,-1.2366902
ROC,2026-02-18T20:25:00,1.1784313,1.3211266,1.8703661,1.8636957,1.3555956,1.3506503,-0.17808655,-0.3570837,-0.39519018,-0.27158496,-1.6804678,-1.7205676,1.7059609,1.9108938,-1.699627,-1.7506828,1.7555038,1.7576385,-1.6376216,-1.1442373
ROC,2026-02-18T20:30:00,1.1784313,1.34856,1.896055,1.8891313,1.3555956,1.3372203,-0.46392602,-0.29232332,-0.39519018,-0.42831254,-1.6751226,-1.7227094,2.8465211,1.8240762,-1.6513299,-1.7545748,1.7620013,1.7550796,-1.7494432,-1.2338902
ROC,2026-02-18T20:35:00,1.1784313,1.3579631,1.9217439,1.9614611,1.3555956,1.3426999,-0.46392602,-0.5613545,-0.39519018,-0.4831747,-1.6697773,-1.6946363,2.8465211,2.9030197,-1.6030328,-1.7416112,1.7684988,1.7813301,-1.7494432,-1.2534128
ROC,2026-02-18T20:40:00,1.1784313,1.352145,1.9474328,1.9668875,1.3555956,1.3294376,-0.74976546,-0.64439917,-0.18800654,-0.51120514,-1.664432,-1.6824899,3.9870815,3.0873277,-1.6030328,-1.7253368,1.7749962,1.7717173,-1.8612647,-1.2503196
ROC,2026-02-18T20:45:00,1.1784313,1.3276752,1.9731216,1.953484,1.3555956,1.3174992,-0.46392602,-0.91768694,-0.18800654,-0.38895687,-1.6590868,-1.6414405,3.9870815,4.1730595,-1.6030328,-1.6916763,1.7814937,1.7616867,-1.7494432,-1.2138507
ROC,2026-02-18T20:50:00,1.1784313,1.292249,1.9988105,1.9172381,1.3555956,1.2937039,-0.46392602,-0.6501434,0.019177105,-0.3637461,-1.6537416,-1.6510184,5.127642,4.15994,-1.6030328,-1.696375,1.787991,1.7340649,-1.8612647,-1.1761423
ROC,2026-02-18T20:54:00,1.1784313,1.2615827,2.0244994,1.939329,1.3555956,1.292973,-0.46392602,-0.6678704,0.22636075,-0.26020676,-1.6483963,-1.633722,5.127642,5.132952,-1.6513299,-1.6778555,1.7944885,1.7421657,-1.7494432,-1.1532962
ROC,2026-02-18T20:55:00,1.1732334,1.2410905,1.9988105,1.9389828,1.3555956,1.3076394,-0.46392602,-0.7008785,0.22636075,-0.14729106,-1.6441201,-1.6595925,2.8465211,5.0153384,-1.6513299,-1.6894897,1.787991,1.7489117,-1.7494432,-1.0800338
ROC,2026-02-18T21:00:00,1.1680355,1.2831562,1.9731216,1.9530143,1.3555956,1.3475269,-0.46392602,-0.6428572,0.019177105,-0.10257698,-1.639844,-1.7585931,0.5654006,2.1513813,-1.6030328,-1.761558,1.7814937,1.7682346,-1.8612647,-1.194261
ROC,2026-02-18T21:05:00,1.1628376,1.3156912,1.9474328,1.9583774,1.3555956,1.3333796,-0.46392602,-0.578992,-0.18800654,-0.13200179,-1.6355677,-1.7397901,0.5654006,0.04007839,-1.6030328,-1.7405908,1.7749962,1.7491684,-1.7494432,-1.3491746
ROC,2026-02-18T21:10:00,1.1576397,1.3260636,1.9217439,1.9882736,1.3555956,1.3206543,-0.17808655,-0.47719604,0.019177105,-0.19684547,-1.6312915,-1.6893622,0.5654006,0.29429704,-1.6513299,-1.713848,1.7684988,1.7469941,-1.7494432,-1.340945
ROC,2026-02-18T21:15:00,1.1524419,1.3116956,1.896055,1.9512287,1.3555956,1.324582,0.39359236,-0.24844179,0.22636075,-0.13464415,-1.6270152,-1.6832443,0.5654006,0.5722254,-1.6513299,-1.710208,1.7620013,1.7428511,-1.6376216,-1.3305982
ROC,2026-02-18T21:20:00,1.147244,1.2685772,1.8703661,1.862369,1.3555956,1.2969667,0.6794318,0.1904509,0.019177105,-0.02548102,-1.6227391,-1.670697,0.5654006,0.77245325,-1.6030328,-1.7012134,1.7555038,1.7054154,-1.7494432,-1.2755983
ROC,2026-02-18T21:25:00,1.1420461,1.2503449,1.8446772,1.8194059,1.3555956,1.2722217,0.96527123,0.51508707,0.019177105,-0.0820731,-1.6184629,-1.6616439,0.5654006,0.8323158,-1.6513299,-1.6864917,1.7490064,1.6782683,-1.7494432,-1.3185118
ROC,2026-02-18T21:30:00,1.1368482,1.2284703,1.8189884,1.754016,1.3555956,1.2341293,0.96527123,0.7343611,0.22636075,-0.11718515,-1.6141866,-1.6374922,0.5654006,0.9143487,-1.699627,-1.6722938,1.7425089,1.6352221,-1.6376216,-1.3206087
ROC,2026-02-18T21:35:00,1.1316503,1.2114744,1.7932996,1.7202327,1.3555956,1.2488956,0.96527123,0.7830348,0.22636075,-0.020797726,-1.6099105,-1.6596594,0.5654006,0.90534645,-1.6513299,-1.6897969,1.7360115,1.6383557,-1.6376216,-1.2625309
ROC,2026-02-18T21:40:00,1.1264524,1.2393614,1.7676107,1.7238488,1.3555956,1.3193318,0.96527123,0.8619917,0.22636075,0.08962588,-1.6056342,-1.7070545,0.5654006,0.7247597,-1.6513299,-1.7281234,1.729514,1.6878608,-1.7494432,-1.271793
ROC,2026-02-18T21:45:00,1.1212546,1.2876949,1.7419218,1.6635493,1.3555956,1.3524075,0.6794318,0.84921145,0.4335444,0.14708996,-1.601358,-1.6902832,0.5654006,0.67430294,-1.6513299,-1.7271525,1.7230165,1.7006243,-1.7494432,-1.342843
ROC,2026-02-18T21:50:00,1.1160567,1.275094,1.7162329,1.6482356,1.3555956,1.3614842,0.39359236,0.6346493,0.64072806,0.26114973,-1.5970819,-1.6672733,0.5654006,0.61015284,-1.6030328,-1.6997046,1.7165191,1.6964312,-1.8612647,-1.3288921
ROC,2026-02-18T21:54:00,1.1108588,1.2549908,1.690544,1.646937,1.3555956,1.3796322,0.1077529,0.3276283,0.64072806,0.4019893,-1.5928056,-1.6603788,0.5654006,0.60608816,-1.5547357,-1.685641,1.7100216,1.7065586,-1.9730862,-1.3638734
ROC,2026-02-18T21:55:00,1.1065718,1.2272419,1.6904143,1.6471831,1.348525,1.3750403,0.1077529,0.003771888,0.8479117,0.4612167,-1.5874604,-1.6307675,0.5654006,0.5721543,-1.5547357,-1.6478664,1.7035241,1.6975397,-2.028997,-1.4452064
ROC,2026-02-18T22:00:00,1.1022849,1.2037863,1.6902846,1.6211152,1.3414545,1.3862382,0.1077529,-0.09735412,0.4335444,0.58427143,-1.5821152,-1.620255,0.5654006,0.5789726,-1.5547357,-1.6291671,1.6970267,1.6975935,-2.0849078,-1.4888052
ROC,2026-02-18T22:05:00,1.097998,1.2002765,1.6901548,1.6300782,1.334384,1.353384,0.1077529,-0.073855884,0.4335444,0.41966102,-1.57677,-1.5975647,0.5654006,0.5438299,-1.5547357,-1.6045783,1.6905292,1.6723217,-2.0849078,-1.5788713
ROC,2026-02-18T22:10:00,1.0937111,1.1972599,1.6900251,1.634158,1.3273134,1.3437043,-0.46392602,-0.064585045,0.64072806,0.36722943,-1.5714246,-1.6040268,0.5654006,0.5536866,-1.5064385,-1.6108123,1.6840318,1.6670487,-1.9730862,-1.6079786
ROC,2026-02-18T22:15:00,1.0894241,1.2116687,1.6898953,1.6892132,1.320243,1.3879479,-0.74976546,-0.5435259,0.4335444,0.4830595,-1.5660794,-1.6313701,1.7059609,0.69812477,-1.4581414,-1.6344088,1.6775343,1.7163453,-2.0849078,-1.5235273
ROC,2026-02-18T22:20:00,1.0851372,1.2417173,1.6897656,1.7926589,1.3131725,1.4034353,-0.46392602,-0.93178177,0.64072806,0.3871662,-1.5607342,-1.6056312,1.7059609,1.7623895,-1.5547357,-1.6273469,1.6710368,1.7616295,-1.9730862,-1.5430248
ROC,2026-02-18T22:25:00,1.0808504,1.2230917,1.6896359,1.7451487,1.3061019,1.3953267,0.1077529,-0.75917745,0.22636075,0.44195306,-1.5553889,-1.6142277,1.7059609,2.0152957,-1.5547357,-1.6390978,1.6645395,1.7460095,-1.7494432,-1.4919435
ROC,2026-02-18T22:30:00,1.0765635,1.2272438,1.689506,1.6967198,1.2990314,1.35366,0.1077529,-0.13503072,0.64072806,0.22147691,-1.5500436,-1.626076,1.7059609,1.9473293,-1.5064385,-1.6553429,1.658042,1.7090787,-2.0849078,-1.4301722
ROC,2026-02-18T22:35:00,1.0722765,1.2226678,1.6893764,1.6748284,1.2919608,1.3691239,-0.17808655,-0.07057057,0.64072806,0.35663232,-1.5446984,-1.6311114,1.7059609,1.8604751,-1.5064385,-1.6617305,1.6515446,1.7181919,-1.9730862,-1.5355724
ROC,2026-02-18T22:40:00,1.0679896,1.217192,1.6892467,1.7177461,1.2848904,1.3807626,0.1077529,-0.34146494,0.4335444,0.42192432,-1.5393531,-1.6238017,1.7059609,1.8713402,-1.5064385,-1.653901,1.6450471,1.7385845,-1.8612647,-1.5145558
ROC,2026-02-18T22:45:00,1.0637027,1.217022,1.6891168,1.7151575,1.2778199,1.3624322,0.96527123,-0.11237904,0.4335444,0.31824595,-1.5340079,-1.6152806,1.7059609,1.8632823,-1.5064385,-1.6451362,1.6385496,1.7240114,-1.7494432,-1.478921
ROC,2026-02-18T22:50:00,1.0594158,1.1965486,1.6889871,1.632809,1.2707493,1.3313444,0.96527123,0.65765864,0.64072806,0.269937,-1.5286626,-1.6086304,1.7059609,1.8103126,-1.5064385,-1.6403325,1.6320522,1.6826774,-1.7494432,-1.4264643
ROC,2026-02-18T22:54:00,1.0551288,1.1839379,1.6888574,1.6154916,1.2636788,1.337898,0.96527123,0.7682701,0.4335444,0.38289067,-1.5233173,-1.605066,1.7059609,1.8104593,-1.5064385,-1.6365919,1.6255547,1.6881891,-1.8612647,-1.370093
ROC,2026-02-18T22:55:00,1.0336602,1.1775731,1.6591111,1.6627727,1.2553227,1.316358,0.96527123,0.81258625,0.64072806,0.28718576,-1.5153759,-1.5971835,1.7059609,1.8147796,-1.5064385,-1.6258166,1.6101971,1.6818647,-1.7494432,-1.4194409
ROC,2026-02-18T23:00:00,1.0121915,1.1530056,1.6293648,1.6468452,1.2469666,1.3134929,0.96527123,0.77357507,1.0550953,0.37181163,-1.5074342,-1.6014956,1.7059609,1.8332896,-1.5064385,-1.6268303,1.5948395,1.6739773,-1.7494432,-1.3661714
ROC,2026-02-18T23:05:00,0.9907228,1.1168702,1.5996187,1.5851756,1.2386106,1.3285332,0.96527123,0.68937933,1.262279,0.61470383,-1.4994928,-1.6020173,1.7059609,1.8126767,-1.5064385,-1.6185132,1.5794818,1.6660876,-1.6376216,-1.3032441
ROC,2026-02-18T23:10:00,0.9692541,1.084765,1.5698724,1.5470796,1.2302545,1.3377923,0.96527123,0.66632414,1.0550953,0.83703464,-1.4915513,-1.6024525,1.7059609,1.843035,-1.5064385,-1.6177866,1.5641242,1.6639194,-1.7494432,-1.2531949
ROC,2026-02-18T23:15:00,0.94778544,1.0786173,1.5401261,1.545895,1.2218984,1.3233613,0.96527123,0.7275511,0.4335444,0.80161035,-1.4836098,-1.5996433,1.7059609,1.8575615,-1.5064385,-1.6152661,1.5487666,1.6514758,-1.8612647,-1.3124161
ROC,2026-02-18T23:20:00,0.92631674,1.1044614,1.5103799,1.5718732,1.2135423,1.2845823,0.96527123,0.78082025,1.262279,0.42663676,-1.4756682,-1.5866616,1.7059609,1.8504877,-1.4581414,-1.6043922,1.533409,1.6238933,-1.8612647,-1.4235026
ROC,2026-02-18T23:25:00,0.90484804,1.0596282,1.4806336,1.4751191,1.2051864,1.312057,0.96527123,0.6324332,1.262279,0.75966924,-1.4677267,-1.5701435,1.7059609,1.8198261,-1.4098443,-1.57828,1.5180514,1.6160465,-1.8612647,-1.383132
ROC,2026-02-18T23:30:00,0.88337934,1.0285574,1.4508874,1.4376599,1.1968303,1.3066739,0.96527123,0.61114883,1.0550953,0.9010081,-1.4597852,-1.5505481,1.7059609,1.825027,-1.4098443,-1.5557998,1.5026937,1.6022617,-1.8612647,-1.3808336
ROC,2026-02-18T23:35:00,0.8619107,1.0155865,1.4211411,1.4166954,1.1884742,1.2825879,0.96527123,0.64609283,1.4694626,0.8357328,-1.4518436,-1.5296087,1.7059609,1.7937189,-1.4098443,-1.5317813,1.487336,1.5740378,-1.8612647,-1.3980955
ROC,2026-02-18T23:40:00,0.840442,0.97892237,1.3913949,1.3553822,1.1801181,1.2907339,0.6794318,0.6113504,1.0550953,1.0644722,-1.4439021,-1.5266674,1.7059609,1.7823629,-1.4098443,-1.52807,1.4719784,1.5623676,-1.8612647,-1.3720498
ROC,2026-02-18T23:45:00,0.8189733,0.9874172,1.3616487,1.3953419,1.171762,1.2774149,0.6794318,0.41123065,1.4694626,0.9076582,-1.4359607,-1.5222727,1.7059609,1.8129102,-1.4098443,-1.5305083,1.4566208,1.5609553,-1.8612647,-1.4083804
ROC,2026-02-18T23:45:00,0.8684336,0.95329314,1.3616487,1.3460453,1.171762,1.2783363,0.6794318,0.34758073,1.4694626,1.1061484,-1.428019,-1.5206215,1.7059609,1.8254333,-1.4098443,-1.5304638,1.4566208,1.5486969,-1.8612647,-1.4015071
ROC,2026-02-18T23:50:00,0.91789395,0.94769496,1.3616487,1.325565,1.171762,1.2796912,0.39359236,0.34983948,0.4335444,1.1576002,-1.4200776,-1.5191767,1.7059609,1.8258599,-1.4098443,-1.5271105,1.4566208,1.5438873,-1.7494432,-1.4098644
ROC,2026-02-18T23:54:00,0.96735424,1.0259881,1.3616487,1.4216276,1.171762,1.2514251,0.39359236,0.22060946,0.4335444,0.550371,-1.4121361,-1.5099696,1.7059609,1.8372885,-1.4098443,-1.5186931,1.4566208,1.5435787,-1.6376216,-1.4123268
ROC,2026-02-18T23:55:00,0.96735424,1.0529261,1.3616487,1.4340109,1.171762,1.2424643,0.39359236,0.20623443,0.4335444,0.3536829,-1.4121361,-1.5050607,1.7059609,1.8502035,-1.4098443,-1.5215064,1.4566208,1.5446415,-1.7494432,-1.3726224
