station,valid,feel,relh,tmpf,vsby,sknt,mslp,p01i,alti,dwpf,drct
ROC,2026-01-20 00:00,M,M,M,3.00,18.00,M,M,29.93,M,250.00
ROC,2026-01-20 00:05,M,M,M,4.00,14.00,M,M,29.93,M,250.00
ROC,2026-01-20 00:10,M,M,M,6.00,17.00,M,M,29.93,M,250.00
ROC,2026-01-20 00:15,M,M,M,6.00,19.00,M,M,29.93,M,240.00
ROC,2026-01-20 00:20,M,M,M,3.00,17.00,M,M,29.93,M,240.00
ROC,2026-01-20 00:25,1.83,87.75,17.00,1.00,14.00,M,T,29.93,14.00,230.00
ROC,2026-01-20 00:25,M,M,M,2.00,14.00,M,M,29.93,M,230.00
ROC,2026-01-20 00:27,2.35,87.75,17.00,1.00,13.00,M,T,29.93,14.00,230.00
ROC,2026-01-20 00:30,M,M,M,2.00,11.00,M,M,29.94,M,220.00
ROC,2026-01-20 00:35,M,M,M,2.00,M,M,M,29.94,M,M
ROC,2026-01-20 00:40,M,M,M,2.00,18.00,M,M,29.94,M,240.00
ROC,2026-01-20 00:45,M,M,M,2.00,21.00,M,M,29.95,M,M
ROC,2026-01-20 00:50,M,M,M,1.50,16.00,M,M,29.95,M,250.00
ROC,2026-01-20 00:54,-0.89,83.90,16.00,1.00,17.00,1015.60,T,29.95,12.00,250.00
ROC,2026-01-20 00:55,M,M,M,4.00,16.00,M,M,29.95,M,250.00
ROC,2026-01-20 00:57,-0.44,80.26,16.00,7.00,16.00,M,T,29.95,11.00,240.00
ROC,2026-01-20 01:00,M,M,M,8.00,16.00,M,M,29.95,M,240.00
ROC,2026-01-20 01:05,M,M,M,8.00,15.00,M,M,29.96,M,250.00
ROC,2026-01-20 01:10,M,M,M,6.00,18.00,M,M,29.96,M,240.00
ROC,2026-01-20 01:15,M,M,M,7.00,17.00,M,M,29.96,M,250.00
ROC,2026-01-20 01:20,M,M,M,4.00,18.00,M,M,29.96,M,240.00
ROC,2026-01-20 01:25,M,M,M,4.00,17.00,M,M,29.96,M,240.00
ROC,2026-01-20 01:30,M,M,M,5.00,16.00,M,M,29.96,M,240.00
ROC,2026-01-20 01:35,M,M,M,6.00,M,M,M,29.96,M,M
ROC,2026-01-20 01:40,M,M,M,3.00,16.00,M,M,29.96,M,250.00
ROC,2026-01-20 01:45,M,M,M,3.00,19.00,M,M,29.96,M,250.00
ROC,2026-01-20 01:50,M,M,M,3.00,20.00,M,M,29.97,M,M
ROC,2026-01-20 01:54,-2.49,80.26,16.00,3.00,21.00,1016.10,T,29.97,11.00,250.00
ROC,2026-01-20 01:55,M,M,M,3.00,M,M,M,29.97,M,M
ROC,2026-01-20 02:00,M,M,M,3.00,17.00,M,M,29.97,M,250.00
ROC,2026-01-20 02:02,-2.49,83.90,16.00,2.00,21.00,M,T,29.97,12.00,250.00
ROC,2026-01-20 02:05,M,M,M,2.00,18.00,M,M,29.97,M,250.00
ROC,2026-01-20 02:10,M,M,M,2.00,15.00,M,M,29.97,M,250.00
ROC,2026-01-20 02:15,M,M,M,2.00,17.00,M,M,29.98,M,250.00
ROC,2026-01-20 02:20,-0.44,80.26,16.00,4.00,16.00,M,T,29.98,11.00,250.00
ROC,2026-01-20 02:20,M,M,M,4.00,16.00,M,M,29.98,M,250.00
ROC,2026-01-20 02:25,M,M,M,4.00,16.00,M,M,29.98,M,250.00
ROC,2026-01-20 02:30,M,M,M,9.00,17.00,M,M,29.98,M,250.00
ROC,2026-01-20 02:32,0.04,80.26,16.00,9.00,15.00,M,T,29.98,11.00,250.00
ROC,2026-01-20 02:35,M,M,M,9.00,15.00,M,M,29.98,M,260.00
ROC,2026-01-20 02:40,M,M,M,6.00,15.00,M,M,29.99,M,240.00
ROC,2026-01-20 02:45,M,M,M,5.00,18.00,M,M,29.99,M,250.00
ROC,2026-01-20 02:50,M,M,M,3.00,17.00,M,M,29.99,M,250.00
ROC,2026-01-20 02:54,-0.44,83.90,16.00,3.00,16.00,1016.80,T,29.99,12.00,250.00
ROC,2026-01-20 02:55,M,M,M,3.00,18.00,M,M,29.99,M,250.00
ROC,2026-01-20 03:00,M,M,M,2.50,18.00,M,M,29.99,M,250.00
ROC,2026-01-20 03:01,-0.89,80.26,16.00,2.50,17.00,M,T,29.99,11.00,250.00
ROC,2026-01-20 03:05,M,M,M,2.50,15.00,M,M,29.99,M,250.00
ROC,2026-01-20 03:10,M,M,M,2.00,16.00,M,M,29.99,M,250.00
ROC,2026-01-20 03:15,M,M,M,1.75,M,M,M,29.99,M,M
ROC,2026-01-20 03:20,M,M,M,2.00,17.00,M,M,29.99,M,260.00
ROC,2026-01-20 03:25,M,M,M,2.00,15.00,M,M,30.00,M,250.00
ROC,2026-01-20 03:26,-0.21,83.83,15.00,1.50,13.00,M,T,30.00,11.00,250.00
ROC,2026-01-20 03:30,M,M,M,1.50,18.00,M,M,30.00,M,250.00
ROC,2026-01-20 03:35,M,M,M,1.50,19.00,M,M,30.00,M,250.00
ROC,2026-01-20 03:39,-2.63,87.64,15.00,0.75,18.00,M,T,30.00,12.00,260.00
ROC,2026-01-20 03:40,M,M,M,0.75,16.00,M,M,30.00,M,250.00
ROC,2026-01-20 03:45,M,M,M,0.75,17.00,M,M,30.00,M,250.00
ROC,2026-01-20 03:50,M,M,M,0.75,M,M,M,30.01,M,M
ROC,2026-01-20 03:54,-2.63,83.83,15.00,0.75,18.00,1017.40,T,30.01,11.00,250.00
ROC,2026-01-20 03:55,M,M,M,0.75,17.00,M,M,30.01,M,250.00
ROC,2026-01-20 04:00,M,M,M,0.75,16.00,M,M,30.01,M,250.00
ROC,2026-01-20 04:03,-1.74,83.83,15.00,2.00,16.00,M,T,30.01,11.00,250.00
ROC,2026-01-20 04:05,M,M,M,2.00,17.00,M,M,30.01,M,250.00
ROC,2026-01-20 04:10,M,M,M,2.00,17.00,M,M,30.01,M,250.00
ROC,2026-01-20 04:15,M,M,M,2.00,16.00,M,M,30.01,M,250.00
ROC,2026-01-20 04:20,M,M,M,2.00,15.00,M,M,30.02,M,250.00
ROC,2026-01-20 04:25,M,M,M,2.00,16.00,M,M,30.02,M,250.00
ROC,2026-01-20 04:30,M,M,M,2.00,15.00,M,M,30.02,M,250.00
ROC,2026-01-20 04:34,-1.26,80.17,15.00,4.00,15.00,M,T,30.02,10.00,260.00
ROC,2026-01-20 04:35,M,M,M,4.00,14.00,M,M,30.02,M,260.00
ROC,2026-01-20 04:40,M,M,M,4.00,13.00,M,M,30.02,M,250.00
ROC,2026-01-20 04:45,M,M,M,8.00,16.00,M,M,30.02,M,250.00
ROC,2026-01-20 04:49,-1.99,72.71,15.80,8.00,19.00,M,T,30.03,8.60,250.00
ROC,2026-01-20 04:50,M,M,M,8.00,M,M,M,30.03,M,M
ROC,2026-01-20 04:54,-0.75,73.28,15.00,8.00,14.00,1018.00,T,30.03,8.00,250.00
ROC,2026-01-20 04:55,M,M,M,9.00,13.00,M,M,30.03,M,250.00
ROC,2026-01-20 05:00,M,M,M,9.00,13.00,M,M,30.03,M,250.00
ROC,2026-01-20 05:05,M,M,M,9.00,10.00,M,M,30.03,M,250.00
ROC,2026-01-20 05:10,M,M,M,9.00,15.00,M,M,30.03,M,260.00
ROC,2026-01-20 05:15,M,M,M,9.00,15.00,M,M,30.03,M,250.00
ROC,2026-01-20 05:20,M,M,M,9.00,16.00,M,M,30.03,M,260.00
ROC,2026-01-20 05:25,M,M,M,9.00,M,M,M,30.03,M,M
ROC,2026-01-20 05:30,M,M,M,9.00,M,M,M,30.03,M,M
ROC,2026-01-20 05:35,M,M,M,9.00,M,M,M,30.04,M,M
ROC,2026-01-20 05:40,M,M,M,9.00,13.00,M,M,30.04,M,260.00
ROC,2026-01-20 05:45,M,M,M,9.00,13.00,M,M,30.04,M,270.00
ROC,2026-01-20 05:50,M,M,M,9.00,13.00,M,M,30.04,M,260.00
ROC,2026-01-20 05:54,-2.04,58.16,14.00,9.00,14.00,1018.50,T,30.04,2.00,270.00
ROC,2026-01-20 05:55,M,M,M,9.00,15.00,M,M,30.04,M,260.00
ROC,2026-01-20 06:00,M,M,M,10.00,13.00,M,M,30.04,M,270.00
ROC,2026-01-20 06:05,M,M,M,10.00,15.00,M,M,30.04,M,270.00
ROC,2026-01-20 06:10,M,M,M,10.00,14.00,M,M,30.04,M,260.00
ROC,2026-01-20 06:15,M,M,M,10.00,16.00,M,M,30.04,M,260.00
ROC,2026-01-20 06:20,M,M,M,10.00,15.00,M,M,30.04,M,260.00
ROC,2026-01-20 06:25,M,M,M,10.00,M,M,M,30.04,M,M
ROC,2026-01-20 06:30,M,M,M,10.00,M,M,M,30.04,M,M
ROC,2026-01-20 06:35,M,M,M,10.00,M,M,M,30.04,M,M
ROC,2026-01-20 06:40,M,M,M,10.00,15.00,M,M,30.04,M,260.00
ROC,2026-01-20 06:45,M,M,M,10.00,17.00,M,M,30.04,M,260.00
ROC,2026-01-20 06:50,M,M,M,10.00,17.00,M,M,30.04,M,260.00
ROC,2026-01-20 06:54,-4.35,52.81,13.00,10.00,16.00,1018.80,0.00,30.04,-1.00,260.00
ROC,2026-01-20 06:55,M,M,M,10.00,M,M,M,30.05,M,M
ROC,2026-01-20 07:00,M,M,M,10.00,14.00,M,M,30.05,M,260.00
ROC,2026-01-20 07:05,M,M,M,10.00,14.00,M,M,30.05,M,260.00
ROC,2026-01-20 07:10,M,M,M,10.00,13.00,M,M,30.05,M,260.00
ROC,2026-01-20 07:15,M,M,M,10.00,15.00,M,M,30.06,M,250.00
ROC,2026-01-20 07:20,M,M,M,10.00,15.00,M,M,30.06,M,260.00
ROC,2026-01-20 07:25,M,M,M,10.00,14.00,M,M,30.06,M,250.00
ROC,2026-01-20 07:30,M,M,M,10.00,12.00,M,M,30.06,M,250.00
ROC,2026-01-20 07:35,M,M,M,10.00,12.00,M,M,30.07,M,260.00
ROC,2026-01-20 07:40,M,M,M,10.00,13.00,M,M,30.07,M,260.00
ROC,2026-01-20 07:45,M,M,M,10.00,11.00,M,M,30.07,M,260.00
ROC,2026-01-20 07:50,M,M,M,10.00,11.00,M,M,30.08,M,250.00
ROC,2026-01-20 07:54,-4.73,57.70,11.00,10.00,12.00,1019.90,0.00,30.08,-1.00,250.00
ROC,2026-01-20 07:55,M,M,M,10.00,12.00,M,M,30.08,M,250.00
ROC,2026-01-20 08:00,M,M,M,10.00,10.00,M,M,30.08,M,250.00
ROC,2026-01-20 08:05,M,M,M,10.00,10.00,M,M,30.08,M,250.00
ROC,2026-01-20 08:10,M,M,M,10.00,11.00,M,M,30.08,M,250.00
ROC,2026-01-20 08:15,M,M,M,10.00,11.00,M,M,30.09,M,250.00
ROC,2026-01-20 08:20,M,M,M,10.00,12.00,M,M,30.09,M,250.00
ROC,2026-01-20 08:25,M,M,M,10.00,12.00,M,M,30.09,M,250.00
ROC,2026-01-20 08:30,M,M,M,10.00,16.00,M,M,30.09,M,250.00
ROC,2026-01-20 08:35,M,M,M,10.00,13.00,M,M,30.09,M,250.00
ROC,2026-01-20 08:40,M,M,M,10.00,14.00,M,M,30.09,M,250.00
ROC,2026-01-20 08:45,M,M,M,10.00,16.00,M,M,30.10,M,250.00
ROC,2026-01-20 08:50,M,M,M,10.00,16.00,M,M,30.10,M,250.00
ROC,2026-01-20 08:54,-7.74,57.55,10.00,10.00,15.00,1020.60,0.00,30.10,-2.00,250.00
ROC,2026-01-20 08:55,M,M,M,10.00,14.00,M,M,30.10,M,250.00
ROC,2026-01-20 09:00,M,M,M,10.00,13.00,M,M,30.10,M,250.00
ROC,2026-01-20 09:05,M,M,M,10.00,15.00,M,M,30.10,M,250.00
ROC,2026-01-20 09:10,M,M,M,10.00,14.00,M,M,30.10,M,250.00
ROC,2026-01-20 09:15,M,M,M,10.00,14.00,M,M,30.10,M,240.00
ROC,2026-01-20 09:20,M,M,M,10.00,13.00,M,M,30.10,M,250.00
ROC,2026-01-20 09:25,M,M,M,10.00,14.00,M,M,30.10,M,250.00
ROC,2026-01-20 09:30,M,M,M,10.00,12.00,M,M,30.10,M,250.00
ROC,2026-01-20 09:35,M,M,M,10.00,12.00,M,M,30.10,M,250.00
ROC,2026-01-20 09:40,M,M,M,10.00,11.00,M,M,30.10,M,250.00
ROC,2026-01-20 09:45,M,M,M,10.00,14.00,M,M,30.10,M,240.00
ROC,2026-01-20 09:50,M,M,M,10.00,14.00,M,M,30.10,M,250.00
ROC,2026-01-20 09:54,-7.27,54.72,9.00,10.00,12.00,1021.00,0.00,30.11,-4.00,240.00
ROC,2026-01-20 09:55,M,M,M,10.00,12.00,M,M,30.11,M,240.00
ROC,2026-01-20 10:00,M,M,M,10.00,13.00,M,M,30.11,M,240.00
ROC,2026-01-20 10:05,M,M,M,10.00,14.00,M,M,30.11,M,240.00
ROC,2026-01-20 10:10,M,M,M,10.00,14.00,M,M,30.11,M,250.00
ROC,2026-01-20 10:15,M,M,M,10.00,13.00,M,M,30.11,M,250.00
ROC,2026-01-20 10:20,M,M,M,10.00,13.00,M,M,30.11,M,250.00
ROC,2026-01-20 10:25,M,M,M,10.00,14.00,M,M,30.11,M,240.00
ROC,2026-01-20 10:30,M,M,M,10.00,15.00,M,M,30.11,M,250.00
ROC,2026-01-20 10:35,M,M,M,10.00,16.00,M,M,30.11,M,250.00
ROC,2026-01-20 10:40,M,M,M,10.00,15.00,M,M,30.12,M,240.00
ROC,2026-01-20 10:45,M,M,M,10.00,17.00,M,M,30.12,M,250.00
ROC,2026-01-20 10:50,M,M,M,10.00,16.00,M,M,30.12,M,240.00
ROC,2026-01-20 10:54,-9.18,72.51,8.00,10.00,13.00,1021.50,0.00,30.12,1.00,250.00
ROC,2026-01-20 10:55,M,M,M,10.00,13.00,M,M,30.12,M,250.00
ROC,2026-01-20 11:00,M,M,M,10.00,13.00,M,M,30.12,M,240.00
ROC,2026-01-20 11:05,M,M,M,10.00,16.00,M,M,30.12,M,240.00
ROC,2026-01-20 11:10,M,M,M,10.00,M,M,M,30.13,M,M
ROC,2026-01-20 11:15,M,M,M,10.00,15.00,M,M,30.13,M,240.00
ROC,2026-01-20 11:20,M,M,M,10.00,15.00,M,M,30.13,M,240.00
ROC,2026-01-20 11:25,M,M,M,10.00,16.00,M,M,30.13,M,250.00
ROC,2026-01-20 11:30,M,M,M,10.00,14.00,M,M,30.13,M,240.00
ROC,2026-01-20 11:35,M,M,M,10.00,13.00,M,M,30.14,M,240.00
ROC,2026-01-20 11:37,-11.37,75.97,8.00,10.00,17.00,M,T,30.14,2.00,240.00
ROC,2026-01-20 11:40,M,M,M,9.00,M,M,M,30.14,M,M
ROC,2026-01-20 11:45,M,M,M,8.00,M,M,M,30.14,M,M
ROC,2026-01-20 11:50,M,M,M,7.00,M,M,M,30.14,M,M
ROC,2026-01-20 11:54,-10.86,75.97,8.00,7.00,16.00,1022.20,T,30.14,2.00,250.00
ROC,2026-01-20 11:55,M,M,M,7.00,M,M,M,30.14,M,M
ROC,2026-01-20 12:00,M,M,M,7.00,17.00,M,M,30.14,M,M
ROC,2026-01-20 12:02,-11.84,75.97,8.00,6.00,18.00,M,T,30.14,2.00,250.00
ROC,2026-01-20 12:05,M,M,M,6.00,16.00,M,M,30.14,M,240.00
ROC,2026-01-20 12:10,M,M,M,6.00,16.00,M,M,30.15,M,240.00
ROC,2026-01-20 12:15,M,M,M,7.00,17.00,M,M,30.15,M,250.00
ROC,2026-01-20 12:20,M,M,M,9.00,M,M,M,30.15,M,M
ROC,2026-01-20 12:25,M,M,M,9.00,M,M,M,30.15,M,M
ROC,2026-01-20 12:30,M,M,M,9.00,M,M,M,30.15,M,M
ROC,2026-01-20 12:31,-11.37,72.51,8.00,9.00,17.00,M,T,30.15,1.00,240.00
ROC,2026-01-20 12:35,M,M,M,10.00,15.00,M,M,30.15,M,250.00
ROC,2026-01-20 12:40,M,M,M,10.00,14.00,M,M,30.15,M,250.00
ROC,2026-01-20 12:45,M,M,M,10.00,11.00,M,M,30.15,M,240.00
ROC,2026-01-20 12:50,M,M,M,10.00,13.00,M,M,30.16,M,250.00
ROC,2026-01-20 12:54,-8.38,72.39,7.00,10.00,10.00,1022.70,T,30.16,0.00,250.00
ROC,2026-01-20 12:55,M,M,M,10.00,11.00,M,M,30.16,M,250.00
ROC,2026-01-20 13:00,M,M,M,10.00,15.00,M,M,30.16,M,250.00
ROC,2026-01-20 13:05,M,M,M,10.00,12.00,M,M,30.17,M,250.00
ROC,2026-01-20 13:10,M,M,M,10.00,12.00,M,M,30.17,M,260.00
ROC,2026-01-20 13:15,M,M,M,10.00,12.00,M,M,30.17,M,250.00
ROC,2026-01-20 13:20,M,M,M,10.00,13.00,M,M,30.18,M,250.00
ROC,2026-01-20 13:25,M,M,M,10.00,11.00,M,M,30.18,M,250.00
ROC,2026-01-20 13:30,M,M,M,10.00,12.00,M,M,30.18,M,260.00
ROC,2026-01-20 13:35,M,M,M,10.00,13.00,M,M,30.18,M,250.00
ROC,2026-01-20 13:40,M,M,M,10.00,13.00,M,M,30.18,M,250.00
ROC,2026-01-20 13:45,M,M,M,10.00,10.00,M,M,30.18,M,260.00
ROC,2026-01-20 13:50,M,M,M,10.00,12.00,M,M,30.18,M,260.00
ROC,2026-01-20 13:54,-7.90,52.16,9.00,10.00,13.00,1023.50,0.00,30.18,-5.00,260.00
ROC,2026-01-20 13:55,M,M,M,10.00,14.00,M,M,30.18,M,260.00
ROC,2026-01-20 14:00,M,M,M,10.00,13.00,M,M,30.19,M,260.00
ROC,2026-01-20 14:05,M,M,M,10.00,17.00,M,M,30.19,M,250.00
ROC,2026-01-20 14:10,M,M,M,10.00,20.00,M,M,30.19,M,260.00
ROC,2026-01-20 14:15,M,M,M,5.00,25.00,M,M,30.19,M,260.00
ROC,2026-01-20 14:20,M,M,M,4.00,M,M,M,30.19,M,M
ROC,2026-01-20 14:25,M,M,M,7.00,15.00,M,M,30.20,M,270.00
ROC,2026-01-20 14:30,M,M,M,10.00,M,M,M,30.20,M,M
ROC,2026-01-20 14:35,M,M,M,10.00,18.00,M,M,30.20,M,M
ROC,2026-01-20 14:40,M,M,M,10.00,15.00,M,M,30.20,M,270.00
ROC,2026-01-20 14:45,M,M,M,10.00,18.00,M,M,30.21,M,270.00
ROC,2026-01-20 14:50,M,M,M,10.00,17.00,M,M,30.21,M,270.00
ROC,2026-01-20 14:54,-8.75,47.69,11.00,10.00,20.00,1024.50,0.00,30.21,-5.00,280.00
ROC,2026-01-20 14:55,M,M,M,10.00,M,M,M,30.21,M,M
ROC,2026-01-20 15:00,M,M,M,10.00,M,M,M,30.21,M,M
ROC,2026-01-20 15:05,M,M,M,10.00,20.00,M,M,30.21,M,280.00
ROC,2026-01-20 15:10,M,M,M,10.00,M,M,M,30.22,M,M
ROC,2026-01-20 15:15,M,M,M,10.00,21.00,M,M,30.22,M,260.00
ROC,2026-01-20 15:20,M,M,M,10.00,M,M,M,30.22,M,M
ROC,2026-01-20 15:25,M,M,M,10.00,22.00,M,M,30.22,M,M
ROC,2026-01-20 15:30,M,M,M,10.00,21.00,M,M,30.23,M,M
ROC,2026-01-20 15:35,M,M,M,8.00,16.00,M,M,30.23,M,280.00
ROC,2026-01-20 15:40,M,M,M,6.00,M,M,M,30.23,M,M
ROC,2026-01-20 15:45,M,M,M,6.00,M,M,M,30.23,M,M
ROC,2026-01-20 15:50,M,M,M,7.00,20.00,M,M,30.23,M,270.00
ROC,2026-01-20 15:54,-7.42,45.62,12.00,7.00,20.00,1025.30,0.00,30.23,-5.00,260.00
ROC,2026-01-20 15:55,M,M,M,7.00,M,M,M,30.23,M,M
ROC,2026-01-20 16:00,M,M,M,8.00,M,M,M,30.23,M,M
ROC,2026-01-20 16:05,M,M,M,8.00,M,M,M,30.24,M,M
ROC,2026-01-20 16:10,M,M,M,6.00,M,M,M,30.24,M,M
ROC,2026-01-20 16:15,M,M,M,3.00,27.00,M,M,30.24,M,270.00
ROC,2026-01-20 16:19,-9.26,45.62,12.00,7.00,25.00,M,0.00,30.23,-5.00,270.00
ROC,2026-01-20 16:20,M,M,M,7.00,M,M,M,30.23,M,M
ROC,2026-01-20 16:25,M,M,M,7.00,M,M,M,30.23,M,M
ROC,2026-01-20 16:30,M,M,M,7.00,24.00,M,M,30.23,M,M
ROC,2026-01-20 16:35,M,M,M,7.00,M,M,M,30.23,M,M
ROC,2026-01-20 16:40,M,M,M,7.00,M,M,M,30.23,M,M
ROC,2026-01-20 16:45,M,M,M,3.00,M,M,M,30.23,M,M
ROC,2026-01-20 16:50,M,M,M,3.00,29.00,M,M,30.23,M,M
ROC,2026-01-20 16:54,-4.82,43.65,13.00,7.00,17.00,1025.00,0.00,30.23,-5.00,290.00
ROC,2026-01-20 16:55,M,M,M,7.00,18.00,M,M,30.23,M,M
ROC,2026-01-20 17:00,M,M,M,8.00,17.00,M,M,30.23,M,M
ROC,2026-01-20 17:05,M,M,M,10.00,M,M,M,30.23,M,M
ROC,2026-01-20 17:10,M,M,M,10.00,M,M,M,30.22,M,M
ROC,2026-01-20 17:15,M,M,M,10.00,M,M,M,30.23,M,M
ROC,2026-01-20 17:20,M,M,M,10.00,20.00,M,M,30.22,M,M
ROC,2026-01-20 17:25,M,M,M,10.00,M,M,M,30.23,M,M
ROC,2026-01-20 17:30,M,M,M,6.00,M,M,M,30.23,M,M
ROC,2026-01-20 17:35,M,M,M,5.00,M,M,M,30.23,M,M
ROC,2026-01-20 17:40,M,M,M,7.00,M,M,M,30.23,M,M
ROC,2026-01-20 17:45,M,M,M,7.00,M,M,M,30.23,M,M
ROC,2026-01-20 17:50,M,M,M,6.00,M,M,M,30.23,M,M
ROC,2026-01-20 17:54,-7.57,45.80,13.00,8.00,24.00,1025.20,0.00,30.23,-4.00,260.00
ROC,2026-01-20 17:55,M,M,M,9.00,M,M,M,30.23,M,M
ROC,2026-01-20 18:00,M,M,M,10.00,M,M,M,30.23,M,M
ROC,2026-01-20 18:05,M,M,M,10.00,22.00,M,M,30.23,M,260.00
ROC,2026-01-20 18:10,M,M,M,10.00,19.00,M,M,30.23,M,270.00
ROC,2026-01-20 18:15,M,M,M,10.00,18.00,M,M,30.24,M,M
ROC,2026-01-20 18:20,M,M,M,10.00,25.00,M,M,30.24,M,270.00
ROC,2026-01-20 18:25,M,M,M,10.00,M,M,M,30.24,M,M
ROC,2026-01-20 18:30,M,M,M,10.00,M,M,M,30.24,M,M
ROC,2026-01-20 18:35,M,M,M,10.00,M,M,M,30.24,M,M
ROC,2026-01-20 18:40,M,M,M,10.00,21.00,M,M,30.24,M,M
ROC,2026-01-20 18:45,M,M,M,10.00,M,M,M,30.24,M,M
ROC,2026-01-20 18:50,M,M,M,10.00,M,M,M,30.24,M,M
ROC,2026-01-20 18:54,-6.86,45.80,13.00,10.00,22.00,1025.50,0.00,30.24,-4.00,260.00
ROC,2026-01-20 18:55,M,M,M,10.00,M,M,M,30.24,M,M
ROC,2026-01-20 19:00,M,M,M,10.00,M,M,M,30.24,M,M
ROC,2026-01-20 19:05,M,M,M,10.00,M,M,M,30.24,M,M
ROC,2026-01-20 19:10,M,M,M,10.00,17.00,M,M,30.24,M,280.00
ROC,2026-01-20 19:15,M,M,M,10.00,M,M,M,30.24,M,M
ROC,2026-01-20 19:20,M,M,M,10.00,M,M,M,30.24,M,M
ROC,2026-01-20 19:25,M,M,M,10.00,M,M,M,30.24,M,M
ROC,2026-01-20 19:30,M,M,M,10.00,M,M,M,30.24,M,M
ROC,2026-01-20 19:35,M,M,M,10.00,21.00,M,M,30.25,M,M
ROC,2026-01-20 19:40,M,M,M,10.00,M,M,M,30.25,M,M
ROC,2026-01-20 19:45,M,M,M,10.00,M,M,M,30.24,M,M
ROC,2026-01-20 19:50,M,M,M,10.00,M,M,M,30.24,M,M
ROC,2026-01-20 19:54,-4.77,50.54,14.00,10.00,20.00,1025.50,0.00,30.24,-1.00,260.00
ROC,2026-01-20 19:55,M,M,M,10.00,M,M,M,30.24,M,M
ROC,2026-01-20 20:00,M,M,M,10.00,18.00,M,M,30.24,M,260.00
ROC,2026-01-20 20:05,M,M,M,10.00,M,M,M,30.25,M,M
ROC,2026-01-20 20:10,M,M,M,10.00,M,M,M,30.25,M,M
ROC,2026-01-20 20:15,M,M,M,10.00,M,M,M,30.25,M,M
ROC,2026-01-20 20:20,M,M,M,10.00,19.00,M,M,30.25,M,M
ROC,2026-01-20 20:25,M,M,M,10.00,16.00,M,M,30.26,M,260.00
ROC,2026-01-20 20:30,M,M,M,10.00,17.00,M,M,30.26,M,M
ROC,2026-01-20 20:35,M,M,M,10.00,M,M,M,30.26,M,M
ROC,2026-01-20 20:40,M,M,M,10.00,M,M,M,30.26,M,M
ROC,2026-01-20 20:45,M,M,M,10.00,M,M,M,30.26,M,M
ROC,2026-01-20 20:50,M,M,M,10.00,M,M,M,30.26,M,M
ROC,2026-01-20 20:54,-4.77,55.51,14.00,10.00,20.00,1026.50,0.00,30.27,1.00,280.00
ROC,2026-01-20 20:55,M,M,M,10.00,M,M,M,30.27,M,M
ROC,2026-01-20 21:00,M,M,M,10.00,M,M,M,30.27,M,M
ROC,2026-01-20 21:05,M,M,M,10.00,18.00,M,M,30.27,M,280.00
ROC,2026-01-20 21:10,M,M,M,10.00,M,M,M,30.27,M,M
ROC,2026-01-20 21:15,M,M,M,10.00,18.00,M,M,30.27,M,270.00
ROC,2026-01-20 21:20,M,M,M,10.00,17.00,M,M,30.28,M,260.00
ROC,2026-01-20 21:25,M,M,M,10.00,16.00,M,M,30.28,M,M
ROC,2026-01-20 21:30,M,M,M,10.00,M,M,M,30.28,M,M
ROC,2026-01-20 21:35,M,M,M,10.00,14.00,M,M,30.28,M,260.00
ROC,2026-01-20 21:40,M,M,M,10.00,14.00,M,M,30.28,M,270.00
ROC,2026-01-20 21:45,M,M,M,10.00,14.00,M,M,30.28,M,260.00
ROC,2026-01-20 21:50,M,M,M,10.00,M,M,M,30.28,M,M
ROC,2026-01-20 21:54,-2.18,63.66,13.00,10.00,12.00,1027.10,0.00,30.28,3.00,260.00
ROC,2026-01-20 21:55,M,M,M,10.00,12.00,M,M,30.28,M,250.00
ROC,2026-01-20 22:00,M,M,M,10.00,13.00,M,M,30.28,M,260.00
ROC,2026-01-20 22:05,M,M,M,10.00,11.00,M,M,30.28,M,260.00
ROC,2026-01-20 22:10,M,M,M,10.00,14.00,M,M,30.28,M,260.00
ROC,2026-01-20 22:15,M,M,M,10.00,13.00,M,M,30.29,M,260.00
ROC,2026-01-20 22:20,M,M,M,8.00,11.00,M,M,30.29,M,260.00
ROC,2026-01-20 22:25,M,M,M,6.00,13.00,M,M,30.29,M,260.00
ROC,2026-01-20 22:28,-1.54,73.06,13.00,5.00,11.00,M,T,30.29,6.00,270.00
ROC,2026-01-20 22:30,M,M,M,5.00,8.00,M,M,30.29,M,260.00
ROC,2026-01-20 22:35,M,M,M,4.00,12.00,M,M,30.29,M,260.00
ROC,2026-01-20 22:39,-2.18,76.46,13.00,2.00,12.00,M,T,30.29,7.00,260.00
ROC,2026-01-20 22:40,M,M,M,2.00,11.00,M,M,30.29,M,260.00
ROC,2026-01-20 22:42,-0.86,76.46,13.00,1.50,10.00,M,T,30.29,7.00,260.00
ROC,2026-01-20 22:45,M,M,M,1.25,9.00,M,M,30.30,M,260.00
ROC,2026-01-20 22:50,M,M,M,1.50,8.00,M,M,30.30,M,260.00
ROC,2026-01-20 22:54,-0.52,87.47,12.00,1.25,8.00,1027.70,T,30.30,9.00,250.00
ROC,2026-01-20 22:55,M,M,M,1.25,9.00,M,M,30.30,M,260.00
ROC,2026-01-20 23:00,1.62,83.69,13.00,0.75,7.00,M,T,30.30,9.00,250.00
ROC,2026-01-20 23:00,M,M,M,0.75,7.00,M,M,30.30,M,250.00
ROC,2026-01-20 23:05,M,M,M,0.75,6.00,M,M,30.30,M,250.00
ROC,2026-01-20 23:10,M,M,M,0.75,7.00,M,M,30.30,M,250.00
ROC,2026-01-20 23:15,M,M,M,0.75,6.00,M,M,30.30,M,240.00
ROC,2026-01-20 23:20,M,M,M,0.75,6.00,M,M,30.30,M,230.00
ROC,2026-01-20 23:25,M,M,M,0.75,7.00,M,M,30.30,M,230.00
ROC,2026-01-20 23:30,M,M,M,2.50,9.00,M,M,30.30,M,240.00
ROC,2026-01-20 23:30,-0.11,83.69,13.00,1.00,9.00,M,T,30.30,9.00,240.00
ROC,2026-01-20 23:35,M,M,M,3.00,11.00,M,M,30.31,M,240.00
ROC,2026-01-20 23:40,-3.33,83.69,13.00,3.00,14.00,M,T,30.31,9.00,240.00
ROC,2026-01-20 23:40,M,M,M,4.00,14.00,M,M,30.31,M,240.00
ROC,2026-01-20 23:45,M,M,M,5.00,11.00,M,0.01,30.31,M,240.00
ROC,2026-01-20 23:50,M,M,M,6.00,11.00,M,0.01,30.31,M,240.00
ROC,2026-01-20 23:54,-1.54,80.00,13.00,8.00,11.00,1028.00,0.01,30.31,8.00,250.00
ROC,2026-01-20 23:55,M,M,M,8.00,10.00,M,M,30.31,M,240.00
ROC,2026-01-20 23:59,-2.77,80.00,13.00,9.00,13.00,M,T,30.31,8.00,240.00
ROC,2026-01-21 00:00,M,M,M,9.00,13.00,M,M,30.31,M,240.00
ROC,2026-01-21 00:05,M,M,M,7.00,11.00,M,M,30.31,M,240.00
ROC,2026-01-21 00:10,M,M,M,7.00,12.00,M,M,30.31,M,240.00
ROC,2026-01-21 00:15,M,M,M,7.00,10.00,M,M,30.31,M,250.00
ROC,2026-01-21 00:20,M,M,M,8.00,12.00,M,M,30.32,M,240.00
ROC,2026-01-21 00:25,M,M,M,8.00,11.00,M,M,30.32,M,240.00
ROC,2026-01-21 00:30,M,M,M,8.00,10.00,M,M,30.32,M,240.00
ROC,2026-01-21 00:35,M,M,M,8.00,15.00,M,M,30.32,M,250.00
ROC,2026-01-21 00:40,M,M,M,8.00,14.00,M,M,30.32,M,250.00
ROC,2026-01-21 00:45,M,M,M,8.00,14.00,M,M,30.32,M,240.00
ROC,2026-01-21 00:50,M,M,M,9.00,12.00,M,M,30.32,M,240.00
ROC,2026-01-21 00:54,-1.49,69.92,14.00,9.00,13.00,1028.30,T,30.32,6.00,240.00
ROC,2026-01-21 00:55,M,M,M,9.00,13.00,M,M,30.32,M,240.00
ROC,2026-01-21 01:00,M,M,M,9.00,14.00,M,M,30.32,M,240.00
ROC,2026-01-21 01:05,M,M,M,9.00,14.00,M,M,30.32,M,250.00
ROC,2026-01-21 01:10,M,M,M,9.00,12.00,M,M,30.32,M,240.00
ROC,2026-01-21 01:15,M,M,M,9.00,12.00,M,M,30.32,M,240.00
ROC,2026-01-21 01:20,M,M,M,9.00,14.00,M,M,30.32,M,240.00
ROC,2026-01-21 01:25,M,M,M,9.00,13.00,M,M,30.32,M,240.00
ROC,2026-01-21 01:30,M,M,M,9.00,13.00,M,M,30.32,M,250.00
ROC,2026-01-21 01:35,M,M,M,9.00,14.00,M,M,30.33,M,M
ROC,2026-01-21 01:40,M,M,M,9.00,11.00,M,M,30.33,M,240.00
ROC,2026-01-21 01:45,M,M,M,9.00,10.00,M,M,30.33,M,240.00
ROC,2026-01-21 01:50,M,M,M,9.00,12.00,M,M,30.33,M,240.00
ROC,2026-01-21 01:54,-2.18,60.77,13.00,9.00,12.00,1028.60,T,30.33,2.00,240.00
ROC,2026-01-21 01:55,M,M,M,9.00,12.00,M,M,30.33,M,240.00
ROC,2026-01-21 02:00,M,M,M,7.00,10.00,M,M,30.33,M,240.00
ROC,2026-01-21 02:05,M,M,M,7.00,10.00,M,M,30.33,M,240.00
ROC,2026-01-21 02:10,M,M,M,9.00,10.00,M,M,30.33,M,230.00
ROC,2026-01-21 02:15,M,M,M,9.00,8.00,M,M,30.33,M,230.00
ROC,2026-01-21 02:20,M,M,M,9.00,8.00,M,M,30.33,M,220.00
ROC,2026-01-21 02:25,M,M,M,9.00,7.00,M,M,30.33,M,220.00
ROC,2026-01-21 02:30,M,M,M,9.00,6.00,M,M,30.34,M,220.00
ROC,2026-01-21 02:35,M,M,M,9.00,8.00,M,M,30.33,M,230.00
ROC,2026-01-21 02:40,M,M,M,9.00,12.00,M,M,30.34,M,230.00
ROC,2026-01-21 02:45,M,M,M,9.00,10.00,M,M,30.34,M,240.00
ROC,2026-01-21 02:50,M,M,M,9.00,10.00,M,M,30.34,M,240.00
ROC,2026-01-21 02:54,-2.81,57.86,12.00,9.00,11.00,1028.80,T,30.34,0.00,240.00
ROC,2026-01-21 02:55,M,M,M,9.00,11.00,M,M,30.34,M,240.00
ROC,2026-01-21 03:00,M,M,M,10.00,12.00,M,M,30.34,M,240.00
ROC,2026-01-21 03:05,M,M,M,10.00,11.00,M,M,30.34,M,240.00
ROC,2026-01-21 03:10,M,M,M,10.00,14.00,M,M,30.34,M,240.00
ROC,2026-01-21 03:15,M,M,M,10.00,M,M,M,30.34,M,M
ROC,2026-01-21 03:20,M,M,M,10.00,15.00,M,M,30.34,M,240.00
ROC,2026-01-21 03:25,M,M,M,10.00,15.00,M,M,30.34,M,240.00
ROC,2026-01-21 03:30,M,M,M,10.00,11.00,M,M,30.34,M,240.00
ROC,2026-01-21 03:35,M,M,M,10.00,11.00,M,M,30.34,M,240.00
ROC,2026-01-21 03:40,M,M,M,10.00,11.00,M,M,30.34,M,230.00
ROC,2026-01-21 03:45,M,M,M,10.00,12.00,M,M,30.34,M,240.00
ROC,2026-01-21 03:50,M,M,M,10.00,12.00,M,M,30.34,M,240.00
ROC,2026-01-21 03:54,-3.45,55.20,12.00,10.00,12.00,1028.90,0.00,30.34,-1.00,240.00
ROC,2026-01-21 03:55,M,M,M,10.00,12.00,M,M,30.34,M,240.00
ROC,2026-01-21 04:00,M,M,M,10.00,10.00,M,M,30.34,M,230.00
ROC,2026-01-21 04:05,M,M,M,10.00,11.00,M,M,30.34,M,230.00
ROC,2026-01-21 04:10,M,M,M,10.00,11.00,M,M,30.34,M,230.00
ROC,2026-01-21 04:15,M,M,M,10.00,12.00,M,M,30.34,M,230.00
ROC,2026-01-21 04:20,M,M,M,10.00,12.00,M,M,30.34,M,240.00
ROC,2026-01-21 04:25,M,M,M,10.00,12.00,M,M,30.34,M,230.00
ROC,2026-01-21 04:30,M,M,M,10.00,10.00,M,M,30.34,M,230.00
ROC,2026-01-21 04:35,M,M,M,10.00,10.00,M,M,30.34,M,220.00
ROC,2026-01-21 04:40,M,M,M,10.00,10.00,M,M,30.34,M,230.00
ROC,2026-01-21 04:45,M,M,M,10.00,14.00,M,M,30.34,M,230.00
ROC,2026-01-21 04:50,M,M,M,10.00,11.00,M,M,30.34,M,230.00
ROC,2026-01-21 04:54,-4.05,55.20,12.00,10.00,13.00,1029.10,0.00,30.35,-1.00,230.00
ROC,2026-01-21 04:55,M,M,M,10.00,13.00,M,M,30.35,M,230.00
ROC,2026-01-21 05:00,M,M,M,10.00,12.00,M,M,30.35,M,230.00
ROC,2026-01-21 05:05,M,M,M,10.00,12.00,M,M,30.35,M,230.00
ROC,2026-01-21 05:10,M,M,M,10.00,13.00,M,M,30.36,M,230.00
ROC,2026-01-21 05:15,M,M,M,10.00,13.00,M,M,30.35,M,230.00
ROC,2026-01-21 05:20,M,M,M,10.00,12.00,M,M,30.35,M,230.00
ROC,2026-01-21 05:25,M,M,M,10.00,10.00,M,M,30.36,M,230.00
ROC,2026-01-21 05:30,M,M,M,10.00,10.00,M,M,30.36,M,230.00
ROC,2026-01-21 05:35,M,M,M,10.00,11.00,M,M,30.35,M,230.00
ROC,2026-01-21 05:40,M,M,M,10.00,10.00,M,M,30.35,M,230.00
ROC,2026-01-21 05:45,M,M,M,10.00,12.00,M,M,30.35,M,230.00
ROC,2026-01-21 05:50,M,M,M,10.00,12.00,M,M,30.34,M,230.00
ROC,2026-01-21 05:54,-1.35,57.86,12.00,9.00,9.00,1029.00,T,30.34,0.00,220.00
ROC,2026-01-21 05:55,M,M,M,9.00,9.00,M,M,30.34,M,220.00
ROC,2026-01-21 06:00,M,M,M,9.00,12.00,M,M,30.34,M,230.00
ROC,2026-01-21 06:05,M,M,M,9.00,10.00,M,M,30.34,M,220.00
ROC,2026-01-21 06:10,M,M,M,9.00,11.00,M,M,30.34,M,230.00
ROC,2026-01-21 06:15,M,M,M,9.00,9.00,M,M,30.34,M,230.00
ROC,2026-01-21 06:20,M,M,M,9.00,12.00,M,M,30.34,M,230.00
ROC,2026-01-21 06:25,M,M,M,9.00,9.00,M,M,30.33,M,230.00
ROC,2026-01-21 06:30,M,M,M,9.00,9.00,M,M,30.33,M,230.00
ROC,2026-01-21 06:35,M,M,M,9.00,9.00,M,M,30.34,M,220.00
ROC,2026-01-21 06:40,M,M,M,9.00,9.00,M,M,30.34,M,220.00
ROC,2026-01-21 06:45,M,M,M,9.00,7.00,M,M,30.34,M,220.00
ROC,2026-01-21 06:50,M,M,M,9.00,10.00,M,M,30.34,M,220.00
ROC,2026-01-21 06:54,-0.11,55.35,13.00,9.00,9.00,1028.90,T,30.34,0.00,220.00
ROC,2026-01-21 06:55,M,M,M,9.00,8.00,M,M,30.34,M,220.00
ROC,2026-01-21 07:00,M,M,M,9.00,9.00,M,M,30.34,M,220.00
ROC,2026-01-21 07:05,M,M,M,9.00,9.00,M,M,30.35,M,230.00
ROC,2026-01-21 07:10,M,M,M,9.00,9.00,M,M,30.35,M,230.00
ROC,2026-01-21 07:15,M,M,M,9.00,9.00,M,M,30.35,M,220.00
ROC,2026-01-21 07:20,M,M,M,9.00,10.00,M,M,30.35,M,220.00
ROC,2026-01-21 07:25,M,M,M,9.00,8.00,M,M,30.35,M,220.00
ROC,2026-01-21 07:30,M,M,M,9.00,8.00,M,M,30.35,M,220.00
ROC,2026-01-21 07:35,M,M,M,9.00,8.00,M,M,30.35,M,220.00
ROC,2026-01-21 07:40,M,M,M,9.00,7.00,M,M,30.35,M,210.00
ROC,2026-01-21 07:45,M,M,M,9.00,5.00,M,M,30.35,M,200.00
ROC,2026-01-21 07:50,M,M,M,9.00,6.00,M,M,30.35,M,210.00
ROC,2026-01-21 07:54,0.40,57.86,12.00,9.00,7.00,1029.40,T,30.35,0.00,220.00
ROC,2026-01-21 07:55,M,M,M,9.00,7.00,M,M,30.36,M,220.00
ROC,2026-01-21 08:00,M,M,M,10.00,6.00,M,M,30.35,M,210.00
ROC,2026-01-21 08:05,M,M,M,10.00,6.00,M,M,30.35,M,220.00
ROC,2026-01-21 08:10,M,M,M,10.00,7.00,M,M,30.35,M,230.00
ROC,2026-01-21 08:15,M,M,M,10.00,9.00,M,M,30.35,M,230.00
ROC,2026-01-21 08:20,M,M,M,10.00,8.00,M,M,30.35,M,230.00
ROC,2026-01-21 08:25,M,M,M,10.00,8.00,M,M,30.35,M,220.00
ROC,2026-01-21 08:30,M,M,M,10.00,8.00,M,M,30.35,M,220.00
ROC,2026-01-21 08:35,M,M,M,10.00,8.00,M,M,30.35,M,220.00
ROC,2026-01-21 08:40,M,M,M,10.00,7.00,M,M,30.34,M,210.00
ROC,2026-01-21 08:45,M,M,M,10.00,8.00,M,M,30.35,M,220.00
ROC,2026-01-21 08:50,M,M,M,10.00,8.00,M,M,30.34,M,210.00
ROC,2026-01-21 08:54,-0.11,58.01,13.00,10.00,9.00,1029.00,0.00,30.34,1.00,210.00
ROC,2026-01-21 08:55,M,M,M,10.00,10.00,M,M,30.34,M,210.00
ROC,2026-01-21 09:00,M,M,M,10.00,10.00,M,M,30.34,M,210.00
ROC,2026-01-21 09:05,M,M,M,10.00,10.00,M,M,30.34,M,210.00
ROC,2026-01-21 09:10,M,M,M,10.00,11.00,M,M,30.34,M,210.00
ROC,2026-01-21 09:15,M,M,M,10.00,9.00,M,M,30.34,M,210.00
ROC,2026-01-21 09:20,M,M,M,10.00,11.00,M,M,30.34,M,210.00
ROC,2026-01-21 09:25,M,M,M,10.00,10.00,M,M,30.35,M,220.00
ROC,2026-01-21 09:30,M,M,M,10.00,12.00,M,M,30.35,M,210.00
ROC,2026-01-21 09:35,M,M,M,10.00,10.00,M,M,30.35,M,210.00
ROC,2026-01-21 09:40,M,M,M,10.00,11.00,M,M,30.34,M,210.00
ROC,2026-01-21 09:45,M,M,M,10.00,11.00,M,M,30.33,M,210.00
ROC,2026-01-21 09:50,M,M,M,10.00,11.00,M,M,30.33,M,210.00
ROC,2026-01-21 09:54,-0.86,52.81,13.00,10.00,10.00,1028.70,0.00,30.33,-1.00,210.00
ROC,2026-01-21 09:55,M,M,M,10.00,M,M,M,30.33,M,M
ROC,2026-01-21 10:00,M,M,M,10.00,11.00,M,M,30.33,M,220.00
ROC,2026-01-21 10:05,M,M,M,10.00,9.00,M,M,30.33,M,210.00
ROC,2026-01-21 10:10,M,M,M,10.00,9.00,M,M,30.33,M,210.00
ROC,2026-01-21 10:15,M,M,M,10.00,9.00,M,M,30.33,M,210.00
ROC,2026-01-21 10:20,M,M,M,10.00,10.00,M,M,30.33,M,220.00
ROC,2026-01-21 10:25,M,M,M,10.00,9.00,M,M,30.33,M,220.00
ROC,2026-01-21 10:30,M,M,M,10.00,9.00,M,M,30.33,M,220.00
ROC,2026-01-21 10:35,M,M,M,10.00,8.00,M,M,30.33,M,220.00
ROC,2026-01-21 10:40,M,M,M,10.00,9.00,M,M,30.33,M,220.00
ROC,2026-01-21 10:45,M,M,M,10.00,8.00,M,M,30.33,M,220.00
ROC,2026-01-21 10:50,M,M,M,10.00,9.00,M,M,30.33,M,220.00
ROC,2026-01-21 10:54,-2.81,55.20,12.00,10.00,11.00,1028.50,0.00,30.33,-1.00,230.00
ROC,2026-01-21 10:55,M,M,M,10.00,10.00,M,M,30.33,M,230.00
ROC,2026-01-21 11:00,M,M,M,10.00,9.00,M,M,30.32,M,220.00
ROC,2026-01-21 11:05,M,M,M,10.00,10.00,M,M,30.32,M,220.00
ROC,2026-01-21 11:10,M,M,M,10.00,10.00,M,M,30.32,M,220.00
ROC,2026-01-21 11:15,M,M,M,10.00,9.00,M,M,30.32,M,220.00
ROC,2026-01-21 11:20,M,M,M,10.00,8.00,M,M,30.31,M,210.00
ROC,2026-01-21 11:25,M,M,M,10.00,10.00,M,M,30.31,M,210.00
ROC,2026-01-21 11:30,M,M,M,10.00,12.00,M,M,30.31,M,210.00
ROC,2026-01-21 11:35,M,M,M,10.00,11.00,M,M,30.31,M,210.00
ROC,2026-01-21 11:40,M,M,M,10.00,10.00,M,M,30.31,M,210.00
ROC,2026-01-21 11:45,M,M,M,10.00,10.00,M,M,30.30,M,210.00
ROC,2026-01-21 11:50,M,M,M,10.00,11.00,M,M,30.30,M,210.00
ROC,2026-01-21 11:54,0.71,50.37,13.00,10.00,8.00,1027.80,0.00,30.31,-2.00,210.00
ROC,2026-01-21 11:55,M,M,M,10.00,10.00,M,M,30.31,M,220.00
ROC,2026-01-21 12:00,M,M,M,10.00,9.00,M,M,30.31,M,210.00
ROC,2026-01-21 12:05,M,M,M,10.00,11.00,M,M,30.31,M,220.00
ROC,2026-01-21 12:10,M,M,M,10.00,10.00,M,M,30.30,M,210.00
ROC,2026-01-21 12:15,M,M,M,10.00,10.00,M,M,30.30,M,220.00
ROC,2026-01-21 12:20,M,M,M,10.00,9.00,M,M,30.30,M,210.00
ROC,2026-01-21 12:25,M,M,M,10.00,9.00,M,M,30.30,M,220.00
ROC,2026-01-21 12:30,M,M,M,10.00,9.00,M,M,30.30,M,210.00
ROC,2026-01-21 12:35,M,M,M,10.00,10.00,M,M,30.30,M,220.00
ROC,2026-01-21 12:40,M,M,M,10.00,10.00,M,M,30.30,M,210.00
ROC,2026-01-21 12:45,M,M,M,10.00,7.00,M,M,30.29,M,210.00
ROC,2026-01-21 12:50,M,M,M,10.00,9.00,M,M,30.29,M,210.00
ROC,2026-01-21 12:54,0.71,52.81,13.00,10.00,8.00,1027.00,0.00,30.28,-1.00,210.00
ROC,2026-01-21 12:55,M,M,M,10.00,9.00,M,M,30.28,M,210.00
ROC,2026-01-21 13:00,M,M,M,10.00,9.00,M,M,30.28,M,200.00
ROC,2026-01-21 13:05,M,M,M,10.00,8.00,M,M,30.28,M,200.00
ROC,2026-01-21 13:10,M,M,M,10.00,10.00,M,M,30.28,M,200.00
ROC,2026-01-21 13:15,M,M,M,10.00,7.00,M,M,30.27,M,190.00
ROC,2026-01-21 13:20,M,M,M,10.00,11.00,M,M,30.27,M,200.00
ROC,2026-01-21 13:25,M,M,M,10.00,11.00,M,M,30.27,M,200.00
ROC,2026-01-21 13:30,M,M,M,10.00,10.00,M,M,30.27,M,200.00
ROC,2026-01-21 13:35,M,M,M,10.00,10.00,M,M,30.26,M,200.00
ROC,2026-01-21 13:40,M,M,M,10.00,11.00,M,M,30.26,M,200.00
ROC,2026-01-21 13:45,M,M,M,10.00,11.00,M,M,30.26,M,200.00
ROC,2026-01-21 13:50,M,M,M,10.00,11.00,M,M,30.26,M,200.00
ROC,2026-01-21 13:54,1.65,53.13,15.00,10.00,10.00,1026.00,0.00,30.25,1.00,190.00
ROC,2026-01-21 13:55,M,M,M,10.00,10.00,M,M,30.25,M,190.00
ROC,2026-01-21 14:00,M,M,M,10.00,10.00,M,M,30.25,M,190.00
ROC,2026-01-21 14:05,M,M,M,10.00,10.00,M,M,30.25,M,190.00
ROC,2026-01-21 14:10,M,M,M,10.00,9.00,M,M,30.24,M,190.00
ROC,2026-01-21 14:15,M,M,M,10.00,11.00,M,M,30.24,M,190.00
ROC,2026-01-21 14:20,M,M,M,10.00,8.00,M,M,30.23,M,190.00
ROC,2026-01-21 14:25,M,M,M,10.00,11.00,M,M,30.23,M,180.00
ROC,2026-01-21 14:30,M,M,M,10.00,10.00,M,M,30.23,M,180.00
ROC,2026-01-21 14:35,M,M,M,10.00,9.00,M,M,30.22,M,180.00
ROC,2026-01-21 14:40,M,M,M,9.00,7.00,M,M,30.22,M,170.00
ROC,2026-01-21 14:45,M,M,M,9.00,7.00,M,M,30.22,M,160.00
ROC,2026-01-21 14:50,M,M,M,10.00,8.00,M,M,30.22,M,160.00
ROC,2026-01-21 14:54,6.87,48.88,18.00,10.00,8.00,1024.50,0.00,30.21,2.00,170.00
ROC,2026-01-21 14:55,M,M,M,10.00,8.00,M,M,30.21,M,170.00
ROC,2026-01-21 15:00,M,M,M,10.00,8.00,M,M,30.21,M,170.00
ROC,2026-01-21 15:05,M,M,M,10.00,9.00,M,M,30.20,M,160.00
ROC,2026-01-21 15:10,M,M,M,10.00,8.00,M,M,30.20,M,160.00
ROC,2026-01-21 15:15,M,M,M,10.00,8.00,M,M,30.19,M,160.00
ROC,2026-01-21 15:20,M,M,M,10.00,9.00,M,M,30.19,M,160.00
ROC,2026-01-21 15:25,M,M,M,10.00,9.00,M,M,30.19,M,160.00
ROC,2026-01-21 15:30,M,M,M,10.00,9.00,M,M,30.18,M,160.00
ROC,2026-01-21 15:35,M,M,M,10.00,8.00,M,M,30.18,M,160.00
ROC,2026-01-21 15:40,M,M,M,10.00,8.00,M,M,30.18,M,160.00
ROC,2026-01-21 15:45,M,M,M,10.00,9.00,M,M,30.17,M,150.00
ROC,2026-01-21 15:50,M,M,M,10.00,8.00,M,M,30.17,M,160.00
ROC,2026-01-21 15:54,9.33,49.21,20.00,10.00,8.00,1022.80,0.00,30.16,4.00,160.00
ROC,2026-01-21 15:55,M,M,M,10.00,8.00,M,M,30.16,M,150.00
ROC,2026-01-21 16:00,M,M,M,10.00,8.00,M,M,30.16,M,160.00
ROC,2026-01-21 16:05,M,M,M,10.00,9.00,M,M,30.15,M,170.00
ROC,2026-01-21 16:10,M,M,M,10.00,8.00,M,M,30.14,M,160.00
ROC,2026-01-21 16:15,M,M,M,10.00,10.00,M,M,30.13,M,160.00
ROC,2026-01-21 16:20,M,M,M,10.00,9.00,M,M,30.12,M,170.00
ROC,2026-01-21 16:25,M,M,M,10.00,9.00,M,M,30.12,M,170.00
ROC,2026-01-21 16:30,M,M,M,10.00,10.00,M,M,30.11,M,170.00
ROC,2026-01-21 16:35,M,M,M,10.00,7.00,M,M,30.11,M,170.00
ROC,2026-01-21 16:40,M,M,M,10.00,10.00,M,M,30.10,M,160.00
ROC,2026-01-21 16:45,M,M,M,10.00,10.00,M,M,30.09,M,170.00
ROC,2026-01-21 16:50,M,M,M,10.00,11.00,M,M,30.08,M,170.00
ROC,2026-01-21 16:54,10.55,47.50,23.00,10.00,12.00,1019.80,0.00,30.08,6.00,170.00
ROC,2026-01-21 16:55,M,M,M,10.00,12.00,M,M,30.08,M,170.00
ROC,2026-01-21 17:00,M,M,M,10.00,9.00,M,M,30.07,M,170.00
ROC,2026-01-21 17:05,M,M,M,10.00,7.00,M,M,30.06,M,160.00
ROC,2026-01-21 17:10,M,M,M,10.00,9.00,M,M,30.05,M,160.00
ROC,2026-01-21 17:15,M,M,M,10.00,8.00,M,M,30.04,M,160.00
ROC,2026-01-21 17:20,M,M,M,10.00,9.00,M,M,30.05,M,150.00
ROC,2026-01-21 17:25,M,M,M,10.00,7.00,M,M,30.04,M,150.00
ROC,2026-01-21 17:30,M,M,M,10.00,8.00,M,M,30.04,M,150.00
ROC,2026-01-21 17:35,M,M,M,10.00,7.00,M,M,30.03,M,160.00
ROC,2026-01-21 17:40,M,M,M,10.00,9.00,M,M,30.03,M,180.00
ROC,2026-01-21 17:45,M,M,M,10.00,9.00,M,M,30.03,M,190.00
ROC,2026-01-21 17:50,M,M,M,10.00,11.00,M,M,30.02,M,180.00
ROC,2026-01-21 17:54,14.88,45.88,26.00,10.00,11.00,1017.60,0.00,30.01,8.00,190.00
ROC,2026-01-21 17:55,M,M,M,10.00,10.00,M,M,30.01,M,180.00
ROC,2026-01-21 18:00,M,M,M,10.00,11.00,M,M,30.01,M,180.00
ROC,2026-01-21 18:05,M,M,M,10.00,14.00,M,M,30.02,M,190.00
ROC,2026-01-21 18:10,M,M,M,10.00,14.00,M,M,30.01,M,200.00
ROC,2026-01-21 18:15,M,M,M,10.00,16.00,M,M,30.01,M,190.00
ROC,2026-01-21 18:20,M,M,M,8.00,12.00,M,M,30.01,M,190.00
ROC,2026-01-21 18:21,15.16,52.65,27.00,8.00,13.00,M,T,30.01,12.00,200.00
ROC,2026-01-21 18:25,M,M,M,5.00,16.00,M,M,30.00,M,190.00
ROC,2026-01-21 18:30,M,M,M,3.00,12.00,M,M,30.00,M,200.00
ROC,2026-01-21 18:32,14.37,62.61,26.00,2.00,12.00,M,T,30.00,15.00,200.00
ROC,2026-01-21 18:35,M,M,M,2.00,16.00,M,M,29.99,M,190.00
ROC,2026-01-21 18:40,M,M,M,1.75,15.00,M,M,29.98,M,180.00
ROC,2026-01-21 18:45,M,M,M,1.50,15.00,M,M,29.98,M,190.00
ROC,2026-01-21 18:46,13.00,68.30,26.00,1.50,15.00,M,T,29.97,17.00,200.00
ROC,2026-01-21 18:50,M,M,M,1.50,16.00,M,M,29.97,M,180.00
ROC,2026-01-21 18:54,14.88,68.30,26.00,1.75,11.00,1016.20,T,29.97,17.00,200.00
ROC,2026-01-21 18:55,M,M,M,1.75,11.00,M,M,29.97,M,190.00
ROC,2026-01-21 19:00,M,M,M,2.50,14.00,M,M,29.97,M,190.00
ROC,2026-01-21 19:02,14.37,71.31,26.00,2.00,12.00,M,T,29.97,18.00,190.00
ROC,2026-01-21 19:05,M,M,M,2.50,13.00,M,M,29.96,M,190.00
ROC,2026-01-21 19:10,M,M,M,2.00,13.00,M,M,29.96,M,190.00
ROC,2026-01-21 19:15,M,M,M,1.25,15.00,M,M,29.96,M,190.00
ROC,2026-01-21 19:17,11.85,77.69,26.00,1.25,18.00,M,T,29.96,20.00,190.00
ROC,2026-01-21 19:20,M,M,M,1.25,13.00,M,M,29.96,M,180.00
ROC,2026-01-21 19:25,M,M,M,1.25,15.00,M,M,29.95,M,190.00
ROC,2026-01-21 19:30,M,M,M,1.75,12.00,M,M,29.95,M,190.00
ROC,2026-01-21 19:35,M,M,M,2.00,14.00,M,M,29.95,M,200.00
ROC,2026-01-21 19:39,13.43,81.07,26.00,3.00,14.00,M,T,29.95,21.00,200.00
ROC,2026-01-21 19:40,M,M,M,3.00,14.00,M,M,29.95,M,190.00
ROC,2026-01-21 19:45,M,M,M,4.00,11.00,M,M,29.95,M,190.00
ROC,2026-01-21 19:50,M,M,M,5.00,13.00,M,M,29.95,M,200.00
ROC,2026-01-21 19:54,16.15,74.54,27.00,3.00,11.00,1015.40,T,29.95,20.00,200.00
ROC,2026-01-21 19:55,M,M,M,7.00,11.00,M,M,29.95,M,190.00
ROC,2026-01-21 20:00,M,M,M,9.00,14.00,M,M,29.95,M,200.00
ROC,2026-01-21 20:05,M,M,M,9.00,16.00,M,M,29.95,M,200.00
ROC,2026-01-21 20:10,M,M,M,9.00,17.00,M,M,29.94,M,200.00
ROC,2026-01-21 20:15,M,M,M,8.00,13.00,M,M,29.94,M,200.00
ROC,2026-01-21 20:20,M,M,M,7.00,13.00,M,M,29.94,M,190.00
ROC,2026-01-21 20:25,M,M,M,5.00,16.00,M,M,29.94,M,200.00
ROC,2026-01-21 20:30,M,M,M,4.00,11.00,M,M,29.94,M,210.00
ROC,2026-01-21 20:35,M,M,M,6.00,13.00,M,M,29.94,M,210.00
ROC,2026-01-21 20:40,M,M,M,8.00,15.00,M,M,29.93,M,220.00
ROC,2026-01-21 20:45,M,M,M,9.00,14.00,M,M,29.93,M,210.00
ROC,2026-01-21 20:50,M,M,M,9.00,15.00,M,M,29.93,M,200.00
ROC,2026-01-21 20:54,15.59,74.65,28.00,9.00,15.00,1014.60,T,29.93,21.00,210.00
ROC,2026-01-21 20:55,M,M,M,9.00,M,M,M,29.93,M,M
ROC,2026-01-21 21:00,M,M,M,9.00,M,M,M,29.92,M,M
ROC,2026-01-21 21:05,M,M,M,9.00,14.00,M,M,29.92,M,210.00
ROC,2026-01-21 21:10,M,M,M,9.00,M,M,M,29.92,M,M
ROC,2026-01-21 21:15,M,M,M,9.00,16.00,M,M,29.92,M,220.00
ROC,2026-01-21 21:20,M,M,M,9.00,17.00,M,M,29.92,M,M
ROC,2026-01-21 21:25,M,M,M,9.00,15.00,M,M,29.92,M,210.00
ROC,2026-01-21 21:30,M,M,M,9.00,14.00,M,M,29.91,M,210.00
ROC,2026-01-21 21:35,M,M,M,9.00,15.00,M,M,29.91,M,210.00
ROC,2026-01-21 21:40,M,M,M,9.00,15.00,M,M,29.91,M,220.00
ROC,2026-01-21 21:45,M,M,M,9.00,M,M,M,29.92,M,M
ROC,2026-01-21 21:50,M,M,M,9.00,M,M,M,29.92,M,M
ROC,2026-01-21 21:54,16.15,68.66,29.00,9.00,17.00,1014.20,T,29.91,20.00,220.00
ROC,2026-01-21 21:55,M,M,M,9.00,M,M,M,29.91,M,M
ROC,2026-01-21 22:00,M,M,M,9.00,18.00,M,M,29.91,M,220.00
ROC,2026-01-21 22:05,M,M,M,9.00,15.00,M,M,29.92,M,220.00
ROC,2026-01-21 22:10,M,M,M,9.00,16.00,M,M,29.91,M,220.00
ROC,2026-01-21 22:15,M,M,M,9.00,12.00,M,M,29.92,M,220.00
ROC,2026-01-21 22:20,M,M,M,9.00,16.00,M,M,29.91,M,220.00
ROC,2026-01-21 22:25,M,M,M,9.00,15.00,M,M,29.92,M,220.00
ROC,2026-01-21 22:30,M,M,M,9.00,14.00,M,M,29.92,M,220.00
ROC,2026-01-21 22:35,M,M,M,9.00,M,M,M,29.91,M,M
ROC,2026-01-21 22:40,M,M,M,9.00,14.00,M,M,29.92,M,220.00
ROC,2026-01-21 22:45,M,M,M,9.00,14.00,M,M,29.92,M,230.00
ROC,2026-01-21 22:50,M,M,M,8.00,14.00,M,M,29.92,M,220.00
ROC,2026-01-21 22:54,18.19,68.78,30.00,8.00,15.00,1014.30,T,29.92,21.00,230.00
ROC,2026-01-21 22:55,M,M,M,7.00,12.00,M,M,29.92,M,220.00
ROC,2026-01-21 23:00,M,M,M,6.00,12.00,M,M,29.92,M,220.00
ROC,2026-01-21 23:05,M,M,M,6.00,12.00,M,M,29.92,M,220.00
ROC,2026-01-21 23:10,M,M,M,6.00,12.00,M,M,29.92,M,220.00
ROC,2026-01-21 23:15,M,M,M,6.00,11.00,M,M,29.92,M,220.00
ROC,2026-01-21 23:20,M,M,M,5.00,10.00,M,M,29.92,M,210.00
ROC,2026-01-21 23:25,M,M,M,5.00,10.00,M,M,29.92,M,210.00
ROC,2026-01-21 23:30,M,M,M,5.00,9.00,M,M,29.92,M,210.00
ROC,2026-01-21 23:35,M,M,M,5.00,12.00,M,M,29.92,M,210.00
ROC,2026-01-21 23:40,M,M,M,5.00,12.00,M,M,29.92,M,210.00
ROC,2026-01-21 23:45,M,M,M,4.00,12.00,M,M,29.92,M,210.00
ROC,2026-01-21 23:50,M,M,M,5.00,11.00,M,M,29.91,M,200.00
ROC,2026-01-21 23:54,18.18,81.31,29.00,5.00,12.00,1014.20,T,29.91,24.00,200.00
ROC,2026-01-21 23:55,M,M,M,5.00,11.00,M,M,29.91,M,200.00
ROC,2026-01-22 00:00,M,M,M,6.00,11.00,M,M,29.91,M,200.00
ROC,2026-01-22 00:05,M,M,M,7.00,11.00,M,M,29.91,M,210.00
ROC,2026-01-22 00:10,M,M,M,6.00,12.00,M,M,29.91,M,200.00
ROC,2026-01-22 00:15,M,M,M,7.00,10.00,M,M,29.91,M,200.00
ROC,2026-01-22 00:20,M,M,M,8.00,12.00,M,M,29.90,M,200.00
ROC,2026-01-22 00:25,M,M,M,9.00,10.00,M,M,29.90,M,200.00
ROC,2026-01-22 00:30,M,M,M,9.00,9.00,M,M,29.90,M,200.00
ROC,2026-01-22 00:35,M,M,M,9.00,11.00,M,M,29.90,M,210.00
ROC,2026-01-22 00:40,M,M,M,9.00,10.00,M,M,29.90,M,200.00
ROC,2026-01-22 00:45,M,M,M,9.00,10.00,M,M,29.90,M,210.00
ROC,2026-01-22 00:50,M,M,M,9.00,10.00,M,M,29.90,M,200.00
ROC,2026-01-22 00:54,19.46,81.39,30.00,9.00,12.00,1013.40,T,29.89,25.00,210.00
ROC,2026-01-22 00:55,M,M,M,9.00,12.00,M,M,29.89,M,200.00
ROC,2026-01-22 01:00,M,M,M,8.00,13.00,M,M,29.89,M,210.00
ROC,2026-01-22 01:05,M,M,M,8.00,13.00,M,M,29.89,M,200.00
ROC,2026-01-22 01:10,M,M,M,8.00,13.00,M,M,29.89,M,200.00
ROC,2026-01-22 01:15,M,M,M,9.00,13.00,M,M,29.89,M,210.00
ROC,2026-01-22 01:20,M,M,M,9.00,8.00,M,M,29.89,M,200.00
ROC,2026-01-22 01:25,M,M,M,9.00,8.00,M,M,29.88,M,200.00
ROC,2026-01-22 01:30,M,M,M,8.00,12.00,M,M,29.88,M,200.00
ROC,2026-01-22 01:35,M,M,M,6.00,12.00,M,M,29.88,M,200.00
ROC,2026-01-22 01:40,M,M,M,5.00,10.00,M,M,29.88,M,200.00
ROC,2026-01-22 01:45,M,M,M,6.00,11.00,M,M,29.87,M,200.00
ROC,2026-01-22 01:50,M,M,M,5.00,11.00,M,M,29.87,M,190.00
ROC,2026-01-22 01:54,21.71,81.46,31.00,4.00,10.00,1012.50,T,29.87,26.00,190.00
ROC,2026-01-22 01:55,M,M,M,4.00,11.00,M,M,29.87,M,190.00
ROC,2026-01-22 02:00,M,M,M,5.00,12.00,M,M,29.86,M,190.00
ROC,2026-01-22 02:05,M,M,M,8.00,11.00,M,M,29.86,M,200.00
ROC,2026-01-22 02:10,M,M,M,8.00,9.00,M,M,29.86,M,200.00
ROC,2026-01-22 02:15,M,M,M,8.00,10.00,M,M,29.86,M,200.00
ROC,2026-01-22 02:20,M,M,M,8.00,11.00,M,M,29.85,M,200.00
ROC,2026-01-22 02:25,M,M,M,8.00,10.00,M,M,29.85,M,190.00
ROC,2026-01-22 02:30,M,M,M,9.00,11.00,M,M,29.85,M,200.00
ROC,2026-01-22 02:35,M,M,M,9.00,11.00,M,M,29.85,M,200.00
ROC,2026-01-22 02:40,M,M,M,9.00,12.00,M,M,29.85,M,200.00
ROC,2026-01-22 02:45,M,M,M,8.00,12.00,M,M,29.84,M,200.00
ROC,2026-01-22 02:50,M,M,M,7.00,12.00,M,M,29.84,M,200.00
ROC,2026-01-22 02:54,22.00,81.54,32.00,7.00,12.00,1011.70,T,29.84,27.00,210.00
ROC,2026-01-22 02:55,M,M,M,8.00,12.00,M,M,29.84,M,210.00
ROC,2026-01-22 03:00,M,M,M,8.00,11.00,M,M,29.84,M,200.00
ROC,2026-01-22 03:05,M,M,M,2.00,12.00,M,M,29.84,M,200.00
ROC,2026-01-22 03:06,22.47,84.97,32.00,2.00,11.00,M,T,29.84,28.00,200.00
ROC,2026-01-22 03:10,M,M,M,3.00,9.00,M,M,29.83,M,200.00
ROC,2026-01-22 03:11,23.51,84.97,32.00,5.00,9.00,M,T,29.83,28.00,200.00
ROC,2026-01-22 03:15,M,M,M,7.00,10.00,M,M,29.83,M,200.00
ROC,2026-01-22 03:20,M,M,M,9.00,10.00,M,M,29.83,M,200.00
ROC,2026-01-22 03:25,M,M,M,9.00,10.00,M,M,29.83,M,200.00
ROC,2026-01-22 03:30,M,M,M,8.00,12.00,M,M,29.83,M,200.00
ROC,2026-01-22 03:35,M,M,M,5.00,9.00,M,M,29.83,M,200.00
ROC,2026-01-22 03:40,M,M,M,5.00,8.00,M,M,29.83,M,220.00
ROC,2026-01-22 03:45,M,M,M,8.00,7.00,M,M,29.84,M,240.00
ROC,2026-01-22 03:50,M,M,M,7.00,11.00,M,M,29.85,M,M
ROC,2026-01-22 03:54,23.27,88.57,33.00,1.50,12.00,1012.00,T,29.85,30.00,290.00
ROC,2026-01-22 03:55,M,M,M,1.00,M,M,M,29.85,M,M
ROC,2026-01-22 03:58,22.00,96.04,32.00,0.25,12.00,M,T,29.85,31.00,270.00
ROC,2026-01-22 04:00,M,M,M,0.25,12.00,M,M,29.85,M,270.00
ROC,2026-01-22 04:02,22.00,96.04,32.00,0.25,12.00,M,0.01,29.85,31.00,270.00
ROC,2026-01-22 04:05,M,M,M,0.25,11.00,M,0.01,29.85,M,270.00
ROC,2026-01-22 04:10,M,M,M,0.50,10.00,M,0.03,29.85,M,250.00
ROC,2026-01-22 04:10,22.97,100.00,32.00,0.50,10.00,M,0.03,29.85,32.00,250.00
ROC,2026-01-22 04:15,M,M,M,0.75,9.00,M,0.05,29.85,M,240.00
ROC,2026-01-22 04:20,M,M,M,0.50,8.00,M,0.05,29.85,M,220.00
ROC,2026-01-22 04:22,24.11,100.00,32.00,0.75,8.00,M,0.05,29.85,32.00,220.00
ROC,2026-01-22 04:25,M,M,M,0.75,8.00,M,0.05,29.85,M,230.00
ROC,2026-01-22 04:27,22.97,96.04,32.00,0.50,10.00,M,0.05,29.85,31.00,230.00
ROC,2026-01-22 04:30,M,M,M,0.50,10.00,M,0.05,29.85,M,230.00
ROC,2026-01-22 04:35,M,M,M,0.50,11.00,M,0.06,29.85,M,240.00
ROC,2026-01-22 04:40,M,M,M,0.50,11.00,M,0.06,29.85,M,250.00
ROC,2026-01-22 04:45,M,M,M,0.75,12.00,M,0.06,29.85,M,240.00
ROC,2026-01-22 04:45,22.00,96.04,32.00,0.75,12.00,M,0.06,29.85,31.00,240.00
ROC,2026-01-22 04:50,M,M,M,1.00,9.00,M,0.06,29.85,M,250.00
ROC,2026-01-22 04:54,22.97,100.00,32.00,1.00,10.00,1011.60,0.06,29.84,32.00,250.00
ROC,2026-01-22 04:55,M,M,M,1.00,11.00,M,M,29.84,M,240.00
ROC,2026-01-22 05:00,M,M,M,1.75,8.00,M,M,29.84,M,240.00
ROC,2026-01-22 05:04,24.78,96.04,32.00,2.00,7.00,M,T,29.84,31.00,230.00
ROC,2026-01-22 05:05,M,M,M,2.00,8.00,M,M,29.84,M,230.00
ROC,2026-01-22 05:09,23.51,96.04,32.00,5.00,9.00,M,T,29.83,31.00,230.00
ROC,2026-01-22 05:10,M,M,M,5.00,9.00,M,M,29.84,M,220.00
ROC,2026-01-22 05:15,M,M,M,5.00,8.00,M,M,29.84,M,220.00
ROC,2026-01-22 05:19,24.78,96.04,32.00,4.00,7.00,M,T,29.84,31.00,220.00
ROC,2026-01-22 05:20,M,M,M,4.00,7.00,M,M,29.84,M,220.00
ROC,2026-01-22 05:25,M,M,M,3.00,7.00,M,M,29.83,M,230.00
ROC,2026-01-22 05:30,M,M,M,3.00,8.00,M,M,29.83,M,240.00
ROC,2026-01-22 05:35,M,M,M,3.00,7.00,M,M,29.83,M,240.00
ROC,2026-01-22 05:38,24.78,96.04,32.00,2.00,7.00,M,T,29.83,31.00,240.00
ROC,2026-01-22 05:40,M,M,M,2.00,7.00,M,M,29.83,M,250.00
ROC,2026-01-22 05:45,M,M,M,2.00,7.00,M,M,29.83,M,250.00
ROC,2026-01-22 05:49,24.78,100.00,32.00,2.00,7.00,M,T,29.83,32.00,250.00
ROC,2026-01-22 05:50,M,M,M,2.00,9.00,M,M,29.83,M,250.00
ROC,2026-01-22 05:54,23.51,96.04,32.00,4.00,9.00,1011.10,T,29.83,31.00,260.00
ROC,2026-01-22 05:55,M,M,M,4.00,9.00,M,M,29.83,M,250.00
ROC,2026-01-22 06:00,22.47,96.04,32.00,2.50,11.00,M,T,29.83,31.00,260.00
ROC,2026-01-22 06:00,M,M,M,2.50,11.00,M,M,29.83,M,260.00
ROC,2026-01-22 06:05,M,M,M,2.00,M,M,M,29.83,M,M
ROC,2026-01-22 06:10,M,M,M,2.00,11.00,M,0.01,29.82,M,260.00
ROC,2026-01-22 06:11,21.16,96.04,32.00,3.00,14.00,M,0.01,29.82,31.00,260.00
ROC,2026-01-22 06:15,M,M,M,3.50,15.00,M,0.01,29.82,M,260.00
ROC,2026-01-22 06:20,M,M,M,3.00,13.00,M,0.01,29.82,M,260.00
ROC,2026-01-22 06:25,M,M,M,3.50,12.00,M,0.01,29.82,M,260.00
ROC,2026-01-22 06:30,M,M,M,4.00,14.00,M,0.01,29.82,M,250.00
ROC,2026-01-22 06:33,21.16,92.21,32.00,4.00,14.00,M,0.01,29.82,30.00,260.00
ROC,2026-01-22 06:35,M,M,M,5.00,15.00,M,0.01,29.82,M,250.00
ROC,2026-01-22 06:40,M,M,M,5.00,17.00,M,0.01,29.82,M,M
ROC,2026-01-22 06:45,M,M,M,5.00,13.00,M,0.01,29.82,M,250.00
ROC,2026-01-22 06:50,M,M,M,4.00,16.00,M,0.01,29.82,M,250.00
ROC,2026-01-22 06:54,21.57,92.21,32.00,5.00,13.00,1010.90,0.01,29.82,30.00,250.00
ROC,2026-01-22 06:55,M,M,M,6.00,14.00,M,M,29.82,M,250.00
ROC,2026-01-22 07:00,M,M,M,8.00,16.00,M,M,29.82,M,250.00
ROC,2026-01-22 07:05,M,M,M,9.00,16.00,M,M,29.82,M,250.00
ROC,2026-01-22 07:10,M,M,M,9.00,15.00,M,M,29.82,M,250.00
ROC,2026-01-22 07:15,M,M,M,9.00,15.00,M,M,29.82,M,250.00
ROC,2026-01-22 07:20,M,M,M,9.00,M,M,M,29.83,M,M
ROC,2026-01-22 07:25,M,M,M,9.00,14.00,M,M,29.83,M,260.00
ROC,2026-01-22 07:30,M,M,M,9.00,16.00,M,M,29.83,M,260.00
ROC,2026-01-22 07:35,M,M,M,9.00,M,M,M,29.83,M,M
ROC,2026-01-22 07:40,M,M,M,9.00,M,M,M,29.83,M,M
ROC,2026-01-22 07:45,M,M,M,9.00,M,M,M,29.83,M,M
ROC,2026-01-22 07:50,M,M,M,9.00,M,M,M,29.83,M,M
ROC,2026-01-22 07:54,18.06,78.23,32.00,9.00,24.00,1011.30,T,29.84,26.00,260.00
ROC,2026-01-22 07:55,M,M,M,8.00,25.00,M,M,29.84,M,M
ROC,2026-01-22 08:00,M,M,M,7.00,M,M,M,29.84,M,M
ROC,2026-01-22 08:05,M,M,M,3.00,27.00,M,M,29.84,M,270.00
ROC,2026-01-22 08:10,M,M,M,3.00,M,M,M,29.84,M,M
ROC,2026-01-22 08:15,M,M,M,3.00,25.00,M,M,29.84,M,270.00
ROC,2026-01-22 08:20,M,M,M,3.00,M,M,M,29.85,M,M
ROC,2026-01-22 08:25,M,M,M,2.00,M,M,M,29.85,M,M
ROC,2026-01-22 08:27,16.97,66.04,31.00,2.00,23.00,M,T,29.85,21.00,260.00
ROC,2026-01-22 08:30,M,M,M,2.00,M,M,M,29.85,M,M
ROC,2026-01-22 08:35,M,M,M,2.00,25.00,M,M,29.85,M,M
ROC,2026-01-22 08:40,M,M,M,2.00,M,M,M,29.85,M,M
ROC,2026-01-22 08:45,M,M,M,2.00,M,M,M,29.85,M,M
ROC,2026-01-22 08:50,M,M,M,6.00,M,M,M,29.86,M,M
ROC,2026-01-22 08:54,17.46,65.92,30.00,8.00,17.00,1012.20,T,29.86,20.00,260.00
ROC,2026-01-22 08:55,M,M,M,8.00,M,M,M,29.86,M,M
ROC,2026-01-22 09:00,M,M,M,7.00,M,M,M,29.86,M,M
ROC,2026-01-22 09:05,M,M,M,7.00,M,M,M,29.86,M,M
ROC,2026-01-22 09:10,M,M,M,7.00,M,M,M,29.87,M,M
ROC,2026-01-22 09:15,M,M,M,10.00,18.00,M,M,29.87,M,M
ROC,2026-01-22 09:20,M,M,M,10.00,M,M,M,29.87,M,M
ROC,2026-01-22 09:25,M,M,M,10.00,M,M,M,29.87,M,M
ROC,2026-01-22 09:30,M,M,M,10.00,14.00,M,M,29.88,M,260.00
ROC,2026-01-22 09:35,M,M,M,10.00,14.00,M,M,29.87,M,260.00
ROC,2026-01-22 09:40,M,M,M,10.00,M,M,M,29.87,M,M
ROC,2026-01-22 09:45,M,M,M,10.00,14.00,M,M,29.88,M,260.00
ROC,2026-01-22 09:50,M,M,M,10.00,15.00,M,M,29.88,M,250.00
ROC,2026-01-22 09:54,17.30,71.65,29.00,9.00,14.00,1012.80,T,29.88,21.00,260.00
ROC,2026-01-22 09:55,M,M,M,9.00,14.00,M,M,29.88,M,260.00
ROC,2026-01-22 10:00,M,M,M,8.00,14.00,M,M,29.88,M,260.00
ROC,2026-01-22 10:05,M,M,M,9.00,12.00,M,M,29.88,M,260.00
ROC,2026-01-22 10:10,M,M,M,9.00,12.00,M,M,29.88,M,250.00
ROC,2026-01-22 10:15,M,M,M,9.00,15.00,M,M,29.88,M,250.00
ROC,2026-01-22 10:20,M,M,M,9.00,12.00,M,M,29.88,M,250.00
ROC,2026-01-22 10:25,M,M,M,9.00,9.00,M,M,29.88,M,250.00
ROC,2026-01-22 10:30,M,M,M,9.00,10.00,M,M,29.88,M,250.00
ROC,2026-01-22 10:35,M,M,M,9.00,9.00,M,M,29.87,M,240.00
ROC,2026-01-22 10:40,M,M,M,9.00,10.00,M,M,29.87,M,240.00
ROC,2026-01-22 10:45,M,M,M,9.00,12.00,M,M,29.87,M,240.00
ROC,2026-01-22 10:50,M,M,M,9.00,10.00,M,M,29.87,M,240.00
ROC,2026-01-22 10:54,14.88,77.69,26.00,9.00,11.00,1012.40,T,29.87,20.00,230.00
ROC,2026-01-22 10:55,M,M,M,9.00,10.00,M,M,29.87,M,230.00
ROC,2026-01-22 11:00,M,M,M,10.00,8.00,M,M,29.87,M,230.00
ROC,2026-01-22 11:05,M,M,M,10.00,8.00,M,M,29.87,M,220.00
ROC,2026-01-22 11:10,M,M,M,10.00,8.00,M,M,29.87,M,220.00
ROC,2026-01-22 11:15,M,M,M,10.00,7.00,M,M,29.86,M,220.00
ROC,2026-01-22 11:20,M,M,M,10.00,7.00,M,M,29.86,M,210.00
ROC,2026-01-22 11:25,M,M,M,10.00,6.00,M,M,29.86,M,210.00
ROC,2026-01-22 11:30,M,M,M,10.00,5.00,M,M,29.87,M,210.00
ROC,2026-01-22 11:35,M,M,M,10.00,5.00,M,M,29.87,M,210.00
ROC,2026-01-22 11:40,M,M,M,8.00,4.00,M,M,29.87,M,200.00
ROC,2026-01-22 11:42,19.27,84.58,26.00,8.00,5.00,M,T,29.87,22.00,190.00
ROC,2026-01-22 11:45,M,M,M,8.00,5.00,M,M,29.87,M,200.00
ROC,2026-01-22 11:50,M,M,M,9.00,7.00,M,M,29.87,M,200.00
ROC,2026-01-22 11:54,17.47,81.07,26.00,9.00,7.00,1012.70,T,29.87,21.00,210.00
ROC,2026-01-22 11:55,M,M,M,9.00,7.00,M,M,29.87,M,210.00
ROC,2026-01-22 12:00,M,M,M,9.00,7.00,M,M,29.87,M,220.00
ROC,2026-01-22 12:05,M,M,M,9.00,8.00,M,M,29.88,M,220.00
ROC,2026-01-22 12:10,M,M,M,9.00,6.00,M,M,29.87,M,220.00
ROC,2026-01-22 12:15,M,M,M,9.00,5.00,M,M,29.87,M,220.00
ROC,2026-01-22 12:20,M,M,M,9.00,6.00,M,M,29.87,M,220.00
ROC,2026-01-22 12:25,M,M,M,6.00,7.00,M,M,29.87,M,230.00
ROC,2026-01-22 12:30,M,M,M,6.00,6.00,M,M,29.87,M,240.00
ROC,2026-01-22 12:35,M,M,M,8.00,6.00,M,M,29.87,M,250.00
ROC,2026-01-22 12:36,18.30,81.07,26.00,9.00,6.00,M,T,29.87,21.00,250.00
ROC,2026-01-22 12:40,M,M,M,5.00,6.00,M,M,29.87,M,260.00
ROC,2026-01-22 12:43,20.46,81.15,27.00,1.75,5.00,M,T,29.87,22.00,270.00
ROC,2026-01-22 12:45,M,M,M,1.50,5.00,M,M,29.87,M,270.00
ROC,2026-01-22 12:50,M,M,M,1.50,6.00,M,M,29.87,M,280.00
ROC,2026-01-22 12:54,20.41,88.22,26.00,1.50,4.00,1012.70,T,29.87,23.00,290.00
ROC,2026-01-22 12:55,M,M,M,1.75,5.00,M,M,29.87,M,290.00
ROC,2026-01-22 13:00,M,M,M,1.75,5.00,M,M,29.87,M,290.00
ROC,2026-01-22 13:05,M,M,M,1.75,5.00,M,M,29.87,M,280.00
ROC,2026-01-22 13:10,M,M,M,1.75,3.00,M,M,29.87,M,260.00
ROC,2026-01-22 13:15,21.83,92.00,26.00,0.50,3.00,M,T,29.87,24.00,260.00
ROC,2026-01-22 13:15,M,M,M,1.75,3.00,M,M,29.87,M,260.00
ROC,2026-01-22 13:20,M,M,M,0.50,3.00,M,0.01,29.88,M,280.00
ROC,2026-01-22 13:25,M,M,M,0.50,3.00,M,0.01,29.88,M,290.00
ROC,2026-01-22 13:30,M,M,M,0.25,0.00,M,0.01,29.88,M,0.00
ROC,2026-01-22 13:35,M,M,M,0.25,3.00,M,0.02,29.88,M,220.00
ROC,2026-01-22 13:35,21.83,92.00,26.00,0.25,3.00,M,0.02,29.88,24.00,220.00
ROC,2026-01-22 13:40,M,M,M,0.25,5.00,M,0.02,29.90,M,280.00
ROC,2026-01-22 13:45,M,M,M,0.24,6.00,M,0.03,29.90,M,290.00
ROC,2026-01-22 13:46,19.27,95.93,26.00,0.25,5.00,M,0.03,29.90,25.00,290.00
ROC,2026-01-22 13:50,M,M,M,0.24,4.00,M,0.04,29.89,M,240.00
ROC,2026-01-22 13:54,18.30,95.93,26.00,0.25,6.00,1013.10,0.04,29.89,25.00,240.00
ROC,2026-01-22 13:55,M,M,M,0.25,7.00,M,0.01,29.89,M,240.00
ROC,2026-01-22 13:58,17.47,95.93,26.00,0.50,7.00,M,0.01,29.89,25.00,250.00
ROC,2026-01-22 14:00,M,M,M,0.75,8.00,M,0.01,29.90,M,260.00
ROC,2026-01-22 14:05,M,M,M,2.50,8.00,M,0.01,29.90,M,260.00
ROC,2026-01-22 14:10,18.68,92.04,27.00,0.50,7.00,M,0.01,29.90,25.00,260.00
ROC,2026-01-22 14:10,M,M,M,3.00,7.00,M,0.01,29.90,M,250.00
ROC,2026-01-22 14:15,M,M,M,3.50,8.00,M,0.01,29.90,M,270.00
ROC,2026-01-22 14:20,M,M,M,3.50,10.00,M,0.01,29.91,M,260.00
ROC,2026-01-22 14:25,M,M,M,4.00,9.00,M,0.01,29.91,M,270.00
ROC,2026-01-22 14:26,17.30,88.27,27.00,4.00,9.00,M,0.01,29.91,24.00,270.00
ROC,2026-01-22 14:30,M,M,M,6.00,9.00,M,0.01,29.91,M,270.00
ROC,2026-01-22 14:35,M,M,M,9.00,11.00,M,0.01,29.91,M,270.00
ROC,2026-01-22 14:40,M,M,M,9.00,12.00,M,0.01,29.92,M,270.00
ROC,2026-01-22 14:43,16.44,81.23,28.00,9.00,13.00,M,0.01,29.92,23.00,260.00
ROC,2026-01-22 14:45,M,M,M,9.00,12.00,M,0.01,29.92,M,270.00
ROC,2026-01-22 14:50,M,M,M,9.00,13.00,M,0.01,29.92,M,260.00
ROC,2026-01-22 14:54,16.01,81.23,28.00,9.00,14.00,1014.40,0.01,29.93,23.00,260.00
ROC,2026-01-22 14:55,M,M,M,9.00,14.00,M,M,29.93,M,260.00
ROC,2026-01-22 15:00,M,M,M,9.00,M,M,M,29.94,M,M
ROC,2026-01-22 15:05,M,M,M,9.00,14.00,M,M,29.94,M,260.00
ROC,2026-01-22 15:10,M,M,M,5.00,12.00,M,M,29.95,M,260.00
ROC,2026-01-22 15:15,16.01,81.23,28.00,3.00,14.00,M,T,29.95,23.00,280.00
ROC,2026-01-22 15:15,M,M,M,3.00,14.00,M,M,29.95,M,270.00
ROC,2026-01-22 15:20,M,M,M,2.50,15.00,M,M,29.96,M,270.00
ROC,2026-01-22 15:25,M,M,M,4.00,M,M,M,29.96,M,M
ROC,2026-01-22 15:30,M,M,M,7.00,M,M,M,29.96,M,M
ROC,2026-01-22 15:35,M,M,M,8.00,15.00,M,M,29.96,M,270.00
ROC,2026-01-22 15:40,M,M,M,5.00,M,M,M,29.96,M,M
ROC,2026-01-22 15:41,13.83,71.54,28.00,5.00,20.00,M,T,29.96,20.00,270.00
ROC,2026-01-22 15:45,M,M,M,4.00,17.00,M,M,29.96,M,270.00
ROC,2026-01-22 15:50,M,M,M,7.00,15.00,M,M,29.97,M,260.00
ROC,2026-01-22 15:54,15.59,71.54,28.00,8.00,15.00,1015.70,T,29.97,20.00,280.00
ROC,2026-01-22 15:55,M,M,M,9.00,15.00,M,M,29.97,M,270.00
ROC,2026-01-22 16:00,M,M,M,6.00,21.00,M,M,29.97,M,260.00
ROC,2026-01-22 16:05,M,M,M,5.00,M,M,M,29.97,M,M
ROC,2026-01-22 16:10,M,M,M,5.00,23.00,M,M,29.97,M,M
ROC,2026-01-22 16:15,M,M,M,4.00,23.00,M,M,29.97,M,280.00
ROC,2026-01-22 16:20,M,M,M,4.00,16.00,M,M,29.97,M,270.00
ROC,2026-01-22 16:25,M,M,M,5.00,M,M,M,29.97,M,M
ROC,2026-01-22 16:30,M,M,M,5.00,21.00,M,M,29.97,M,M
ROC,2026-01-22 16:35,M,M,M,5.00,M,M,M,29.97,M,M
ROC,2026-01-22 16:40,M,M,M,7.00,M,M,M,29.97,M,M
ROC,2026-01-22 16:45,M,M,M,5.00,M,M,M,29.97,M,M
ROC,2026-01-22 16:50,M,M,M,5.00,M,M,M,29.97,M,M
ROC,2026-01-22 16:54,13.83,57.65,28.00,7.00,20.00,1015.90,T,29.97,15.00,270.00
ROC,2026-01-22 16:55,M,M,M,8.00,M,M,M,29.97,M,M
ROC,2026-01-22 17:00,M,M,M,3.00,M,M,M,29.97,M,M
ROC,2026-01-22 17:05,M,M,M,3.00,17.00,M,M,29.97,M,270.00
ROC,2026-01-22 17:10,M,M,M,8.00,16.00,M,M,29.97,M,280.00
ROC,2026-01-22 17:14,14.48,57.65,28.00,9.00,18.00,M,T,29.97,15.00,260.00
ROC,2026-01-22 17:15,M,M,M,9.00,M,M,M,29.97,M,M
ROC,2026-01-22 17:20,M,M,M,8.00,20.00,M,M,29.97,M,M
ROC,2026-01-22 17:25,M,M,M,9.00,18.00,M,M,29.97,M,260.00
ROC,2026-01-22 17:30,M,M,M,10.00,14.00,M,M,29.97,M,270.00
ROC,2026-01-22 17:35,M,M,M,10.00,18.00,M,M,29.96,M,M
ROC,2026-01-22 17:40,M,M,M,10.00,14.00,M,M,29.96,M,270.00
ROC,2026-01-22 17:45,M,M,M,10.00,14.00,M,M,29.96,M,280.00
ROC,2026-01-22 17:50,M,M,M,10.00,14.00,M,M,29.96,M,270.00
ROC,2026-01-22 17:54,16.44,57.65,28.00,10.00,13.00,1015.50,T,29.96,15.00,290.00
ROC,2026-01-22 17:55,M,M,M,10.00,12.00,M,M,29.96,M,280.00
ROC,2026-01-22 18:00,M,M,M,10.00,M,M,M,29.96,M,M
ROC,2026-01-22 18:04,14.83,60.22,28.00,10.00,17.00,M,T,29.96,16.00,260.00
ROC,2026-01-22 18:05,M,M,M,10.00,15.00,M,M,29.96,M,260.00
ROC,2026-01-22 18:10,M,M,M,9.00,14.00,M,M,29.96,M,280.00
ROC,2026-01-22 18:15,M,M,M,8.00,15.00,M,M,29.96,M,270.00
ROC,2026-01-22 18:20,M,M,M,5.00,12.00,M,M,29.96,M,260.00
ROC,2026-01-22 18:25,M,M,M,5.00,11.00,M,M,29.96,M,270.00
ROC,2026-01-22 18:30,M,M,M,3.50,17.00,M,M,29.96,M,260.00
ROC,2026-01-22 18:32,14.72,71.42,27.00,2.00,14.00,M,T,29.96,19.00,260.00
ROC,2026-01-22 18:35,M,M,M,2.00,M,M,M,29.97,M,M
ROC,2026-01-22 18:40,M,M,M,2.00,12.00,M,M,29.97,M,270.00
ROC,2026-01-22 18:45,M,M,M,1.75,13.00,M,M,29.97,M,280.00
ROC,2026-01-22 18:50,M,M,M,1.00,14.00,M,M,29.97,M,M
ROC,2026-01-22 18:51,13.78,79.76,26.60,1.00,15.00,M,T,29.97,21.20,270.00
ROC,2026-01-22 18:54,13.43,84.58,26.00,0.75,14.00,1016.00,T,29.97,22.00,270.00
ROC,2026-01-22 18:55,M,M,M,0.75,M,M,M,29.97,M,M
ROC,2026-01-22 19:00,M,M,M,0.75,12.00,M,M,29.97,M,260.00
ROC,2026-01-22 19:05,M,M,M,0.75,11.00,M,M,29.97,M,270.00
ROC,2026-01-22 19:10,M,M,M,1.00,13.00,M,M,29.97,M,270.00
ROC,2026-01-22 19:15,M,M,M,0.75,14.00,M,M,29.97,M,260.00
ROC,2026-01-22 19:20,M,M,M,0.75,13.00,M,M,29.97,M,270.00
ROC,2026-01-22 19:21,13.00,88.22,26.00,1.00,15.00,M,T,29.97,23.00,270.00
ROC,2026-01-22 19:25,M,M,M,1.00,14.00,M,M,29.97,M,270.00
ROC,2026-01-22 19:30,M,M,M,1.00,12.00,M,M,29.97,M,260.00
ROC,2026-01-22 19:35,M,M,M,8.00,16.00,M,M,29.96,M,260.00
ROC,2026-01-22 19:37,14.72,77.78,27.00,8.00,14.00,M,T,29.96,21.00,270.00
ROC,2026-01-22 19:40,M,M,M,7.00,17.00,M,M,29.96,M,260.00
ROC,2026-01-22 19:45,M,M,M,3.00,23.00,M,M,29.96,M,M
ROC,2026-01-22 19:47,10.05,71.42,27.00,1.25,29.00,M,T,29.96,19.00,250.00
ROC,2026-01-22 19:50,M,M,M,0.75,M,M,M,29.96,M,M
ROC,2026-01-22 19:54,11.31,62.75,27.00,0.75,24.00,1015.60,T,29.96,16.00,260.00
ROC,2026-01-22 19:55,M,M,M,0.75,M,M,M,29.97,M,M
ROC,2026-01-22 20:00,M,M,M,0.75,27.00,M,M,29.97,M,M
ROC,2026-01-22 20:05,M,M,M,0.75,25.00,M,M,29.98,M,M
ROC,2026-01-22 20:10,11.59,60.07,27.00,2.00,23.00,M,T,29.98,15.00,270.00
ROC,2026-01-22 20:10,M,M,M,2.00,M,M,M,29.98,M,M
ROC,2026-01-22 20:15,M,M,M,4.00,M,M,M,29.98,M,M
ROC,2026-01-22 20:18,9.69,59.93,26.00,4.00,25.00,M,T,29.98,14.00,260.00
ROC,2026-01-22 20:20,M,M,M,3.00,M,M,M,29.98,M,M
ROC,2026-01-22 20:20,9.17,59.93,26.00,3.00,27.00,M,T,29.98,14.00,270.00
ROC,2026-01-22 20:25,M,M,M,3.00,M,M,M,29.98,M,M
ROC,2026-01-22 20:30,M,M,M,3.00,28.00,M,M,29.98,M,M
ROC,2026-01-22 20:35,M,M,M,3.00,M,M,M,29.98,M,M
ROC,2026-01-22 20:40,M,M,M,3.00,22.00,M,M,29.99,M,M
ROC,2026-01-22 20:45,M,M,M,4.00,20.00,M,M,29.99,M,250.00
ROC,2026-01-22 20:50,M,M,M,3.00,M,M,M,29.99,M,M
ROC,2026-01-22 20:54,9.52,62.47,25.00,4.00,21.00,1016.60,T,29.99,14.00,260.00
ROC,2026-01-22 20:55,M,M,M,2.00,M,M,M,29.99,M,M
ROC,2026-01-22 21:00,M,M,M,4.00,M,M,M,29.99,M,M
ROC,2026-01-22 21:05,M,M,M,4.00,M,M,M,29.99,M,M
ROC,2026-01-22 21:10,M,M,M,4.00,21.00,M,M,30.00,M,M
ROC,2026-01-22 21:15,M,M,M,4.00,M,M,M,30.00,M,M
ROC,2026-01-22 21:20,8.62,65.27,25.00,4.00,24.00,M,T,30.00,15.00,260.00
ROC,2026-01-22 21:20,M,M,M,4.00,M,M,M,30.00,M,M
ROC,2026-01-22 21:25,M,M,M,4.00,23.00,M,M,30.00,M,M
ROC,2026-01-22 21:26,8.18,71.08,24.00,4.00,21.00,M,T,30.00,16.00,260.00
ROC,2026-01-22 21:30,M,M,M,4.00,16.00,M,M,30.00,M,260.00
ROC,2026-01-22 21:35,M,M,M,4.00,M,M,M,30.01,M,M
ROC,2026-01-22 21:40,M,M,M,4.00,M,M,M,30.01,M,M
ROC,2026-01-22 21:45,M,M,M,5.00,17.00,M,M,30.02,M,260.00
ROC,2026-01-22 21:45,8.28,74.13,23.00,5.00,17.00,M,T,30.02,16.00,270.00
ROC,2026-01-22 21:50,M,M,M,5.00,14.00,M,M,30.02,M,260.00
ROC,2026-01-22 21:54,8.69,74.13,23.00,5.00,16.00,1017.50,T,30.02,16.00,250.00
ROC,2026-01-22 21:55,M,M,M,5.00,16.00,M,M,30.02,M,250.00
ROC,2026-01-22 22:00,M,M,M,5.00,16.00,M,M,30.02,M,260.00
ROC,2026-01-22 22:05,M,M,M,5.00,17.00,M,M,30.02,M,260.00
ROC,2026-01-22 22:10,M,M,M,5.00,20.00,M,M,30.02,M,M
ROC,2026-01-22 22:15,M,M,M,5.00,18.00,M,M,30.02,M,250.00
ROC,2026-01-22 22:20,M,M,M,5.00,17.00,M,M,30.03,M,260.00
ROC,2026-01-22 22:25,M,M,M,5.00,M,M,M,30.02,M,M
ROC,2026-01-22 22:30,M,M,M,5.00,15.00,M,M,30.03,M,250.00
ROC,2026-01-22 22:35,M,M,M,9.00,16.00,M,M,30.03,M,250.00
ROC,2026-01-22 22:40,M,M,M,9.00,17.00,M,M,30.03,M,250.00
ROC,2026-01-22 22:45,M,M,M,9.00,16.00,M,M,30.03,M,250.00
ROC,2026-01-22 22:50,M,M,M,9.00,16.00,M,M,30.03,M,260.00
ROC,2026-01-22 22:54,7.82,77.32,22.00,9.00,15.00,1018.20,T,30.04,16.00,250.00
ROC,2026-01-22 22:55,M,M,M,9.00,17.00,M,M,30.03,M,250.00
ROC,2026-01-22 23:00,M,M,M,7.00,16.00,M,M,30.04,M,250.00
ROC,2026-01-22 23:05,M,M,M,4.00,16.00,M,M,30.04,M,250.00
ROC,2026-01-22 23:09,9.27,77.32,22.00,1.50,12.00,M,T,30.04,16.00,250.00
ROC,2026-01-22 23:10,M,M,M,1.50,12.00,M,M,30.04,M,250.00
ROC,2026-01-22 23:15,M,M,M,1.75,16.00,M,M,30.05,M,250.00
ROC,2026-01-22 23:18,8.27,84.31,22.00,1.50,14.00,M,T,30.05,18.00,250.00
ROC,2026-01-22 23:20,M,M,M,1.75,11.00,M,M,30.05,M,250.00
ROC,2026-01-22 23:25,M,M,M,2.50,11.00,M,M,30.05,M,250.00
ROC,2026-01-22 23:30,M,M,M,2.50,11.00,M,M,30.05,M,250.00
ROC,2026-01-22 23:35,M,M,M,1.50,11.00,M,M,30.05,M,250.00
ROC,2026-01-22 23:40,M,M,M,1.25,12.00,M,M,30.05,M,250.00
ROC,2026-01-22 23:42,10.43,88.01,22.00,0.50,10.00,M,T,30.05,19.00,260.00
ROC,2026-01-22 23:45,M,M,M,0.50,10.00,M,M,30.05,M,250.00
ROC,2026-01-22 23:50,M,M,M,0.50,9.00,M,M,30.05,M,270.00
ROC,2026-01-22 23:54,10.43,88.01,22.00,0.50,10.00,1018.80,T,30.05,19.00,260.00
ROC,2026-01-22 23:55,M,M,M,0.50,11.00,M,M,30.05,M,260.00
ROC,2026-01-22 23:58,11.79,88.01,22.00,1.50,8.00,M,T,30.05,19.00,270.00
ROC,2026-01-23 00:00,M,M,M,2.00,10.00,M,M,30.05,M,270.00
ROC,2026-01-23 00:05,M,M,M,2.50,9.00,M,M,30.06,M,270.00
ROC,2026-01-23 00:10,11.08,88.01,22.00,0.75,9.00,M,T,30.06,19.00,280.00
ROC,2026-01-23 00:10,M,M,M,0.75,9.00,M,M,30.06,M,280.00
ROC,2026-01-23 00:15,M,M,M,1.00,8.00,M,M,30.06,M,260.00
ROC,2026-01-23 00:16,11.79,88.01,22.00,1.00,8.00,M,T,30.06,19.00,260.00
ROC,2026-01-23 00:20,M,M,M,1.00,8.00,M,0.01,30.06,M,250.00
ROC,2026-01-23 00:25,M,M,M,1.00,8.00,M,0.01,30.06,M,230.00
ROC,2026-01-23 00:30,M,M,M,1.50,14.00,M,0.01,30.06,M,250.00
ROC,2026-01-23 00:35,M,M,M,2.50,12.00,M,0.01,30.06,M,250.00
ROC,2026-01-23 00:35,8.00,87.96,21.00,2.50,12.00,M,0.01,30.06,18.00,250.00
ROC,2026-01-23 00:40,M,M,M,2.00,12.00,M,0.01,30.06,M,250.00
ROC,2026-01-23 00:41,8.00,87.96,21.00,3.00,12.00,M,0.01,30.06,18.00,240.00
ROC,2026-01-23 00:45,M,M,M,8.00,12.00,M,0.01,30.06,M,240.00
ROC,2026-01-23 00:50,M,M,M,8.00,12.00,M,0.01,30.06,M,240.00
ROC,2026-01-23 00:54,8.00,84.25,21.00,9.00,12.00,1019.10,0.01,30.06,17.00,250.00
ROC,2026-01-23 00:55,M,M,M,9.00,14.00,M,M,30.06,M,250.00
ROC,2026-01-23 01:00,8.00,77.23,21.00,9.00,12.00,M,T,30.06,15.00,260.00
ROC,2026-01-23 01:00,M,M,M,9.00,12.00,M,M,30.06,M,250.00
ROC,2026-01-23 01:05,M,M,M,9.00,13.00,M,M,30.06,M,250.00
ROC,2026-01-23 01:10,M,M,M,9.00,11.00,M,M,30.06,M,240.00
ROC,2026-01-23 01:15,M,M,M,9.00,13.00,M,M,30.06,M,250.00
ROC,2026-01-23 01:20,M,M,M,9.00,11.00,M,M,30.06,M,260.00
ROC,2026-01-23 01:25,M,M,M,9.00,15.00,M,M,30.06,M,260.00
ROC,2026-01-23 01:30,M,M,M,9.00,13.00,M,M,30.05,M,270.00
ROC,2026-01-23 01:35,M,M,M,9.00,12.00,M,M,30.05,M,260.00
ROC,2026-01-23 01:40,M,M,M,9.00,M,M,M,30.05,M,M
ROC,2026-01-23 01:45,M,M,M,9.00,13.00,M,M,30.06,M,260.00
ROC,2026-01-23 01:50,M,M,M,9.00,14.00,M,M,30.06,M,260.00
ROC,2026-01-23 01:54,7.82,56.75,22.00,9.00,15.00,1019.00,T,30.06,9.00,260.00
ROC,2026-01-23 01:55,M,M,M,9.00,14.00,M,M,30.06,M,260.00
ROC,2026-01-23 02:00,M,M,M,9.00,16.00,M,M,30.06,M,260.00
ROC,2026-01-23 02:05,M,M,M,8.00,15.00,M,M,30.06,M,M
ROC,2026-01-23 02:10,M,M,M,8.00,12.00,M,M,30.05,M,270.00
ROC,2026-01-23 02:15,M,M,M,10.00,12.00,M,M,30.05,M,270.00
ROC,2026-01-23 02:20,M,M,M,10.00,13.00,M,M,30.05,M,280.00
ROC,2026-01-23 02:25,M,M,M,10.00,12.00,M,M,30.06,M,270.00
ROC,2026-01-23 02:30,M,M,M,10.00,10.00,M,M,30.06,M,270.00
ROC,2026-01-23 02:35,M,M,M,10.00,10.00,M,M,30.06,M,270.00
ROC,2026-01-23 02:40,M,M,M,10.00,12.00,M,M,30.06,M,270.00
ROC,2026-01-23 02:45,M,M,M,10.00,11.00,M,M,30.07,M,280.00
ROC,2026-01-23 02:48,6.34,57.66,21.20,1.50,16.00,M,T,30.07,8.60,270.00
ROC,2026-01-23 02:50,M,M,M,1.50,M,M,M,30.07,M,M
ROC,2026-01-23 02:54,7.48,64.74,21.00,2.50,13.00,1019.40,T,30.07,11.00,290.00
ROC,2026-01-23 02:55,M,M,M,2.50,15.00,M,M,30.07,M,270.00
ROC,2026-01-23 02:59,6.98,64.74,21.00,4.00,14.00,M,T,30.07,11.00,280.00
ROC,2026-01-23 03:00,M,M,M,4.00,17.00,M,M,30.06,M,280.00
ROC,2026-01-23 03:05,M,M,M,4.00,M,M,M,30.06,M,M
ROC,2026-01-23 03:10,M,M,M,6.00,14.00,M,M,30.06,M,260.00
ROC,2026-01-23 03:15,M,M,M,9.00,14.00,M,M,30.06,M,M
ROC,2026-01-23 03:20,M,M,M,9.00,M,M,M,30.06,M,M
ROC,2026-01-23 03:24,6.19,64.61,20.00,9.00,13.00,M,T,30.06,10.00,270.00
ROC,2026-01-23 03:25,M,M,M,9.00,12.00,M,M,30.07,M,270.00
ROC,2026-01-23 03:30,M,M,M,10.00,12.00,M,M,30.07,M,270.00
ROC,2026-01-23 03:35,M,M,M,10.00,14.00,M,M,30.07,M,260.00
ROC,2026-01-23 03:40,M,M,M,10.00,13.00,M,M,30.07,M,270.00
ROC,2026-01-23 03:45,M,M,M,10.00,12.00,M,M,30.07,M,270.00
ROC,2026-01-23 03:50,M,M,M,10.00,12.00,M,M,30.07,M,270.00
ROC,2026-01-23 03:54,6.73,67.56,20.00,10.00,12.00,1019.30,T,30.07,11.00,260.00
ROC,2026-01-23 03:55,M,M,M,10.00,14.00,M,M,30.07,M,260.00
ROC,2026-01-23 04:00,M,M,M,9.00,11.00,M,M,30.07,M,260.00
ROC,2026-01-23 04:01,6.19,67.56,20.00,5.00,13.00,M,T,30.07,11.00,270.00
ROC,2026-01-23 04:05,M,M,M,7.00,16.00,M,M,30.07,M,M
ROC,2026-01-23 04:10,M,M,M,8.00,12.00,M,M,30.07,M,270.00
ROC,2026-01-23 04:15,M,M,M,9.00,11.00,M,M,30.07,M,270.00
ROC,2026-01-23 04:20,M,M,M,7.00,11.00,M,M,30.07,M,270.00
ROC,2026-01-23 04:25,M,M,M,4.00,12.00,M,M,30.07,M,270.00
ROC,2026-01-23 04:26,6.73,77.14,20.00,4.00,12.00,M,T,30.07,14.00,270.00
ROC,2026-01-23 04:30,M,M,M,3.00,10.00,M,M,30.06,M,270.00
ROC,2026-01-23 04:31,7.30,77.14,20.00,2.00,11.00,M,T,30.06,14.00,270.00
ROC,2026-01-23 04:35,M,M,M,2.00,9.00,M,M,30.06,M,260.00
ROC,2026-01-23 04:40,M,M,M,2.00,8.00,M,M,30.06,M,270.00
ROC,2026-01-23 04:45,8.10,84.11,19.00,4.00,8.00,M,T,30.06,15.00,250.00
ROC,2026-01-23 04:45,M,M,M,4.00,9.00,M,M,30.06,M,250.00
ROC,2026-01-23 04:50,M,M,M,8.00,7.00,M,M,30.06,M,250.00
ROC,2026-01-23 04:54,9.87,80.51,19.00,9.00,6.00,1018.90,T,30.05,14.00,260.00
ROC,2026-01-23 04:55,M,M,M,9.00,6.00,M,M,30.05,M,250.00
ROC,2026-01-23 05:00,M,M,M,9.00,7.00,M,M,30.05,M,240.00
ROC,2026-01-23 05:05,M,M,M,9.00,7.00,M,M,30.05,M,240.00
ROC,2026-01-23 05:10,M,M,M,9.00,6.00,M,M,30.05,M,240.00
ROC,2026-01-23 05:15,M,M,M,9.00,6.00,M,M,30.05,M,240.00
ROC,2026-01-23 05:20,M,M,M,9.00,8.00,M,M,30.05,M,250.00
ROC,2026-01-23 05:25,M,M,M,8.00,M,M,M,30.05,M,M
ROC,2026-01-23 05:30,M,M,M,6.00,M,M,M,30.05,M,M
ROC,2026-01-23 05:35,M,M,M,6.00,14.00,M,M,30.04,M,250.00
ROC,2026-01-23 05:40,M,M,M,7.00,M,M,M,30.04,M,M
ROC,2026-01-23 05:45,M,M,M,7.00,M,M,M,30.04,M,M
ROC,2026-01-23 05:50,M,M,M,9.00,13.00,M,M,30.04,M,250.00
ROC,2026-01-23 05:54,5.69,73.82,20.00,9.00,14.00,1018.20,T,30.03,13.00,250.00
ROC,2026-01-23 05:55,M,M,M,9.00,13.00,M,M,30.03,M,250.00
ROC,2026-01-23 06:00,M,M,M,8.00,12.00,M,M,30.03,M,250.00
ROC,2026-01-23 06:05,M,M,M,4.00,14.00,M,M,30.04,M,250.00
ROC,2026-01-23 06:08,6.73,77.14,20.00,2.50,12.00,M,T,30.04,14.00,240.00
ROC,2026-01-23 06:10,M,M,M,2.00,11.00,M,M,30.04,M,240.00
ROC,2026-01-23 06:15,M,M,M,1.50,M,M,M,30.04,M,M
ROC,2026-01-23 06:15,4.41,84.11,19.00,1.50,14.00,M,T,30.04,15.00,240.00
ROC,2026-01-23 06:20,M,M,M,1.50,11.00,M,M,30.04,M,240.00
ROC,2026-01-23 06:25,M,M,M,1.25,10.00,M,M,30.03,M,240.00
ROC,2026-01-23 06:30,M,M,M,1.25,8.00,M,M,30.03,M,250.00
ROC,2026-01-23 06:35,M,M,M,1.00,8.00,M,M,30.04,M,240.00
ROC,2026-01-23 06:37,8.93,87.85,19.00,1.00,7.00,M,T,30.03,16.00,250.00
ROC,2026-01-23 06:40,M,M,M,1.00,6.00,M,M,30.04,M,240.00
ROC,2026-01-23 06:45,M,M,M,0.75,7.00,M,0.01,30.04,M,240.00
ROC,2026-01-23 06:50,M,M,M,0.75,6.00,M,0.01,30.04,M,250.00
ROC,2026-01-23 06:54,10.96,91.75,19.00,0.75,5.00,1018.30,0.01,30.04,17.00,250.00
ROC,2026-01-23 06:55,M,M,M,0.75,5.00,M,M,30.04,M,250.00
ROC,2026-01-23 07:00,M,M,M,0.75,5.00,M,M,30.04,M,260.00
ROC,2026-01-23 07:02,10.96,91.75,19.00,0.75,5.00,M,T,30.04,17.00,260.00
ROC,2026-01-23 07:05,M,M,M,0.75,6.00,M,0.01,30.04,M,250.00
ROC,2026-01-23 07:10,M,M,M,1.00,5.00,M,0.01,30.04,M,260.00
ROC,2026-01-23 07:14,9.87,91.75,19.00,1.00,6.00,M,0.01,30.04,17.00,260.00
ROC,2026-01-23 07:15,M,M,M,1.00,6.00,M,0.01,30.04,M,260.00
ROC,2026-01-23 07:20,M,M,M,1.00,5.00,M,0.01,30.04,M,260.00
ROC,2026-01-23 07:25,M,M,M,1.25,5.00,M,0.01,30.04,M,260.00
ROC,2026-01-23 07:30,M,M,M,1.50,4.00,M,0.01,30.04,M,270.00
ROC,2026-01-23 07:35,M,M,M,1.50,4.00,M,0.02,30.04,M,270.00
ROC,2026-01-23 07:39,12.24,91.75,19.00,1.50,4.00,M,0.02,30.04,17.00,270.00
ROC,2026-01-23 07:40,M,M,M,1.50,4.00,M,0.02,30.04,M,260.00
ROC,2026-01-23 07:45,M,M,M,2.50,7.00,M,0.02,30.04,M,260.00
ROC,2026-01-23 07:46,8.10,87.85,19.00,2.50,8.00,M,0.02,30.04,16.00,260.00
ROC,2026-01-23 07:50,M,M,M,4.00,7.00,M,0.02,30.04,M,260.00
ROC,2026-01-23 07:54,8.10,87.85,19.00,5.00,8.00,1018.50,0.02,30.04,16.00,270.00
ROC,2026-01-23 07:55,M,M,M,5.00,9.00,M,M,30.04,M,280.00
ROC,2026-01-23 08:00,M,M,M,5.00,9.00,M,M,30.04,M,270.00
ROC,2026-01-23 08:05,M,M,M,4.00,10.00,M,M,30.05,M,280.00
ROC,2026-01-23 08:10,M,M,M,3.00,11.00,M,M,30.05,M,280.00
ROC,2026-01-23 08:15,M,M,M,2.50,9.00,M,M,30.04,M,270.00
ROC,2026-01-23 08:16,7.35,80.51,19.00,2.50,9.00,M,T,30.05,14.00,280.00
ROC,2026-01-23 08:20,M,M,M,2.50,9.00,M,M,30.05,M,280.00
ROC,2026-01-23 08:25,M,M,M,3.00,6.00,M,M,30.05,M,270.00
ROC,2026-01-23 08:30,7.71,84.04,18.00,3.00,7.00,M,T,30.05,14.00,270.00
ROC,2026-01-23 08:30,M,M,M,3.50,7.00,M,M,30.05,M,270.00
ROC,2026-01-23 08:35,M,M,M,4.00,10.00,M,M,30.05,M,260.00
ROC,2026-01-23 08:40,M,M,M,6.00,12.00,M,M,30.05,M,260.00
ROC,2026-01-23 08:45,M,M,M,9.00,12.00,M,M,30.05,M,260.00
ROC,2026-01-23 08:47,4.41,70.51,19.00,9.00,14.00,M,T,30.05,11.00,270.00
ROC,2026-01-23 08:50,M,M,M,10.00,17.00,M,M,30.05,M,M
ROC,2026-01-23 08:54,3.04,67.43,19.00,8.00,17.00,1018.90,T,30.05,10.00,260.00
ROC,2026-01-23 08:55,M,M,M,8.00,13.00,M,M,30.06,M,270.00
ROC,2026-01-23 09:00,M,M,M,8.00,14.00,M,M,30.05,M,270.00
ROC,2026-01-23 09:05,M,M,M,9.00,11.00,M,M,30.06,M,280.00
ROC,2026-01-23 09:10,M,M,M,9.00,10.00,M,M,30.06,M,280.00
ROC,2026-01-23 09:15,M,M,M,9.00,12.00,M,M,30.06,M,290.00
ROC,2026-01-23 09:20,M,M,M,9.00,9.00,M,M,30.06,M,280.00
ROC,2026-01-23 09:25,M,M,M,9.00,10.00,M,M,30.06,M,290.00
ROC,2026-01-23 09:30,M,M,M,9.00,12.00,M,M,30.06,M,290.00
ROC,2026-01-23 09:35,M,M,M,9.00,10.00,M,M,30.06,M,280.00
ROC,2026-01-23 09:40,M,M,M,9.00,11.00,M,M,30.06,M,280.00
ROC,2026-01-23 09:45,M,M,M,9.00,10.00,M,M,30.07,M,280.00
ROC,2026-01-23 09:50,M,M,M,9.00,9.00,M,M,30.07,M,290.00
ROC,2026-01-23 09:54,2.35,64.21,17.00,9.00,13.00,1019.50,T,30.07,7.00,270.00
ROC,2026-01-23 09:55,M,M,M,9.00,11.00,M,M,30.07,M,280.00
ROC,2026-01-23 10:00,M,M,M,9.00,10.00,M,M,30.07,M,270.00
ROC,2026-01-23 10:05,M,M,M,9.00,10.00,M,M,30.07,M,280.00
ROC,2026-01-23 10:10,M,M,M,9.00,11.00,M,M,30.07,M,280.00
ROC,2026-01-23 10:15,M,M,M,9.00,12.00,M,M,30.07,M,270.00
ROC,2026-01-23 10:20,M,M,M,9.00,13.00,M,M,30.07,M,270.00
ROC,2026-01-23 10:22,1.07,58.46,16.00,9.00,13.00,M,T,30.07,4.00,270.00
ROC,2026-01-23 10:25,M,M,M,9.00,11.00,M,M,30.07,M,270.00
ROC,2026-01-23 10:30,M,M,M,10.00,12.00,M,M,30.08,M,280.00
ROC,2026-01-23 10:35,M,M,M,10.00,12.00,M,M,30.08,M,270.00
ROC,2026-01-23 10:40,M,M,M,10.00,8.00,M,M,30.08,M,280.00
ROC,2026-01-23 10:45,M,M,M,10.00,12.00,M,M,30.08,M,280.00
ROC,2026-01-23 10:50,M,M,M,10.00,12.00,M,M,30.08,M,280.00
ROC,2026-01-23 10:54,1.65,61.06,15.00,10.00,10.00,1019.80,T,30.08,4.00,270.00
ROC,2026-01-23 10:55,M,M,M,10.00,12.00,M,M,30.08,M,270.00
ROC,2026-01-23 11:00,M,M,M,10.00,11.00,M,M,30.08,M,270.00
ROC,2026-01-23 11:05,M,M,M,10.00,11.00,M,M,30.08,M,270.00
ROC,2026-01-23 11:10,M,M,M,10.00,15.00,M,M,30.09,M,260.00
ROC,2026-01-23 11:15,M,M,M,10.00,11.00,M,M,30.09,M,260.00
ROC,2026-01-23 11:20,M,M,M,10.00,13.00,M,M,30.09,M,260.00
ROC,2026-01-23 11:25,M,M,M,10.00,11.00,M,M,30.09,M,260.00
ROC,2026-01-23 11:30,M,M,M,10.00,14.00,M,M,30.10,M,260.00
ROC,2026-01-23 11:35,M,M,M,10.00,14.00,M,M,30.10,M,260.00
ROC,2026-01-23 11:40,M,M,M,7.00,15.00,M,M,30.10,M,M
ROC,2026-01-23 11:45,M,M,M,6.00,13.00,M,M,30.10,M,250.00
ROC,2026-01-23 11:50,M,M,M,10.00,10.00,M,M,30.10,M,250.00
ROC,2026-01-23 11:54,0.37,73.28,15.00,10.00,12.00,1020.50,0.00,30.10,8.00,260.00
ROC,2026-01-23 11:55,M,M,M,10.00,11.00,M,M,30.10,M,260.00
ROC,2026-01-23 12:00,M,M,M,10.00,9.00,M,M,30.10,M,260.00
ROC,2026-01-23 12:05,M,M,M,10.00,9.00,M,M,30.10,M,250.00
ROC,2026-01-23 12:10,M,M,M,10.00,10.00,M,M,30.10,M,250.00
ROC,2026-01-23 12:15,M,M,M,10.00,11.00,M,M,30.10,M,250.00
ROC,2026-01-23 12:20,M,M,M,10.00,11.00,M,M,30.10,M,260.00
ROC,2026-01-23 12:25,M,M,M,10.00,10.00,M,M,30.10,M,250.00
ROC,2026-01-23 12:30,M,M,M,10.00,11.00,M,M,30.10,M,260.00
ROC,2026-01-23 12:35,M,M,M,10.00,11.00,M,M,30.10,M,250.00
ROC,2026-01-23 12:40,M,M,M,10.00,12.00,M,M,30.10,M,260.00
ROC,2026-01-23 12:45,M,M,M,10.00,13.00,M,M,30.10,M,260.00
ROC,2026-01-23 12:50,M,M,M,10.00,10.00,M,M,30.10,M,260.00
ROC,2026-01-23 12:54,1.13,60.92,14.00,10.00,9.00,1020.80,0.00,30.11,3.00,260.00
ROC,2026-01-23 12:55,M,M,M,10.00,10.00,M,M,30.11,M,260.00
ROC,2026-01-23 13:00,M,M,M,10.00,10.00,M,M,30.11,M,250.00
ROC,2026-01-23 13:05,M,M,M,10.00,11.00,M,M,30.11,M,250.00
ROC,2026-01-23 13:10,M,M,M,10.00,11.00,M,M,30.11,M,250.00
ROC,2026-01-23 13:15,M,M,M,10.00,10.00,M,M,30.11,M,260.00
ROC,2026-01-23 13:20,M,M,M,10.00,11.00,M,M,30.11,M,260.00
ROC,2026-01-23 13:25,M,M,M,10.00,13.00,M,M,30.11,M,260.00
ROC,2026-01-23 13:30,M,M,M,10.00,12.00,M,M,30.11,M,260.00
ROC,2026-01-23 13:35,M,M,M,10.00,10.00,M,M,30.12,M,260.00
ROC,2026-01-23 13:40,M,M,M,10.00,11.00,M,M,30.12,M,260.00
ROC,2026-01-23 13:45,M,M,M,10.00,11.00,M,M,30.12,M,250.00
ROC,2026-01-23 13:50,M,M,M,10.00,12.00,M,M,30.13,M,260.00
ROC,2026-01-23 13:54,-2.04,60.92,14.00,10.00,14.00,1021.60,0.00,30.13,3.00,260.00
ROC,2026-01-23 13:55,M,M,M,10.00,15.00,M,M,30.13,M,250.00
ROC,2026-01-23 14:00,M,M,M,10.00,13.00,M,M,30.13,M,260.00
ROC,2026-01-23 14:05,M,M,M,10.00,12.00,M,M,30.13,M,250.00
ROC,2026-01-23 14:10,M,M,M,10.00,14.00,M,M,30.13,M,260.00
ROC,2026-01-23 14:15,M,M,M,10.00,10.00,M,M,30.13,M,260.00
ROC,2026-01-23 14:20,M,M,M,10.00,13.00,M,M,30.14,M,260.00
ROC,2026-01-23 14:25,M,M,M,10.00,12.00,M,M,30.14,M,270.00
ROC,2026-01-23 14:30,M,M,M,10.00,15.00,M,M,30.14,M,270.00
ROC,2026-01-23 14:35,M,M,M,10.00,12.00,M,M,30.14,M,260.00
ROC,2026-01-23 14:40,M,M,M,10.00,14.00,M,M,30.14,M,260.00
ROC,2026-01-23 14:45,M,M,M,10.00,14.00,M,M,30.14,M,270.00
ROC,2026-01-23 14:50,M,M,M,10.00,15.00,M,M,30.14,M,260.00
ROC,2026-01-23 14:54,-2.20,55.67,15.00,10.00,17.00,1022.20,0.00,30.15,2.00,260.00
ROC,2026-01-23 14:55,M,M,M,10.00,17.00,M,M,30.15,M,260.00
ROC,2026-01-23 15:00,M,M,M,10.00,14.00,M,M,30.15,M,260.00
ROC,2026-01-23 15:05,M,M,M,9.00,M,M,M,30.15,M,M
ROC,2026-01-23 15:10,M,M,M,9.00,15.00,M,M,30.15,M,290.00
ROC,2026-01-23 15:15,M,M,M,10.00,18.00,M,M,30.15,M,280.00
ROC,2026-01-23 15:20,M,M,M,9.00,18.00,M,M,30.16,M,280.00
ROC,2026-01-23 15:25,M,M,M,7.00,M,M,M,30.16,M,M
ROC,2026-01-23 15:30,M,M,M,6.00,M,M,M,30.16,M,M
ROC,2026-01-23 15:35,M,M,M,6.00,16.00,M,M,30.16,M,280.00
ROC,2026-01-23 15:40,M,M,M,7.00,M,M,M,30.16,M,M
ROC,2026-01-23 15:45,M,M,M,4.00,M,M,M,30.17,M,M
ROC,2026-01-23 15:50,M,M,M,2.50,M,M,M,30.17,M,M
ROC,2026-01-23 15:50,-6.22,51.99,14.00,2.50,24.00,M,T,30.17,-0.40,290.00
ROC,2026-01-23 15:54,-6.56,50.54,14.00,1.75,25.00,1023.10,T,30.17,-1.00,290.00
ROC,2026-01-23 15:55,M,M,M,1.75,M,M,M,30.17,M,M
ROC,2026-01-23 16:00,M,M,M,1.50,25.00,M,M,30.18,M,290.00
ROC,2026-01-23 16:05,M,M,M,2.00,19.00,M,M,30.18,M,290.00
ROC,2026-01-23 16:08,-3.51,50.54,14.00,3.00,17.00,M,T,30.18,-1.00,290.00
ROC,2026-01-23 16:10,M,M,M,5.00,17.00,M,M,30.18,M,280.00
ROC,2026-01-23 16:15,M,M,M,5.00,M,M,M,30.18,M,M
ROC,2026-01-23 16:20,M,M,M,4.00,17.00,M,M,30.18,M,290.00
ROC,2026-01-23 16:25,M,M,M,6.00,M,M,M,30.18,M,M
ROC,2026-01-23 16:30,M,M,M,3.50,M,M,M,30.18,M,M
ROC,2026-01-23 16:35,M,M,M,3.50,M,M,M,30.19,M,M
ROC,2026-01-23 16:40,M,M,M,5.00,24.00,M,M,30.18,M,M
ROC,2026-01-23 16:44,-8.55,52.81,13.00,1.50,27.00,M,T,30.18,-1.00,270.00
ROC,2026-01-23 16:45,M,M,M,1.50,M,M,M,30.18,M,M
ROC,2026-01-23 16:50,M,M,M,3.00,17.00,M,M,30.18,M,270.00
ROC,2026-01-23 16:54,-6.49,55.35,13.00,3.00,21.00,1023.50,T,30.19,0.00,270.00
ROC,2026-01-23 16:55,M,M,M,2.50,20.00,M,M,30.18,M,270.00
ROC,2026-01-23 17:00,M,M,M,3.00,M,M,M,30.18,M,M
ROC,2026-01-23 17:05,M,M,M,7.00,19.00,M,M,30.18,M,270.00
ROC,2026-01-23 17:10,M,M,M,7.00,23.00,M,M,30.18,M,M
ROC,2026-01-23 17:15,M,M,M,7.00,20.00,M,M,30.18,M,M
ROC,2026-01-23 17:20,M,M,M,9.00,21.00,M,M,30.19,M,270.00
ROC,2026-01-23 17:23,-6.22,45.97,14.00,6.00,24.00,M,T,30.19,-3.00,270.00
ROC,2026-01-23 17:25,M,M,M,6.00,M,M,M,30.19,M,M
ROC,2026-01-23 17:30,M,M,M,5.00,22.00,M,M,30.19,M,M
ROC,2026-01-23 17:35,M,M,M,7.00,M,M,M,30.19,M,M
ROC,2026-01-23 17:40,M,M,M,9.00,19.00,M,M,30.19,M,260.00
ROC,2026-01-23 17:45,M,M,M,10.00,M,M,M,30.19,M,M
ROC,2026-01-23 17:50,M,M,M,9.00,M,M,M,30.20,M,M
ROC,2026-01-23 17:54,-5.88,41.77,14.00,9.00,23.00,1024.00,T,30.20,-5.00,280.00
ROC,2026-01-23 17:55,M,M,M,8.00,M,M,M,30.20,M,M
ROC,2026-01-23 18:00,M,M,M,9.00,18.00,M,M,30.20,M,270.00
ROC,2026-01-23 18:05,M,M,M,10.00,17.00,M,M,30.20,M,280.00
ROC,2026-01-23 18:10,M,M,M,10.00,21.00,M,M,30.20,M,M
ROC,2026-01-23 18:15,M,M,M,9.00,19.00,M,M,30.20,M,270.00
ROC,2026-01-23 18:20,M,M,M,9.00,M,M,M,30.20,M,M
ROC,2026-01-23 18:25,M,M,M,10.00,20.00,M,M,30.20,M,270.00
ROC,2026-01-23 18:30,M,M,M,9.00,19.00,M,M,30.21,M,260.00
ROC,2026-01-23 18:35,M,M,M,7.00,19.00,M,M,30.21,M,280.00
ROC,2026-01-23 18:40,M,M,M,7.00,M,M,M,30.22,M,M
ROC,2026-01-23 18:45,-6.58,57.86,12.00,9.00,18.00,M,T,30.22,0.00,290.00
ROC,2026-01-23 18:45,M,M,M,9.00,18.00,M,M,30.22,M,M
ROC,2026-01-23 18:50,M,M,M,3.00,M,M,M,30.22,M,M
ROC,2026-01-23 18:52,-9.13,66.33,10.40,1.50,19.00,M,T,30.23,1.40,300.00
ROC,2026-01-23 18:54,-7.90,69.56,11.00,1.00,18.00,1025.00,T,30.23,3.00,290.00
ROC,2026-01-23 18:55,M,M,M,1.00,M,M,M,30.23,M,M
ROC,2026-01-23 19:00,M,M,M,0.75,14.00,M,M,30.23,M,290.00
ROC,2026-01-23 19:05,M,M,M,2.00,M,M,M,30.23,M,M
ROC,2026-01-23 19:06,-8.33,60.48,11.00,3.00,19.00,M,T,30.23,0.00,290.00
ROC,2026-01-23 19:10,M,M,M,6.00,21.00,M,M,30.24,M,290.00
ROC,2026-01-23 19:15,M,M,M,3.00,21.00,M,M,30.24,M,290.00
ROC,2026-01-23 19:20,M,M,M,3.00,18.00,M,M,30.24,M,300.00
ROC,2026-01-23 19:25,M,M,M,3.00,18.00,M,M,30.25,M,300.00
ROC,2026-01-23 19:30,M,M,M,3.00,19.00,M,M,30.25,M,280.00
ROC,2026-01-23 19:35,M,M,M,1.00,17.00,M,M,30.26,M,290.00
ROC,2026-01-23 19:37,-10.08,69.44,10.00,1.00,20.00,M,T,30.26,2.00,280.00
ROC,2026-01-23 19:40,M,M,M,1.00,22.00,M,M,30.26,M,M
ROC,2026-01-23 19:45,M,M,M,1.00,M,M,M,30.26,M,M
ROC,2026-01-23 19:50,M,M,M,1.00,16.00,M,M,30.27,M,290.00
ROC,2026-01-23 19:54,-9.66,66.27,10.00,1.50,19.00,1026.40,T,30.27,1.00,290.00
ROC,2026-01-23 19:55,M,M,M,1.50,M,M,M,30.27,M,M
ROC,2026-01-23 20:00,M,M,M,2.50,24.00,M,M,30.27,M,M
ROC,2026-01-23 20:04,-10.08,54.88,10.00,3.00,20.00,M,T,30.28,-3.00,290.00
ROC,2026-01-23 20:05,M,M,M,4.00,M,M,M,30.28,M,M
ROC,2026-01-23 20:10,M,M,M,2.50,23.00,M,M,30.28,M,M
ROC,2026-01-23 20:15,M,M,M,3.00,M,M,M,30.29,M,M
ROC,2026-01-23 20:17,-11.41,47.35,9.00,3.00,20.00,M,T,30.29,-7.00,280.00
ROC,2026-01-23 20:20,M,M,M,3.00,23.00,M,M,30.29,M,M
ROC,2026-01-23 20:25,M,M,M,3.00,19.00,M,M,30.30,M,M
ROC,2026-01-23 20:30,M,M,M,8.00,17.00,M,M,30.30,M,270.00
ROC,2026-01-23 20:35,M,M,M,10.00,19.00,M,M,30.30,M,260.00
ROC,2026-01-23 20:40,M,M,M,10.00,20.00,M,M,30.31,M,M
ROC,2026-01-23 20:45,M,M,M,9.00,17.00,M,M,30.31,M,260.00
ROC,2026-01-23 20:50,M,M,M,9.00,14.00,M,M,30.31,M,270.00
ROC,2026-01-23 20:54,-9.56,45.10,9.00,9.00,16.00,1028.10,T,30.32,-8.00,270.00
ROC,2026-01-23 20:55,M,M,M,9.00,M,M,M,30.32,M,M
ROC,2026-01-23 21:00,M,M,M,10.00,M,M,M,30.32,M,M
ROC,2026-01-23 21:05,M,M,M,10.00,M,M,M,30.32,M,M
ROC,2026-01-23 21:10,M,M,M,9.00,21.00,M,M,30.32,M,M
ROC,2026-01-23 21:15,M,M,M,6.00,23.00,M,M,30.33,M,M
ROC,2026-01-23 21:20,M,M,M,6.00,M,M,M,30.33,M,M
ROC,2026-01-23 21:25,M,M,M,8.00,18.00,M,M,30.33,M,260.00
ROC,2026-01-23 21:30,M,M,M,10.00,M,M,M,30.33,M,M
ROC,2026-01-23 21:35,M,M,M,6.00,M,M,M,30.34,M,M
ROC,2026-01-23 21:40,M,M,M,5.00,16.00,M,M,30.34,M,260.00
ROC,2026-01-23 21:45,M,M,M,9.00,17.00,M,M,30.35,M,260.00
ROC,2026-01-23 21:50,M,M,M,7.00,M,M,M,30.35,M,M
ROC,2026-01-23 21:54,-11.06,59.89,7.00,5.00,14.00,1029.40,T,30.35,-4.00,270.00
ROC,2026-01-23 21:55,M,M,M,5.00,14.00,M,M,30.35,M,260.00
ROC,2026-01-23 22:00,M,M,M,5.00,M,M,M,30.36,M,M
ROC,2026-01-23 22:05,M,M,M,4.00,M,M,M,30.36,M,M
ROC,2026-01-23 22:10,M,M,M,4.00,M,M,M,30.36,M,M
ROC,2026-01-23 22:15,M,M,M,4.00,M,M,M,30.36,M,M
ROC,2026-01-23 22:20,M,M,M,3.50,18.00,M,M,30.37,M,250.00
ROC,2026-01-23 22:24,-14.95,65.74,6.00,2.00,19.00,M,T,30.37,-3.00,270.00
ROC,2026-01-23 22:25,M,M,M,2.00,M,M,M,30.37,M,M
ROC,2026-01-23 22:30,M,M,M,3.00,19.00,M,M,30.37,M,M
ROC,2026-01-23 22:31,-14.95,65.74,6.00,3.00,19.00,M,T,30.37,-3.00,260.00
ROC,2026-01-23 22:35,M,M,M,4.00,M,M,M,30.37,M,M
ROC,2026-01-23 22:40,M,M,M,3.00,18.00,M,M,30.38,M,260.00
ROC,2026-01-23 22:45,M,M,M,3.00,18.00,M,M,30.38,M,260.00
ROC,2026-01-23 22:50,M,M,M,5.00,17.00,M,M,30.39,M,260.00
ROC,2026-01-23 22:54,-15.39,62.68,6.00,5.00,20.00,1030.60,T,30.39,-4.00,270.00
ROC,2026-01-23 22:55,M,M,M,6.00,M,M,M,30.39,M,M
ROC,2026-01-23 23:00,M,M,M,4.00,17.00,M,M,30.39,M,260.00
ROC,2026-01-23 23:05,M,M,M,1.50,M,M,M,30.39,M,M
ROC,2026-01-23 23:05,-16.24,65.74,6.00,1.50,22.00,M,T,30.39,-3.00,270.00
ROC,2026-01-23 23:10,M,M,M,1.50,15.00,M,M,30.40,M,260.00
ROC,2026-01-23 23:15,M,M,M,1.50,19.00,M,M,30.40,M,M
ROC,2026-01-23 23:20,M,M,M,1.50,M,M,M,30.41,M,M
ROC,2026-01-23 23:25,M,M,M,1.50,15.00,M,M,30.41,M,260.00
ROC,2026-01-23 23:30,M,M,M,1.75,14.00,M,M,30.42,M,270.00
ROC,2026-01-23 23:35,M,M,M,1.75,19.00,M,M,30.42,M,M
ROC,2026-01-23 23:40,M,M,M,1.50,M,M,M,30.42,M,M
ROC,2026-01-23 23:45,M,M,M,1.50,M,M,M,30.42,M,M
ROC,2026-01-23 23:50,M,M,M,1.00,M,M,M,30.42,M,M
ROC,2026-01-23 23:54,-14.22,72.17,5.00,1.00,15.00,1031.90,T,30.43,-2.00,260.00
ROC,2026-01-23 23:55,M,M,M,1.25,M,M,M,30.43,M,M
ROC,2026-01-24 00:00,M,M,M,1.25,M,M,M,30.43,M,M
ROC,2026-01-24 00:05,M,M,M,1.25,M,M,M,30.43,M,M
ROC,2026-01-24 00:10,M,M,M,1.25,14.00,M,M,30.43,M,260.00
ROC,2026-01-24 00:11,-14.22,72.17,5.00,2.50,15.00,M,T,30.44,-2.00,270.00
ROC,2026-01-24 00:15,M,M,M,2.50,18.00,M,M,30.44,M,260.00
ROC,2026-01-24 00:20,M,M,M,2.50,M,M,M,30.44,M,M
ROC,2026-01-24 00:22,-15.52,75.56,4.00,1.50,15.00,M,T,30.44,-2.00,260.00
ROC,2026-01-24 00:25,M,M,M,1.50,15.00,M,M,30.44,M,260.00
ROC,2026-01-24 00:28,-14.93,75.56,4.00,0.50,14.00,M,T,30.44,-2.00,260.00
ROC,2026-01-24 00:30,M,M,M,0.50,19.00,M,M,30.44,M,M
ROC,2026-01-24 00:35,M,M,M,0.50,16.00,M,M,30.45,M,260.00
ROC,2026-01-24 00:40,M,M,M,0.50,17.00,M,M,30.45,M,250.00
ROC,2026-01-24 00:43,-16.08,75.56,4.00,1.50,16.00,M,T,30.45,-2.00,260.00
ROC,2026-01-24 00:45,M,M,M,1.50,16.00,M,M,30.45,M,260.00
ROC,2026-01-24 00:50,M,M,M,1.50,14.00,M,M,30.46,M,260.00
ROC,2026-01-24 00:54,-16.08,79.22,4.00,1.50,16.00,1033.00,T,30.46,-1.00,260.00
ROC,2026-01-24 00:55,M,M,M,1.50,M,M,M,30.46,M,M
ROC,2026-01-24 01:00,M,M,M,1.25,15.00,M,M,30.46,M,270.00
ROC,2026-01-24 01:05,M,M,M,1.25,16.00,M,M,30.46,M,M
ROC,2026-01-24 01:10,M,M,M,1.75,M,M,M,30.46,M,M
ROC,2026-01-24 01:15,M,M,M,1.50,16.00,M,M,30.46,M,260.00
ROC,2026-01-24 01:20,M,M,M,1.50,15.00,M,M,30.47,M,270.00
ROC,2026-01-24 01:21,-15.52,75.56,4.00,2.50,15.00,M,T,30.47,-2.00,270.00
ROC,2026-01-24 01:25,M,M,M,2.50,M,M,M,30.47,M,M
ROC,2026-01-24 01:28,-15.52,75.56,4.00,3.00,15.00,M,T,30.47,-2.00,270.00
ROC,2026-01-24 01:30,M,M,M,5.00,15.00,M,M,30.47,M,M
ROC,2026-01-24 01:35,M,M,M,6.00,17.00,M,M,30.47,M,M
ROC,2026-01-24 01:40,M,M,M,6.00,13.00,M,M,30.47,M,270.00
ROC,2026-01-24 01:45,M,M,M,5.00,14.00,M,M,30.47,M,260.00
ROC,2026-01-24 01:50,M,M,M,3.00,13.00,M,M,30.48,M,270.00
ROC,2026-01-24 01:54,-16.08,79.22,4.00,1.75,16.00,1033.80,T,30.48,-1.00,260.00
ROC,2026-01-24 01:55,M,M,M,1.75,M,M,M,30.48,M,M
ROC,2026-01-24 02:00,M,M,M,1.75,13.00,M,M,30.48,M,260.00
ROC,2026-01-24 02:05,M,M,M,1.75,11.00,M,M,30.49,M,260.00
ROC,2026-01-24 02:10,M,M,M,1.75,13.00,M,M,30.49,M,260.00
ROC,2026-01-24 02:12,-14.93,75.56,4.00,4.00,14.00,M,T,30.49,-2.00,260.00
ROC,2026-01-24 02:15,M,M,M,3.50,15.00,M,M,30.49,M,260.00
ROC,2026-01-24 02:20,M,M,M,2.50,13.00,M,M,30.49,M,260.00
ROC,2026-01-24 02:23,-13.63,79.22,4.00,2.50,12.00,M,T,30.49,-1.00,260.00
ROC,2026-01-24 02:25,M,M,M,2.50,13.00,M,M,30.49,M,260.00
ROC,2026-01-24 02:29,-14.30,79.22,4.00,2.50,13.00,M,T,30.49,-1.00,260.00
ROC,2026-01-24 02:30,M,M,M,4.00,13.00,M,M,30.49,M,260.00
ROC,2026-01-24 02:35,M,M,M,5.00,13.00,M,M,30.50,M,260.00
ROC,2026-01-24 02:40,M,M,M,4.00,12.00,M,M,30.50,M,260.00
ROC,2026-01-24 02:45,M,M,M,4.00,14.00,M,M,30.50,M,260.00
ROC,2026-01-24 02:50,M,M,M,4.00,11.00,M,M,30.50,M,260.00
ROC,2026-01-24 02:54,-14.18,79.13,3.00,2.50,11.00,1034.70,T,30.51,-2.00,260.00
ROC,2026-01-24 02:55,M,M,M,4.00,11.00,M,M,30.50,M,260.00
ROC,2026-01-24 03:00,M,M,M,4.00,11.00,M,M,30.50,M,260.00
ROC,2026-01-24 03:05,M,M,M,5.00,12.00,M,M,30.50,M,260.00
ROC,2026-01-24 03:10,M,M,M,6.00,12.00,M,M,30.50,M,250.00
ROC,2026-01-24 03:15,M,M,M,4.00,14.00,M,M,30.50,M,260.00
ROC,2026-01-24 03:20,M,M,M,2.00,13.00,M,M,30.50,M,260.00
ROC,2026-01-24 03:21,-15.58,79.13,3.00,2.00,13.00,M,T,30.50,-2.00,260.00
ROC,2026-01-24 03:30,M,M,M,2.00,13.00,M,M,30.50,M,260.00
ROC,2026-01-24 03:35,M,M,M,2.00,15.00,M,M,30.50,M,260.00
ROC,2026-01-24 03:40,M,M,M,2.00,14.00,M,M,30.50,M,260.00
ROC,2026-01-24 03:45,M,M,M,2.00,14.00,M,M,30.50,M,260.00
ROC,2026-01-24 03:50,M,M,M,2.00,15.00,M,M,30.50,M,260.00
ROC,2026-01-24 03:54,-13.63,79.22,4.00,2.00,12.00,1034.70,T,30.51,-1.00,270.00
ROC,2026-01-24 03:55,M,M,M,2.00,12.00,M,M,30.51,M,260.00
ROC,2026-01-24 04:00,M,M,M,2.50,14.00,M,M,30.51,M,260.00
ROC,2026-01-24 04:05,M,M,M,0.75,13.00,M,M,30.51,M,260.00
ROC,2026-01-24 04:05,-14.30,79.22,4.00,0.75,13.00,M,T,30.51,-1.00,260.00
ROC,2026-01-24 04:10,M,M,M,0.75,15.00,M,M,30.51,M,260.00
ROC,2026-01-24 04:15,M,M,M,0.75,12.00,M,M,30.51,M,270.00
ROC,2026-01-24 04:20,M,M,M,0.75,15.00,M,M,30.51,M,M
ROC,2026-01-24 04:21,-16.22,79.13,3.00,1.00,14.00,M,T,30.51,-2.00,270.00
ROC,2026-01-24 04:25,M,M,M,0.75,M,M,M,30.51,M,M
ROC,2026-01-24 04:25,-16.82,82.96,3.00,0.75,15.00,M,T,30.51,-1.00,270.00
ROC,2026-01-24 04:30,M,M,M,0.75,13.00,M,M,30.51,M,270.00
ROC,2026-01-24 04:32,-16.22,82.96,3.00,0.50,14.00,M,T,30.52,-1.00,280.00
ROC,2026-01-24 04:35,M,M,M,0.50,13.00,M,M,30.52,M,270.00
ROC,2026-01-24 04:40,M,M,M,0.50,13.00,M,M,30.52,M,270.00
ROC,2026-01-24 04:45,M,M,M,0.50,12.00,M,0.01,30.52,M,280.00
ROC,2026-01-24 04:46,-14.91,82.96,3.00,0.50,12.00,M,0.01,30.52,-1.00,280.00
ROC,2026-01-24 04:50,M,M,M,0.50,9.00,M,0.01,30.52,M,280.00
ROC,2026-01-24 04:54,-13.40,82.96,3.00,0.50,10.00,1035.30,0.01,30.53,-1.00,270.00
ROC,2026-01-24 04:55,M,M,M,0.50,11.00,M,M,30.53,M,280.00
ROC,2026-01-24 05:00,M,M,M,0.50,10.00,M,M,30.53,M,270.00
ROC,2026-01-24 05:05,M,M,M,0.50,10.00,M,M,30.53,M,280.00
ROC,2026-01-24 05:10,M,M,M,0.50,9.00,M,M,30.53,M,270.00
ROC,2026-01-24 05:15,M,M,M,0.50,9.00,M,M,30.53,M,270.00
ROC,2026-01-24 05:20,M,M,M,0.50,10.00,M,M,30.53,M,260.00
ROC,2026-01-24 05:25,M,M,M,0.50,10.00,M,M,30.54,M,270.00
ROC,2026-01-24 05:30,M,M,M,0.50,10.00,M,M,30.54,M,260.00
ROC,2026-01-24 05:35,M,M,M,0.50,11.00,M,M,30.54,M,260.00
ROC,2026-01-24 05:40,M,M,M,0.50,10.00,M,M,30.54,M,260.00
ROC,2026-01-24 05:45,M,M,M,0.50,8.00,M,M,30.54,M,270.00
ROC,2026-01-24 05:50,M,M,M,0.50,9.00,M,0.01,30.54,M,270.00
ROC,2026-01-24 05:54,-13.40,82.96,3.00,1.00,10.00,1035.90,0.01,30.54,-1.00,280.00
ROC,2026-01-24 05:55,M,M,M,1.00,10.00,M,M,30.54,M,270.00
ROC,2026-01-24 06:00,M,M,M,1.00,8.00,M,M,30.55,M,270.00
ROC,2026-01-24 06:05,M,M,M,1.00,10.00,M,M,30.55,M,270.00
ROC,2026-01-24 06:10,M,M,M,1.00,9.00,M,M,30.55,M,270.00
ROC,2026-01-24 06:15,M,M,M,1.25,11.00,M,M,30.55,M,270.00
ROC,2026-01-24 06:20,M,M,M,1.25,9.00,M,M,30.56,M,270.00
ROC,2026-01-24 06:25,M,M,M,1.50,8.00,M,M,30.56,M,270.00
ROC,2026-01-24 06:26,-10.57,79.13,3.00,1.50,7.00,M,T,30.56,-2.00,280.00
ROC,2026-01-24 06:30,M,M,M,1.75,9.00,M,M,30.55,M,280.00
ROC,2026-01-24 06:35,M,M,M,1.50,10.00,M,M,30.56,M,280.00
ROC,2026-01-24 06:40,M,M,M,1.50,10.00,M,M,30.56,M,280.00
ROC,2026-01-24 06:45,M,M,M,1.25,8.00,M,M,30.56,M,270.00
ROC,2026-01-24 06:50,M,M,M,1.50,8.00,M,M,30.56,M,270.00
ROC,2026-01-24 06:54,-13.79,82.88,2.00,1.75,9.00,1036.70,T,30.56,-2.00,280.00
ROC,2026-01-24 06:55,M,M,M,1.75,8.00,M,M,30.56,M,270.00
ROC,2026-01-24 07:00,M,M,M,1.75,10.00,M,M,30.56,M,270.00
ROC,2026-01-24 07:05,M,M,M,2.00,8.00,M,M,30.57,M,270.00
ROC,2026-01-24 07:10,M,M,M,1.75,8.00,M,M,30.57,M,270.00
ROC,2026-01-24 07:15,M,M,M,1.50,7.00,M,M,30.57,M,270.00
ROC,2026-01-24 07:20,M,M,M,1.25,8.00,M,M,30.58,M,280.00
ROC,2026-01-24 07:25,M,M,M,1.25,9.00,M,M,30.58,M,270.00
ROC,2026-01-24 07:30,M,M,M,1.25,8.00,M,M,30.58,M,280.00
ROC,2026-01-24 07:35,M,M,M,1.50,8.00,M,M,30.58,M,280.00
ROC,2026-01-24 07:40,M,M,M,1.50,8.00,M,M,30.58,M,280.00
ROC,2026-01-24 07:45,M,M,M,1.75,8.00,M,M,30.58,M,270.00
ROC,2026-01-24 07:50,M,M,M,1.75,9.00,M,M,30.59,M,270.00
ROC,2026-01-24 07:54,-12.84,82.88,2.00,2.00,8.00,1037.50,T,30.59,-2.00,270.00
ROC,2026-01-24 07:55,M,M,M,2.00,7.00,M,M,30.59,M,270.00
ROC,2026-01-24 08:00,M,M,M,2.50,9.00,M,M,30.59,M,270.00
ROC,2026-01-24 08:05,M,M,M,2.50,7.00,M,M,30.59,M,280.00
ROC,2026-01-24 08:10,M,M,M,2.00,8.00,M,M,30.59,M,270.00
ROC,2026-01-24 08:15,M,M,M,2.00,8.00,M,M,30.59,M,270.00
ROC,2026-01-24 08:20,M,M,M,2.50,10.00,M,M,30.59,M,260.00
ROC,2026-01-24 08:25,M,M,M,2.50,9.00,M,M,30.59,M,260.00
ROC,2026-01-24 08:30,M,M,M,2.50,9.00,M,M,30.60,M,270.00
ROC,2026-01-24 08:35,M,M,M,3.00,8.00,M,M,30.60,M,280.00
ROC,2026-01-24 08:40,M,M,M,3.00,9.00,M,M,30.60,M,270.00
ROC,2026-01-24 08:45,M,M,M,2.50,8.00,M,M,30.60,M,280.00
ROC,2026-01-24 08:50,M,M,M,3.00,M,M,M,30.60,M,M
ROC,2026-01-24 08:54,-14.07,82.81,1.00,2.50,8.00,1038.00,T,30.60,-3.00,280.00
ROC,2026-01-24 08:55,M,M,M,3.00,8.00,M,M,30.60,M,280.00
ROC,2026-01-24 09:00,M,M,M,3.50,7.00,M,M,30.60,M,280.00
ROC,2026-01-24 09:05,M,M,M,3.00,7.00,M,M,30.60,M,280.00
ROC,2026-01-24 09:10,M,M,M,3.00,6.00,M,M,30.61,M,280.00
ROC,2026-01-24 09:15,M,M,M,4.00,6.00,M,M,30.61,M,280.00
ROC,2026-01-24 09:20,M,M,M,4.00,7.00,M,M,30.61,M,270.00
ROC,2026-01-24 09:25,M,M,M,5.00,5.00,M,M,30.61,M,260.00
ROC,2026-01-24 09:30,M,M,M,5.00,5.00,M,M,30.61,M,270.00
ROC,2026-01-24 09:35,M,M,M,5.00,5.00,M,M,30.61,M,270.00
ROC,2026-01-24 09:40,M,M,M,4.00,6.00,M,M,30.61,M,270.00
ROC,2026-01-24 09:45,M,M,M,4.00,6.00,M,M,30.61,M,270.00
ROC,2026-01-24 09:50,M,M,M,4.00,6.00,M,M,30.61,M,280.00
ROC,2026-01-24 09:54,-13.01,82.73,0.00,4.00,6.00,1038.70,T,30.62,-4.00,280.00
ROC,2026-01-24 09:55,M,M,M,4.00,5.00,M,M,30.62,M,280.00
ROC,2026-01-24 10:00,M,M,M,5.00,5.00,M,M,30.62,M,280.00
ROC,2026-01-24 10:05,M,M,M,5.00,5.00,M,M,30.62,M,280.00
ROC,2026-01-24 10:10,M,M,M,6.00,5.00,M,M,30.62,M,270.00
ROC,2026-01-24 10:15,M,M,M,6.00,5.00,M,M,30.62,M,270.00
ROC,2026-01-24 10:20,M,M,M,7.00,5.00,M,M,30.62,M,270.00
ROC,2026-01-24 10:25,M,M,M,8.00,5.00,M,M,30.62,M,270.00
ROC,2026-01-24 10:30,M,M,M,8.00,5.00,M,M,30.62,M,260.00
ROC,2026-01-24 10:35,M,M,M,8.00,5.00,M,M,30.62,M,260.00
ROC,2026-01-24 10:40,M,M,M,8.00,6.00,M,M,30.63,M,250.00
ROC,2026-01-24 10:45,M,M,M,8.00,7.00,M,M,30.63,M,240.00
ROC,2026-01-24 10:50,M,M,M,8.00,7.00,M,M,30.63,M,240.00
ROC,2026-01-24 10:54,-17.83,86.53,-4.00,7.00,6.00,1039.40,T,30.63,-7.00,240.00
ROC,2026-01-24 10:55,M,M,M,7.00,7.00,M,M,30.63,M,240.00
ROC,2026-01-24 11:00,M,M,M,7.00,7.00,M,M,30.64,M,240.00
ROC,2026-01-24 11:05,M,M,M,8.00,7.00,M,M,30.64,M,240.00
ROC,2026-01-24 11:10,M,M,M,8.00,7.00,M,M,30.64,M,250.00
ROC,2026-01-24 11:15,M,M,M,9.00,7.00,M,M,30.64,M,260.00
ROC,2026-01-24 11:16,-19.10,90.83,-4.00,9.00,7.00,M,T,30.64,-6.00,260.00
ROC,2026-01-24 11:20,M,M,M,9.00,7.00,M,M,30.64,M,260.00
ROC,2026-01-24 11:25,M,M,M,M,7.00,M,M,30.64,M,250.00
ROC,2026-01-24 11:30,M,M,M,M,8.00,M,M,30.64,M,260.00
ROC,2026-01-24 11:35,M,M,M,M,9.00,M,M,30.64,M,250.00
ROC,2026-01-24 11:40,M,M,M,M,8.00,M,M,30.64,M,250.00
ROC,2026-01-24 11:45,M,M,M,M,7.00,M,M,30.65,M,250.00
ROC,2026-01-24 11:50,M,M,M,9.00,6.00,M,M,30.65,M,260.00
ROC,2026-01-24 11:54,-16.62,82.50,-3.00,9.00,6.00,1039.80,T,30.65,-7.00,260.00
ROC,2026-01-24 11:55,M,M,M,9.00,6.00,M,M,30.65,M,260.00
ROC,2026-01-24 12:00,M,M,M,9.00,6.00,M,M,30.65,M,240.00
ROC,2026-01-24 12:05,M,M,M,9.00,7.00,M,M,30.65,M,240.00
ROC,2026-01-24 12:10,M,M,M,9.00,7.00,M,M,30.65,M,240.00
ROC,2026-01-24 12:15,M,M,M,9.00,5.00,M,M,30.65,M,250.00
ROC,2026-01-24 12:20,M,M,M,9.00,6.00,M,M,30.65,M,250.00
ROC,2026-01-24 12:25,M,M,M,9.00,6.00,M,M,30.65,M,240.00
ROC,2026-01-24 12:30,M,M,M,9.00,5.00,M,M,30.65,M,250.00
ROC,2026-01-24 12:35,M,M,M,5.00,6.00,M,M,30.65,M,260.00
ROC,2026-01-24 12:40,M,M,M,4.00,6.00,M,M,30.66,M,260.00
ROC,2026-01-24 12:45,M,M,M,5.00,5.00,M,M,30.66,M,260.00
ROC,2026-01-24 12:50,M,M,M,8.00,4.00,M,M,30.66,M,260.00
ROC,2026-01-24 12:54,-15.79,82.34,-5.00,8.00,4.00,1040.20,T,30.66,-9.00,260.00
ROC,2026-01-24 12:55,M,M,M,8.00,4.00,M,M,30.66,M,250.00
ROC,2026-01-24 13:00,M,M,M,6.00,5.00,M,M,30.66,M,250.00
ROC,2026-01-24 13:01,-18.73,86.41,-6.00,6.00,5.00,M,T,30.66,-9.00,250.00
ROC,2026-01-24 13:05,M,M,M,7.00,5.00,M,M,30.66,M,260.00
ROC,2026-01-24 13:10,M,M,M,9.00,4.00,M,M,30.66,M,250.00
ROC,2026-01-24 13:15,M,M,M,10.00,5.00,M,M,30.66,M,250.00
ROC,2026-01-24 13:20,M,M,M,10.00,4.00,M,M,30.66,M,240.00
ROC,2026-01-24 13:25,M,M,M,10.00,4.00,M,M,30.66,M,240.00
ROC,2026-01-24 13:30,M,M,M,10.00,5.00,M,M,30.67,M,250.00
ROC,2026-01-24 13:35,M,M,M,10.00,5.00,M,M,30.67,M,240.00
ROC,2026-01-24 13:40,M,M,M,10.00,6.00,M,M,30.67,M,230.00
ROC,2026-01-24 13:45,M,M,M,10.00,7.00,M,M,30.67,M,230.00
ROC,2026-01-24 13:50,M,M,M,10.00,8.00,M,M,30.67,M,230.00
ROC,2026-01-24 13:54,-19.10,82.42,-4.00,10.00,7.00,1040.50,T,30.67,-8.00,240.00
ROC,2026-01-24 13:55,M,M,M,10.00,7.00,M,M,30.67,M,230.00
ROC,2026-01-24 14:00,M,M,M,10.00,6.00,M,M,30.67,M,230.00
ROC,2026-01-24 14:05,M,M,M,10.00,6.00,M,M,30.67,M,230.00
ROC,2026-01-24 14:10,M,M,M,10.00,7.00,M,M,30.67,M,240.00
ROC,2026-01-24 14:15,M,M,M,10.00,5.00,M,M,30.67,M,240.00
ROC,2026-01-24 14:20,M,M,M,10.00,6.00,M,M,30.67,M,230.00
ROC,2026-01-24 14:25,M,M,M,10.00,6.00,M,M,30.67,M,230.00
ROC,2026-01-24 14:30,M,M,M,10.00,6.00,M,M,30.68,M,220.00
ROC,2026-01-24 14:35,M,M,M,10.00,5.00,M,M,30.68,M,230.00
ROC,2026-01-24 14:40,M,M,M,10.00,5.00,M,M,30.68,M,230.00
ROC,2026-01-24 14:45,M,M,M,10.00,6.00,M,M,30.68,M,230.00
ROC,2026-01-24 14:50,M,M,M,10.00,6.00,M,M,30.68,M,240.00
ROC,2026-01-24 14:54,-10.60,75.35,2.00,10.00,6.00,1040.90,0.00,30.68,-4.00,230.00
ROC,2026-01-24 14:55,M,M,M,10.00,6.00,M,M,30.68,M,230.00
ROC,2026-01-24 15:00,M,M,M,10.00,5.00,M,M,30.68,M,230.00
ROC,2026-01-24 15:05,M,M,M,10.00,5.00,M,M,30.68,M,240.00
ROC,2026-01-24 15:10,M,M,M,10.00,5.00,M,M,30.69,M,230.00
ROC,2026-01-24 15:15,M,M,M,10.00,5.00,M,M,30.69,M,230.00
ROC,2026-01-24 15:20,M,M,M,10.00,5.00,M,M,30.69,M,240.00
ROC,2026-01-24 15:25,M,M,M,10.00,4.00,M,M,30.69,M,210.00
ROC,2026-01-24 15:30,M,M,M,10.00,5.00,M,M,30.69,M,230.00
ROC,2026-01-24 15:35,M,M,M,10.00,6.00,M,M,30.69,M,250.00
ROC,2026-01-24 15:40,M,M,M,10.00,4.00,M,M,30.69,M,220.00
ROC,2026-01-24 15:45,M,M,M,5.00,5.00,M,M,30.69,M,230.00
ROC,2026-01-24 15:50,M,M,M,5.00,3.00,M,M,M,M,200.00
ROC,2026-01-24 15:54,-4.48,65.74,6.00,10.00,5.00,1041.30,0.00,30.70,-3.00,200.00
ROC,2026-01-24 15:55,M,M,M,10.00,5.00,M,M,M,M,210.00
ROC,2026-01-24 16:00,M,M,M,10.00,3.00,M,M,30.69,M,220.00
ROC,2026-01-24 16:05,M,M,M,10.00,3.00,M,M,30.69,M,220.00
ROC,2026-01-24 16:10,M,M,M,10.00,5.00,M,M,30.69,M,220.00
ROC,2026-01-24 16:15,M,M,M,10.00,6.00,M,M,30.69,M,210.00
ROC,2026-01-24 16:20,M,M,M,10.00,5.00,M,M,30.69,M,210.00
ROC,2026-01-24 16:25,M,M,M,10.00,4.00,M,M,30.69,M,200.00
ROC,2026-01-24 16:30,M,M,M,10.00,6.00,M,M,30.69,M,230.00
ROC,2026-01-24 16:35,M,M,M,10.00,5.00,M,M,30.69,M,220.00
ROC,2026-01-24 16:40,M,M,M,10.00,5.00,M,M,30.69,M,210.00
ROC,2026-01-24 16:45,M,M,M,10.00,5.00,M,M,30.69,M,210.00
ROC,2026-01-24 16:50,M,M,M,10.00,5.00,M,M,30.68,M,230.00
ROC,2026-01-24 16:54,-3.29,65.88,7.00,10.00,5.00,1040.80,0.00,30.68,-2.00,200.00
ROC,2026-01-24 16:55,M,M,M,10.00,4.00,M,M,30.68,M,200.00
ROC,2026-01-24 17:00,M,M,M,10.00,3.00,M,M,30.68,M,210.00
ROC,2026-01-24 17:05,M,M,M,10.00,6.00,M,M,30.68,M,210.00
ROC,2026-01-24 17:10,M,M,M,10.00,4.00,M,M,30.68,M,220.00
ROC,2026-01-24 17:15,M,M,M,10.00,5.00,M,M,30.67,M,210.00
ROC,2026-01-24 17:20,M,M,M,10.00,6.00,M,M,30.67,M,190.00
ROC,2026-01-24 17:25,M,M,M,10.00,4.00,M,M,30.66,M,200.00
ROC,2026-01-24 17:30,M,M,M,10.00,5.00,M,M,30.66,M,220.00
ROC,2026-01-24 17:35,M,M,M,10.00,4.00,M,M,30.66,M,200.00
ROC,2026-01-24 17:40,M,M,M,10.00,5.00,M,M,30.66,M,280.00
ROC,2026-01-24 17:45,M,M,M,10.00,3.00,M,M,30.66,M,300.00
ROC,2026-01-24 17:50,M,M,M,10.00,7.00,M,M,30.66,M,280.00
ROC,2026-01-24 17:54,-2.04,54.88,10.00,10.00,7.00,1040.10,0.00,30.66,-3.00,280.00
ROC,2026-01-24 17:55,M,M,M,10.00,0.00,M,M,30.66,M,0.00
ROC,2026-01-24 18:00,M,M,M,10.00,M,M,M,30.66,M,M
ROC,2026-01-24 18:05,M,M,M,8.00,6.00,M,M,30.66,M,280.00
ROC,2026-01-24 18:10,M,M,M,8.00,6.00,M,M,30.66,M,230.00
ROC,2026-01-24 18:15,M,M,M,10.00,9.00,M,M,30.66,M,280.00
ROC,2026-01-24 18:20,M,M,M,10.00,9.00,M,M,30.66,M,270.00
ROC,2026-01-24 18:25,M,M,M,10.00,4.00,M,M,30.66,M,260.00
ROC,2026-01-24 18:30,M,M,M,10.00,8.00,M,M,30.66,M,250.00
ROC,2026-01-24 18:35,M,M,M,10.00,6.00,M,M,30.66,M,290.00
ROC,2026-01-24 18:40,M,M,M,10.00,10.00,M,M,30.66,M,250.00
ROC,2026-01-24 18:45,M,M,M,10.00,9.00,M,M,30.66,M,240.00
ROC,2026-01-24 18:50,M,M,M,10.00,8.00,M,M,30.65,M,290.00
ROC,2026-01-24 18:54,-2.60,57.70,11.00,10.00,9.00,1039.60,T,30.65,-1.00,240.00
ROC,2026-01-24 18:55,M,M,M,10.00,8.00,M,M,30.65,M,240.00
ROC,2026-01-24 19:00,M,M,M,9.00,8.00,M,M,30.65,M,250.00
ROC,2026-01-24 19:05,M,M,M,9.00,10.00,M,M,30.65,M,250.00
ROC,2026-01-24 19:10,M,M,M,9.00,7.00,M,M,30.65,M,260.00
ROC,2026-01-24 19:15,M,M,M,9.00,7.00,M,M,30.64,M,250.00
ROC,2026-01-24 19:20,M,M,M,9.00,8.00,M,M,30.65,M,270.00
ROC,2026-01-24 19:25,M,M,M,9.00,7.00,M,M,30.64,M,270.00
ROC,2026-01-24 19:30,M,M,M,8.00,8.00,M,M,30.65,M,280.00
ROC,2026-01-24 19:35,M,M,M,7.00,8.00,M,M,30.65,M,250.00
ROC,2026-01-24 19:40,M,M,M,8.00,9.00,M,M,30.65,M,260.00
ROC,2026-01-24 19:45,M,M,M,9.00,7.00,M,M,30.65,M,260.00
ROC,2026-01-24 19:50,M,M,M,9.00,7.00,M,M,30.65,M,260.00
ROC,2026-01-24 19:54,0.24,60.48,11.00,9.00,6.00,1039.70,T,30.65,0.00,270.00
ROC,2026-01-24 19:55,M,M,M,9.00,6.00,M,M,30.65,M,250.00
ROC,2026-01-24 20:00,M,M,M,9.00,10.00,M,M,30.65,M,240.00
ROC,2026-01-24 20:05,M,M,M,9.00,8.00,M,M,30.65,M,260.00
ROC,2026-01-24 20:10,M,M,M,9.00,9.00,M,M,30.65,M,260.00
ROC,2026-01-24 20:15,M,M,M,9.00,9.00,M,M,30.65,M,250.00
ROC,2026-01-24 20:20,M,M,M,9.00,6.00,M,M,30.66,M,260.00
ROC,2026-01-24 20:25,M,M,M,9.00,7.00,M,M,30.66,M,260.00
ROC,2026-01-24 20:30,M,M,M,9.00,9.00,M,M,30.66,M,250.00
ROC,2026-01-24 20:35,M,M,M,9.00,9.00,M,M,30.66,M,270.00
ROC,2026-01-24 20:40,M,M,M,9.00,8.00,M,M,30.66,M,270.00
ROC,2026-01-24 20:45,M,M,M,9.00,7.00,M,M,30.66,M,230.00
ROC,2026-01-24 20:50,M,M,M,9.00,9.00,M,M,30.66,M,270.00
ROC,2026-01-24 20:54,-2.60,60.48,11.00,9.00,9.00,1040.00,T,30.66,0.00,260.00
ROC,2026-01-24 20:55,M,M,M,9.00,10.00,M,M,30.66,M,260.00
ROC,2026-01-24 21:00,M,M,M,9.00,10.00,M,M,30.66,M,250.00
ROC,2026-01-24 21:02,-4.62,60.34,10.00,9.00,10.00,M,T,30.66,-1.00,260.00
ROC,2026-01-24 21:05,M,M,M,9.00,8.00,M,M,30.66,M,260.00
ROC,2026-01-24 21:10,M,M,M,10.00,8.00,M,M,30.66,M,270.00
ROC,2026-01-24 21:15,M,M,M,10.00,8.00,M,M,30.66,M,240.00
ROC,2026-01-24 21:20,M,M,M,10.00,7.00,M,M,30.66,M,240.00
ROC,2026-01-24 21:25,M,M,M,10.00,7.00,M,M,30.66,M,240.00
ROC,2026-01-24 21:30,M,M,M,10.00,7.00,M,M,30.66,M,240.00
ROC,2026-01-24 21:35,M,M,M,10.00,6.00,M,M,30.65,M,240.00
ROC,2026-01-24 21:40,M,M,M,10.00,8.00,M,M,30.65,M,250.00
ROC,2026-01-24 21:45,M,M,M,10.00,8.00,M,M,30.65,M,250.00
ROC,2026-01-24 21:50,M,M,M,10.00,7.00,M,M,30.65,M,250.00
ROC,2026-01-24 21:54,-0.97,63.24,10.00,10.00,6.00,1039.60,T,30.65,0.00,250.00
ROC,2026-01-24 21:55,M,M,M,10.00,6.00,M,M,30.65,M,260.00
ROC,2026-01-24 22:00,M,M,M,10.00,6.00,M,M,30.65,M,260.00
ROC,2026-01-24 22:05,M,M,M,10.00,5.00,M,M,30.65,M,240.00
ROC,2026-01-24 22:10,M,M,M,10.00,6.00,M,M,30.64,M,240.00
ROC,2026-01-24 22:15,M,M,M,10.00,5.00,M,M,30.64,M,240.00
ROC,2026-01-24 22:20,M,M,M,10.00,5.00,M,M,30.64,M,250.00
ROC,2026-01-24 22:25,M,M,M,10.00,5.00,M,M,30.65,M,250.00
ROC,2026-01-24 22:30,M,M,M,10.00,4.00,M,M,30.64,M,250.00
ROC,2026-01-24 22:35,M,M,M,10.00,3.00,M,M,30.64,M,240.00
ROC,2026-01-24 22:40,M,M,M,10.00,4.00,M,M,30.64,M,220.00
ROC,2026-01-24 22:45,M,M,M,10.00,3.00,M,M,30.64,M,220.00
ROC,2026-01-24 22:50,M,M,M,10.00,3.00,M,M,30.65,M,220.00
ROC,2026-01-24 22:54,2.40,63.10,9.00,10.00,3.00,1039.60,0.00,30.64,-1.00,210.00
ROC,2026-01-24 22:55,M,M,M,10.00,3.00,M,M,30.64,M,210.00
ROC,2026-01-24 23:00,M,M,M,10.00,3.00,M,M,30.64,M,210.00
ROC,2026-01-24 23:05,M,M,M,10.00,3.00,M,M,30.64,M,200.00
ROC,2026-01-24 23:10,M,M,M,10.00,3.00,M,M,30.64,M,210.00
ROC,2026-01-24 23:15,M,M,M,10.00,3.00,M,M,30.64,M,200.00
ROC,2026-01-24 23:20,M,M,M,10.00,3.00,M,M,30.64,M,200.00
ROC,2026-01-24 23:25,M,M,M,10.00,3.00,M,M,30.64,M,190.00
ROC,2026-01-24 23:30,M,M,M,10.00,3.00,M,M,30.64,M,190.00
ROC,2026-01-24 23:35,M,M,M,10.00,3.00,M,M,30.64,M,200.00
ROC,2026-01-24 23:40,M,M,M,10.00,4.00,M,M,30.64,M,200.00
ROC,2026-01-24 23:45,M,M,M,10.00,3.00,M,M,30.64,M,200.00
ROC,2026-01-24 23:50,M,M,M,10.00,4.00,M,M,30.64,M,200.00
ROC,2026-01-24 23:54,2.40,63.10,9.00,10.00,3.00,1039.30,0.00,30.64,-1.00,200.00
ROC,2026-01-24 23:55,M,M,M,10.00,3.00,M,M,30.64,M,200.00
ROC,2026-01-25 00:00,M,M,M,10.00,4.00,M,M,30.64,M,200.00
ROC,2026-01-25 00:05,M,M,M,10.00,5.00,M,M,30.64,M,200.00
ROC,2026-01-25 00:10,M,M,M,10.00,4.00,M,M,30.64,M,190.00
ROC,2026-01-25 00:15,M,M,M,10.00,4.00,M,M,30.64,M,200.00
ROC,2026-01-25 00:20,M,M,M,10.00,4.00,M,M,30.64,M,200.00
ROC,2026-01-25 00:25,M,M,M,10.00,5.00,M,M,30.64,M,200.00
ROC,2026-01-25 00:30,M,M,M,10.00,4.00,M,M,30.64,M,200.00
ROC,2026-01-25 00:35,M,M,M,10.00,4.00,M,M,30.64,M,200.00
ROC,2026-01-25 00:40,M,M,M,10.00,5.00,M,M,30.65,M,200.00
ROC,2026-01-25 00:45,M,M,M,10.00,4.00,M,M,30.65,M,200.00
ROC,2026-01-25 00:50,M,M,M,10.00,5.00,M,M,30.65,M,190.00
ROC,2026-01-25 00:54,0.27,60.34,10.00,10.00,5.00,1039.70,0.00,30.65,-1.00,200.00
ROC,2026-01-25 00:55,M,M,M,10.00,5.00,M,M,30.65,M,200.00
ROC,2026-01-25 01:00,M,M,M,10.00,5.00,M,M,30.65,M,190.00
ROC,2026-01-25 01:05,M,M,M,10.00,5.00,M,M,30.65,M,190.00
ROC,2026-01-25 01:10,M,M,M,10.00,4.00,M,M,30.65,M,200.00
ROC,2026-01-25 01:15,M,M,M,10.00,4.00,M,M,30.65,M,210.00
ROC,2026-01-25 01:20,M,M,M,10.00,5.00,M,M,30.65,M,210.00
ROC,2026-01-25 01:25,M,M,M,10.00,5.00,M,M,30.65,M,210.00
ROC,2026-01-25 01:30,M,M,M,10.00,4.00,M,M,30.65,M,200.00
ROC,2026-01-25 01:35,M,M,M,10.00,5.00,M,M,30.65,M,200.00
ROC,2026-01-25 01:40,M,M,M,10.00,5.00,M,M,30.64,M,190.00
ROC,2026-01-25 01:45,M,M,M,10.00,5.00,M,M,30.64,M,200.00
ROC,2026-01-25 01:50,M,M,M,10.00,4.00,M,M,30.64,M,190.00
ROC,2026-01-25 01:54,-0.92,63.10,9.00,10.00,5.00,1039.60,0.00,30.64,-1.00,200.00
ROC,2026-01-25 01:55,M,M,M,10.00,4.00,M,M,30.64,M,190.00
ROC,2026-01-25 02:00,M,M,M,10.00,4.00,M,M,30.64,M,190.00
ROC,2026-01-25 02:05,M,M,M,10.00,3.00,M,M,30.64,M,190.00
ROC,2026-01-25 02:10,M,M,M,10.00,3.00,M,M,30.64,M,180.00
ROC,2026-01-25 02:15,M,M,M,10.00,3.00,M,M,30.64,M,170.00
ROC,2026-01-25 02:20,M,M,M,10.00,3.00,M,M,30.64,M,170.00
ROC,2026-01-25 02:25,M,M,M,10.00,4.00,M,M,30.64,M,160.00
ROC,2026-01-25 02:30,M,M,M,10.00,4.00,M,M,30.64,M,170.00
ROC,2026-01-25 02:35,M,M,M,10.00,4.00,M,M,30.63,M,170.00
ROC,2026-01-25 02:40,M,M,M,10.00,3.00,M,M,30.63,M,170.00
ROC,2026-01-25 02:45,M,M,M,10.00,3.00,M,M,30.63,M,170.00
ROC,2026-01-25 02:50,M,M,M,10.00,4.00,M,M,30.63,M,160.00
ROC,2026-01-25 02:54,2.40,63.10,9.00,10.00,3.00,1039.10,0.00,30.63,-1.00,160.00
ROC,2026-01-25 02:55,M,M,M,10.00,3.00,M,M,30.63,M,160.00
ROC,2026-01-25 03:00,M,M,M,10.00,4.00,M,M,30.63,M,160.00
ROC,2026-01-25 03:05,M,M,M,10.00,0.00,M,M,30.63,M,0.00
ROC,2026-01-25 03:10,M,M,M,10.00,3.00,M,M,30.62,M,160.00
ROC,2026-01-25 03:15,M,M,M,10.00,3.00,M,M,30.62,M,160.00
ROC,2026-01-25 03:20,M,M,M,10.00,3.00,M,M,30.62,M,170.00
ROC,2026-01-25 03:23,2.40,63.10,9.00,10.00,3.00,M,0.00,30.62,-1.00,170.00
ROC,2026-01-25 03:25,M,M,M,10.00,3.00,M,M,30.63,M,170.00
ROC,2026-01-25 03:30,M,M,M,10.00,3.00,M,M,30.62,M,160.00
ROC,2026-01-25 03:35,M,M,M,10.00,3.00,M,M,30.62,M,160.00
ROC,2026-01-25 03:40,M,M,M,10.00,3.00,M,M,30.61,M,150.00
ROC,2026-01-25 03:45,M,M,M,10.00,4.00,M,M,30.61,M,150.00
ROC,2026-01-25 03:50,M,M,M,10.00,4.00,M,M,30.61,M,150.00
ROC,2026-01-25 03:54,0.56,66.14,9.00,10.00,4.00,1038.30,0.00,30.61,0.00,150.00
ROC,2026-01-25 03:55,M,M,M,10.00,4.00,M,M,30.61,M,150.00
ROC,2026-01-25 04:00,M,M,M,10.00,3.00,M,M,30.61,M,150.00
ROC,2026-01-25 04:05,M,M,M,10.00,3.00,M,M,30.61,M,150.00
ROC,2026-01-25 04:10,M,M,M,10.00,3.00,M,M,30.61,M,140.00
ROC,2026-01-25 04:15,M,M,M,10.00,3.00,M,M,30.61,M,140.00
ROC,2026-01-25 04:20,M,M,M,10.00,3.00,M,M,30.61,M,140.00
ROC,2026-01-25 04:25,M,M,M,10.00,3.00,M,M,30.61,M,130.00
ROC,2026-01-25 04:30,M,M,M,10.00,4.00,M,M,30.61,M,130.00
ROC,2026-01-25 04:35,M,M,M,10.00,3.00,M,M,30.60,M,140.00
ROC,2026-01-25 04:40,M,M,M,10.00,4.00,M,M,30.60,M,150.00
ROC,2026-01-25 04:45,M,M,M,10.00,4.00,M,M,30.60,M,150.00
ROC,2026-01-25 04:50,M,M,M,10.00,3.00,M,M,30.60,M,140.00
ROC,2026-01-25 04:54,2.40,63.10,9.00,10.00,3.00,1037.90,0.00,30.60,-1.00,140.00
ROC,2026-01-25 04:55,M,M,M,10.00,3.00,M,M,30.60,M,130.00
ROC,2026-01-25 05:00,M,M,M,10.00,3.00,M,M,30.60,M,140.00
ROC,2026-01-25 05:05,M,M,M,10.00,3.00,M,M,30.60,M,140.00
ROC,2026-01-25 05:10,M,M,M,10.00,3.00,M,M,30.60,M,130.00
ROC,2026-01-25 05:15,M,M,M,10.00,3.00,M,M,30.60,M,120.00
ROC,2026-01-25 05:20,M,M,M,10.00,3.00,M,M,30.60,M,120.00
ROC,2026-01-25 05:25,M,M,M,10.00,3.00,M,M,30.60,M,120.00
ROC,2026-01-25 05:30,M,M,M,10.00,3.00,M,M,30.60,M,130.00
ROC,2026-01-25 05:35,M,M,M,10.00,3.00,M,M,30.60,M,130.00
ROC,2026-01-25 05:40,M,M,M,10.00,3.00,M,M,30.60,M,110.00
ROC,2026-01-25 05:45,M,M,M,10.00,4.00,M,M,30.60,M,120.00
ROC,2026-01-25 05:50,M,M,M,10.00,5.00,M,M,30.59,M,120.00
ROC,2026-01-25 05:54,-0.92,66.14,9.00,10.00,5.00,1037.50,0.00,30.59,0.00,130.00
ROC,2026-01-25 05:55,M,M,M,10.00,5.00,M,M,30.59,M,130.00
ROC,2026-01-25 06:00,M,M,M,10.00,5.00,M,M,30.59,M,130.00
ROC,2026-01-25 06:05,M,M,M,10.00,5.00,M,M,30.58,M,130.00
ROC,2026-01-25 06:10,M,M,M,10.00,5.00,M,M,30.58,M,130.00
ROC,2026-01-25 06:15,M,M,M,10.00,4.00,M,M,30.58,M,130.00
ROC,2026-01-25 06:20,M,M,M,10.00,4.00,M,M,30.58,M,130.00
ROC,2026-01-25 06:25,M,M,M,10.00,4.00,M,M,30.58,M,130.00
ROC,2026-01-25 06:30,M,M,M,10.00,3.00,M,M,30.58,M,120.00
ROC,2026-01-25 06:35,M,M,M,10.00,4.00,M,M,30.57,M,120.00
ROC,2026-01-25 06:40,M,M,M,10.00,4.00,M,M,30.58,M,130.00
ROC,2026-01-25 06:45,M,M,M,10.00,4.00,M,M,30.57,M,130.00
ROC,2026-01-25 06:50,M,M,M,10.00,4.00,M,M,30.57,M,130.00
ROC,2026-01-25 06:54,0.56,66.14,9.00,10.00,4.00,1036.60,0.00,30.56,0.00,130.00
ROC,2026-01-25 06:55,M,M,M,10.00,4.00,M,M,30.56,M,120.00
ROC,2026-01-25 07:00,M,M,M,10.00,4.00,M,M,30.57,M,120.00
ROC,2026-01-25 07:05,M,M,M,10.00,5.00,M,M,30.56,M,120.00
ROC,2026-01-25 07:10,M,M,M,10.00,5.00,M,M,30.56,M,120.00
ROC,2026-01-25 07:15,M,M,M,10.00,6.00,M,M,30.56,M,110.00
ROC,2026-01-25 07:20,M,M,M,10.00,6.00,M,M,30.56,M,110.00
ROC,2026-01-25 07:25,M,M,M,10.00,8.00,M,M,30.55,M,120.00
ROC,2026-01-25 07:30,M,M,M,10.00,7.00,M,M,30.55,M,120.00
ROC,2026-01-25 07:35,M,M,M,10.00,7.00,M,M,30.55,M,120.00
ROC,2026-01-25 07:40,M,M,M,10.00,7.00,M,M,30.55,M,110.00
ROC,2026-01-25 07:45,M,M,M,10.00,9.00,M,M,30.54,M,110.00
ROC,2026-01-25 07:50,M,M,M,10.00,8.00,M,M,30.55,M,110.00
ROC,2026-01-25 07:54,-3.26,63.10,9.00,10.00,7.00,1036.00,0.00,30.55,-1.00,120.00
ROC,2026-01-25 07:55,M,M,M,10.00,7.00,M,M,30.54,M,110.00
ROC,2026-01-25 08:00,M,M,M,10.00,7.00,M,M,30.54,M,120.00
ROC,2026-01-25 08:05,M,M,M,10.00,8.00,M,M,30.54,M,110.00
ROC,2026-01-25 08:10,M,M,M,10.00,6.00,M,M,30.54,M,110.00
ROC,2026-01-25 08:15,M,M,M,10.00,7.00,M,M,30.54,M,110.00
ROC,2026-01-25 08:20,M,M,M,10.00,7.00,M,M,30.53,M,110.00
ROC,2026-01-25 08:25,M,M,M,10.00,7.00,M,M,30.53,M,110.00
ROC,2026-01-25 08:30,M,M,M,10.00,8.00,M,M,30.52,M,110.00
ROC,2026-01-25 08:35,M,M,M,10.00,8.00,M,M,30.52,M,110.00
ROC,2026-01-25 08:40,M,M,M,10.00,9.00,M,M,30.52,M,120.00
ROC,2026-01-25 08:45,M,M,M,10.00,8.00,M,M,30.52,M,110.00
ROC,2026-01-25 08:50,M,M,M,10.00,7.00,M,M,30.51,M,120.00
ROC,2026-01-25 08:54,-2.04,66.27,10.00,10.00,7.00,1034.90,0.00,30.51,1.00,120.00
ROC,2026-01-25 08:55,M,M,M,10.00,6.00,M,M,30.51,M,120.00
ROC,2026-01-25 09:00,M,M,M,10.00,6.00,M,M,30.51,M,110.00
ROC,2026-01-25 09:05,M,M,M,10.00,8.00,M,M,30.51,M,110.00
ROC,2026-01-25 09:10,M,M,M,10.00,7.00,M,M,30.51,M,120.00
ROC,2026-01-25 09:15,M,M,M,10.00,9.00,M,M,30.50,M,120.00
ROC,2026-01-25 09:20,M,M,M,10.00,9.00,M,M,30.50,M,110.00
ROC,2026-01-25 09:25,M,M,M,10.00,9.00,M,M,30.50,M,120.00
ROC,2026-01-25 09:30,M,M,M,10.00,7.00,M,M,30.50,M,120.00
ROC,2026-01-25 09:35,M,M,M,10.00,8.00,M,M,30.50,M,120.00
ROC,2026-01-25 09:40,M,M,M,10.00,11.00,M,M,30.50,M,120.00
ROC,2026-01-25 09:45,M,M,M,10.00,10.00,M,M,30.49,M,110.00
ROC,2026-01-25 09:50,M,M,M,10.00,9.00,M,M,30.49,M,110.00
ROC,2026-01-25 09:54,-2.99,66.27,10.00,10.00,8.00,1034.10,0.00,30.49,1.00,120.00
ROC,2026-01-25 09:55,M,M,M,10.00,10.00,M,M,30.49,M,120.00
ROC,2026-01-25 10:00,M,M,M,10.00,11.00,M,M,30.48,M,110.00
ROC,2026-01-25 10:05,M,M,M,10.00,12.00,M,M,30.48,M,110.00
ROC,2026-01-25 10:10,M,M,M,10.00,10.00,M,M,30.48,M,110.00
ROC,2026-01-25 10:15,M,M,M,10.00,11.00,M,M,30.49,M,110.00
ROC,2026-01-25 10:20,M,M,M,10.00,11.00,M,M,30.48,M,120.00
ROC,2026-01-25 10:25,M,M,M,10.00,12.00,M,M,30.48,M,110.00
ROC,2026-01-25 10:30,M,M,M,10.00,12.00,M,M,30.48,M,110.00
ROC,2026-01-25 10:35,M,M,M,9.00,9.00,M,M,30.47,M,110.00
ROC,2026-01-25 10:40,M,M,M,6.00,11.00,M,M,30.48,M,110.00
ROC,2026-01-25 10:45,M,M,M,4.00,13.00,M,M,30.47,M,110.00
ROC,2026-01-25 10:45,-6.62,69.44,10.00,4.00,13.00,M,T,30.47,2.00,110.00
ROC,2026-01-25 10:50,M,M,M,3.50,10.00,M,M,30.47,M,120.00
ROC,2026-01-25 10:54,-2.99,69.44,10.00,3.00,8.00,1033.40,T,30.47,2.00,120.00
ROC,2026-01-25 10:55,M,M,M,3.00,8.00,M,M,30.47,M,120.00
ROC,2026-01-25 11:00,M,M,M,3.00,8.00,M,M,30.46,M,120.00
ROC,2026-01-25 11:05,M,M,M,3.00,12.00,M,M,30.45,M,120.00
ROC,2026-01-25 11:10,M,M,M,3.00,13.00,M,M,30.45,M,110.00
ROC,2026-01-25 11:15,M,M,M,3.00,13.00,M,M,30.45,M,110.00
ROC,2026-01-25 11:20,M,M,M,2.50,16.00,M,M,30.45,M,110.00
ROC,2026-01-25 11:22,-9.04,76.07,9.00,2.00,15.00,M,T,30.45,3.00,110.00
ROC,2026-01-25 11:25,M,M,M,2.50,12.00,M,M,30.44,M,100.00
ROC,2026-01-25 11:30,M,M,M,2.00,14.00,M,0.01,30.43,M,110.00
ROC,2026-01-25 11:35,M,M,M,2.00,11.00,M,0.01,30.43,M,110.00
ROC,2026-01-25 11:40,M,M,M,2.00,14.00,M,0.01,30.43,M,110.00
ROC,2026-01-25 11:45,M,M,M,2.50,12.00,M,0.01,30.42,M,110.00
ROC,2026-01-25 11:50,M,M,M,2.50,11.00,M,0.01,30.43,M,110.00
ROC,2026-01-25 11:54,-5.09,79.66,9.00,2.00,9.00,1031.90,0.01,30.42,4.00,110.00
ROC,2026-01-25 11:55,M,M,M,4.00,9.00,M,M,30.42,M,110.00
ROC,2026-01-25 12:00,M,M,M,4.00,10.00,M,M,30.43,M,110.00
ROC,2026-01-25 12:05,M,M,M,4.00,12.00,M,M,30.42,M,110.00
ROC,2026-01-25 12:10,M,M,M,4.00,11.00,M,M,30.42,M,110.00
ROC,2026-01-25 12:15,M,M,M,4.00,12.00,M,M,30.41,M,120.00
ROC,2026-01-25 12:20,M,M,M,4.00,11.00,M,M,30.41,M,110.00
ROC,2026-01-25 12:25,M,M,M,4.00,12.00,M,M,30.41,M,120.00
ROC,2026-01-25 12:30,M,M,M,3.00,11.00,M,M,30.41,M,110.00
ROC,2026-01-25 12:35,M,M,M,3.00,12.00,M,M,30.42,M,100.00
ROC,2026-01-25 12:40,M,M,M,2.00,11.00,M,M,30.42,M,100.00
ROC,2026-01-25 12:45,M,M,M,2.00,10.00,M,M,30.42,M,110.00
ROC,2026-01-25 12:50,M,M,M,1.50,12.00,M,M,30.42,M,100.00
ROC,2026-01-25 12:51,-7.10,78.17,8.60,1.50,11.00,M,T,30.42,3.20,100.00
ROC,2026-01-25 12:54,-9.18,79.57,8.00,1.50,13.00,1031.70,T,30.42,3.00,100.00
ROC,2026-01-25 12:55,M,M,M,1.50,11.00,M,M,30.42,M,100.00
ROC,2026-01-25 13:00,M,M,M,1.50,9.00,M,M,30.42,M,100.00
ROC,2026-01-25 13:05,M,M,M,1.25,10.00,M,M,30.42,M,100.00
ROC,2026-01-25 13:10,M,M,M,1.25,12.00,M,M,30.41,M,100.00
ROC,2026-01-25 13:15,M,M,M,1.25,11.00,M,M,30.41,M,100.00
ROC,2026-01-25 13:20,M,M,M,1.00,12.00,M,M,30.40,M,100.00
ROC,2026-01-25 13:25,M,M,M,1.00,10.00,M,0.01,30.40,M,100.00
ROC,2026-01-25 13:30,M,M,M,1.00,10.00,M,0.01,30.40,M,110.00
ROC,2026-01-25 13:35,M,M,M,1.00,8.00,M,0.01,30.40,M,100.00
ROC,2026-01-25 13:40,M,M,M,1.00,10.00,M,0.01,30.39,M,110.00
ROC,2026-01-25 13:45,M,M,M,0.75,11.00,M,0.01,30.38,M,110.00
ROC,2026-01-25 13:50,-6.38,78.17,8.60,0.75,10.00,M,0.01,30.38,3.20,100.00
ROC,2026-01-25 13:50,M,M,M,0.75,10.00,M,0.01,30.38,M,100.00
ROC,2026-01-25 13:54,-8.54,83.33,8.00,0.75,12.00,1030.10,0.01,30.37,4.00,100.00
ROC,2026-01-25 13:55,M,M,M,0.50,13.00,M,M,30.37,M,110.00
ROC,2026-01-25 13:56,-8.54,83.33,8.00,0.50,12.00,M,T,30.37,4.00,110.00
ROC,2026-01-25 14:00,M,M,M,0.50,9.00,M,0.01,30.37,M,100.00
ROC,2026-01-25 14:05,M,M,M,0.50,11.00,M,0.01,30.37,M,100.00
ROC,2026-01-25 14:05,-7.86,83.33,8.00,0.50,11.00,M,0.01,30.37,4.00,100.00
ROC,2026-01-25 14:10,M,M,M,0.50,9.00,M,0.02,30.36,M,100.00
ROC,2026-01-25 14:15,M,M,M,0.50,10.00,M,0.02,30.36,M,100.00
ROC,2026-01-25 14:20,M,M,M,0.75,12.00,M,0.02,30.36,M,100.00
ROC,2026-01-25 14:23,-7.86,79.57,8.00,0.75,11.00,M,0.02,30.35,3.00,110.00
ROC,2026-01-25 14:25,M,M,M,0.75,10.00,M,0.02,30.35,M,100.00
ROC,2026-01-25 14:30,M,M,M,0.75,13.00,M,0.02,30.34,M,110.00
ROC,2026-01-25 14:35,M,M,M,1.25,11.00,M,0.02,30.35,M,100.00
ROC,2026-01-25 14:37,-7.86,79.57,8.00,1.25,11.00,M,0.03,30.36,3.00,110.00
ROC,2026-01-25 14:40,M,M,M,1.25,9.00,M,0.03,30.34,M,110.00
ROC,2026-01-25 14:45,M,M,M,1.25,11.00,M,0.03,30.34,M,110.00
ROC,2026-01-25 14:50,M,M,M,1.00,11.00,M,0.03,30.33,M,100.00
ROC,2026-01-25 14:54,-8.54,79.57,8.00,1.00,12.00,1028.20,0.03,30.32,3.00,110.00
ROC,2026-01-25 14:55,M,M,M,1.00,12.00,M,M,30.32,M,110.00
ROC,2026-01-25 15:00,M,M,M,1.00,11.00,M,M,30.32,M,100.00
ROC,2026-01-25 15:05,M,M,M,1.00,9.00,M,M,30.32,M,100.00
ROC,2026-01-25 15:10,M,M,M,0.75,10.00,M,M,30.33,M,100.00
ROC,2026-01-25 15:15,M,M,M,0.75,11.00,M,M,30.32,M,100.00
ROC,2026-01-25 15:16,-8.54,83.33,8.00,0.75,12.00,M,0.01,30.32,4.00,100.00
ROC,2026-01-25 15:20,M,M,M,0.75,11.00,M,0.01,30.32,M,100.00
ROC,2026-01-25 15:25,M,M,M,0.75,9.00,M,0.01,30.31,M,100.00
ROC,2026-01-25 15:30,M,M,M,0.75,10.00,M,0.01,30.31,M,90.00
ROC,2026-01-25 15:35,M,M,M,0.75,10.00,M,0.01,30.31,M,90.00
ROC,2026-01-25 15:40,M,M,M,0.75,10.00,M,0.02,30.31,M,90.00
ROC,2026-01-25 15:45,M,M,M,0.75,12.00,M,0.02,30.30,M,90.00
ROC,2026-01-25 15:50,M,M,M,0.75,10.00,M,0.02,30.30,M,100.00
ROC,2026-01-25 15:54,-6.33,83.33,8.00,0.75,9.00,1027.70,0.02,30.30,4.00,100.00
ROC,2026-01-25 15:55,M,M,M,0.75,10.00,M,M,30.30,M,90.00
ROC,2026-01-25 16:00,M,M,M,0.50,12.00,M,0.01,30.29,M,100.00
ROC,2026-01-25 16:01,-7.86,83.33,8.00,0.50,11.00,M,0.01,30.29,4.00,100.00
ROC,2026-01-25 16:05,M,M,M,0.50,9.00,M,0.01,30.29,M,90.00
ROC,2026-01-25 16:10,M,M,M,0.50,11.00,M,0.01,30.28,M,100.00
ROC,2026-01-25 16:15,M,M,M,0.50,10.00,M,0.02,30.28,M,90.00
ROC,2026-01-25 16:20,M,M,M,0.50,11.00,M,0.03,30.27,M,100.00
ROC,2026-01-25 16:25,M,M,M,0.50,11.00,M,0.03,30.27,M,100.00
ROC,2026-01-25 16:30,M,M,M,0.50,11.00,M,0.03,30.27,M,100.00
ROC,2026-01-25 16:35,M,M,M,0.50,12.00,M,0.03,30.25,M,100.00
ROC,2026-01-25 16:40,M,M,M,0.50,12.00,M,0.04,30.25,M,100.00
ROC,2026-01-25 16:45,M,M,M,0.50,10.00,M,0.04,30.24,M,100.00
ROC,2026-01-25 16:50,M,M,M,0.50,12.00,M,0.05,30.22,M,100.00
ROC,2026-01-25 16:54,-9.18,83.33,8.00,0.50,13.00,1024.90,0.05,30.22,4.00,100.00
ROC,2026-01-25 16:55,M,M,M,0.50,12.00,M,M,30.22,M,100.00
ROC,2026-01-25 17:00,M,M,M,0.50,11.00,M,0.01,30.21,M,100.00
ROC,2026-01-25 17:05,M,M,M,0.50,11.00,M,0.01,30.21,M,100.00
ROC,2026-01-25 17:10,M,M,M,0.50,11.00,M,0.01,30.20,M,100.00
ROC,2026-01-25 17:15,M,M,M,0.75,13.00,M,0.01,30.20,M,100.00
ROC,2026-01-25 17:20,M,M,M,0.50,12.00,M,0.01,30.20,M,100.00
ROC,2026-01-25 17:25,M,M,M,0.50,12.00,M,0.02,30.20,M,100.00
ROC,2026-01-25 17:30,M,M,M,0.50,10.00,M,0.02,30.19,M,100.00
ROC,2026-01-25 17:35,M,M,M,0.50,11.00,M,0.03,30.19,M,100.00
ROC,2026-01-25 17:40,M,M,M,0.25,12.00,M,0.04,30.19,M,100.00
ROC,2026-01-25 17:44,-7.27,83.40,9.00,0.25,12.00,M,0.04,30.18,5.00,100.00
ROC,2026-01-25 17:45,M,M,M,0.25,12.00,M,0.04,30.18,M,110.00
ROC,2026-01-25 17:50,M,M,M,0.25,11.00,M,0.04,30.18,M,100.00
ROC,2026-01-25 17:54,-6.60,83.40,9.00,0.25,11.00,1023.20,0.05,30.17,5.00,100.00
ROC,2026-01-25 17:55,M,M,M,0.25,13.00,M,M,30.17,M,100.00
ROC,2026-01-25 18:00,M,M,M,0.25,12.00,M,M,30.16,M,100.00
ROC,2026-01-25 18:05,-7.27,83.40,9.00,0.25,12.00,M,0.01,30.16,5.00,100.00
ROC,2026-01-25 18:05,M,M,M,0.25,12.00,M,0.01,30.16,M,90.00
ROC,2026-01-25 18:10,M,M,M,0.25,13.00,M,0.01,30.16,M,100.00
ROC,2026-01-25 18:15,M,M,M,0.25,12.00,M,0.02,30.15,M,100.00
ROC,2026-01-25 18:20,M,M,M,0.25,12.00,M,0.03,30.14,M,100.00
ROC,2026-01-25 18:25,M,M,M,0.25,13.00,M,0.04,30.13,M,100.00
ROC,2026-01-25 18:30,M,M,M,0.25,13.00,M,0.05,30.14,M,90.00
ROC,2026-01-25 18:35,M,M,M,0.25,12.00,M,0.05,30.13,M,100.00
ROC,2026-01-25 18:40,M,M,M,0.25,12.00,M,0.06,30.13,M,100.00
ROC,2026-01-25 18:45,M,M,M,0.25,11.00,M,0.07,30.13,M,100.00
ROC,2026-01-25 18:50,M,M,M,0.25,12.00,M,0.07,30.12,M,100.00
ROC,2026-01-25 18:54,-8.54,87.25,8.00,0.25,12.00,1021.60,0.08,30.12,5.00,100.00
ROC,2026-01-25 18:55,M,M,M,0.25,13.00,M,M,30.12,M,100.00
ROC,2026-01-25 19:00,M,M,M,0.25,13.00,M,0.01,30.12,M,100.00
ROC,2026-01-25 19:05,M,M,M,0.25,9.00,M,0.02,30.11,M,90.00
ROC,2026-01-25 19:10,M,M,M,0.25,12.00,M,0.02,30.11,M,90.00
ROC,2026-01-25 19:15,M,M,M,0.25,10.00,M,0.03,30.11,M,80.00
ROC,2026-01-25 19:20,M,M,M,0.25,10.00,M,0.04,30.10,M,90.00
ROC,2026-01-25 19:25,M,M,M,0.25,12.00,M,0.04,30.09,M,90.00
ROC,2026-01-25 19:30,M,M,M,0.25,10.00,M,0.05,30.09,M,90.00
ROC,2026-01-25 19:35,M,M,M,0.25,11.00,M,0.06,30.08,M,90.00
ROC,2026-01-25 19:40,M,M,M,0.25,11.00,M,0.07,30.08,M,90.00
ROC,2026-01-25 19:45,M,M,M,0.25,11.00,M,0.07,30.08,M,90.00
ROC,2026-01-25 19:50,M,M,M,0.25,11.00,M,0.08,30.08,M,90.00
ROC,2026-01-25 19:54,-7.86,83.33,8.00,0.25,11.00,1020.00,0.09,30.07,4.00,90.00
ROC,2026-01-25 19:55,M,M,M,0.25,12.00,M,M,30.07,M,90.00
ROC,2026-01-25 20:00,M,M,M,0.25,12.00,M,M,30.07,M,100.00
ROC,2026-01-25 20:05,M,M,M,0.50,13.00,M,0.01,30.06,M,100.00
ROC,2026-01-25 20:10,M,M,M,0.50,14.00,M,0.01,30.06,M,100.00
ROC,2026-01-25 20:15,M,M,M,0.25,15.00,M,0.02,30.06,M,100.00
ROC,2026-01-25 20:16,-10.33,83.33,8.00,0.25,15.00,M,0.02,30.06,4.00,100.00
ROC,2026-01-25 20:20,M,M,M,0.50,13.00,M,0.02,30.06,M,90.00
ROC,2026-01-25 20:25,M,M,M,0.50,14.00,M,0.03,30.05,M,100.00
ROC,2026-01-25 20:30,M,M,M,0.50,14.00,M,0.03,30.05,M,100.00
ROC,2026-01-25 20:35,M,M,M,0.50,M,M,0.04,30.05,M,M
ROC,2026-01-25 20:40,M,M,M,0.25,15.00,M,0.04,30.04,M,100.00
ROC,2026-01-25 20:41,-10.33,83.33,8.00,0.25,15.00,M,0.04,30.04,4.00,100.00
ROC,2026-01-25 20:45,M,M,M,0.25,9.00,M,0.04,30.05,M,90.00
ROC,2026-01-25 20:50,M,M,M,0.25,10.00,M,0.05,30.04,M,90.00
ROC,2026-01-25 20:54,-8.54,83.33,8.00,0.25,12.00,1018.70,0.05,30.04,4.00,90.00
ROC,2026-01-25 20:55,M,M,M,0.50,11.00,M,M,30.04,M,90.00
ROC,2026-01-25 21:00,M,M,M,0.25,10.00,M,0.01,30.03,M,100.00
ROC,2026-01-25 21:05,M,M,M,0.25,12.00,M,0.01,30.02,M,90.00
ROC,2026-01-25 21:10,M,M,M,0.25,12.00,M,0.02,30.02,M,100.00
ROC,2026-01-25 21:15,M,M,M,0.25,15.00,M,0.02,30.02,M,90.00
ROC,2026-01-25 21:20,M,M,M,0.25,13.00,M,0.03,30.02,M,90.00
ROC,2026-01-25 21:25,M,M,M,0.25,9.00,M,0.03,30.02,M,90.00
ROC,2026-01-25 21:30,M,M,M,0.25,M,M,0.04,30.02,M,M
ROC,2026-01-25 21:35,M,M,M,0.25,13.00,M,0.04,30.01,M,100.00
ROC,2026-01-25 21:40,M,M,M,0.25,13.00,M,0.05,30.01,M,90.00
ROC,2026-01-25 21:45,M,M,M,0.25,11.00,M,0.05,30.00,M,90.00
ROC,2026-01-25 21:50,M,M,M,0.25,11.00,M,0.06,30.00,M,90.00
ROC,2026-01-25 21:54,-9.18,83.33,8.00,0.25,13.00,1017.10,0.06,29.99,4.00,90.00
ROC,2026-01-25 21:55,M,M,M,0.25,13.00,M,M,29.99,M,90.00
ROC,2026-01-25 22:00,M,M,M,0.25,11.00,M,M,29.99,M,90.00
ROC,2026-01-25 22:05,M,M,M,0.25,12.00,M,0.01,29.98,M,80.00
ROC,2026-01-25 22:10,M,M,M,0.25,10.00,M,0.01,29.98,M,80.00
ROC,2026-01-25 22:15,M,M,M,0.25,12.00,M,0.01,29.98,M,80.00
ROC,2026-01-25 22:20,M,M,M,0.25,10.00,M,0.02,29.98,M,80.00
ROC,2026-01-25 22:25,M,M,M,0.25,9.00,M,0.02,29.97,M,80.00
ROC,2026-01-25 22:30,M,M,M,0.25,13.00,M,0.02,29.97,M,80.00
ROC,2026-01-25 22:35,M,M,M,0.25,10.00,M,0.03,29.96,M,80.00
ROC,2026-01-25 22:40,M,M,M,0.25,10.00,M,0.03,29.96,M,80.00
ROC,2026-01-25 22:45,M,M,M,0.25,9.00,M,0.03,29.97,M,70.00
ROC,2026-01-25 22:50,M,M,M,0.25,9.00,M,0.04,29.97,M,70.00
ROC,2026-01-25 22:54,-7.57,83.26,7.00,0.25,9.00,1016.30,0.04,29.97,3.00,80.00
ROC,2026-01-25 22:55,M,M,M,1.00,9.00,M,M,29.97,M,80.00
ROC,2026-01-25 23:00,M,M,M,1.00,10.00,M,0.01,29.97,M,80.00
ROC,2026-01-25 23:05,M,M,M,1.00,10.00,M,0.01,29.97,M,80.00
ROC,2026-01-25 23:10,M,M,M,1.00,12.00,M,0.01,29.96,M,80.00
ROC,2026-01-25 23:15,M,M,M,1.00,12.00,M,0.02,29.96,M,80.00
ROC,2026-01-25 23:20,M,M,M,1.00,11.00,M,0.02,29.95,M,80.00
ROC,2026-01-25 23:25,M,M,M,1.00,9.00,M,0.02,29.95,M,70.00
ROC,2026-01-25 23:30,M,M,M,1.00,9.00,M,0.03,29.96,M,70.00
ROC,2026-01-25 23:35,M,M,M,1.00,10.00,M,0.03,29.96,M,80.00
ROC,2026-01-25 23:40,M,M,M,1.00,9.00,M,0.03,29.95,M,80.00
ROC,2026-01-25 23:45,M,M,M,1.00,10.00,M,0.04,29.94,M,80.00
ROC,2026-01-25 23:50,M,M,M,1.00,10.00,M,0.04,29.94,M,80.00
ROC,2026-01-25 23:54,-10.39,83.18,6.00,0.25,11.00,1015.50,0.05,29.94,2.00,80.00
ROC,2026-01-25 23:55,M,M,M,1.00,11.00,M,M,29.94,M,80.00
ROC,2026-01-26 00:00,M,M,M,1.25,8.00,M,M,29.94,M,90.00
ROC,2026-01-26 00:05,M,M,M,1.25,9.00,M,M,29.94,M,90.00
ROC,2026-01-26 00:10,M,M,M,1.25,8.00,M,0.01,29.94,M,80.00
ROC,2026-01-26 00:15,-7.57,83.26,7.00,0.25,9.00,M,0.01,29.94,3.00,90.00
ROC,2026-01-26 00:15,M,M,M,1.25,9.00,M,0.01,29.94,M,90.00
ROC,2026-01-26 00:20,M,M,M,1.25,9.00,M,0.01,29.93,M,70.00
ROC,2026-01-26 00:25,M,M,M,1.25,10.00,M,0.02,29.93,M,70.00
ROC,2026-01-26 00:30,M,M,M,1.25,9.00,M,0.02,29.93,M,70.00
ROC,2026-01-26 00:35,M,M,M,1.00,8.00,M,0.03,29.95,M,70.00
ROC,2026-01-26 00:40,M,M,M,1.00,8.00,M,0.03,29.95,M,70.00
ROC,2026-01-26 00:45,M,M,M,1.00,9.00,M,0.04,29.95,M,70.00
ROC,2026-01-26 00:50,M,M,M,1.25,11.00,M,0.04,29.94,M,70.00
ROC,2026-01-26 00:54,-6.68,83.26,7.00,1.00,8.00,1014.90,0.04,29.93,3.00,80.00
ROC,2026-01-26 00:55,M,M,M,1.00,9.00,M,M,29.92,M,80.00
ROC,2026-01-26 01:00,M,M,M,1.00,8.00,M,0.01,29.92,M,80.00
ROC,2026-01-26 01:05,M,M,M,1.00,8.00,M,0.02,29.93,M,80.00
ROC,2026-01-26 01:10,M,M,M,1.00,11.00,M,0.02,29.93,M,80.00
ROC,2026-01-26 01:14,-7.13,83.33,8.00,1.00,10.00,M,0.02,29.93,4.00,90.00
ROC,2026-01-26 01:15,M,M,M,1.00,10.00,M,0.03,29.93,M,90.00
ROC,2026-01-26 01:20,M,M,M,1.00,10.00,M,0.03,29.92,M,80.00
ROC,2026-01-26 01:25,M,M,M,1.00,8.00,M,0.03,29.92,M,80.00
ROC,2026-01-26 01:30,M,M,M,1.00,8.00,M,0.04,29.91,M,90.00
ROC,2026-01-26 01:35,M,M,M,1.00,11.00,M,0.05,29.90,M,100.00
ROC,2026-01-26 01:40,M,M,M,1.00,10.00,M,0.05,29.91,M,100.00
ROC,2026-01-26 01:45,M,M,M,1.00,9.00,M,0.06,29.91,M,110.00
ROC,2026-01-26 01:50,M,M,M,1.00,10.00,M,0.06,29.91,M,120.00
ROC,2026-01-26 01:54,-7.13,83.33,8.00,1.00,10.00,1014.10,0.07,29.90,4.00,110.00
ROC,2026-01-26 01:55,M,M,M,1.00,11.00,M,M,29.90,M,110.00
ROC,2026-01-26 02:00,M,M,M,1.25,12.00,M,M,29.89,M,110.00
ROC,2026-01-26 02:05,M,M,M,1.00,9.00,M,M,29.89,M,110.00
ROC,2026-01-26 02:10,M,M,M,0.75,9.00,M,0.01,29.88,M,110.00
ROC,2026-01-26 02:12,-5.45,87.25,8.00,0.75,8.00,M,0.01,29.88,5.00,110.00
ROC,2026-01-26 02:15,M,M,M,0.75,8.00,M,0.01,29.88,M,120.00
ROC,2026-01-26 02:20,-5.45,83.33,8.00,1.00,8.00,M,0.02,29.88,4.00,120.00
ROC,2026-01-26 02:20,M,M,M,1.00,8.00,M,0.02,29.88,M,120.00
ROC,2026-01-26 02:25,M,M,M,1.00,8.00,M,0.02,29.88,M,120.00
ROC,2026-01-26 02:30,M,M,M,1.00,8.00,M,0.02,29.87,M,110.00
ROC,2026-01-26 02:35,M,M,M,1.25,8.00,M,0.02,29.87,M,120.00
ROC,2026-01-26 02:40,M,M,M,1.00,8.00,M,0.03,29.87,M,120.00
ROC,2026-01-26 02:42,-4.48,83.33,8.00,1.00,7.00,M,0.03,29.87,4.00,120.00
ROC,2026-01-26 02:45,M,M,M,1.00,8.00,M,0.03,29.86,M,110.00
ROC,2026-01-26 02:50,M,M,M,1.00,8.00,M,0.03,29.86,M,100.00
ROC,2026-01-26 02:54,-6.33,83.33,8.00,1.00,9.00,1012.60,0.04,29.86,4.00,110.00
ROC,2026-01-26 02:55,M,M,M,0.75,9.00,M,M,29.86,M,110.00
ROC,2026-01-26 03:00,M,M,M,1.00,9.00,M,M,29.85,M,110.00
ROC,2026-01-26 03:05,M,M,M,1.00,8.00,M,M,29.85,M,110.00
ROC,2026-01-26 03:09,-4.48,87.25,8.00,1.00,7.00,M,0.01,29.85,5.00,120.00
ROC,2026-01-26 03:10,M,M,M,1.00,7.00,M,0.01,29.85,M,110.00
ROC,2026-01-26 03:15,M,M,M,1.00,7.00,M,0.01,29.85,M,110.00
ROC,2026-01-26 03:20,M,M,M,1.00,5.00,M,0.01,29.85,M,100.00
ROC,2026-01-26 03:25,M,M,M,1.00,5.00,M,0.01,29.85,M,110.00
ROC,2026-01-26 03:30,M,M,M,1.00,5.00,M,0.01,29.86,M,120.00
ROC,2026-01-26 03:35,M,M,M,1.00,3.00,M,0.02,29.86,M,120.00
ROC,2026-01-26 03:40,M,M,M,1.00,5.00,M,0.02,29.85,M,110.00
ROC,2026-01-26 03:45,M,M,M,1.00,5.00,M,0.02,29.85,M,100.00
ROC,2026-01-26 03:50,M,M,M,1.00,4.00,M,0.02,29.85,M,90.00
ROC,2026-01-26 03:54,2.40,83.40,9.00,1.00,3.00,1012.60,0.03,29.86,5.00,90.00
ROC,2026-01-26 03:55,M,M,M,1.75,0.00,M,M,29.86,M,0.00
ROC,2026-01-26 04:00,M,M,M,2.00,0.00,M,M,29.86,M,0.00
ROC,2026-01-26 04:05,M,M,M,2.00,0.00,M,M,29.86,M,0.00
ROC,2026-01-26 04:07,9.00,83.40,9.00,3.00,0.00,M,T,29.87,5.00,0.00
ROC,2026-01-26 04:10,M,M,M,3.00,0.00,M,M,29.87,M,0.00
ROC,2026-01-26 04:15,M,M,M,3.00,3.00,M,M,29.86,M,110.00
ROC,2026-01-26 04:16,2.40,87.30,9.00,3.00,3.00,M,T,29.86,6.00,110.00
ROC,2026-01-26 04:20,M,M,M,3.00,4.00,M,M,29.86,M,100.00
ROC,2026-01-26 04:25,M,M,M,3.00,3.00,M,M,29.86,M,100.00
ROC,2026-01-26 04:30,M,M,M,3.00,0.00,M,M,29.86,M,0.00
ROC,2026-01-26 04:35,M,M,M,3.00,0.00,M,M,29.85,M,0.00
ROC,2026-01-26 04:40,M,M,M,3.00,3.00,M,M,29.85,M,120.00
ROC,2026-01-26 04:45,M,M,M,3.00,4.00,M,M,29.84,M,120.00
ROC,2026-01-26 04:50,M,M,M,8.00,4.00,M,M,29.83,M,120.00
ROC,2026-01-26 04:54,-0.92,87.30,9.00,9.00,5.00,1011.60,T,29.83,6.00,100.00
ROC,2026-01-26 04:55,M,M,M,9.00,4.00,M,M,29.83,M,100.00
ROC,2026-01-26 05:00,M,M,M,9.00,4.00,M,M,29.83,M,110.00
ROC,2026-01-26 05:05,M,M,M,9.00,4.00,M,M,29.82,M,120.00
ROC,2026-01-26 05:10,M,M,M,9.00,5.00,M,M,29.82,M,120.00
ROC,2026-01-26 05:15,M,M,M,9.00,5.00,M,M,29.82,M,120.00
ROC,2026-01-26 05:20,M,M,M,9.00,3.00,M,M,29.82,M,130.00
ROC,2026-01-26 05:25,M,M,M,9.00,3.00,M,M,29.81,M,110.00
ROC,2026-01-26 05:30,M,M,M,9.00,3.00,M,M,29.81,M,120.00
ROC,2026-01-26 05:35,M,M,M,9.00,4.00,M,M,29.81,M,140.00
ROC,2026-01-26 05:40,M,M,M,9.00,3.00,M,M,29.80,M,140.00
ROC,2026-01-26 05:45,M,M,M,9.00,3.00,M,M,29.81,M,150.00
ROC,2026-01-26 05:50,M,M,M,9.00,4.00,M,M,29.81,M,150.00
ROC,2026-01-26 05:54,2.40,83.40,9.00,9.00,3.00,1010.70,T,29.80,5.00,150.00
ROC,2026-01-26 05:55,M,M,M,9.00,3.00,M,M,29.80,M,150.00
ROC,2026-01-26 06:00,M,M,M,9.00,4.00,M,M,29.80,M,160.00
ROC,2026-01-26 06:05,M,M,M,9.00,3.00,M,M,29.81,M,190.00
ROC,2026-01-26 06:10,M,M,M,9.00,3.00,M,M,29.81,M,170.00
ROC,2026-01-26 06:15,M,M,M,9.00,3.00,M,M,29.81,M,200.00
ROC,2026-01-26 06:20,M,M,M,9.00,4.00,M,M,29.81,M,210.00
ROC,2026-01-26 06:25,M,M,M,9.00,4.00,M,M,29.81,M,210.00
ROC,2026-01-26 06:30,M,M,M,9.00,4.00,M,M,29.82,M,210.00
ROC,2026-01-26 06:35,M,M,M,9.00,4.00,M,M,29.82,M,230.00
ROC,2026-01-26 06:40,M,M,M,9.00,5.00,M,M,29.82,M,230.00
ROC,2026-01-26 06:45,M,M,M,9.00,5.00,M,M,29.82,M,240.00
ROC,2026-01-26 06:50,M,M,M,9.00,5.00,M,M,29.82,M,250.00
ROC,2026-01-26 06:54,-0.92,83.40,9.00,9.00,5.00,1011.40,T,29.82,5.00,250.00
ROC,2026-01-26 06:55,M,M,M,9.00,5.00,M,M,29.82,M,250.00
ROC,2026-01-26 07:00,M,M,M,9.00,5.00,M,M,29.82,M,240.00
ROC,2026-01-26 07:05,M,M,M,8.00,6.00,M,M,29.82,M,250.00
ROC,2026-01-26 07:10,M,M,M,6.00,6.00,M,M,29.82,M,240.00
ROC,2026-01-26 07:15,M,M,M,5.00,5.00,M,M,29.82,M,240.00
ROC,2026-01-26 07:20,M,M,M,4.00,6.00,M,M,29.82,M,240.00
ROC,2026-01-26 07:25,M,M,M,4.00,6.00,M,M,29.82,M,240.00
ROC,2026-01-26 07:30,M,M,M,4.00,6.00,M,M,29.82,M,240.00
ROC,2026-01-26 07:35,M,M,M,4.00,6.00,M,M,29.82,M,250.00
ROC,2026-01-26 07:40,M,M,M,4.00,6.00,M,M,29.82,M,260.00
ROC,2026-01-26 07:45,M,M,M,5.00,6.00,M,M,29.83,M,260.00
ROC,2026-01-26 07:50,M,M,M,5.00,5.00,M,M,29.82,M,250.00
ROC,2026-01-26 07:54,-2.11,83.33,8.00,5.00,5.00,1011.40,T,29.82,4.00,240.00
ROC,2026-01-26 07:55,M,M,M,5.00,5.00,M,M,29.82,M,240.00
ROC,2026-01-26 08:00,M,M,M,5.00,6.00,M,M,29.82,M,260.00
ROC,2026-01-26 08:05,M,M,M,6.00,5.00,M,M,29.82,M,250.00
ROC,2026-01-26 08:10,M,M,M,5.00,4.00,M,M,29.82,M,240.00
ROC,2026-01-26 08:15,M,M,M,5.00,4.00,M,M,29.81,M,250.00
ROC,2026-01-26 08:20,M,M,M,6.00,5.00,M,M,29.81,M,240.00
ROC,2026-01-26 08:25,M,M,M,6.00,4.00,M,M,29.81,M,240.00
ROC,2026-01-26 08:30,M,M,M,6.00,5.00,M,M,29.81,M,250.00
ROC,2026-01-26 08:35,M,M,M,6.00,5.00,M,M,29.81,M,250.00
ROC,2026-01-26 08:40,M,M,M,7.00,5.00,M,M,29.81,M,250.00
ROC,2026-01-26 08:45,M,M,M,8.00,4.00,M,M,29.81,M,240.00
ROC,2026-01-26 08:50,M,M,M,9.00,4.00,M,M,29.81,M,260.00
ROC,2026-01-26 08:54,-0.61,83.33,8.00,9.00,4.00,1010.90,T,29.81,4.00,280.00
ROC,2026-01-26 08:55,M,M,M,9.00,4.00,M,M,29.81,M,280.00
ROC,2026-01-26 09:00,M,M,M,9.00,5.00,M,M,29.81,M,290.00
ROC,2026-01-26 09:05,M,M,M,9.00,4.00,M,M,29.81,M,300.00
ROC,2026-01-26 09:10,M,M,M,9.00,5.00,M,M,29.81,M,290.00
ROC,2026-01-26 09:15,M,M,M,9.00,4.00,M,M,29.81,M,300.00
ROC,2026-01-26 09:20,M,M,M,9.00,4.00,M,M,29.81,M,290.00
ROC,2026-01-26 09:25,M,M,M,9.00,4.00,M,M,29.81,M,290.00
ROC,2026-01-26 09:30,M,M,M,8.00,4.00,M,M,29.81,M,290.00
ROC,2026-01-26 09:35,M,M,M,6.00,4.00,M,M,29.82,M,280.00
ROC,2026-01-26 09:40,M,M,M,5.00,4.00,M,M,29.82,M,280.00
ROC,2026-01-26 09:45,M,M,M,4.00,4.00,M,M,29.82,M,280.00
ROC,2026-01-26 09:50,M,M,M,3.00,5.00,M,M,29.81,M,270.00
ROC,2026-01-26 09:54,-0.92,83.40,9.00,3.00,5.00,1011.10,T,29.81,5.00,270.00
ROC,2026-01-26 09:55,M,M,M,3.00,4.00,M,M,29.81,M,270.00
ROC,2026-01-26 10:00,M,M,M,3.00,5.00,M,M,29.82,M,280.00
ROC,2026-01-26 10:05,M,M,M,3.00,4.00,M,M,29.81,M,270.00
ROC,2026-01-26 10:10,M,M,M,3.00,4.00,M,M,29.82,M,270.00
ROC,2026-01-26 10:15,M,M,M,2.00,5.00,M,M,29.82,M,260.00
ROC,2026-01-26 10:20,M,M,M,3.00,5.00,M,M,29.82,M,260.00
ROC,2026-01-26 10:25,M,M,M,3.00,5.00,M,M,29.82,M,260.00
ROC,2026-01-26 10:30,M,M,M,4.00,5.00,M,M,29.82,M,260.00
ROC,2026-01-26 10:35,M,M,M,5.00,6.00,M,M,29.82,M,260.00
ROC,2026-01-26 10:39,-0.92,83.40,9.00,8.00,5.00,M,T,29.82,5.00,260.00
ROC,2026-01-26 10:40,M,M,M,8.00,6.00,M,M,29.82,M,260.00
ROC,2026-01-26 10:45,M,M,M,8.00,5.00,M,M,29.82,M,260.00
ROC,2026-01-26 10:50,M,M,M,9.00,5.00,M,M,29.83,M,260.00
ROC,2026-01-26 10:54,-0.92,83.40,9.00,8.00,5.00,1011.70,T,29.83,5.00,270.00
ROC,2026-01-26 10:55,M,M,M,7.00,5.00,M,M,29.83,M,260.00
ROC,2026-01-26 11:00,M,M,M,6.00,7.00,M,M,29.83,M,260.00
ROC,2026-01-26 11:05,M,M,M,6.00,7.00,M,M,29.84,M,260.00
ROC,2026-01-26 11:10,M,M,M,5.00,7.00,M,M,29.84,M,270.00
ROC,2026-01-26 11:15,M,M,M,4.00,6.00,M,M,29.84,M,270.00
ROC,2026-01-26 11:20,M,M,M,3.00,7.00,M,M,29.84,M,270.00
ROC,2026-01-26 11:25,M,M,M,2.50,8.00,M,M,29.84,M,280.00
ROC,2026-01-26 11:30,M,M,M,2.50,7.00,M,M,29.84,M,280.00
ROC,2026-01-26 11:31,-4.22,87.30,9.00,2.00,8.00,M,T,29.84,6.00,280.00
ROC,2026-01-26 11:35,M,M,M,2.00,6.00,M,M,29.85,M,280.00
ROC,2026-01-26 11:40,M,M,M,2.00,7.00,M,M,29.85,M,280.00
ROC,2026-01-26 11:45,M,M,M,2.00,6.00,M,0.01,29.85,M,280.00
ROC,2026-01-26 11:50,M,M,M,1.50,5.00,M,0.01,29.85,M,280.00
ROC,2026-01-26 11:54,-2.17,87.30,9.00,1.25,6.00,1012.50,0.01,29.85,6.00,280.00
ROC,2026-01-26 11:55,M,M,M,1.50,6.00,M,M,29.85,M,280.00
ROC,2026-01-26 12:00,M,M,M,1.75,6.00,M,M,29.86,M,280.00
ROC,2026-01-26 12:05,M,M,M,2.00,6.00,M,M,29.86,M,270.00
ROC,2026-01-26 12:10,M,M,M,1.75,7.00,M,M,29.86,M,280.00
ROC,2026-01-26 12:15,M,M,M,1.75,6.00,M,M,29.86,M,270.00
ROC,2026-01-26 12:20,M,M,M,1.75,7.00,M,M,29.86,M,270.00
ROC,2026-01-26 12:25,M,M,M,3.00,7.00,M,M,29.86,M,270.00
ROC,2026-01-26 12:25,-2.04,87.36,10.00,3.00,7.00,M,T,29.86,7.00,280.00
ROC,2026-01-26 12:30,M,M,M,3.00,6.00,M,M,29.87,M,280.00
ROC,2026-01-26 12:35,M,M,M,3.00,7.00,M,M,29.87,M,270.00
ROC,2026-01-26 12:40,M,M,M,3.00,7.00,M,M,29.87,M,270.00
ROC,2026-01-26 12:45,M,M,M,3.00,8.00,M,M,29.87,M,280.00
ROC,2026-01-26 12:50,M,M,M,2.50,6.00,M,M,29.87,M,280.00
ROC,2026-01-26 12:54,-0.97,83.47,10.00,2.50,6.00,1012.90,T,29.87,6.00,280.00
ROC,2026-01-26 12:55,M,M,M,2.50,7.00,M,M,29.87,M,270.00
ROC,2026-01-26 13:00,M,M,M,2.00,7.00,M,0.01,29.87,M,280.00
ROC,2026-01-26 13:05,M,M,M,1.75,7.00,M,0.01,29.87,M,280.00
ROC,2026-01-26 13:10,-0.97,83.47,10.00,1.50,6.00,M,0.01,29.87,6.00,280.00
ROC,2026-01-26 13:10,M,M,M,1.50,6.00,M,0.01,29.87,M,280.00
ROC,2026-01-26 13:15,M,M,M,1.50,7.00,M,0.01,29.87,M,280.00
ROC,2026-01-26 13:20,M,M,M,1.50,6.00,M,0.01,29.87,M,270.00
ROC,2026-01-26 13:25,M,M,M,1.50,5.00,M,0.01,29.87,M,270.00
ROC,2026-01-26 13:30,M,M,M,1.50,6.00,M,0.01,29.87,M,270.00
ROC,2026-01-26 13:35,M,M,M,2.00,7.00,M,0.01,29.87,M,270.00
ROC,2026-01-26 13:40,M,M,M,2.50,6.00,M,0.01,29.87,M,270.00
ROC,2026-01-26 13:45,M,M,M,2.50,6.00,M,0.01,29.87,M,260.00
ROC,2026-01-26 13:50,M,M,M,1.75,7.00,M,0.01,29.87,M,260.00
ROC,2026-01-26 13:54,-0.82,83.55,11.00,1.75,7.00,1013.10,0.01,29.87,7.00,260.00
ROC,2026-01-26 13:55,M,M,M,3.00,7.00,M,M,29.87,M,260.00
ROC,2026-01-26 14:00,M,M,M,3.00,6.00,M,M,29.87,M,260.00
ROC,2026-01-26 14:01,0.24,83.55,11.00,3.00,6.00,M,T,29.87,7.00,260.00
ROC,2026-01-26 14:05,M,M,M,3.00,6.00,M,M,29.87,M,250.00
ROC,2026-01-26 14:08,0.24,83.55,11.00,2.50,6.00,M,T,29.87,7.00,250.00
ROC,2026-01-26 14:10,M,M,M,2.50,6.00,M,M,29.87,M,250.00
ROC,2026-01-26 14:15,M,M,M,2.50,7.00,M,M,29.87,M,240.00
ROC,2026-01-26 14:20,M,M,M,2.50,7.00,M,M,29.87,M,240.00
ROC,2026-01-26 14:25,M,M,M,3.00,7.00,M,M,29.87,M,240.00
ROC,2026-01-26 14:30,M,M,M,3.00,6.00,M,M,29.87,M,240.00
ROC,2026-01-26 14:31,-0.82,83.55,11.00,3.00,7.00,M,T,29.87,7.00,240.00
ROC,2026-01-26 14:35,M,M,M,3.00,9.00,M,M,29.87,M,240.00
ROC,2026-01-26 14:40,M,M,M,4.00,8.00,M,M,29.88,M,250.00
ROC,2026-01-26 14:45,M,M,M,5.00,8.00,M,M,29.88,M,250.00
ROC,2026-01-26 14:50,M,M,M,6.00,7.00,M,M,29.88,M,260.00
ROC,2026-01-26 14:54,-0.52,83.62,12.00,6.00,8.00,1013.30,T,29.88,8.00,250.00
ROC,2026-01-26 14:55,M,M,M,6.00,9.00,M,M,29.88,M,250.00
ROC,2026-01-26 15:00,M,M,M,5.00,8.00,M,M,29.88,M,270.00
ROC,2026-01-26 15:05,M,M,M,4.00,8.00,M,M,29.88,M,260.00
ROC,2026-01-26 15:10,M,M,M,4.00,8.00,M,M,29.88,M,270.00
ROC,2026-01-26 15:15,M,M,M,4.00,8.00,M,M,29.88,M,260.00
ROC,2026-01-26 15:20,M,M,M,4.00,8.00,M,M,29.88,M,270.00
ROC,2026-01-26 15:25,1.94,76.56,14.00,4.00,8.00,M,T,29.88,8.00,260.00
ROC,2026-01-26 15:25,M,M,M,4.00,8.00,M,M,29.88,M,260.00
ROC,2026-01-26 15:30,M,M,M,7.00,8.00,M,M,29.88,M,260.00
ROC,2026-01-26 15:35,M,M,M,9.00,8.00,M,M,29.88,M,270.00
ROC,2026-01-26 15:40,M,M,M,8.00,13.00,M,M,29.88,M,290.00
ROC,2026-01-26 15:45,M,M,M,7.00,10.00,M,M,29.88,M,280.00
ROC,2026-01-26 15:50,M,M,M,8.00,11.00,M,M,29.88,M,280.00
ROC,2026-01-26 15:54,1.65,73.28,15.00,9.00,10.00,1013.30,T,29.88,8.00,290.00
ROC,2026-01-26 15:55,M,M,M,9.00,10.00,M,M,29.88,M,280.00
ROC,2026-01-26 16:00,M,M,M,9.00,8.00,M,M,29.88,M,270.00
ROC,2026-01-26 16:05,M,M,M,9.00,11.00,M,M,29.88,M,290.00
ROC,2026-01-26 16:10,M,M,M,7.00,12.00,M,M,29.89,M,290.00
ROC,2026-01-26 16:15,M,M,M,5.00,12.00,M,M,29.89,M,280.00
ROC,2026-01-26 16:20,M,M,M,4.00,15.00,M,M,29.89,M,280.00
ROC,2026-01-26 16:25,M,M,M,3.00,12.00,M,M,29.89,M,280.00
ROC,2026-01-26 16:30,M,M,M,2.50,12.00,M,M,29.89,M,290.00
ROC,2026-01-26 16:34,-1.49,76.56,14.00,2.00,13.00,M,T,29.89,8.00,290.00
ROC,2026-01-26 16:35,M,M,M,2.00,12.00,M,M,29.89,M,290.00
ROC,2026-01-26 16:40,M,M,M,2.50,15.00,M,M,29.89,M,270.00
ROC,2026-01-26 16:45,M,M,M,5.00,17.00,M,M,29.89,M,270.00
ROC,2026-01-26 16:49,-2.04,72.51,14.00,9.00,14.00,M,T,29.89,6.80,280.00
ROC,2026-01-26 16:50,M,M,M,9.00,14.00,M,M,29.89,M,280.00
ROC,2026-01-26 16:54,-3.04,69.92,14.00,7.00,16.00,1013.40,T,29.89,6.00,290.00
ROC,2026-01-26 16:55,M,M,M,7.00,14.00,M,M,29.89,M,290.00
ROC,2026-01-26 17:00,M,M,M,7.00,13.00,M,M,29.88,M,290.00
ROC,2026-01-26 17:05,M,M,M,9.00,14.00,M,M,29.88,M,290.00
ROC,2026-01-26 17:10,M,M,M,9.00,M,M,M,29.88,M,M
ROC,2026-01-26 17:15,M,M,M,7.00,18.00,M,M,29.88,M,280.00
ROC,2026-01-26 17:20,M,M,M,5.00,15.00,M,M,29.88,M,290.00
ROC,2026-01-26 17:25,M,M,M,6.00,M,M,M,29.88,M,M
ROC,2026-01-26 17:30,M,M,M,7.00,17.00,M,M,29.88,M,M
ROC,2026-01-26 17:35,M,M,M,4.00,M,M,M,29.88,M,M
ROC,2026-01-26 17:40,M,M,M,3.00,13.00,M,M,29.88,M,280.00
ROC,2026-01-26 17:45,M,M,M,3.00,15.00,M,M,29.88,M,M
ROC,2026-01-26 17:50,M,M,M,3.00,13.00,M,M,29.88,M,270.00
ROC,2026-01-26 17:54,-3.51,73.17,14.00,3.00,17.00,1013.20,T,29.88,7.00,270.00
ROC,2026-01-26 17:55,M,M,M,3.50,M,M,M,29.88,M,M
ROC,2026-01-26 18:00,M,M,M,4.00,12.00,M,M,29.88,M,280.00
ROC,2026-01-26 18:05,M,M,M,5.00,14.00,M,M,29.88,M,270.00
ROC,2026-01-26 18:10,M,M,M,5.00,15.00,M,M,29.88,M,280.00
ROC,2026-01-26 18:15,M,M,M,3.00,15.00,M,M,29.87,M,290.00
ROC,2026-01-26 18:20,M,M,M,3.00,13.00,M,M,29.87,M,280.00
ROC,2026-01-26 18:25,M,M,M,2.50,M,M,M,29.87,M,M
ROC,2026-01-26 18:30,M,M,M,2.00,M,M,M,29.87,M,M
ROC,2026-01-26 18:31,-4.37,73.17,14.00,1.75,19.00,M,T,29.87,7.00,280.00
ROC,2026-01-26 18:35,M,M,M,1.75,14.00,M,M,29.87,M,280.00
ROC,2026-01-26 18:40,M,M,M,2.50,M,M,M,29.87,M,M
ROC,2026-01-26 18:41,-2.56,73.17,14.00,3.00,15.00,M,T,29.87,7.00,290.00
ROC,2026-01-26 18:45,M,M,M,5.00,M,M,M,29.87,M,M
ROC,2026-01-26 18:50,M,M,M,7.00,M,M,M,29.87,M,M
ROC,2026-01-26 18:54,0.37,66.92,15.00,8.00,12.00,1013.00,T,29.87,6.00,290.00
ROC,2026-01-26 18:55,M,M,M,8.00,M,M,M,29.87,M,M
ROC,2026-01-26 19:00,M,M,M,6.00,14.00,M,M,29.87,M,270.00
ROC,2026-01-26 19:01,-0.21,66.92,15.00,6.00,13.00,M,T,29.87,6.00,280.00
ROC,2026-01-26 19:05,M,M,M,4.00,15.00,M,M,29.87,M,260.00
ROC,2026-01-26 19:10,M,M,M,3.00,12.00,M,M,29.87,M,260.00
ROC,2026-01-26 19:15,M,M,M,3.00,12.00,M,M,29.88,M,270.00
ROC,2026-01-26 19:20,M,M,M,4.00,13.00,M,M,29.88,M,270.00
ROC,2026-01-26 19:25,M,M,M,5.00,M,M,M,29.88,M,M
ROC,2026-01-26 19:30,M,M,M,6.00,14.00,M,M,29.88,M,270.00
ROC,2026-01-26 19:35,M,M,M,8.00,14.00,M,M,29.88,M,280.00
ROC,2026-01-26 19:40,M,M,M,8.00,15.00,M,M,29.89,M,280.00
ROC,2026-01-26 19:45,M,M,M,7.00,13.00,M,M,29.89,M,280.00
ROC,2026-01-26 19:50,M,M,M,5.00,14.00,M,M,29.89,M,290.00
ROC,2026-01-26 19:54,-0.21,70.04,15.00,4.00,13.00,1013.60,T,29.89,7.00,280.00
ROC,2026-01-26 19:55,M,M,M,3.00,13.00,M,M,29.89,M,290.00
ROC,2026-01-26 19:57,0.98,73.28,15.00,2.50,11.00,M,T,29.89,8.00,280.00
ROC,2026-01-26 20:00,M,M,M,2.00,12.00,M,M,29.89,M,280.00
ROC,2026-01-26 20:05,M,M,M,1.25,M,M,M,29.89,M,M
ROC,2026-01-26 20:08,-2.20,73.28,15.00,1.00,17.00,M,T,29.89,8.00,280.00
ROC,2026-01-26 20:10,M,M,M,1.00,15.00,M,M,29.90,M,280.00
ROC,2026-01-26 20:15,M,M,M,0.75,M,M,M,29.90,M,M
ROC,2026-01-26 20:17,-4.37,80.09,14.00,0.75,19.00,M,T,29.90,9.00,280.00
ROC,2026-01-26 20:20,M,M,M,0.75,12.00,M,M,29.90,M,290.00
ROC,2026-01-26 20:25,M,M,M,1.00,15.00,M,M,29.90,M,270.00
ROC,2026-01-26 20:29,-2.04,80.09,14.00,1.00,14.00,M,T,29.90,9.00,290.00
ROC,2026-01-26 20:30,M,M,M,1.00,14.00,M,M,29.90,M,290.00
ROC,2026-01-26 20:35,M,M,M,1.00,14.00,M,M,29.91,M,270.00
ROC,2026-01-26 20:40,M,M,M,1.00,11.00,M,M,29.91,M,280.00
ROC,2026-01-26 20:45,M,M,M,0.75,14.00,M,M,29.91,M,280.00
ROC,2026-01-26 20:50,M,M,M,0.75,12.00,M,M,29.91,M,290.00
ROC,2026-01-26 20:50,-0.91,85.27,14.00,0.75,12.00,M,T,29.91,10.40,290.00
ROC,2026-01-26 20:54,-0.91,83.76,14.00,0.75,12.00,1014.50,T,29.91,10.00,280.00
ROC,2026-01-26 20:55,M,M,M,1.00,12.00,M,M,29.91,M,290.00
ROC,2026-01-26 21:00,M,M,M,0.75,13.00,M,M,29.91,M,290.00
ROC,2026-01-26 21:05,M,M,M,0.75,13.00,M,M,29.92,M,300.00
ROC,2026-01-26 21:10,M,M,M,0.75,13.00,M,M,29.92,M,300.00
ROC,2026-01-26 21:12,0.37,76.66,15.00,1.00,12.00,M,T,29.92,9.00,300.00
ROC,2026-01-26 21:15,0.37,73.28,15.00,2.00,12.00,M,T,29.92,8.00,290.00
ROC,2026-01-26 21:15,M,M,M,3.00,12.00,M,M,29.92,M,290.00
ROC,2026-01-26 21:20,M,M,M,7.00,M,M,M,29.92,M,M
ROC,2026-01-26 21:25,M,M,M,6.00,13.00,M,M,29.92,M,280.00
ROC,2026-01-26 21:30,M,M,M,2.50,M,M,M,29.92,M,M
ROC,2026-01-26 21:35,M,M,M,2.00,12.00,M,M,29.93,M,290.00
ROC,2026-01-26 21:40,M,M,M,2.00,12.00,M,M,29.93,M,290.00
ROC,2026-01-26 21:41,-0.28,80.09,14.00,1.50,11.00,M,T,29.93,9.00,290.00
ROC,2026-01-26 21:45,M,M,M,1.50,12.00,M,M,29.93,M,280.00
ROC,2026-01-26 21:50,M,M,M,1.00,12.00,M,M,29.93,M,290.00
ROC,2026-01-26 21:51,-1.49,78.66,14.00,0.75,13.00,M,T,29.93,8.60,290.00
ROC,2026-01-26 21:54,-0.28,80.09,14.00,0.75,11.00,1015.10,T,29.94,9.00,290.00
ROC,2026-01-26 21:55,M,M,M,0.75,11.00,M,M,29.94,M,290.00
ROC,2026-01-26 22:00,M,M,M,0.75,11.00,M,M,29.94,M,300.00
ROC,2026-01-26 22:05,M,M,M,0.75,15.00,M,M,29.94,M,M
ROC,2026-01-26 22:10,M,M,M,0.75,14.00,M,M,29.94,M,290.00
ROC,2026-01-26 22:15,M,M,M,1.50,9.00,M,M,29.94,M,290.00
ROC,2026-01-26 22:19,-3.04,80.09,14.00,1.50,16.00,M,T,29.95,9.00,290.00
ROC,2026-01-26 22:20,M,M,M,2.00,M,M,M,29.95,M,M
ROC,2026-01-26 22:23,-0.91,76.56,14.00,3.00,12.00,M,T,29.95,8.00,300.00
ROC,2026-01-26 22:25,M,M,M,4.00,9.00,M,M,29.95,M,290.00
ROC,2026-01-26 22:30,M,M,M,4.00,11.00,M,M,29.95,M,290.00
ROC,2026-01-26 22:35,M,M,M,7.00,10.00,M,M,29.95,M,300.00
ROC,2026-01-26 22:40,M,M,M,8.00,M,M,M,29.96,M,M
ROC,2026-01-26 22:45,M,M,M,6.00,13.00,M,M,29.96,M,310.00
ROC,2026-01-26 22:50,M,M,M,8.00,12.00,M,M,29.96,M,300.00
ROC,2026-01-26 22:54,-0.91,66.79,14.00,6.00,12.00,1016.20,T,29.97,5.00,310.00
ROC,2026-01-26 22:55,M,M,M,8.00,12.00,M,M,29.97,M,310.00
ROC,2026-01-26 23:00,M,M,M,9.00,9.00,M,M,29.97,M,300.00
ROC,2026-01-26 23:05,M,M,M,9.00,10.00,M,M,29.97,M,310.00
ROC,2026-01-26 23:10,M,M,M,9.00,8.00,M,M,29.97,M,300.00
ROC,2026-01-26 23:15,M,M,M,9.00,9.00,M,M,29.98,M,300.00
ROC,2026-01-26 23:20,M,M,M,9.00,9.00,M,M,29.98,M,300.00
ROC,2026-01-26 23:25,M,M,M,9.00,7.00,M,M,29.98,M,300.00
ROC,2026-01-26 23:30,M,M,M,9.00,7.00,M,M,29.98,M,300.00
ROC,2026-01-26 23:35,M,M,M,9.00,11.00,M,M,29.99,M,310.00
ROC,2026-01-26 23:40,M,M,M,9.00,11.00,M,M,29.99,M,310.00
ROC,2026-01-26 23:45,M,M,M,9.00,11.00,M,M,29.99,M,310.00
ROC,2026-01-26 23:50,M,M,M,9.00,11.00,M,M,29.99,M,310.00
ROC,2026-01-26 23:54,0.98,58.31,15.00,9.00,11.00,1016.90,T,29.99,3.00,310.00
ROC,2026-01-26 23:55,M,M,M,9.00,12.00,M,M,29.99,M,310.00
ROC,2026-01-27 00:00,M,M,M,9.00,11.00,M,M,29.99,M,310.00
ROC,2026-01-27 00:05,M,M,M,9.00,12.00,M,M,29.99,M,320.00
ROC,2026-01-27 00:10,M,M,M,9.00,11.00,M,M,29.99,M,320.00
ROC,2026-01-27 00:15,M,M,M,9.00,11.00,M,M,29.99,M,320.00
ROC,2026-01-27 00:20,M,M,M,9.00,11.00,M,M,29.99,M,300.00
ROC,2026-01-27 00:25,M,M,M,9.00,10.00,M,M,29.99,M,310.00
ROC,2026-01-27 00:30,M,M,M,9.00,10.00,M,M,29.99,M,300.00
ROC,2026-01-27 00:35,M,M,M,9.00,8.00,M,M,29.99,M,300.00
ROC,2026-01-27 00:40,M,M,M,9.00,7.00,M,M,30.00,M,290.00
ROC,2026-01-27 00:45,M,M,M,9.00,7.00,M,M,30.00,M,280.00
ROC,2026-01-27 00:50,M,M,M,9.00,10.00,M,M,30.00,M,270.00
ROC,2026-01-27 00:54,1.65,63.93,15.00,9.00,10.00,1017.40,T,30.00,5.00,270.00
ROC,2026-01-27 00:55,M,M,M,6.00,10.00,M,M,30.00,M,260.00
ROC,2026-01-27 00:58,1.13,69.92,14.00,5.00,9.00,M,T,30.00,6.00,270.00
ROC,2026-01-27 01:00,M,M,M,3.00,11.00,M,M,30.00,M,260.00
ROC,2026-01-27 01:05,M,M,M,3.00,10.00,M,M,30.00,M,260.00
ROC,2026-01-27 01:10,M,M,M,3.00,12.00,M,M,30.00,M,270.00
ROC,2026-01-27 01:12,-0.28,80.09,14.00,2.00,11.00,M,T,30.00,9.00,270.00
ROC,2026-01-27 01:15,M,M,M,2.00,8.00,M,M,30.00,M,270.00
ROC,2026-01-27 01:20,M,M,M,2.00,12.00,M,M,30.00,M,280.00
ROC,2026-01-27 01:25,M,M,M,2.50,10.00,M,M,30.00,M,270.00
ROC,2026-01-27 01:29,1.13,80.09,14.00,4.00,9.00,M,T,30.00,9.00,270.00
ROC,2026-01-27 01:30,M,M,M,3.50,10.00,M,M,30.00,M,270.00
ROC,2026-01-27 01:35,M,M,M,5.00,10.00,M,M,30.00,M,270.00
ROC,2026-01-27 01:40,M,M,M,6.00,12.00,M,M,30.00,M,270.00
ROC,2026-01-27 01:41,-0.91,80.09,14.00,7.00,12.00,M,T,30.00,9.00,270.00
ROC,2026-01-27 01:45,M,M,M,7.00,11.00,M,M,30.00,M,270.00
ROC,2026-01-27 01:50,M,M,M,8.00,9.00,M,M,30.00,M,270.00
ROC,2026-01-27 01:54,-1.54,80.00,13.00,8.00,11.00,1017.50,T,30.00,8.00,270.00
ROC,2026-01-27 01:55,M,M,M,8.00,10.00,M,M,30.00,M,270.00
ROC,2026-01-27 02:00,M,M,M,6.00,11.00,M,M,30.00,M,260.00
ROC,2026-01-27 02:05,M,M,M,4.00,11.00,M,M,30.00,M,270.00
ROC,2026-01-27 02:10,M,M,M,4.00,12.00,M,M,30.00,M,270.00
ROC,2026-01-27 02:15,M,M,M,5.00,12.00,M,M,30.00,M,260.00
ROC,2026-01-27 02:20,M,M,M,5.00,9.00,M,M,30.00,M,270.00
ROC,2026-01-27 02:25,M,M,M,6.00,11.00,M,M,30.00,M,260.00
ROC,2026-01-27 02:30,M,M,M,8.00,13.00,M,M,30.00,M,260.00
ROC,2026-01-27 02:35,M,M,M,8.00,10.00,M,M,30.00,M,260.00
ROC,2026-01-27 02:40,M,M,M,8.00,9.00,M,M,30.00,M,270.00
ROC,2026-01-27 02:45,M,M,M,9.00,13.00,M,M,30.01,M,270.00
ROC,2026-01-27 02:50,M,M,M,9.00,13.00,M,M,30.00,M,270.00
ROC,2026-01-27 02:54,-5.65,72.95,12.00,9.00,16.00,1017.50,T,30.00,5.00,270.00
ROC,2026-01-27 02:55,M,M,M,9.00,M,M,M,30.00,M,M
ROC,2026-01-27 03:00,M,M,M,9.00,12.00,M,M,30.00,M,270.00
ROC,2026-01-27 03:05,M,M,M,9.00,12.00,M,M,30.00,M,270.00
ROC,2026-01-27 03:10,M,M,M,9.00,M,M,M,30.01,M,M
ROC,2026-01-27 03:15,M,M,M,9.00,M,M,M,30.01,M,M
ROC,2026-01-27 03:18,-4.62,69.68,12.00,9.00,14.00,M,T,30.01,4.00,270.00
ROC,2026-01-27 03:20,M,M,M,9.00,12.00,M,M,30.01,M,270.00
ROC,2026-01-27 03:25,M,M,M,10.00,11.00,M,M,30.01,M,270.00
ROC,2026-01-27 03:30,M,M,M,10.00,14.00,M,M,30.01,M,260.00
ROC,2026-01-27 03:35,M,M,M,10.00,14.00,M,M,30.01,M,260.00
ROC,2026-01-27 03:40,M,M,M,10.00,14.00,M,M,30.01,M,270.00
ROC,2026-01-27 03:43,-5.15,69.68,12.00,10.00,15.00,M,T,30.01,4.00,270.00
ROC,2026-01-27 03:45,M,M,M,10.00,13.00,M,M,30.01,M,260.00
ROC,2026-01-27 03:50,M,M,M,9.00,14.00,M,M,30.01,M,260.00
ROC,2026-01-27 03:54,-5.15,69.68,12.00,8.00,15.00,1017.80,T,30.01,4.00,260.00
ROC,2026-01-27 03:55,M,M,M,8.00,16.00,M,M,30.01,M,260.00
ROC,2026-01-27 04:00,M,M,M,8.00,13.00,M,M,30.01,M,260.00
ROC,2026-01-27 04:05,M,M,M,9.00,15.00,M,M,30.02,M,270.00
ROC,2026-01-27 04:10,-4.05,66.54,12.00,9.00,13.00,M,T,30.02,3.00,260.00
ROC,2026-01-27 04:10,M,M,M,9.00,13.00,M,M,30.02,M,260.00
ROC,2026-01-27 04:15,M,M,M,9.00,13.00,M,M,30.01,M,260.00
ROC,2026-01-27 04:20,M,M,M,9.00,15.00,M,M,30.02,M,260.00
ROC,2026-01-27 04:25,M,M,M,9.00,M,M,M,30.02,M,M
ROC,2026-01-27 04:30,M,M,M,9.00,M,M,M,30.02,M,M
ROC,2026-01-27 04:35,M,M,M,9.00,16.00,M,M,30.02,M,270.00
ROC,2026-01-27 04:40,M,M,M,9.00,M,M,M,30.02,M,M
ROC,2026-01-27 04:45,M,M,M,9.00,15.00,M,M,30.02,M,270.00
ROC,2026-01-27 04:50,M,M,M,9.00,14.00,M,M,30.02,M,270.00
ROC,2026-01-27 04:54,-5.15,66.54,12.00,9.00,15.00,1018.00,T,30.02,3.00,270.00
ROC,2026-01-27 04:55,M,M,M,9.00,16.00,M,M,30.02,M,260.00
ROC,2026-01-27 05:00,M,M,M,9.00,14.00,M,M,30.02,M,260.00
ROC,2026-01-27 05:05,M,M,M,9.00,15.00,M,M,30.02,M,270.00
ROC,2026-01-27 05:10,M,M,M,9.00,16.00,M,M,30.02,M,260.00
ROC,2026-01-27 05:15,M,M,M,9.00,14.00,M,M,30.02,M,260.00
ROC,2026-01-27 05:20,M,M,M,9.00,17.00,M,M,30.02,M,M
ROC,2026-01-27 05:25,M,M,M,9.00,15.00,M,M,30.02,M,260.00
ROC,2026-01-27 05:30,M,M,M,9.00,15.00,M,M,30.02,M,260.00
ROC,2026-01-27 05:35,M,M,M,9.00,13.00,M,M,30.02,M,270.00
ROC,2026-01-27 05:40,M,M,M,9.00,10.00,M,M,30.02,M,270.00
ROC,2026-01-27 05:45,M,M,M,9.00,11.00,M,M,30.02,M,260.00
ROC,2026-01-27 05:50,M,M,M,9.00,12.00,M,M,30.02,M,270.00
ROC,2026-01-27 05:54,-2.60,60.48,11.00,9.00,9.00,1017.90,T,30.02,0.00,270.00
ROC,2026-01-27 05:55,M,M,M,10.00,9.00,M,M,30.01,M,270.00
ROC,2026-01-27 06:00,M,M,M,10.00,10.00,M,M,30.01,M,270.00
ROC,2026-01-27 06:05,M,M,M,10.00,11.00,M,M,30.01,M,280.00
ROC,2026-01-27 06:10,M,M,M,10.00,12.00,M,M,30.01,M,290.00
ROC,2026-01-27 06:15,M,M,M,10.00,M,M,M,30.02,M,M
ROC,2026-01-27 06:20,M,M,M,10.00,M,M,M,30.02,M,M
ROC,2026-01-27 06:25,M,M,M,10.00,12.00,M,M,30.02,M,260.00
ROC,2026-01-27 06:30,M,M,M,10.00,11.00,M,M,30.02,M,250.00
ROC,2026-01-27 06:35,M,M,M,10.00,9.00,M,M,30.03,M,250.00
ROC,2026-01-27 06:40,M,M,M,10.00,10.00,M,M,30.03,M,250.00
ROC,2026-01-27 06:45,M,M,M,10.00,9.00,M,M,30.03,M,260.00
ROC,2026-01-27 06:50,M,M,M,10.00,8.00,M,M,30.02,M,260.00
ROC,2026-01-27 06:54,-1.76,57.70,11.00,10.00,8.00,1018.20,0.00,30.02,-1.00,260.00
ROC,2026-01-27 06:55,M,M,M,10.00,9.00,M,M,30.02,M,260.00
ROC,2026-01-27 07:00,M,M,M,10.00,9.00,M,M,30.02,M,270.00
ROC,2026-01-27 07:05,M,M,M,10.00,11.00,M,M,30.02,M,270.00
ROC,2026-01-27 07:10,M,M,M,10.00,10.00,M,M,30.02,M,270.00
ROC,2026-01-27 07:12,-4.07,66.41,11.00,9.00,11.00,M,T,30.02,2.00,280.00
ROC,2026-01-27 07:15,M,M,M,8.00,9.00,M,M,30.03,M,270.00
ROC,2026-01-27 07:20,M,M,M,6.00,8.00,M,M,30.02,M,270.00
ROC,2026-01-27 07:25,M,M,M,6.00,7.00,M,M,30.02,M,270.00
ROC,2026-01-27 07:30,M,M,M,4.00,7.00,M,M,30.02,M,270.00
ROC,2026-01-27 07:35,M,M,M,4.00,7.00,M,M,30.02,M,270.00
ROC,2026-01-27 07:40,M,M,M,4.00,7.00,M,M,30.02,M,270.00
ROC,2026-01-27 07:45,M,M,M,5.00,11.00,M,M,30.02,M,260.00
ROC,2026-01-27 07:50,M,M,M,7.00,9.00,M,M,30.02,M,250.00
ROC,2026-01-27 07:54,-3.37,79.83,11.00,8.00,10.00,1018.00,T,30.02,6.00,250.00
ROC,2026-01-27 07:55,M,M,M,8.00,9.00,M,M,30.02,M,250.00
ROC,2026-01-27 08:00,M,M,M,7.00,12.00,M,M,30.02,M,240.00
ROC,2026-01-27 08:05,M,M,M,8.00,11.00,M,M,30.02,M,250.00
ROC,2026-01-27 08:10,M,M,M,8.00,18.00,M,M,30.02,M,M
ROC,2026-01-27 08:15,M,M,M,7.00,M,M,M,30.02,M,M
ROC,2026-01-27 08:20,M,M,M,5.00,M,M,M,30.02,M,M
ROC,2026-01-27 08:25,M,M,M,5.00,M,M,M,30.02,M,M
ROC,2026-01-27 08:30,M,M,M,6.00,19.00,M,M,30.02,M,M
ROC,2026-01-27 08:35,M,M,M,7.00,M,M,M,30.01,M,M
ROC,2026-01-27 08:40,M,M,M,8.00,13.00,M,M,30.02,M,260.00
ROC,2026-01-27 08:45,M,M,M,9.00,M,M,M,30.01,M,M
ROC,2026-01-27 08:50,M,M,M,9.00,12.00,M,M,30.01,M,260.00
ROC,2026-01-27 08:54,-5.34,72.84,11.00,9.00,13.00,1017.70,T,30.01,4.00,270.00
ROC,2026-01-27 08:55,M,M,M,9.00,13.00,M,M,30.01,M,270.00
ROC,2026-01-27 09:00,M,M,M,9.00,14.00,M,M,30.01,M,260.00
ROC,2026-01-27 09:05,M,M,M,9.00,15.00,M,M,30.00,M,260.00
ROC,2026-01-27 09:10,M,M,M,9.00,13.00,M,M,30.00,M,260.00
ROC,2026-01-27 09:15,M,M,M,9.00,15.00,M,M,30.00,M,260.00
ROC,2026-01-27 09:19,-7.74,72.73,10.00,9.00,15.00,M,T,30.00,3.00,260.00
ROC,2026-01-27 09:20,M,M,M,9.00,14.00,M,M,30.00,M,260.00
ROC,2026-01-27 09:25,M,M,M,9.00,14.00,M,M,30.00,M,250.00
ROC,2026-01-27 09:30,M,M,M,9.00,13.00,M,M,30.00,M,260.00
ROC,2026-01-27 09:35,M,M,M,9.00,M,M,M,30.00,M,M
ROC,2026-01-27 09:40,M,M,M,9.00,15.00,M,M,30.00,M,250.00
ROC,2026-01-27 09:45,M,M,M,9.00,14.00,M,M,30.00,M,260.00
ROC,2026-01-27 09:50,M,M,M,9.00,M,M,M,30.00,M,M
ROC,2026-01-27 09:54,-7.74,69.44,10.00,9.00,15.00,1017.20,T,30.00,2.00,260.00
ROC,2026-01-27 09:55,M,M,M,9.00,15.00,M,M,30.00,M,260.00
ROC,2026-01-27 10:00,M,M,M,9.00,13.00,M,M,29.99,M,260.00
ROC,2026-01-27 10:05,M,M,M,9.00,M,M,M,29.99,M,M
ROC,2026-01-27 10:10,M,M,M,9.00,12.00,M,M,29.99,M,260.00
ROC,2026-01-27 10:15,M,M,M,9.00,12.00,M,M,29.99,M,260.00
ROC,2026-01-27 10:20,M,M,M,9.00,12.00,M,M,29.98,M,260.00
ROC,2026-01-27 10:25,M,M,M,9.00,12.00,M,M,29.98,M,250.00
ROC,2026-01-27 10:30,M,M,M,9.00,12.00,M,M,29.97,M,250.00
ROC,2026-01-27 10:35,M,M,M,9.00,11.00,M,M,29.97,M,250.00
ROC,2026-01-27 10:40,M,M,M,9.00,10.00,M,M,29.97,M,250.00
ROC,2026-01-27 10:45,M,M,M,9.00,9.00,M,M,29.96,M,250.00
ROC,2026-01-27 10:50,M,M,M,9.00,9.00,M,M,29.96,M,250.00
ROC,2026-01-27 10:54,-5.09,66.14,9.00,9.00,9.00,1015.90,T,29.96,0.00,250.00
ROC,2026-01-27 10:55,M,M,M,9.00,9.00,M,M,29.96,M,240.00
ROC,2026-01-27 11:00,M,M,M,10.00,10.00,M,M,29.96,M,240.00
ROC,2026-01-27 11:05,M,M,M,10.00,9.00,M,M,29.95,M,220.00
ROC,2026-01-27 11:10,M,M,M,10.00,11.00,M,M,29.95,M,230.00
ROC,2026-01-27 11:15,M,M,M,10.00,12.00,M,M,29.95,M,240.00
ROC,2026-01-27 11:20,M,M,M,10.00,14.00,M,M,29.95,M,240.00
ROC,2026-01-27 11:25,M,M,M,10.00,13.00,M,M,29.94,M,240.00
ROC,2026-01-27 11:30,M,M,M,10.00,12.00,M,M,29.94,M,230.00
ROC,2026-01-27 11:35,M,M,M,10.00,13.00,M,M,29.94,M,220.00
ROC,2026-01-27 11:37,-10.06,60.19,9.00,10.00,17.00,M,T,29.94,-2.00,230.00
ROC,2026-01-27 11:40,M,M,M,10.00,M,M,M,29.93,M,M
ROC,2026-01-27 11:45,M,M,M,9.00,M,M,M,29.93,M,M
ROC,2026-01-27 11:50,M,M,M,9.00,M,M,M,29.93,M,M
ROC,2026-01-27 11:54,-10.06,54.72,9.00,9.00,17.00,1015.00,T,29.93,-4.00,230.00
ROC,2026-01-27 11:55,M,M,M,9.00,M,M,M,29.93,M,M
ROC,2026-01-27 12:00,M,M,M,10.00,M,M,M,29.92,M,M
ROC,2026-01-27 12:05,M,M,M,10.00,M,M,M,29.93,M,M
ROC,2026-01-27 12:10,M,M,M,10.00,12.00,M,M,29.93,M,230.00
ROC,2026-01-27 12:15,M,M,M,10.00,16.00,M,M,29.92,M,240.00
ROC,2026-01-27 12:20,M,M,M,10.00,13.00,M,M,29.92,M,230.00
ROC,2026-01-27 12:25,M,M,M,10.00,12.00,M,M,29.92,M,220.00
ROC,2026-01-27 12:30,M,M,M,10.00,13.00,M,M,29.91,M,220.00
ROC,2026-01-27 12:35,M,M,M,10.00,13.00,M,M,29.92,M,230.00
ROC,2026-01-27 12:40,M,M,M,10.00,14.00,M,M,29.92,M,230.00
ROC,2026-01-27 12:45,M,M,M,10.00,13.00,M,M,29.92,M,220.00
ROC,2026-01-27 12:50,M,M,M,10.00,12.00,M,M,29.92,M,230.00
ROC,2026-01-27 12:54,-6.60,49.70,9.00,10.00,11.00,1014.60,0.00,29.92,-6.00,220.00
ROC,2026-01-27 12:55,M,M,M,10.00,10.00,M,M,29.92,M,230.00
ROC,2026-01-27 13:00,M,M,M,10.00,12.00,M,M,29.92,M,220.00
ROC,2026-01-27 13:05,M,M,M,10.00,12.00,M,M,29.91,M,220.00
ROC,2026-01-27 13:10,M,M,M,10.00,12.00,M,M,29.91,M,230.00
ROC,2026-01-27 13:15,M,M,M,10.00,11.00,M,M,29.91,M,230.00
ROC,2026-01-27 13:20,M,M,M,10.00,10.00,M,M,29.92,M,240.00
ROC,2026-01-27 13:25,M,M,M,10.00,11.00,M,M,29.91,M,230.00
ROC,2026-01-27 13:30,M,M,M,10.00,11.00,M,M,29.91,M,240.00
ROC,2026-01-27 13:35,-7.90,49.70,9.00,10.00,13.00,M,T,29.91,-6.00,250.00
ROC,2026-01-27 13:35,M,M,M,10.00,13.00,M,M,29.91,M,240.00
ROC,2026-01-27 13:40,M,M,M,9.00,13.00,M,M,29.91,M,240.00
ROC,2026-01-27 13:45,M,M,M,8.00,22.00,M,M,29.91,M,M
ROC,2026-01-27 13:50,M,M,M,6.00,17.00,M,M,29.91,M,240.00
ROC,2026-01-27 13:54,-9.56,60.19,9.00,6.00,16.00,1014.20,T,29.90,-2.00,240.00
ROC,2026-01-27 13:55,M,M,M,6.00,17.00,M,M,29.90,M,240.00
ROC,2026-01-27 14:00,M,M,M,7.00,18.00,M,M,29.90,M,240.00
ROC,2026-01-27 14:05,M,M,M,7.00,18.00,M,M,29.90,M,240.00
ROC,2026-01-27 14:10,M,M,M,8.00,17.00,M,M,29.90,M,230.00
ROC,2026-01-27 14:15,M,M,M,9.00,M,M,M,29.90,M,230.00
ROC,2026-01-27 14:20,M,M,M,9.00,18.00,M,M,29.90,M,240.00
ROC,2026-01-27 14:25,M,M,M,8.00,17.00,M,M,29.90,M,240.00
ROC,2026-01-27 14:30,M,M,M,9.00,16.00,M,M,29.89,M,230.00
ROC,2026-01-27 14:35,M,M,M,9.00,16.00,M,M,29.89,M,250.00
ROC,2026-01-27 14:40,M,M,M,9.00,17.00,M,M,29.89,M,240.00
ROC,2026-01-27 14:45,M,M,M,9.00,17.00,M,M,29.90,M,240.00
ROC,2026-01-27 14:50,M,M,M,9.00,M,M,M,29.89,M,M
ROC,2026-01-27 14:54,-10.49,63.24,10.00,9.00,21.00,1013.80,T,29.89,0.00,240.00
ROC,2026-01-27 14:55,M,M,M,8.00,M,M,M,29.89,M,M
ROC,2026-01-27 15:00,M,M,M,8.00,17.00,M,M,29.89,M,250.00
ROC,2026-01-27 15:05,M,M,M,9.00,16.00,M,M,29.89,M,240.00
ROC,2026-01-27 15:10,M,M,M,8.00,17.00,M,M,29.89,M,250.00
ROC,2026-01-27 15:15,M,M,M,6.00,M,M,M,29.89,M,M
ROC,2026-01-27 15:20,M,M,M,4.00,M,M,M,29.89,M,M
ROC,2026-01-27 15:25,M,M,M,5.00,M,M,M,29.89,M,M
ROC,2026-01-27 15:30,M,M,M,6.00,18.00,M,M,29.89,M,250.00
ROC,2026-01-27 15:35,M,M,M,6.00,M,M,M,29.89,M,M
ROC,2026-01-27 15:40,M,M,M,8.00,16.00,M,M,29.89,M,250.00
ROC,2026-01-27 15:45,M,M,M,8.00,M,M,M,29.89,M,M
ROC,2026-01-27 15:50,M,M,M,8.00,16.00,M,M,29.89,M,250.00
ROC,2026-01-27 15:54,-7.90,55.04,11.00,8.00,18.00,1013.50,T,29.89,-2.00,250.00
ROC,2026-01-27 15:55,M,M,M,8.00,M,M,M,29.89,M,M
ROC,2026-01-27 16:00,M,M,M,9.00,16.00,M,M,29.88,M,240.00
ROC,2026-01-27 16:05,M,M,M,8.00,M,M,M,29.88,M,M
ROC,2026-01-27 16:10,M,M,M,7.00,21.00,M,M,29.88,M,M
ROC,2026-01-27 16:15,M,M,M,8.00,17.00,M,M,29.89,M,250.00
ROC,2026-01-27 16:20,M,M,M,9.00,17.00,M,M,29.88,M,240.00
ROC,2026-01-27 16:25,M,M,M,9.00,15.00,M,M,29.88,M,240.00
ROC,2026-01-27 16:30,M,M,M,9.00,17.00,M,M,29.88,M,250.00
ROC,2026-01-27 16:33,-9.16,60.48,11.00,6.00,21.00,M,T,29.88,0.00,250.00
ROC,2026-01-27 16:35,M,M,M,6.00,15.00,M,M,29.88,M,250.00
ROC,2026-01-27 16:40,M,M,M,6.00,M,M,M,29.88,M,M
ROC,2026-01-27 16:45,M,M,M,8.00,19.00,M,M,29.88,M,250.00
ROC,2026-01-27 16:50,M,M,M,6.00,M,M,M,29.88,M,M
ROC,2026-01-27 16:54,-5.34,57.70,11.00,7.00,13.00,1013.20,T,29.88,-1.00,250.00
ROC,2026-01-27 16:55,M,M,M,7.00,14.00,M,M,29.88,M,250.00
ROC,2026-01-27 17:00,M,M,M,8.00,23.00,M,M,29.88,M,250.00
ROC,2026-01-27 17:05,M,M,M,7.00,17.00,M,M,29.88,M,250.00
ROC,2026-01-27 17:10,M,M,M,6.00,22.00,M,M,29.88,M,250.00
ROC,2026-01-27 17:15,M,M,M,8.00,M,M,M,29.88,M,M
ROC,2026-01-27 17:20,M,M,M,8.00,M,M,M,29.87,M,M
ROC,2026-01-27 17:25,M,M,M,8.00,M,M,M,29.87,M,M
ROC,2026-01-27 17:30,M,M,M,8.00,M,M,M,29.87,M,M
ROC,2026-01-27 17:35,M,M,M,7.00,M,M,M,29.87,M,M
ROC,2026-01-27 17:40,M,M,M,8.00,20.00,M,M,29.87,M,M
ROC,2026-01-27 17:45,M,M,M,9.00,17.00,M,M,29.87,M,250.00
ROC,2026-01-27 17:50,M,M,M,8.00,18.00,M,M,29.86,M,250.00
ROC,2026-01-27 17:54,-5.65,60.63,12.00,9.00,16.00,1012.60,0.00,29.86,1.00,260.00
ROC,2026-01-27 17:55,M,M,M,9.00,15.00,M,M,29.86,M,260.00
ROC,2026-01-27 18:00,M,M,M,10.00,16.00,M,M,29.86,M,250.00
ROC,2026-01-27 18:05,M,M,M,8.00,19.00,M,M,29.86,M,250.00
ROC,2026-01-27 18:07,-6.13,60.63,12.00,8.00,17.00,M,T,29.86,1.00,240.00
ROC,2026-01-27 18:10,M,M,M,5.00,19.00,M,M,29.85,M,250.00
ROC,2026-01-27 18:15,M,M,M,4.00,18.00,M,M,29.85,M,240.00
ROC,2026-01-27 18:20,M,M,M,4.00,17.00,M,M,29.86,M,250.00
ROC,2026-01-27 18:25,M,M,M,6.00,18.00,M,M,29.86,M,240.00
ROC,2026-01-27 18:30,M,M,M,7.00,17.00,M,M,29.86,M,250.00
ROC,2026-01-27 18:35,M,M,M,8.00,17.00,M,M,29.86,M,250.00
ROC,2026-01-27 18:40,M,M,M,8.00,M,M,M,29.86,M,M
ROC,2026-01-27 18:45,M,M,M,8.00,19.00,M,M,29.86,M,M
ROC,2026-01-27 18:50,M,M,M,9.00,17.00,M,M,29.86,M,250.00
ROC,2026-01-27 18:54,-6.13,63.52,12.00,9.00,17.00,1012.50,T,29.86,2.00,240.00
ROC,2026-01-27 18:55,M,M,M,9.00,M,M,M,29.86,M,M
ROC,2026-01-27 19:00,M,M,M,9.00,16.00,M,M,29.86,M,240.00
ROC,2026-01-27 19:05,M,M,M,9.00,18.00,M,M,29.86,M,240.00
ROC,2026-01-27 19:09,-3.85,58.01,13.00,9.00,15.00,M,T,29.86,1.00,250.00
ROC,2026-01-27 19:10,M,M,M,9.00,14.00,M,M,29.86,M,250.00
ROC,2026-01-27 19:15,M,M,M,10.00,14.00,M,M,29.86,M,240.00
ROC,2026-01-27 19:20,M,M,M,10.00,15.00,M,M,29.85,M,250.00
ROC,2026-01-27 19:25,M,M,M,10.00,16.00,M,M,29.85,M,230.00
ROC,2026-01-27 19:30,M,M,M,9.00,15.00,M,M,29.86,M,250.00
ROC,2026-01-27 19:35,M,M,M,10.00,14.00,M,M,29.86,M,250.00
ROC,2026-01-27 19:37,-5.26,60.77,13.00,10.00,18.00,M,T,29.86,2.00,260.00
ROC,2026-01-27 19:40,M,M,M,9.00,M,M,M,29.85,M,M
ROC,2026-01-27 19:45,M,M,M,9.00,15.00,M,M,29.85,M,250.00
ROC,2026-01-27 19:50,M,M,M,9.00,M,M,M,29.86,M,M
ROC,2026-01-27 19:54,-3.95,55.51,14.00,9.00,18.00,1012.50,T,29.86,1.00,250.00
ROC,2026-01-27 19:55,M,M,M,9.00,16.00,M,M,29.86,M,250.00
ROC,2026-01-27 20:00,M,M,M,9.00,19.00,M,M,29.86,M,M
ROC,2026-01-27 20:05,M,M,M,9.00,M,M,M,29.86,M,M
ROC,2026-01-27 20:10,M,M,M,9.00,19.00,M,M,29.86,M,250.00
ROC,2026-01-27 20:15,M,M,M,9.00,M,M,M,29.86,M,M
ROC,2026-01-27 20:20,M,M,M,9.00,19.00,M,M,29.86,M,240.00
ROC,2026-01-27 20:25,M,M,M,8.00,M,M,M,29.86,M,M
ROC,2026-01-27 20:30,M,M,M,7.00,M,M,M,29.86,M,M
ROC,2026-01-27 20:35,M,M,M,7.00,18.00,M,M,29.86,M,250.00
ROC,2026-01-27 20:40,M,M,M,8.00,17.00,M,M,29.86,M,250.00
ROC,2026-01-27 20:45,M,M,M,8.00,13.00,M,M,29.87,M,250.00
ROC,2026-01-27 20:50,M,M,M,8.00,12.00,M,M,29.87,M,250.00
ROC,2026-01-27 20:54,-3.51,60.92,14.00,7.00,17.00,1012.80,T,29.87,3.00,250.00
ROC,2026-01-27 20:55,M,M,M,5.00,15.00,M,M,29.87,M,250.00
ROC,2026-01-27 21:00,M,M,M,4.00,16.00,M,M,29.87,M,240.00
ROC,2026-01-27 21:05,M,M,M,4.00,17.00,M,M,29.87,M,240.00
ROC,2026-01-27 21:10,M,M,M,5.00,15.00,M,M,29.87,M,240.00
ROC,2026-01-27 21:15,M,M,M,6.00,14.00,M,M,29.87,M,240.00
ROC,2026-01-27 21:20,M,M,M,5.00,16.00,M,M,29.87,M,240.00
ROC,2026-01-27 21:22,-5.26,69.80,13.00,5.00,18.00,M,T,29.87,5.00,250.00
ROC,2026-01-27 21:25,M,M,M,4.00,14.00,M,M,29.87,M,240.00
ROC,2026-01-27 21:30,M,M,M,5.00,15.00,M,M,29.87,M,240.00
ROC,2026-01-27 21:35,M,M,M,7.00,16.00,M,M,29.87,M,250.00
ROC,2026-01-27 21:40,M,M,M,8.00,13.00,M,M,29.87,M,250.00
ROC,2026-01-27 21:45,M,M,M,9.00,14.00,M,M,29.88,M,240.00
ROC,2026-01-27 21:50,M,M,M,9.00,14.00,M,M,29.88,M,240.00
ROC,2026-01-27 21:54,-3.33,69.80,13.00,9.00,14.00,1013.20,T,29.88,5.00,240.00
ROC,2026-01-27 21:55,M,M,M,9.00,12.00,M,M,29.88,M,240.00
ROC,2026-01-27 22:00,M,M,M,9.00,15.00,M,M,29.88,M,240.00
ROC,2026-01-27 22:05,M,M,M,9.00,14.00,M,M,29.88,M,240.00
ROC,2026-01-27 22:10,M,M,M,9.00,15.00,M,M,29.88,M,240.00
ROC,2026-01-27 22:15,M,M,M,9.00,15.00,M,M,29.89,M,250.00
ROC,2026-01-27 22:20,M,M,M,9.00,11.00,M,M,29.89,M,240.00
ROC,2026-01-27 22:25,-2.81,72.95,12.00,9.00,11.00,M,T,29.89,5.00,240.00
ROC,2026-01-27 22:25,M,M,M,9.00,11.00,M,M,29.89,M,240.00
ROC,2026-01-27 22:30,M,M,M,9.00,11.00,M,M,29.89,M,240.00
ROC,2026-01-27 22:35,M,M,M,10.00,10.00,M,M,29.89,M,240.00
ROC,2026-01-27 22:40,M,M,M,10.00,12.00,M,M,29.90,M,240.00
ROC,2026-01-27 22:45,M,M,M,10.00,11.00,M,M,29.90,M,240.00
ROC,2026-01-27 22:50,M,M,M,10.00,11.00,M,M,29.90,M,240.00
ROC,2026-01-27 22:54,-2.81,72.95,12.00,9.00,11.00,1014.10,T,29.90,5.00,240.00
ROC,2026-01-27 22:55,M,M,M,8.00,11.00,M,M,29.90,M,240.00
ROC,2026-01-27 22:56,-3.45,72.95,12.00,8.00,12.00,M,T,29.90,5.00,240.00
ROC,2026-01-27 23:00,M,M,M,7.00,11.00,M,M,29.90,M,240.00
ROC,2026-01-27 23:05,M,M,M,6.00,12.00,M,M,29.91,M,240.00
ROC,2026-01-27 23:10,M,M,M,6.00,11.00,M,M,29.91,M,240.00
ROC,2026-01-27 23:15,M,M,M,6.00,11.00,M,M,29.91,M,230.00
ROC,2026-01-27 23:20,M,M,M,7.00,11.00,M,M,29.91,M,230.00
ROC,2026-01-27 23:25,M,M,M,7.00,9.00,M,M,29.91,M,230.00
ROC,2026-01-27 23:30,M,M,M,7.00,10.00,M,M,29.91,M,230.00
ROC,2026-01-27 23:35,M,M,M,6.00,11.00,M,M,29.91,M,230.00
ROC,2026-01-27 23:40,M,M,M,7.00,10.00,M,M,29.91,M,230.00
ROC,2026-01-27 23:45,M,M,M,8.00,11.00,M,M,29.91,M,240.00
ROC,2026-01-27 23:50,M,M,M,6.00,10.00,M,M,29.92,M,240.00
ROC,2026-01-27 23:54,-4.07,83.55,11.00,6.00,11.00,1014.60,T,29.92,7.00,240.00
ROC,2026-01-27 23:55,M,M,M,6.00,11.00,M,M,29.92,M,240.00
ROC,2026-01-28 00:00,M,M,M,6.00,11.00,M,M,29.92,M,240.00
ROC,2026-01-28 00:05,M,M,M,7.00,11.00,M,M,29.92,M,230.00
ROC,2026-01-28 00:10,M,M,M,9.00,11.00,M,M,29.92,M,230.00
ROC,2026-01-28 00:15,M,M,M,9.00,10.00,M,M,29.92,M,230.00
ROC,2026-01-28 00:18,-4.62,83.47,10.00,9.00,10.00,M,T,29.92,6.00,240.00
ROC,2026-01-28 00:20,M,M,M,9.00,11.00,M,M,29.93,M,240.00
ROC,2026-01-28 00:25,M,M,M,9.00,11.00,M,M,29.93,M,240.00
ROC,2026-01-28 00:30,M,M,M,9.00,10.00,M,M,29.93,M,240.00
ROC,2026-01-28 00:35,M,M,M,9.00,11.00,M,M,29.93,M,240.00
ROC,2026-01-28 00:40,M,M,M,9.00,11.00,M,M,29.93,M,240.00
ROC,2026-01-28 00:45,M,M,M,9.00,11.00,M,M,29.93,M,240.00
ROC,2026-01-28 00:50,M,M,M,9.00,11.00,M,M,29.93,M,240.00
ROC,2026-01-28 00:54,-4.07,79.83,11.00,9.00,11.00,1015.10,T,29.93,6.00,250.00
ROC,2026-01-28 00:55,M,M,M,9.00,10.00,M,M,29.93,M,250.00
ROC,2026-01-28 01:00,M,M,M,10.00,10.00,M,M,29.93,M,240.00
ROC,2026-01-28 01:05,M,M,M,10.00,10.00,M,M,29.93,M,250.00
ROC,2026-01-28 01:10,M,M,M,10.00,11.00,M,M,29.94,M,250.00
ROC,2026-01-28 01:15,M,M,M,10.00,11.00,M,M,29.94,M,250.00
ROC,2026-01-28 01:20,M,M,M,10.00,11.00,M,M,29.94,M,260.00
ROC,2026-01-28 01:25,M,M,M,10.00,11.00,M,M,29.94,M,260.00
ROC,2026-01-28 01:30,M,M,M,10.00,12.00,M,M,29.94,M,260.00
ROC,2026-01-28 01:35,M,M,M,10.00,12.00,M,M,29.94,M,260.00
ROC,2026-01-28 01:40,M,M,M,10.00,13.00,M,M,29.94,M,260.00
ROC,2026-01-28 01:45,M,M,M,10.00,12.00,M,M,29.95,M,270.00
ROC,2026-01-28 01:50,M,M,M,10.00,12.00,M,M,29.95,M,260.00
ROC,2026-01-28 01:54,-2.04,66.79,14.00,10.00,14.00,1015.60,T,29.95,5.00,270.00
ROC,2026-01-28 01:55,M,M,M,10.00,14.00,M,M,29.95,M,270.00
ROC,2026-01-28 02:00,M,M,M,9.00,M,M,M,29.95,M,M
ROC,2026-01-28 02:05,M,M,M,9.00,14.00,M,M,29.95,M,270.00
ROC,2026-01-28 02:10,M,M,M,9.00,15.00,M,M,29.95,M,260.00
ROC,2026-01-28 02:15,M,M,M,9.00,16.00,M,M,29.95,M,260.00
ROC,2026-01-28 02:20,M,M,M,7.00,15.00,M,M,29.95,M,260.00
ROC,2026-01-28 02:25,M,M,M,7.00,15.00,M,M,29.95,M,260.00
ROC,2026-01-28 02:30,M,M,M,9.00,13.00,M,M,29.95,M,260.00
ROC,2026-01-28 02:35,M,M,M,9.00,15.00,M,M,29.95,M,260.00
ROC,2026-01-28 02:40,M,M,M,9.00,15.00,M,M,29.96,M,270.00
ROC,2026-01-28 02:45,M,M,M,9.00,13.00,M,M,29.96,M,260.00
ROC,2026-01-28 02:50,M,M,M,9.00,14.00,M,M,29.96,M,260.00
ROC,2026-01-28 02:54,-2.04,63.80,14.00,9.00,14.00,1016.00,T,29.96,4.00,260.00
ROC,2026-01-28 02:55,M,M,M,9.00,15.00,M,M,29.96,M,260.00
ROC,2026-01-28 03:00,M,M,M,9.00,15.00,M,M,29.96,M,260.00
ROC,2026-01-28 03:05,M,M,M,9.00,14.00,M,M,29.97,M,270.00
ROC,2026-01-28 03:10,M,M,M,4.00,M,M,M,29.97,M,M
ROC,2026-01-28 03:14,-2.56,69.92,14.00,1.50,15.00,M,T,29.97,6.00,270.00
ROC,2026-01-28 03:15,M,M,M,1.50,15.00,M,M,29.97,M,260.00
ROC,2026-01-28 03:20,M,M,M,1.50,M,M,M,29.97,M,M
ROC,2026-01-28 03:24,-3.85,80.00,13.00,1.50,15.00,M,T,29.97,8.00,270.00
ROC,2026-01-28 03:25,M,M,M,1.50,M,M,M,29.97,M,M
ROC,2026-01-28 03:27,-4.35,80.00,13.00,3.00,16.00,M,T,29.97,8.00,270.00
ROC,2026-01-28 03:30,M,M,M,3.00,13.00,M,M,29.97,M,260.00
ROC,2026-01-28 03:35,M,M,M,3.00,M,M,M,29.97,M,M
ROC,2026-01-28 03:40,M,M,M,3.50,15.00,M,M,29.98,M,270.00
ROC,2026-01-28 03:44,-2.04,76.56,14.00,2.00,14.00,M,T,29.98,8.00,270.00
ROC,2026-01-28 03:45,M,M,M,2.00,15.00,M,M,29.98,M,270.00
ROC,2026-01-28 03:50,M,M,M,2.00,14.00,M,M,29.98,M,270.00
ROC,2026-01-28 03:51,-2.04,72.51,14.00,4.00,14.00,M,T,29.98,6.80,270.00
ROC,2026-01-28 03:54,-2.56,73.17,14.00,4.00,15.00,1016.60,T,29.98,7.00,260.00
ROC,2026-01-28 03:55,M,M,M,3.00,15.00,M,M,29.98,M,260.00
ROC,2026-01-28 04:00,M,M,M,3.00,15.00,M,M,29.98,M,270.00
ROC,2026-01-28 04:05,M,M,M,3.00,14.00,M,M,29.98,M,270.00
ROC,2026-01-28 04:10,M,M,M,6.00,16.00,M,M,29.98,M,260.00
ROC,2026-01-28 04:15,M,M,M,2.00,M,M,M,29.98,M,M
ROC,2026-01-28 04:16,-1.74,73.28,15.00,2.00,16.00,M,T,29.98,8.00,270.00
ROC,2026-01-28 04:20,M,M,M,2.00,16.00,M,M,29.99,M,260.00
ROC,2026-01-28 04:22,-2.04,83.76,14.00,0.75,14.00,M,T,29.99,10.00,270.00
ROC,2026-01-28 04:25,M,M,M,0.75,15.00,M,M,29.99,M,260.00
ROC,2026-01-28 04:30,M,M,M,0.75,M,M,M,29.99,M,M
ROC,2026-01-28 04:35,M,M,M,0.75,12.00,M,M,29.99,M,270.00
ROC,2026-01-28 04:40,M,M,M,0.75,15.00,M,M,29.99,M,260.00
ROC,2026-01-28 04:44,-2.04,87.58,14.00,0.50,14.00,M,T,29.99,11.00,260.00
ROC,2026-01-28 04:45,M,M,M,0.50,14.00,M,M,29.99,M,260.00
ROC,2026-01-28 04:50,M,M,M,0.50,14.00,M,M,29.99,M,260.00
ROC,2026-01-28 04:54,-2.56,87.58,14.00,0.50,15.00,1017.20,T,30.00,11.00,250.00
ROC,2026-01-28 04:55,M,M,M,1.00,15.00,M,M,30.00,M,250.00
ROC,2026-01-28 05:00,M,M,M,0.50,15.00,M,M,30.00,M,260.00
ROC,2026-01-28 05:05,M,M,M,0.50,M,M,M,30.00,M,M
ROC,2026-01-28 05:10,M,M,M,1.25,14.00,M,M,30.00,M,260.00
ROC,2026-01-28 05:13,-1.74,83.83,15.00,1.25,16.00,M,T,30.00,11.00,260.00
ROC,2026-01-28 05:15,M,M,M,1.25,15.00,M,M,30.00,M,250.00
ROC,2026-01-28 05:20,M,M,M,4.00,12.00,M,M,30.00,M,260.00
ROC,2026-01-28 05:20,0.37,80.17,15.00,4.00,12.00,M,T,30.00,10.00,260.00
ROC,2026-01-28 05:25,M,M,M,4.00,13.00,M,0.01,30.01,M,260.00
ROC,2026-01-28 05:30,M,M,M,4.00,13.00,M,0.01,30.01,M,260.00
ROC,2026-01-28 05:35,M,M,M,4.00,13.00,M,0.01,30.01,M,260.00
ROC,2026-01-28 05:40,M,M,M,3.00,14.00,M,0.01,30.01,M,250.00
ROC,2026-01-28 05:45,M,M,M,3.00,13.00,M,0.01,30.01,M,260.00
ROC,2026-01-28 05:50,M,M,M,3.00,12.00,M,0.01,30.01,M,250.00
ROC,2026-01-28 05:50,-0.91,78.66,14.00,3.00,12.00,M,0.01,30.01,8.60,250.00
ROC,2026-01-28 05:54,-2.04,80.09,14.00,4.00,14.00,1017.70,0.01,30.01,9.00,260.00
ROC,2026-01-28 05:55,M,M,M,4.00,14.00,M,M,30.01,M,260.00
ROC,2026-01-28 06:00,M,M,M,3.50,16.00,M,M,30.01,M,260.00
ROC,2026-01-28 06:05,M,M,M,3.00,16.00,M,M,30.02,M,260.00
ROC,2026-01-28 06:10,M,M,M,3.00,15.00,M,M,30.02,M,260.00
ROC,2026-01-28 06:15,M,M,M,4.00,15.00,M,M,30.02,M,260.00
ROC,2026-01-28 06:19,-3.04,73.17,14.00,6.00,16.00,M,T,30.02,7.00,260.00
ROC,2026-01-28 06:20,M,M,M,6.00,15.00,M,M,30.02,M,260.00
ROC,2026-01-28 06:25,M,M,M,5.00,14.00,M,M,30.02,M,260.00
ROC,2026-01-28 06:30,M,M,M,4.00,13.00,M,M,30.02,M,260.00
ROC,2026-01-28 06:35,M,M,M,4.00,17.00,M,M,30.02,M,260.00
ROC,2026-01-28 06:40,M,M,M,3.50,18.00,M,M,30.03,M,260.00
ROC,2026-01-28 06:45,M,M,M,4.00,14.00,M,M,30.03,M,250.00
ROC,2026-01-28 06:50,M,M,M,3.50,M,M,M,30.03,M,M
ROC,2026-01-28 06:54,-4.82,73.06,13.00,6.00,17.00,1018.60,T,30.04,6.00,250.00
ROC,2026-01-28 06:55,M,M,M,3.00,16.00,M,M,30.04,M,250.00
ROC,2026-01-28 07:00,M,M,M,4.00,17.00,M,M,30.04,M,250.00
ROC,2026-01-28 07:05,M,M,M,4.00,18.00,M,M,30.04,M,250.00
ROC,2026-01-28 07:10,M,M,M,7.00,16.00,M,M,30.05,M,250.00
ROC,2026-01-28 07:15,M,M,M,7.00,M,M,M,30.05,M,M
ROC,2026-01-28 07:20,M,M,M,7.00,17.00,M,M,30.05,M,250.00
ROC,2026-01-28 07:25,M,M,M,7.00,17.00,M,M,30.05,M,250.00
ROC,2026-01-28 07:30,M,M,M,7.00,17.00,M,M,30.05,M,250.00
ROC,2026-01-28 07:35,M,M,M,7.00,16.00,M,M,30.05,M,250.00
ROC,2026-01-28 07:40,M,M,M,7.00,15.00,M,M,30.06,M,240.00
ROC,2026-01-28 07:45,M,M,M,7.00,16.00,M,M,30.06,M,240.00
ROC,2026-01-28 07:50,M,M,M,9.00,15.00,M,M,30.06,M,250.00
ROC,2026-01-28 07:54,-8.75,76.17,10.00,9.00,17.00,1019.20,0.00,30.06,4.00,250.00
ROC,2026-01-28 07:55,M,M,M,9.00,16.00,M,M,30.06,M,250.00
ROC,2026-01-28 08:00,M,M,M,7.00,18.00,M,M,30.06,M,250.00
ROC,2026-01-28 08:05,M,M,M,5.00,15.00,M,M,30.05,M,250.00
ROC,2026-01-28 08:10,M,M,M,5.00,15.00,M,M,30.06,M,250.00
ROC,2026-01-28 08:15,M,M,M,7.00,15.00,M,M,30.06,M,250.00
ROC,2026-01-28 08:20,M,M,M,10.00,15.00,M,M,30.06,M,250.00
ROC,2026-01-28 08:25,M,M,M,10.00,16.00,M,M,30.06,M,250.00
ROC,2026-01-28 08:30,M,M,M,10.00,17.00,M,M,30.06,M,250.00
ROC,2026-01-28 08:35,M,M,M,8.00,M,M,M,30.06,M,M
ROC,2026-01-28 08:40,M,M,M,8.00,M,M,M,30.05,M,M
ROC,2026-01-28 08:45,M,M,M,8.00,17.00,M,M,30.05,M,250.00
ROC,2026-01-28 08:50,M,M,M,8.00,17.00,M,M,30.05,M,250.00
ROC,2026-01-28 08:54,-7.74,69.44,10.00,10.00,15.00,1019.10,T,30.05,2.00,250.00
ROC,2026-01-28 08:55,M,M,M,9.00,16.00,M,M,30.05,M,250.00
ROC,2026-01-28 09:00,M,M,M,9.00,16.00,M,M,30.05,M,250.00
ROC,2026-01-28 09:05,M,M,M,9.00,16.00,M,M,30.05,M,250.00
ROC,2026-01-28 09:10,M,M,M,9.00,16.00,M,M,30.05,M,250.00
ROC,2026-01-28 09:15,M,M,M,9.00,16.00,M,M,30.05,M,250.00
ROC,2026-01-28 09:20,M,M,M,9.00,15.00,M,M,30.05,M,250.00
ROC,2026-01-28 09:25,M,M,M,9.00,M,M,M,30.05,M,M
ROC,2026-01-28 09:30,M,M,M,9.00,16.00,M,M,30.06,M,250.00
ROC,2026-01-28 09:35,M,M,M,9.00,M,M,M,30.06,M,M
ROC,2026-01-28 09:40,M,M,M,9.00,16.00,M,M,30.06,M,M
ROC,2026-01-28 09:45,M,M,M,9.00,M,M,M,30.06,M,M
ROC,2026-01-28 09:50,M,M,M,7.00,20.00,M,M,30.06,M,M
ROC,2026-01-28 09:54,-9.66,69.44,10.00,7.00,19.00,1019.20,T,30.06,2.00,250.00
ROC,2026-01-28 09:55,M,M,M,8.00,18.00,M,M,30.06,M,250.00
ROC,2026-01-28 10:00,M,M,M,9.00,17.00,M,M,30.06,M,250.00
ROC,2026-01-28 10:05,M,M,M,7.00,M,M,M,30.06,M,M
ROC,2026-01-28 10:10,M,M,M,7.00,M,M,M,30.06,M,M
ROC,2026-01-28 10:15,M,M,M,7.00,16.00,M,M,30.06,M,250.00
ROC,2026-01-28 10:20,M,M,M,7.00,15.00,M,M,30.06,M,250.00
ROC,2026-01-28 10:25,M,M,M,7.00,15.00,M,M,30.06,M,250.00
ROC,2026-01-28 10:30,M,M,M,7.00,M,M,M,30.06,M,M
ROC,2026-01-28 10:35,M,M,M,7.00,M,M,M,30.06,M,M
ROC,2026-01-28 10:40,M,M,M,7.00,15.00,M,M,30.06,M,M
ROC,2026-01-28 10:45,M,M,M,7.00,17.00,M,M,30.06,M,M
ROC,2026-01-28 10:50,M,M,M,7.00,16.00,M,M,30.05,M,M
ROC,2026-01-28 10:54,-10.53,69.31,9.00,10.00,18.00,1019.20,0.00,30.05,1.00,260.00
ROC,2026-01-28 10:55,M,M,M,10.00,M,M,M,30.05,M,M
ROC,2026-01-28 11:00,M,M,M,10.00,17.00,M,M,30.06,M,M
ROC,2026-01-28 11:05,M,M,M,9.00,M,M,M,30.06,M,M
ROC,2026-01-28 11:10,M,M,M,9.00,M,M,M,30.06,M,M
ROC,2026-01-28 11:15,M,M,M,10.00,18.00,M,M,30.06,M,M
ROC,2026-01-28 11:20,M,M,M,10.00,M,M,M,30.06,M,M
ROC,2026-01-28 11:25,M,M,M,9.00,15.00,M,M,30.06,M,250.00
ROC,2026-01-28 11:30,M,M,M,7.00,M,M,M,30.06,M,M
ROC,2026-01-28 11:35,M,M,M,6.00,16.00,M,M,30.06,M,250.00
ROC,2026-01-28 11:38,-9.04,72.62,9.00,7.00,15.00,M,T,30.06,2.00,250.00
ROC,2026-01-28 11:40,M,M,M,7.00,14.00,M,M,30.07,M,250.00
ROC,2026-01-28 11:45,M,M,M,8.00,15.00,M,M,30.07,M,240.00
ROC,2026-01-28 11:50,M,M,M,9.00,16.00,M,M,30.07,M,240.00
ROC,2026-01-28 11:54,-9.56,72.62,9.00,8.00,16.00,1019.90,T,30.07,2.00,250.00
ROC,2026-01-28 11:55,M,M,M,8.00,15.00,M,M,30.07,M,250.00
ROC,2026-01-28 12:00,M,M,M,8.00,16.00,M,M,30.08,M,240.00
ROC,2026-01-28 12:05,M,M,M,9.00,14.00,M,M,30.08,M,240.00
ROC,2026-01-28 12:10,M,M,M,9.00,15.00,M,M,30.08,M,240.00
ROC,2026-01-28 12:15,M,M,M,9.00,M,M,M,30.08,M,M
ROC,2026-01-28 12:20,M,M,M,9.00,17.00,M,M,30.08,M,250.00
ROC,2026-01-28 12:25,M,M,M,9.00,M,M,M,30.08,M,M
ROC,2026-01-28 12:30,M,M,M,9.00,M,M,M,30.07,M,M
ROC,2026-01-28 12:35,M,M,M,8.00,M,M,M,30.08,M,M
ROC,2026-01-28 12:39,-8.48,72.62,9.00,7.00,14.00,M,T,30.08,2.00,250.00
ROC,2026-01-28 12:40,M,M,M,7.00,13.00,M,M,30.08,M,250.00
ROC,2026-01-28 12:45,M,M,M,8.00,15.00,M,M,30.08,M,250.00
ROC,2026-01-28 12:50,M,M,M,7.00,16.00,M,M,30.08,M,250.00
ROC,2026-01-28 12:54,-9.56,72.62,9.00,7.00,16.00,1020.00,T,30.08,2.00,250.00
ROC,2026-01-28 12:55,M,M,M,10.00,16.00,M,M,30.08,M,240.00
ROC,2026-01-28 13:00,M,M,M,7.00,M,M,M,30.08,M,M
ROC,2026-01-28 13:05,M,M,M,7.00,15.00,M,M,30.08,M,230.00
ROC,2026-01-28 13:10,M,M,M,7.00,15.00,M,M,30.08,M,230.00
ROC,2026-01-28 13:15,M,M,M,7.00,14.00,M,M,30.08,M,240.00
ROC,2026-01-28 13:20,M,M,M,7.00,15.00,M,M,30.08,M,230.00
ROC,2026-01-28 13:25,M,M,M,7.00,15.00,M,M,30.08,M,230.00
ROC,2026-01-28 13:30,M,M,M,7.00,16.00,M,M,30.08,M,M
ROC,2026-01-28 13:35,M,M,M,7.00,15.00,M,M,30.08,M,240.00
ROC,2026-01-28 13:40,M,M,M,7.00,M,M,M,30.08,M,M
ROC,2026-01-28 13:41,-9.04,72.62,9.00,7.00,15.00,M,T,30.08,2.00,240.00
ROC,2026-01-28 13:45,M,M,M,7.00,15.00,M,M,30.08,M,230.00
ROC,2026-01-28 13:50,M,M,M,7.00,16.00,M,M,30.08,M,230.00
ROC,2026-01-28 13:54,-9.56,72.62,9.00,7.00,16.00,1020.10,T,30.08,2.00,240.00
ROC,2026-01-28 13:55,M,M,M,9.00,15.00,M,M,30.08,M,230.00
ROC,2026-01-28 14:00,M,M,M,9.00,15.00,M,M,30.08,M,230.00
ROC,2026-01-28 14:05,M,M,M,9.00,14.00,M,M,30.08,M,220.00
ROC,2026-01-28 14:10,M,M,M,9.00,15.00,M,M,30.08,M,230.00
ROC,2026-01-28 14:15,M,M,M,9.00,13.00,M,M,30.08,M,220.00
ROC,2026-01-28 14:20,M,M,M,9.00,14.00,M,M,30.09,M,230.00
ROC,2026-01-28 14:25,M,M,M,9.00,12.00,M,M,30.09,M,230.00
ROC,2026-01-28 14:30,M,M,M,9.00,14.00,M,M,30.09,M,230.00
ROC,2026-01-28 14:35,M,M,M,9.00,14.00,M,M,30.09,M,220.00
ROC,2026-01-28 14:40,M,M,M,9.00,13.00,M,M,30.09,M,220.00
ROC,2026-01-28 14:44,-6.62,69.44,10.00,9.00,13.00,M,T,30.09,2.00,220.00
ROC,2026-01-28 14:45,M,M,M,9.00,14.00,M,M,30.09,M,220.00
ROC,2026-01-28 14:50,M,M,M,10.00,13.00,M,M,30.09,M,220.00
ROC,2026-01-28 14:54,-6.62,69.44,10.00,10.00,13.00,1020.30,T,30.09,2.00,230.00
ROC,2026-01-28 14:55,M,M,M,10.00,13.00,M,M,30.09,M,230.00
ROC,2026-01-28 15:00,M,M,M,10.00,14.00,M,M,30.08,M,230.00
ROC,2026-01-28 15:05,M,M,M,10.00,14.00,M,M,30.08,M,230.00
ROC,2026-01-28 15:10,M,M,M,10.00,13.00,M,M,30.08,M,220.00
ROC,2026-01-28 15:15,M,M,M,10.00,12.00,M,M,30.08,M,230.00
ROC,2026-01-28 15:20,M,M,M,10.00,15.00,M,M,30.09,M,230.00
ROC,2026-01-28 15:25,M,M,M,10.00,14.00,M,M,30.09,M,230.00
ROC,2026-01-28 15:30,M,M,M,10.00,13.00,M,M,30.09,M,230.00
ROC,2026-01-28 15:35,M,M,M,10.00,14.00,M,M,30.09,M,220.00
ROC,2026-01-28 15:40,M,M,M,10.00,12.00,M,M,30.09,M,230.00
ROC,2026-01-28 15:45,M,M,M,10.00,12.00,M,M,30.08,M,230.00
ROC,2026-01-28 15:50,M,M,M,10.00,14.00,M,M,30.08,M,230.00
ROC,2026-01-28 15:54,-5.65,66.54,12.00,10.00,16.00,1020.10,0.00,30.08,3.00,240.00
ROC,2026-01-28 15:55,M,M,M,10.00,17.00,M,M,30.08,M,240.00
ROC,2026-01-28 16:00,M,M,M,10.00,17.00,M,M,30.08,M,240.00
ROC,2026-01-28 16:05,M,M,M,10.00,16.00,M,M,30.08,M,240.00
ROC,2026-01-28 16:10,M,M,M,5.00,M,M,M,30.08,M,M
ROC,2026-01-28 16:15,M,M,M,4.00,17.00,M,M,30.08,M,240.00
ROC,2026-01-28 16:20,M,M,M,5.00,M,M,M,30.07,M,M
ROC,2026-01-28 16:25,M,M,M,8.00,M,M,M,30.07,M,M
ROC,2026-01-28 16:30,-4.82,66.67,13.00,10.00,17.00,M,T,30.07,4.00,250.00
ROC,2026-01-28 16:30,M,M,M,10.00,M,M,M,30.07,M,M
ROC,2026-01-28 16:35,M,M,M,9.00,16.00,M,M,30.07,M,240.00
ROC,2026-01-28 16:40,M,M,M,9.00,17.00,M,M,30.07,M,240.00
ROC,2026-01-28 16:45,M,M,M,9.00,15.00,M,M,30.07,M,240.00
ROC,2026-01-28 16:50,M,M,M,9.00,17.00,M,M,30.06,M,240.00
ROC,2026-01-28 16:54,-3.33,66.67,13.00,8.00,14.00,1019.40,T,30.06,4.00,250.00
ROC,2026-01-28 16:55,M,M,M,8.00,15.00,M,M,30.06,M,250.00
ROC,2026-01-28 17:00,M,M,M,9.00,13.00,M,M,30.06,M,240.00
ROC,2026-01-28 17:05,M,M,M,9.00,15.00,M,M,30.05,M,240.00
ROC,2026-01-28 17:10,M,M,M,9.00,13.00,M,M,30.05,M,240.00
ROC,2026-01-28 17:15,M,M,M,9.00,12.00,M,M,30.05,M,260.00
ROC,2026-01-28 17:20,M,M,M,9.00,M,M,M,30.05,M,M
ROC,2026-01-28 17:25,M,M,M,9.00,M,M,M,30.04,M,M
ROC,2026-01-28 17:30,M,M,M,8.00,M,M,M,30.04,M,M
ROC,2026-01-28 17:35,M,M,M,8.00,16.00,M,M,30.04,M,250.00
ROC,2026-01-28 17:40,M,M,M,8.00,16.00,M,M,30.04,M,M
ROC,2026-01-28 17:45,M,M,M,8.00,M,M,M,30.04,M,M
ROC,2026-01-28 17:50,M,M,M,8.00,M,M,M,30.04,M,M
ROC,2026-01-28 17:54,-2.56,63.80,14.00,8.00,15.00,1018.50,T,30.03,4.00,250.00
ROC,2026-01-28 17:55,M,M,M,8.00,16.00,M,M,30.03,M,240.00
ROC,2026-01-28 18:00,M,M,M,9.00,17.00,M,M,30.03,M,M
ROC,2026-01-28 18:05,M,M,M,9.00,M,M,M,30.03,M,M
ROC,2026-01-28 18:10,M,M,M,8.00,17.00,M,M,30.02,M,250.00
ROC,2026-01-28 18:15,M,M,M,8.00,14.00,M,M,30.02,M,260.00
ROC,2026-01-28 18:20,M,M,M,9.00,M,M,M,30.02,M,M
ROC,2026-01-28 18:25,M,M,M,9.00,M,M,M,30.02,M,M
ROC,2026-01-28 18:30,M,M,M,9.00,M,M,M,30.01,M,M
ROC,2026-01-28 18:35,M,M,M,9.00,M,M,M,30.02,M,M
ROC,2026-01-28 18:40,M,M,M,9.00,14.00,M,M,30.01,M,270.00
ROC,2026-01-28 18:45,M,M,M,9.00,M,M,M,30.01,M,M
ROC,2026-01-28 18:48,-1.15,52.28,15.80,9.00,17.00,M,T,30.01,1.40,270.00
ROC,2026-01-28 18:50,M,M,M,9.00,18.00,M,M,30.01,M,M
ROC,2026-01-28 18:54,-2.04,58.16,14.00,10.00,14.00,1017.70,T,30.01,2.00,260.00
ROC,2026-01-28 18:55,M,M,M,10.00,M,M,M,30.01,M,M
ROC,2026-01-28 19:00,M,M,M,10.00,13.00,M,M,30.01,M,260.00
ROC,2026-01-28 19:05,M,M,M,10.00,M,M,M,30.01,M,M
ROC,2026-01-28 19:10,M,M,M,10.00,M,M,M,30.01,M,M
ROC,2026-01-28 19:15,M,M,M,10.00,15.00,M,M,30.00,M,250.00
ROC,2026-01-28 19:20,M,M,M,10.00,16.00,M,M,30.00,M,260.00
ROC,2026-01-28 19:25,M,M,M,10.00,15.00,M,M,30.00,M,250.00
ROC,2026-01-28 19:30,M,M,M,10.00,18.00,M,M,30.00,M,M
ROC,2026-01-28 19:35,M,M,M,10.00,17.00,M,M,30.00,M,250.00
ROC,2026-01-28 19:40,M,M,M,10.00,17.00,M,M,30.00,M,M
ROC,2026-01-28 19:45,M,M,M,10.00,17.00,M,M,30.00,M,M
ROC,2026-01-28 19:50,M,M,M,10.00,M,M,M,30.00,M,M
ROC,2026-01-28 19:54,-3.51,52.97,14.00,10.00,17.00,1017.30,0.00,30.00,0.00,260.00
ROC,2026-01-28 19:55,M,M,M,10.00,16.00,M,M,30.00,M,260.00
ROC,2026-01-28 20:00,M,M,M,9.00,16.00,M,M,30.00,M,260.00
ROC,2026-01-28 20:05,M,M,M,9.00,15.00,M,M,30.00,M,260.00
ROC,2026-01-28 20:10,M,M,M,10.00,13.00,M,M,30.00,M,260.00
ROC,2026-01-28 20:15,M,M,M,10.00,11.00,M,M,29.99,M,260.00
ROC,2026-01-28 20:20,M,M,M,10.00,11.00,M,M,29.99,M,260.00
ROC,2026-01-28 20:25,M,M,M,10.00,14.00,M,M,29.99,M,260.00
ROC,2026-01-28 20:30,M,M,M,10.00,14.00,M,M,29.99,M,250.00
ROC,2026-01-28 20:35,M,M,M,10.00,11.00,M,M,29.99,M,250.00
ROC,2026-01-28 20:40,M,M,M,10.00,15.00,M,M,29.99,M,240.00
ROC,2026-01-28 20:45,M,M,M,10.00,12.00,M,M,29.99,M,250.00
ROC,2026-01-28 20:50,M,M,M,10.00,10.00,M,M,30.00,M,250.00
ROC,2026-01-28 20:54,-0.28,50.54,14.00,10.00,11.00,1017.20,0.00,29.99,-1.00,260.00
ROC,2026-01-28 20:55,M,M,M,10.00,12.00,M,M,29.99,M,260.00
ROC,2026-01-28 21:00,M,M,M,10.00,9.00,M,M,30.00,M,250.00
ROC,2026-01-28 21:05,M,M,M,10.00,12.00,M,M,30.00,M,240.00
ROC,2026-01-28 21:10,M,M,M,10.00,12.00,M,M,30.00,M,250.00
ROC,2026-01-28 21:15,M,M,M,10.00,11.00,M,M,30.00,M,260.00
ROC,2026-01-28 21:20,M,M,M,10.00,15.00,M,M,30.00,M,250.00
ROC,2026-01-28 21:25,M,M,M,10.00,13.00,M,M,30.00,M,250.00
ROC,2026-01-28 21:30,M,M,M,10.00,11.00,M,M,30.01,M,270.00
ROC,2026-01-28 21:35,M,M,M,10.00,11.00,M,M,30.00,M,270.00
ROC,2026-01-28 21:40,M,M,M,10.00,10.00,M,M,30.00,M,270.00
ROC,2026-01-28 21:45,M,M,M,10.00,8.00,M,M,30.00,M,270.00
ROC,2026-01-28 21:50,M,M,M,10.00,7.00,M,M,30.00,M,270.00
ROC,2026-01-28 21:54,2.65,50.37,13.00,10.00,6.00,1017.40,0.00,30.00,-2.00,270.00
ROC,2026-01-28 21:55,M,M,M,10.00,6.00,M,M,30.00,M,270.00
ROC,2026-01-28 22:00,M,M,M,10.00,7.00,M,M,30.00,M,260.00
ROC,2026-01-28 22:05,M,M,M,10.00,8.00,M,M,30.00,M,260.00
ROC,2026-01-28 22:10,M,M,M,10.00,6.00,M,M,30.00,M,260.00
ROC,2026-01-28 22:15,M,M,M,10.00,7.00,M,M,30.00,M,260.00
ROC,2026-01-28 22:20,M,M,M,10.00,8.00,M,M,30.00,M,260.00
ROC,2026-01-28 22:25,M,M,M,10.00,7.00,M,M,30.00,M,260.00
ROC,2026-01-28 22:30,M,M,M,10.00,8.00,M,M,30.00,M,260.00
ROC,2026-01-28 22:35,M,M,M,10.00,6.00,M,M,30.00,M,250.00
ROC,2026-01-28 22:40,M,M,M,10.00,7.00,M,M,30.01,M,250.00
ROC,2026-01-28 22:45,M,M,M,10.00,7.00,M,M,30.01,M,250.00
ROC,2026-01-28 22:50,M,M,M,10.00,6.00,M,M,30.01,M,240.00
ROC,2026-01-28 22:54,0.40,55.20,12.00,10.00,7.00,1017.80,0.00,30.01,-1.00,250.00
ROC,2026-01-28 22:55,M,M,M,10.00,7.00,M,M,30.01,M,250.00
ROC,2026-01-28 23:00,M,M,M,10.00,6.00,M,M,30.01,M,240.00
ROC,2026-01-28 23:05,M,M,M,10.00,7.00,M,M,30.01,M,250.00
ROC,2026-01-28 23:10,M,M,M,10.00,6.00,M,M,30.01,M,250.00
ROC,2026-01-28 23:15,M,M,M,10.00,6.00,M,M,30.01,M,250.00
ROC,2026-01-28 23:20,M,M,M,10.00,5.00,M,M,30.02,M,220.00
ROC,2026-01-28 23:25,M,M,M,10.00,6.00,M,M,30.02,M,230.00
ROC,2026-01-28 23:30,M,M,M,10.00,7.00,M,M,30.02,M,230.00
ROC,2026-01-28 23:35,M,M,M,10.00,6.00,M,M,30.02,M,220.00
ROC,2026-01-28 23:40,M,M,M,10.00,6.00,M,M,30.02,M,220.00
ROC,2026-01-28 23:45,M,M,M,10.00,6.00,M,M,30.02,M,220.00
ROC,2026-01-28 23:50,M,M,M,8.00,6.00,M,M,30.02,M,230.00
ROC,2026-01-28 23:54,1.44,63.52,12.00,8.00,6.00,1018.20,T,30.02,2.00,220.00
ROC,2026-01-28 23:55,M,M,M,8.00,6.00,M,M,30.02,M,220.00
ROC,2026-01-29 00:00,M,M,M,7.00,6.00,M,M,30.02,M,210.00
ROC,2026-01-29 00:05,M,M,M,7.00,5.00,M,M,30.02,M,210.00
ROC,2026-01-29 00:10,M,M,M,9.00,6.00,M,M,30.03,M,220.00
ROC,2026-01-29 00:15,M,M,M,9.00,6.00,M,M,30.03,M,220.00
ROC,2026-01-29 00:20,M,M,M,9.00,7.00,M,M,30.03,M,230.00
ROC,2026-01-29 00:25,M,M,M,9.00,6.00,M,M,30.03,M,240.00
ROC,2026-01-29 00:30,M,M,M,9.00,6.00,M,M,30.03,M,230.00
ROC,2026-01-29 00:35,M,M,M,9.00,5.00,M,M,30.03,M,230.00
ROC,2026-01-29 00:40,M,M,M,9.00,5.00,M,M,30.02,M,230.00
ROC,2026-01-29 00:45,M,M,M,9.00,5.00,M,M,30.02,M,230.00
ROC,2026-01-29 00:50,M,M,M,9.00,5.00,M,M,30.02,M,220.00
ROC,2026-01-29 00:54,2.64,69.68,12.00,9.00,5.00,1018.20,T,30.02,4.00,220.00
ROC,2026-01-29 00:55,M,M,M,9.00,5.00,M,M,30.02,M,220.00
ROC,2026-01-29 00:59,2.64,69.68,12.00,9.00,5.00,M,T,30.02,4.00,220.00
ROC,2026-01-29 01:00,M,M,M,9.00,5.00,M,M,30.02,M,220.00
ROC,2026-01-29 01:05,M,M,M,9.00,5.00,M,M,30.02,M,220.00
ROC,2026-01-29 01:10,M,M,M,9.00,6.00,M,M,30.02,M,210.00
ROC,2026-01-29 01:15,M,M,M,9.00,6.00,M,M,30.02,M,220.00
ROC,2026-01-29 01:20,M,M,M,9.00,7.00,M,M,30.02,M,220.00
ROC,2026-01-29 01:25,M,M,M,9.00,7.00,M,M,30.02,M,210.00
ROC,2026-01-29 01:30,M,M,M,9.00,5.00,M,M,30.02,M,210.00
ROC,2026-01-29 01:35,M,M,M,9.00,5.00,M,M,30.02,M,210.00
ROC,2026-01-29 01:40,M,M,M,9.00,5.00,M,M,30.02,M,210.00
ROC,2026-01-29 01:45,M,M,M,9.00,7.00,M,M,30.01,M,210.00
ROC,2026-01-29 01:50,M,M,M,9.00,6.00,M,M,30.02,M,210.00
ROC,2026-01-29 01:54,1.44,69.68,12.00,9.00,6.00,1017.90,T,30.01,4.00,210.00
ROC,2026-01-29 01:55,M,M,M,9.00,6.00,M,M,30.01,M,210.00
ROC,2026-01-29 02:00,M,M,M,6.00,6.00,M,M,30.01,M,220.00
ROC,2026-01-29 02:05,M,M,M,4.00,7.00,M,M,30.01,M,210.00
ROC,2026-01-29 02:10,M,M,M,5.00,9.00,M,M,30.01,M,210.00
ROC,2026-01-29 02:15,M,M,M,7.00,8.00,M,M,30.01,M,220.00
ROC,2026-01-29 02:20,M,M,M,6.00,9.00,M,M,30.01,M,210.00
ROC,2026-01-29 02:25,M,M,M,6.00,8.00,M,M,30.00,M,210.00
ROC,2026-01-29 02:30,M,M,M,6.00,9.00,M,M,30.00,M,210.00
ROC,2026-01-29 02:35,M,M,M,6.00,11.00,M,M,30.00,M,210.00
ROC,2026-01-29 02:40,M,M,M,9.00,9.00,M,M,30.00,M,210.00
ROC,2026-01-29 02:45,M,M,M,9.00,9.00,M,M,30.00,M,220.00
ROC,2026-01-29 02:50,M,M,M,9.00,9.00,M,M,30.00,M,220.00
ROC,2026-01-29 02:54,-2.60,79.83,11.00,9.00,9.00,1017.40,T,30.00,6.00,220.00
ROC,2026-01-29 02:55,M,M,M,9.00,8.00,M,M,30.00,M,220.00
ROC,2026-01-29 03:00,M,M,M,9.00,9.00,M,M,30.00,M,220.00
ROC,2026-01-29 03:05,M,M,M,9.00,9.00,M,M,30.00,M,230.00
ROC,2026-01-29 03:10,M,M,M,8.00,9.00,M,M,30.00,M,220.00
ROC,2026-01-29 03:15,M,M,M,7.00,9.00,M,M,30.00,M,220.00
ROC,2026-01-29 03:20,M,M,M,7.00,9.00,M,M,30.00,M,220.00
ROC,2026-01-29 03:25,M,M,M,6.00,9.00,M,M,30.00,M,220.00
ROC,2026-01-29 03:30,M,M,M,6.00,9.00,M,M,30.00,M,220.00
ROC,2026-01-29 03:35,M,M,M,6.00,8.00,M,M,30.00,M,220.00
ROC,2026-01-29 03:40,M,M,M,6.00,9.00,M,M,30.00,M,220.00
ROC,2026-01-29 03:45,M,M,M,6.00,8.00,M,M,30.00,M,220.00
ROC,2026-01-29 03:50,M,M,M,7.00,8.00,M,M,30.00,M,220.00
ROC,2026-01-29 03:54,-1.76,83.55,11.00,7.00,8.00,1017.30,T,30.00,7.00,220.00
ROC,2026-01-29 03:55,M,M,M,7.00,9.00,M,M,30.00,M,220.00
ROC,2026-01-29 04:00,M,M,M,8.00,9.00,M,M,30.00,M,220.00
ROC,2026-01-29 04:05,M,M,M,9.00,9.00,M,M,30.00,M,220.00
ROC,2026-01-29 04:10,M,M,M,9.00,9.00,M,M,30.00,M,230.00
ROC,2026-01-29 04:15,M,M,M,9.00,9.00,M,M,30.00,M,230.00
ROC,2026-01-29 04:20,M,M,M,9.00,8.00,M,M,30.00,M,220.00
ROC,2026-01-29 04:25,M,M,M,9.00,9.00,M,M,30.00,M,220.00
ROC,2026-01-29 04:30,M,M,M,9.00,8.00,M,M,30.00,M,220.00
ROC,2026-01-29 04:35,M,M,M,9.00,9.00,M,M,30.00,M,220.00
ROC,2026-01-29 04:40,M,M,M,9.00,10.00,M,M,30.00,M,230.00
ROC,2026-01-29 04:45,M,M,M,9.00,12.00,M,M,30.00,M,240.00
ROC,2026-01-29 04:50,M,M,M,9.00,13.00,M,M,30.00,M,240.00
ROC,2026-01-29 04:54,-5.65,76.36,12.00,9.00,16.00,1017.30,T,30.00,6.00,260.00
ROC,2026-01-29 04:55,M,M,M,9.00,15.00,M,M,30.00,M,250.00
ROC,2026-01-29 05:00,M,M,M,9.00,16.00,M,M,30.00,M,M
ROC,2026-01-29 05:05,M,M,M,8.00,15.00,M,M,30.00,M,250.00
ROC,2026-01-29 05:10,M,M,M,8.00,14.00,M,M,30.00,M,260.00
ROC,2026-01-29 05:15,M,M,M,9.00,15.00,M,M,30.00,M,M
ROC,2026-01-29 05:20,M,M,M,6.00,M,M,M,30.00,M,M
ROC,2026-01-29 05:25,M,M,M,7.00,15.00,M,M,30.00,M,250.00
ROC,2026-01-29 05:30,M,M,M,7.00,13.00,M,M,30.00,M,250.00
ROC,2026-01-29 05:35,M,M,M,7.00,17.00,M,M,30.00,M,250.00
ROC,2026-01-29 05:40,M,M,M,7.00,16.00,M,M,30.00,M,250.00
ROC,2026-01-29 05:45,M,M,M,7.00,M,M,M,30.00,M,M
ROC,2026-01-29 05:50,M,M,M,9.00,14.00,M,M,30.00,M,260.00
ROC,2026-01-29 05:54,-4.62,72.95,12.00,9.00,14.00,1017.40,T,30.00,5.00,250.00
ROC,2026-01-29 05:55,M,M,M,9.00,16.00,M,M,30.00,M,250.00
ROC,2026-01-29 06:00,M,M,M,9.00,11.00,M,M,30.00,M,250.00
ROC,2026-01-29 06:05,M,M,M,9.00,13.00,M,M,30.00,M,250.00
ROC,2026-01-29 06:10,M,M,M,9.00,14.00,M,M,30.00,M,250.00
ROC,2026-01-29 06:15,M,M,M,9.00,13.00,M,M,30.00,M,250.00
ROC,2026-01-29 06:20,M,M,M,9.00,14.00,M,M,30.00,M,250.00
ROC,2026-01-29 06:25,M,M,M,9.00,12.00,M,M,30.00,M,250.00
ROC,2026-01-29 06:30,M,M,M,9.00,14.00,M,M,30.00,M,250.00
ROC,2026-01-29 06:35,M,M,M,9.00,13.00,M,M,30.01,M,250.00
ROC,2026-01-29 06:40,M,M,M,9.00,14.00,M,M,30.01,M,250.00
ROC,2026-01-29 06:45,M,M,M,9.00,13.00,M,M,30.01,M,250.00
ROC,2026-01-29 06:50,M,M,M,9.00,14.00,M,M,30.01,M,250.00
ROC,2026-01-29 06:54,-4.62,72.95,12.00,9.00,14.00,1017.50,T,30.00,5.00,250.00
ROC,2026-01-29 06:55,M,M,M,9.00,14.00,M,M,30.00,M,250.00
ROC,2026-01-29 07:00,M,M,M,9.00,15.00,M,M,30.01,M,250.00
ROC,2026-01-29 07:05,M,M,M,9.00,14.00,M,M,30.01,M,250.00
ROC,2026-01-29 07:10,M,M,M,9.00,13.00,M,M,30.01,M,250.00
ROC,2026-01-29 07:15,M,M,M,9.00,14.00,M,M,30.01,M,250.00
ROC,2026-01-29 07:20,M,M,M,9.00,13.00,M,M,30.01,M,250.00
ROC,2026-01-29 07:25,M,M,M,9.00,13.00,M,M,30.01,M,250.00
ROC,2026-01-29 07:30,M,M,M,9.00,12.00,M,M,30.01,M,250.00
ROC,2026-01-29 07:35,M,M,M,9.00,12.00,M,M,30.01,M,250.00
ROC,2026-01-29 07:40,M,M,M,9.00,14.00,M,M,30.01,M,250.00
ROC,2026-01-29 07:45,M,M,M,9.00,13.00,M,M,30.01,M,250.00
ROC,2026-01-29 07:50,M,M,M,9.00,13.00,M,M,30.01,M,250.00
ROC,2026-01-29 07:54,-4.05,72.95,12.00,9.00,13.00,1017.90,T,30.02,5.00,250.00
ROC,2026-01-29 07:55,M,M,M,9.00,15.00,M,M,30.02,M,250.00
ROC,2026-01-29 08:00,M,M,M,9.00,13.00,M,M,30.01,M,250.00
ROC,2026-01-29 08:05,M,M,M,9.00,13.00,M,M,30.01,M,250.00
ROC,2026-01-29 08:10,M,M,M,9.00,15.00,M,M,30.01,M,250.00
ROC,2026-01-29 08:15,M,M,M,9.00,M,M,M,30.01,M,M
ROC,2026-01-29 08:20,M,M,M,9.00,17.00,M,M,30.01,M,M
ROC,2026-01-29 08:25,M,M,M,9.00,14.00,M,M,30.01,M,240.00
ROC,2026-01-29 08:30,M,M,M,9.00,14.00,M,M,30.01,M,240.00
ROC,2026-01-29 08:35,M,M,M,9.00,M,M,M,30.01,M,M
ROC,2026-01-29 08:40,M,M,M,9.00,M,M,M,30.01,M,M
ROC,2026-01-29 08:45,M,M,M,9.00,M,M,M,30.01,M,M
ROC,2026-01-29 08:50,M,M,M,9.00,M,M,M,30.01,M,M
ROC,2026-01-29 08:54,-5.34,72.84,11.00,9.00,13.00,1017.80,T,30.01,4.00,250.00
ROC,2026-01-29 08:55,M,M,M,9.00,13.00,M,M,30.01,M,250.00
ROC,2026-01-29 09:00,M,M,M,10.00,14.00,M,M,30.01,M,250.00
ROC,2026-01-29 09:05,M,M,M,10.00,13.00,M,M,30.01,M,250.00
ROC,2026-01-29 09:10,M,M,M,10.00,13.00,M,M,30.01,M,240.00
ROC,2026-01-29 09:15,M,M,M,10.00,13.00,M,M,30.01,M,240.00
ROC,2026-01-29 09:20,M,M,M,10.00,13.00,M,M,30.01,M,240.00
ROC,2026-01-29 09:25,M,M,M,10.00,12.00,M,M,30.01,M,240.00
ROC,2026-01-29 09:30,M,M,M,10.00,11.00,M,M,30.02,M,240.00
ROC,2026-01-29 09:35,M,M,M,10.00,12.00,M,M,30.01,M,230.00
ROC,2026-01-29 09:40,M,M,M,10.00,12.00,M,M,30.01,M,230.00
ROC,2026-01-29 09:45,M,M,M,10.00,11.00,M,M,30.02,M,230.00
ROC,2026-01-29 09:50,M,M,M,10.00,12.00,M,M,30.02,M,240.00
ROC,2026-01-29 09:54,-8.54,75.97,8.00,10.00,12.00,1018.00,0.00,30.02,2.00,240.00
ROC,2026-01-29 09:55,M,M,M,10.00,12.00,M,M,30.02,M,240.00
ROC,2026-01-29 10:00,M,M,M,10.00,12.00,M,M,30.02,M,240.00
ROC,2026-01-29 10:05,M,M,M,10.00,11.00,M,M,30.02,M,240.00
ROC,2026-01-29 10:10,M,M,M,10.00,12.00,M,M,30.02,M,240.00
ROC,2026-01-29 10:15,M,M,M,10.00,12.00,M,M,30.02,M,240.00
ROC,2026-01-29 10:20,M,M,M,10.00,12.00,M,M,30.02,M,240.00
ROC,2026-01-29 10:25,M,M,M,10.00,11.00,M,M,30.02,M,230.00
ROC,2026-01-29 10:30,M,M,M,10.00,11.00,M,M,30.02,M,230.00
ROC,2026-01-29 10:35,M,M,M,10.00,11.00,M,M,30.02,M,230.00
ROC,2026-01-29 10:40,M,M,M,10.00,10.00,M,M,30.02,M,230.00
ROC,2026-01-29 10:45,M,M,M,10.00,11.00,M,M,30.02,M,230.00
ROC,2026-01-29 10:50,M,M,M,10.00,11.00,M,M,30.02,M,230.00
ROC,2026-01-29 10:54,-9.82,75.86,7.00,10.00,12.00,1018.10,0.00,30.02,1.00,230.00
ROC,2026-01-29 10:55,M,M,M,10.00,13.00,M,M,30.02,M,230.00
ROC,2026-01-29 11:00,M,M,M,10.00,12.00,M,M,30.02,M,230.00
ROC,2026-01-29 11:05,M,M,M,10.00,13.00,M,M,30.02,M,230.00
ROC,2026-01-29 11:10,M,M,M,10.00,12.00,M,M,30.02,M,230.00
ROC,2026-01-29 11:15,M,M,M,10.00,12.00,M,M,30.02,M,240.00
ROC,2026-01-29 11:20,M,M,M,10.00,12.00,M,M,30.02,M,230.00
ROC,2026-01-29 11:25,M,M,M,10.00,11.00,M,M,30.02,M,230.00
ROC,2026-01-29 11:30,M,M,M,10.00,11.00,M,M,30.03,M,230.00
ROC,2026-01-29 11:35,M,M,M,10.00,12.00,M,M,30.03,M,230.00
ROC,2026-01-29 11:40,M,M,M,10.00,11.00,M,M,30.03,M,240.00
ROC,2026-01-29 11:45,M,M,M,10.00,11.00,M,M,30.03,M,240.00
ROC,2026-01-29 11:50,M,M,M,10.00,11.00,M,M,30.03,M,240.00
ROC,2026-01-29 11:54,-9.82,75.86,7.00,10.00,12.00,1018.60,0.00,30.04,1.00,240.00
ROC,2026-01-29 11:55,M,M,M,10.00,11.00,M,M,30.04,M,240.00
ROC,2026-01-29 12:00,M,M,M,10.00,10.00,M,M,30.04,M,240.00
ROC,2026-01-29 12:05,M,M,M,10.00,10.00,M,M,30.04,M,230.00
ROC,2026-01-29 12:10,M,M,M,10.00,10.00,M,M,30.04,M,230.00
ROC,2026-01-29 12:15,M,M,M,10.00,10.00,M,M,30.04,M,230.00
ROC,2026-01-29 12:20,M,M,M,10.00,10.00,M,M,30.04,M,240.00
ROC,2026-01-29 12:25,M,M,M,10.00,10.00,M,M,30.04,M,230.00
ROC,2026-01-29 12:30,M,M,M,10.00,10.00,M,M,30.04,M,230.00
ROC,2026-01-29 12:35,M,M,M,10.00,10.00,M,M,30.04,M,230.00
ROC,2026-01-29 12:40,M,M,M,10.00,9.00,M,M,30.04,M,230.00
ROC,2026-01-29 12:43,-6.33,75.97,8.00,9.00,9.00,M,T,30.05,2.00,230.00
ROC,2026-01-29 12:45,M,M,M,9.00,9.00,M,M,30.05,M,230.00
ROC,2026-01-29 12:50,M,M,M,9.00,10.00,M,M,30.05,M,230.00
ROC,2026-01-29 12:54,-5.87,76.07,9.00,9.00,10.00,1019.20,T,30.05,3.00,230.00
ROC,2026-01-29 12:55,M,M,M,9.00,10.00,M,M,30.05,M,230.00
ROC,2026-01-29 13:00,M,M,M,9.00,9.00,M,M,30.05,M,230.00
ROC,2026-01-29 13:05,M,M,M,9.00,8.00,M,M,30.05,M,220.00
ROC,2026-01-29 13:10,M,M,M,8.00,9.00,M,M,30.06,M,230.00
ROC,2026-01-29 13:15,M,M,M,7.00,9.00,M,M,30.06,M,220.00
ROC,2026-01-29 13:20,M,M,M,8.00,9.00,M,M,30.06,M,220.00
ROC,2026-01-29 13:25,M,M,M,9.00,10.00,M,M,30.06,M,230.00
ROC,2026-01-29 13:30,M,M,M,8.00,10.00,M,M,30.06,M,220.00
ROC,2026-01-29 13:35,M,M,M,7.00,10.00,M,M,30.06,M,230.00
ROC,2026-01-29 13:40,M,M,M,8.00,10.00,M,M,30.06,M,230.00
ROC,2026-01-29 13:45,M,M,M,9.00,12.00,M,M,30.06,M,240.00
ROC,2026-01-29 13:50,M,M,M,9.00,13.00,M,M,30.06,M,240.00
ROC,2026-01-29 13:54,-5.34,76.27,11.00,9.00,13.00,1019.60,T,30.06,5.00,240.00
ROC,2026-01-29 13:55,M,M,M,9.00,12.00,M,M,30.07,M,240.00
ROC,2026-01-29 14:00,M,M,M,9.00,12.00,M,M,30.07,M,250.00
ROC,2026-01-29 14:05,M,M,M,9.00,12.00,M,M,30.07,M,240.00
ROC,2026-01-29 14:10,M,M,M,9.00,11.00,M,M,30.07,M,230.00
ROC,2026-01-29 14:15,M,M,M,9.00,11.00,M,M,30.07,M,230.00
ROC,2026-01-29 14:20,M,M,M,9.00,11.00,M,M,30.08,M,240.00
ROC,2026-01-29 14:25,M,M,M,9.00,12.00,M,M,30.08,M,240.00
ROC,2026-01-29 14:30,M,M,M,9.00,11.00,M,M,30.08,M,240.00
ROC,2026-01-29 14:35,M,M,M,9.00,10.00,M,M,30.08,M,240.00
ROC,2026-01-29 14:40,M,M,M,9.00,11.00,M,M,30.08,M,250.00
ROC,2026-01-29 14:45,M,M,M,9.00,11.00,M,M,30.08,M,260.00
ROC,2026-01-29 14:50,M,M,M,9.00,15.00,M,M,30.08,M,M
ROC,2026-01-29 14:54,-3.04,76.56,14.00,8.00,16.00,1020.00,T,30.08,8.00,260.00
ROC,2026-01-29 14:55,M,M,M,7.00,M,M,M,30.08,M,M
ROC,2026-01-29 15:00,M,M,M,5.00,15.00,M,M,30.08,M,260.00
ROC,2026-01-29 15:05,M,M,M,5.00,13.00,M,M,30.08,M,260.00
ROC,2026-01-29 15:10,M,M,M,6.00,M,M,M,30.08,M,M
ROC,2026-01-29 15:15,M,M,M,7.00,13.00,M,M,30.08,M,M
ROC,2026-01-29 15:20,M,M,M,6.00,12.00,M,M,30.09,M,270.00
ROC,2026-01-29 15:25,M,M,M,6.00,M,M,M,30.09,M,M
ROC,2026-01-29 15:30,M,M,M,6.00,14.00,M,M,30.09,M,260.00
ROC,2026-01-29 15:35,M,M,M,3.00,12.00,M,M,30.09,M,280.00
ROC,2026-01-29 15:40,M,M,M,1.75,15.00,M,M,30.10,M,M
ROC,2026-01-29 15:40,-1.26,80.17,15.00,1.75,15.00,M,T,30.10,10.00,270.00
ROC,2026-01-29 15:45,M,M,M,1.75,13.00,M,M,30.10,M,270.00
ROC,2026-01-29 15:50,M,M,M,1.50,14.00,M,M,30.10,M,260.00
ROC,2026-01-29 15:54,-1.74,80.17,15.00,1.00,16.00,1020.70,T,30.10,10.00,270.00
ROC,2026-01-29 15:55,M,M,M,1.25,M,M,M,30.10,M,M
ROC,2026-01-29 16:00,M,M,M,0.75,M,M,M,30.10,M,M
ROC,2026-01-29 16:01,-0.21,80.17,15.00,0.75,13.00,M,T,30.10,10.00,270.00
ROC,2026-01-29 16:05,M,M,M,0.75,14.00,M,M,30.10,M,260.00
ROC,2026-01-29 16:10,M,M,M,0.75,10.00,M,M,30.10,M,270.00
ROC,2026-01-29 16:15,M,M,M,1.50,12.00,M,M,30.10,M,270.00
ROC,2026-01-29 16:17,0.37,76.66,15.00,1.00,12.00,M,T,30.10,9.00,280.00
ROC,2026-01-29 16:19,0.37,76.66,15.00,3.00,12.00,M,T,30.10,9.00,280.00
ROC,2026-01-29 16:20,M,M,M,3.50,12.00,M,M,30.10,M,280.00
ROC,2026-01-29 16:25,M,M,M,3.00,M,M,M,30.10,M,M
ROC,2026-01-29 16:30,M,M,M,3.50,13.00,M,M,30.10,M,280.00
ROC,2026-01-29 16:31,0.54,73.39,16.00,3.00,14.00,M,T,30.10,9.00,280.00
ROC,2026-01-29 16:35,M,M,M,5.00,M,M,M,30.10,M,M
ROC,2026-01-29 16:40,M,M,M,3.00,14.00,M,M,30.11,M,270.00
ROC,2026-01-29 16:45,M,M,M,2.00,13.00,M,M,30.10,M,280.00
ROC,2026-01-29 16:47,0.54,73.39,16.00,1.50,14.00,M,T,30.11,9.00,290.00
ROC,2026-01-29 16:50,M,M,M,1.25,13.00,M,M,30.11,M,280.00
ROC,2026-01-29 16:54,-0.21,80.17,15.00,0.50,13.00,1021.00,T,30.11,10.00,280.00
ROC,2026-01-29 16:55,M,M,M,0.50,13.00,M,M,30.11,M,280.00
ROC,2026-01-29 17:00,M,M,M,0.25,10.00,M,M,30.11,M,300.00
ROC,2026-01-29 17:04,1.65,83.83,15.00,0.25,10.00,M,T,30.11,11.00,310.00
ROC,2026-01-29 17:05,M,M,M,0.24,10.00,M,M,30.11,M,310.00
ROC,2026-01-29 17:10,M,M,M,0.24,9.00,M,M,30.11,M,300.00
ROC,2026-01-29 17:15,M,M,M,0.25,11.00,M,M,30.11,M,300.00
ROC,2026-01-29 17:20,M,M,M,0.50,9.00,M,M,30.11,M,290.00
ROC,2026-01-29 17:22,2.84,87.58,14.00,0.50,7.00,M,0.01,30.11,11.00,290.00
ROC,2026-01-29 17:25,M,M,M,0.50,8.00,M,0.01,30.11,M,300.00
ROC,2026-01-29 17:30,M,M,M,0.50,9.00,M,0.01,30.11,M,320.00
ROC,2026-01-29 17:35,M,M,M,0.75,12.00,M,0.01,30.11,M,310.00
ROC,2026-01-29 17:40,M,M,M,0.75,11.00,M,0.01,30.11,M,330.00
ROC,2026-01-29 17:44,-0.91,80.09,14.00,1.00,12.00,M,0.01,30.11,9.00,320.00
ROC,2026-01-29 17:45,M,M,M,1.25,10.00,M,0.01,30.11,M,320.00
ROC,2026-01-29 17:50,M,M,M,1.50,8.00,M,0.01,30.11,M,320.00
ROC,2026-01-29 17:54,-0.21,76.66,15.00,1.25,13.00,1021.20,0.01,30.11,9.00,320.00
ROC,2026-01-29 17:55,M,M,M,1.25,12.00,M,M,30.11,M,310.00
ROC,2026-01-29 18:00,M,M,M,1.00,15.00,M,M,30.11,M,330.00
ROC,2026-01-29 18:05,M,M,M,1.25,13.00,M,M,30.11,M,330.00
ROC,2026-01-29 18:10,M,M,M,2.00,12.00,M,M,30.11,M,330.00
ROC,2026-01-29 18:13,-2.04,69.92,14.00,3.00,14.00,M,T,30.12,6.00,320.00
ROC,2026-01-29 18:15,M,M,M,4.00,14.00,M,M,30.12,M,310.00
ROC,2026-01-29 18:20,M,M,M,5.00,13.00,M,M,30.12,M,330.00
ROC,2026-01-29 18:25,M,M,M,6.00,14.00,M,M,30.12,M,340.00
ROC,2026-01-29 18:30,M,M,M,6.00,11.00,M,M,30.12,M,330.00
ROC,2026-01-29 18:35,M,M,M,6.00,12.00,M,M,30.12,M,320.00
ROC,2026-01-29 18:40,M,M,M,3.00,11.00,M,M,30.12,M,340.00
ROC,2026-01-29 18:45,M,M,M,2.00,14.00,M,M,30.12,M,320.00
ROC,2026-01-29 18:50,M,M,M,3.00,12.00,M,M,30.12,M,330.00
ROC,2026-01-29 18:54,-0.28,69.92,14.00,3.00,11.00,1021.40,T,30.12,6.00,330.00
ROC,2026-01-29 18:55,M,M,M,2.00,11.00,M,M,30.12,M,330.00
ROC,2026-01-29 19:00,M,M,M,3.00,10.00,M,T,30.12,M,320.00
ROC,2026-01-29 19:05,M,M,M,3.00,M,M,T,30.12,M,M
ROC,2026-01-29 19:10,M,M,M,3.00,9.00,M,M,30.12,M,320.00
ROC,2026-01-29 19:15,M,M,M,5.00,14.00,M,M,30.13,M,M
ROC,2026-01-29 19:20,M,M,M,2.50,12.00,M,M,30.13,M,340.00
ROC,2026-01-29 19:25,M,M,M,2.00,11.00,M,M,30.13,M,330.00
ROC,2026-01-29 19:26,-0.86,76.46,13.00,2.00,10.00,M,T,30.13,7.00,320.00
ROC,2026-01-29 19:30,M,M,M,3.50,11.00,M,M,30.13,M,330.00
ROC,2026-01-29 19:35,M,M,M,2.00,7.00,M,M,30.13,M,320.00
ROC,2026-01-29 19:40,M,M,M,2.00,10.00,M,M,30.13,M,290.00
ROC,2026-01-29 19:45,M,M,M,4.00,11.00,M,M,30.13,M,310.00
ROC,2026-01-29 19:46,0.40,69.92,14.00,4.00,10.00,M,T,30.13,6.00,310.00
ROC,2026-01-29 19:50,M,M,M,3.00,10.00,M,M,30.13,M,320.00
ROC,2026-01-29 19:54,0.40,73.17,14.00,4.00,10.00,1021.80,T,30.13,7.00,320.00
ROC,2026-01-29 19:55,M,M,M,4.00,11.00,M,M,30.13,M,310.00
ROC,2026-01-29 20:00,M,M,M,4.00,12.00,M,M,30.13,M,310.00
ROC,2026-01-29 20:04,-0.86,69.80,13.00,6.00,10.00,M,T,30.13,5.00,300.00
ROC,2026-01-29 20:05,M,M,M,7.00,12.00,M,M,30.13,M,300.00
ROC,2026-01-29 20:10,M,M,M,7.00,13.00,M,M,30.14,M,300.00
ROC,2026-01-29 20:15,M,M,M,7.00,10.00,M,M,30.14,M,290.00
ROC,2026-01-29 20:19,0.40,63.80,14.00,2.00,10.00,M,T,30.14,4.00,310.00
ROC,2026-01-29 20:20,M,M,M,2.00,8.00,M,M,30.14,M,330.00
ROC,2026-01-29 20:24,-1.54,69.80,13.00,1.00,11.00,M,T,30.14,5.00,340.00
ROC,2026-01-29 20:25,M,M,M,0.75,10.00,M,M,30.15,M,340.00
ROC,2026-01-29 20:30,M,M,M,0.50,12.00,M,M,30.15,M,330.00
ROC,2026-01-29 20:31,-3.45,83.62,12.00,0.50,12.00,M,T,30.15,8.00,320.00
ROC,2026-01-29 20:35,M,M,M,0.50,11.00,M,M,30.15,M,320.00
ROC,2026-01-29 20:40,M,M,M,0.50,11.00,M,M,30.15,M,330.00
ROC,2026-01-29 20:44,-2.81,83.62,12.00,0.50,11.00,M,T,30.15,8.00,320.00
ROC,2026-01-29 20:45,M,M,M,0.50,12.00,M,M,30.15,M,320.00
ROC,2026-01-29 20:50,M,M,M,0.75,8.00,M,M,30.15,M,310.00
ROC,2026-01-29 20:54,0.40,83.62,12.00,1.00,7.00,1022.50,T,30.15,8.00,320.00
ROC,2026-01-29 20:55,M,M,M,1.25,8.00,M,M,30.15,M,310.00
ROC,2026-01-29 21:00,M,M,M,3.00,11.00,M,M,30.15,M,300.00
ROC,2026-01-29 21:00,-2.81,72.95,12.00,3.00,11.00,M,T,30.15,5.00,300.00
ROC,2026-01-29 21:05,M,M,M,6.00,M,M,T,30.15,M,M
ROC,2026-01-29 21:10,M,M,M,7.00,12.00,M,M,30.15,M,310.00
ROC,2026-01-29 21:15,M,M,M,10.00,9.00,M,M,30.16,M,300.00
ROC,2026-01-29 21:16,-2.60,69.56,11.00,10.00,9.00,M,T,30.16,3.00,300.00
ROC,2026-01-29 21:20,M,M,M,9.00,9.00,M,M,30.16,M,300.00
ROC,2026-01-29 21:25,M,M,M,9.00,12.00,M,M,30.16,M,300.00
ROC,2026-01-29 21:30,M,M,M,9.00,10.00,M,M,30.16,M,300.00
ROC,2026-01-29 21:35,M,M,M,9.00,10.00,M,M,30.16,M,300.00
ROC,2026-01-29 21:40,-3.37,66.41,11.00,9.00,10.00,M,T,30.16,2.00,310.00
ROC,2026-01-29 21:40,M,M,M,9.00,10.00,M,M,30.16,M,310.00
ROC,2026-01-29 21:45,M,M,M,9.00,15.00,M,M,30.17,M,M
ROC,2026-01-29 21:50,M,M,M,3.00,13.00,M,M,30.17,M,320.00
ROC,2026-01-29 21:54,-4.62,66.27,10.00,10.00,10.00,1023.30,T,30.17,1.00,300.00
ROC,2026-01-29 21:55,M,M,M,10.00,10.00,M,M,30.17,M,310.00
ROC,2026-01-29 22:00,M,M,M,10.00,11.00,M,M,30.17,M,310.00
ROC,2026-01-29 22:05,M,M,M,9.00,10.00,M,M,30.17,M,320.00
ROC,2026-01-29 22:10,M,M,M,8.00,12.00,M,M,30.18,M,320.00
ROC,2026-01-29 22:14,-7.90,63.10,9.00,7.00,13.00,M,T,30.18,-1.00,300.00
ROC,2026-01-29 22:15,M,M,M,7.00,12.00,M,M,30.18,M,300.00
ROC,2026-01-29 22:20,M,M,M,9.00,M,M,M,30.18,M,M
ROC,2026-01-29 22:25,M,M,M,9.00,12.00,M,M,30.18,M,310.00
ROC,2026-01-29 22:30,M,M,M,9.00,11.00,M,M,30.18,M,300.00
ROC,2026-01-29 22:35,M,M,M,9.00,12.00,M,M,30.18,M,300.00
ROC,2026-01-29 22:40,M,M,M,10.00,12.00,M,M,30.19,M,300.00
ROC,2026-01-29 22:45,M,M,M,10.00,13.00,M,M,30.19,M,310.00
ROC,2026-01-29 22:50,M,M,M,10.00,11.00,M,M,30.19,M,310.00
ROC,2026-01-29 22:54,-6.33,66.01,8.00,10.00,9.00,1024.10,T,30.19,-1.00,300.00
ROC,2026-01-29 22:55,M,M,M,10.00,10.00,M,M,30.19,M,300.00
ROC,2026-01-29 23:00,M,M,M,10.00,8.00,M,M,30.20,M,310.00
ROC,2026-01-29 23:05,M,M,M,10.00,7.00,M,M,30.20,M,300.00
ROC,2026-01-29 23:10,M,M,M,10.00,9.00,M,M,30.20,M,300.00
ROC,2026-01-29 23:15,M,M,M,10.00,9.00,M,M,30.20,M,290.00
ROC,2026-01-29 23:20,M,M,M,10.00,9.00,M,M,30.20,M,290.00
ROC,2026-01-29 23:25,M,M,M,10.00,7.00,M,M,30.21,M,290.00
ROC,2026-01-29 23:30,M,M,M,10.00,7.00,M,M,30.21,M,290.00
ROC,2026-01-29 23:35,M,M,M,10.00,7.00,M,M,30.21,M,280.00
ROC,2026-01-29 23:40,M,M,M,10.00,6.00,M,M,30.21,M,280.00
ROC,2026-01-29 23:45,M,M,M,10.00,6.00,M,M,30.21,M,280.00
ROC,2026-01-29 23:50,M,M,M,10.00,7.00,M,M,30.21,M,290.00
ROC,2026-01-29 23:54,-4.58,69.07,7.00,10.00,6.00,1024.60,0.00,30.21,-1.00,290.00
ROC,2026-01-29 23:55,M,M,M,10.00,7.00,M,M,30.21,M,290.00
ROC,2026-01-30 00:00,M,M,M,10.00,6.00,M,M,30.21,M,290.00
ROC,2026-01-30 00:05,M,M,M,10.00,9.00,M,M,30.21,M,300.00
ROC,2026-01-30 00:10,M,M,M,10.00,M,M,M,30.21,M,M
ROC,2026-01-30 00:15,M,M,M,10.00,11.00,M,M,30.21,M,300.00
ROC,2026-01-30 00:20,M,M,M,10.00,10.00,M,M,30.21,M,300.00
ROC,2026-01-30 00:25,M,M,M,10.00,11.00,M,M,30.21,M,310.00
ROC,2026-01-30 00:30,M,M,M,10.00,M,M,M,30.21,M,M
ROC,2026-01-30 00:35,M,M,M,10.00,12.00,M,M,30.21,M,310.00
ROC,2026-01-30 00:40,M,M,M,10.00,11.00,M,M,30.21,M,310.00
ROC,2026-01-30 00:45,M,M,M,10.00,M,M,M,30.21,M,M
ROC,2026-01-30 00:50,M,M,M,10.00,M,M,M,30.21,M,M
ROC,2026-01-30 00:54,-8.54,66.01,8.00,10.00,12.00,1024.70,0.00,30.21,-1.00,310.00
ROC,2026-01-30 00:55,M,M,M,10.00,M,M,M,30.21,M,M
ROC,2026-01-30 01:00,M,M,M,8.00,10.00,M,M,30.21,M,300.00
ROC,2026-01-30 01:05,M,M,M,8.00,11.00,M,M,30.21,M,310.00
ROC,2026-01-30 01:10,M,M,M,9.00,9.00,M,M,30.21,M,300.00
ROC,2026-01-30 01:15,M,M,M,9.00,9.00,M,M,30.22,M,310.00
ROC,2026-01-30 01:20,M,M,M,10.00,9.00,M,M,30.22,M,300.00
ROC,2026-01-30 01:25,M,M,M,10.00,8.00,M,M,30.22,M,300.00
ROC,2026-01-30 01:30,M,M,M,10.00,9.00,M,M,30.22,M,300.00
ROC,2026-01-30 01:35,M,M,M,10.00,11.00,M,M,30.22,M,310.00
ROC,2026-01-30 01:40,M,M,M,9.00,11.00,M,M,30.22,M,310.00
ROC,2026-01-30 01:43,-7.13,66.01,8.00,7.00,10.00,M,T,30.22,-1.00,310.00
ROC,2026-01-30 01:45,M,M,M,6.00,10.00,M,M,30.22,M,310.00
ROC,2026-01-30 01:50,M,M,M,6.00,9.00,M,M,30.22,M,310.00
ROC,2026-01-30 01:54,-8.38,72.39,7.00,7.00,10.00,1025.10,T,30.22,0.00,310.00
ROC,2026-01-30 01:55,M,M,M,5.00,9.00,M,M,30.22,M,310.00
ROC,2026-01-30 02:00,M,M,M,5.00,8.00,M,M,30.22,M,310.00
ROC,2026-01-30 02:05,M,M,M,6.00,10.00,M,M,30.23,M,300.00
ROC,2026-01-30 02:10,M,M,M,4.00,9.00,M,M,30.23,M,300.00
ROC,2026-01-30 02:15,M,M,M,5.00,10.00,M,M,30.23,M,300.00
ROC,2026-01-30 02:19,-4.58,79.48,7.00,2.00,6.00,M,T,30.23,2.00,300.00
ROC,2026-01-30 02:20,M,M,M,2.00,6.00,M,M,30.23,M,300.00
ROC,2026-01-30 02:25,M,M,M,2.50,8.00,M,M,30.23,M,300.00
ROC,2026-01-30 02:30,M,M,M,2.50,6.00,M,M,30.23,M,290.00
ROC,2026-01-30 02:35,M,M,M,1.50,7.00,M,M,30.23,M,300.00
ROC,2026-01-30 02:35,-5.69,79.48,7.00,1.50,7.00,M,T,30.23,2.00,300.00
ROC,2026-01-30 02:40,M,M,M,1.50,7.00,M,M,30.23,M,290.00
ROC,2026-01-30 02:45,-6.68,83.26,7.00,1.50,8.00,M,T,30.23,3.00,300.00
ROC,2026-01-30 02:45,M,M,M,1.50,8.00,M,M,30.23,M,300.00
ROC,2026-01-30 02:50,M,M,M,1.50,7.00,M,0.01,30.23,M,290.00
ROC,2026-01-30 02:54,-5.69,83.26,7.00,1.00,7.00,1025.30,0.01,30.23,3.00,290.00
ROC,2026-01-30 02:55,M,M,M,1.00,7.00,M,M,30.23,M,290.00
ROC,2026-01-30 03:00,M,M,M,1.25,8.00,M,M,30.23,M,280.00
ROC,2026-01-30 03:05,M,M,M,1.75,8.00,M,M,30.23,M,290.00
ROC,2026-01-30 03:07,-7.57,83.26,7.00,2.00,9.00,M,T,30.23,3.00,290.00
ROC,2026-01-30 03:10,M,M,M,2.50,9.00,M,M,30.23,M,290.00
ROC,2026-01-30 03:13,-8.38,79.48,7.00,3.00,10.00,M,T,30.23,2.00,300.00
ROC,2026-01-30 03:15,M,M,M,3.00,9.00,M,M,30.23,M,300.00
ROC,2026-01-30 03:20,M,M,M,3.50,9.00,M,M,30.23,M,290.00
ROC,2026-01-30 03:21,-8.38,83.26,7.00,3.00,10.00,M,T,30.23,3.00,290.00
ROC,2026-01-30 03:25,M,M,M,3.50,10.00,M,M,30.23,M,290.00
ROC,2026-01-30 03:30,M,M,M,3.50,10.00,M,M,30.23,M,290.00
ROC,2026-01-30 03:35,M,M,M,3.00,8.00,M,M,30.23,M,300.00
ROC,2026-01-30 03:40,M,M,M,3.00,9.00,M,M,30.23,M,300.00
ROC,2026-01-30 03:45,M,M,M,3.00,8.00,M,M,30.23,M,310.00
ROC,2026-01-30 03:50,M,M,M,8.00,8.00,M,M,30.23,M,300.00
ROC,2026-01-30 03:54,-6.68,79.48,7.00,9.00,8.00,1025.30,T,30.23,2.00,310.00
ROC,2026-01-30 03:55,M,M,M,5.00,8.00,M,M,30.23,M,300.00
ROC,2026-01-30 04:00,M,M,M,6.00,8.00,M,M,30.23,M,310.00
ROC,2026-01-30 04:05,M,M,M,9.00,8.00,M,M,30.23,M,320.00
ROC,2026-01-30 04:10,M,M,M,9.00,9.00,M,M,30.23,M,320.00
ROC,2026-01-30 04:15,M,M,M,8.00,13.00,M,M,30.24,M,M
ROC,2026-01-30 04:19,-9.82,69.07,7.00,10.00,12.00,M,T,30.24,-1.00,320.00
ROC,2026-01-30 04:20,M,M,M,10.00,13.00,M,M,30.24,M,310.00
ROC,2026-01-30 04:25,M,M,M,10.00,M,M,M,30.24,M,M
ROC,2026-01-30 04:30,M,M,M,10.00,9.00,M,M,30.24,M,320.00
ROC,2026-01-30 04:35,M,M,M,8.00,10.00,M,M,30.24,M,320.00
ROC,2026-01-30 04:40,M,M,M,10.00,10.00,M,M,30.24,M,320.00
ROC,2026-01-30 04:45,M,M,M,10.00,9.00,M,M,30.23,M,310.00
ROC,2026-01-30 04:50,M,M,M,10.00,M,M,M,30.23,M,M
ROC,2026-01-30 04:54,-7.57,69.07,7.00,10.00,9.00,1025.40,T,30.23,-1.00,320.00
ROC,2026-01-30 04:55,M,M,M,7.00,8.00,M,M,30.23,M,320.00
ROC,2026-01-30 05:00,M,M,M,7.00,11.00,M,M,30.23,M,320.00
ROC,2026-01-30 05:05,M,M,M,9.00,9.00,M,M,30.23,M,320.00
ROC,2026-01-30 05:10,M,M,M,8.00,11.00,M,M,30.23,M,330.00
ROC,2026-01-30 05:15,M,M,M,7.00,11.00,M,M,30.23,M,320.00
ROC,2026-01-30 05:20,M,M,M,7.00,12.00,M,M,30.23,M,320.00
ROC,2026-01-30 05:25,M,M,M,8.00,9.00,M,M,30.23,M,330.00
ROC,2026-01-30 05:30,M,M,M,9.00,9.00,M,M,30.23,M,320.00
ROC,2026-01-30 05:35,M,M,M,7.00,14.00,M,M,30.23,M,M
ROC,2026-01-30 05:40,M,M,M,7.00,M,M,M,30.23,M,M
ROC,2026-01-30 05:45,M,M,M,8.00,9.00,M,M,30.23,M,310.00
ROC,2026-01-30 05:50,M,M,M,8.00,10.00,M,M,30.24,M,310.00
ROC,2026-01-30 05:54,-10.39,72.28,6.00,8.00,11.00,1025.50,T,30.24,-1.00,300.00
ROC,2026-01-30 05:55,M,M,M,7.00,12.00,M,M,30.24,M,300.00
ROC,2026-01-30 06:00,M,M,M,7.00,12.00,M,M,30.24,M,300.00
ROC,2026-01-30 06:05,M,M,M,8.00,11.00,M,M,30.24,M,320.00
ROC,2026-01-30 06:10,M,M,M,7.00,10.00,M,M,30.24,M,310.00
ROC,2026-01-30 06:15,M,M,M,7.00,8.00,M,M,30.24,M,310.00
ROC,2026-01-30 06:20,M,M,M,7.00,9.00,M,M,30.24,M,310.00
ROC,2026-01-30 06:25,M,M,M,8.00,10.00,M,M,30.24,M,310.00
ROC,2026-01-30 06:30,M,M,M,8.00,10.00,M,M,30.24,M,310.00
ROC,2026-01-30 06:35,M,M,M,7.00,9.00,M,M,30.24,M,320.00
ROC,2026-01-30 06:40,M,M,M,5.00,8.00,M,M,30.24,M,320.00
ROC,2026-01-30 06:45,M,M,M,6.00,10.00,M,M,30.24,M,320.00
ROC,2026-01-30 06:50,M,M,M,8.00,11.00,M,M,30.23,M,330.00
ROC,2026-01-30 06:54,-9.64,72.28,6.00,8.00,10.00,1025.40,T,30.23,-1.00,340.00
ROC,2026-01-30 06:55,M,M,M,9.00,9.00,M,M,30.23,M,340.00
ROC,2026-01-30 07:00,M,M,M,9.00,7.00,M,M,30.24,M,330.00
ROC,2026-01-30 07:05,M,M,M,9.00,11.00,M,M,30.24,M,340.00
ROC,2026-01-30 07:10,M,M,M,9.00,11.00,M,M,30.24,M,330.00
ROC,2026-01-30 07:15,M,M,M,7.00,8.00,M,M,30.24,M,330.00
ROC,2026-01-30 07:20,M,M,M,7.00,12.00,M,M,30.24,M,320.00
ROC,2026-01-30 07:25,M,M,M,8.00,11.00,M,M,30.24,M,330.00
ROC,2026-01-30 07:30,M,M,M,7.00,7.00,M,M,30.24,M,320.00
ROC,2026-01-30 07:35,M,M,M,7.00,9.00,M,M,30.24,M,330.00
ROC,2026-01-30 07:40,M,M,M,8.00,12.00,M,M,30.24,M,320.00
ROC,2026-01-30 07:45,M,M,M,7.00,10.00,M,M,30.24,M,320.00
ROC,2026-01-30 07:50,M,M,M,6.00,9.00,M,M,30.24,M,320.00
ROC,2026-01-30 07:54,-10.06,75.66,5.00,6.00,9.00,1025.50,T,30.24,-1.00,320.00
ROC,2026-01-30 07:55,M,M,M,6.00,8.00,M,M,30.24,M,320.00
ROC,2026-01-30 08:00,M,M,M,5.00,7.00,M,M,30.24,M,320.00
ROC,2026-01-30 08:05,M,M,M,6.00,12.00,M,M,30.23,M,320.00
ROC,2026-01-30 08:10,M,M,M,8.00,9.00,M,M,30.23,M,330.00
ROC,2026-01-30 08:15,M,M,M,9.00,7.00,M,M,30.23,M,320.00
ROC,2026-01-30 08:20,M,M,M,9.00,9.00,M,M,30.23,M,320.00
ROC,2026-01-30 08:25,M,M,M,7.00,8.00,M,M,30.23,M,320.00
ROC,2026-01-30 08:30,M,M,M,6.00,9.00,M,M,30.23,M,320.00
ROC,2026-01-30 08:35,M,M,M,4.00,8.00,M,M,30.22,M,310.00
ROC,2026-01-30 08:40,M,M,M,4.00,7.00,M,M,30.22,M,310.00
ROC,2026-01-30 08:45,M,M,M,3.50,10.00,M,M,30.22,M,320.00
ROC,2026-01-30 08:49,-10.06,77.83,5.00,3.00,9.00,M,T,30.22,-0.40,320.00
ROC,2026-01-30 08:50,M,M,M,3.00,8.00,M,M,30.23,M,320.00
ROC,2026-01-30 08:54,-10.06,79.31,5.00,2.50,9.00,1025.10,T,30.23,0.00,320.00
ROC,2026-01-30 08:55,M,M,M,2.50,9.00,M,M,30.23,M,310.00
ROC,2026-01-30 08:56,-8.13,79.31,5.00,3.00,7.00,M,T,30.23,0.00,320.00
ROC,2026-01-30 09:00,M,M,M,2.00,8.00,M,M,30.23,M,320.00
ROC,2026-01-30 09:03,-11.65,79.31,5.00,2.00,11.00,M,T,30.23,0.00,320.00
ROC,2026-01-30 09:05,M,M,M,2.00,11.00,M,M,30.23,M,320.00
ROC,2026-01-30 09:10,M,M,M,2.00,8.00,M,M,30.23,M,320.00
ROC,2026-01-30 09:15,M,M,M,2.00,8.00,M,M,30.23,M,310.00
ROC,2026-01-30 09:20,M,M,M,2.00,9.00,M,M,30.23,M,320.00
ROC,2026-01-30 09:25,M,M,M,2.00,6.00,M,M,30.23,M,310.00
ROC,2026-01-30 09:30,M,M,M,2.00,9.00,M,M,30.23,M,320.00
ROC,2026-01-30 09:35,M,M,M,2.50,11.00,M,M,30.23,M,310.00
ROC,2026-01-30 09:40,M,M,M,2.50,8.00,M,M,30.23,M,320.00
ROC,2026-01-30 09:45,M,M,M,2.50,7.00,M,M,30.23,M,310.00
ROC,2026-01-30 09:50,M,M,M,2.50,6.00,M,M,30.23,M,310.00
ROC,2026-01-30 09:54,-8.19,83.03,4.00,2.50,6.00,1025.40,T,30.23,0.00,300.00
ROC,2026-01-30 09:55,M,M,M,2.00,7.00,M,M,30.23,M,300.00
ROC,2026-01-30 10:00,M,M,M,2.00,8.00,M,M,30.23,M,300.00
ROC,2026-01-30 10:05,M,M,M,2.00,6.00,M,M,30.23,M,300.00
ROC,2026-01-30 10:10,M,M,M,2.00,6.00,M,M,30.23,M,300.00
ROC,2026-01-30 10:14,-9.40,82.96,3.00,5.00,6.00,M,T,30.23,-1.00,300.00
ROC,2026-01-30 10:15,M,M,M,5.00,6.00,M,M,30.23,M,300.00
ROC,2026-01-30 10:20,M,M,M,4.00,7.00,M,M,30.23,M,300.00
ROC,2026-01-30 10:25,M,M,M,5.00,6.00,M,M,30.23,M,290.00
ROC,2026-01-30 10:30,M,M,M,5.00,7.00,M,M,30.23,M,290.00
ROC,2026-01-30 10:35,M,M,M,4.00,6.00,M,M,30.23,M,290.00
ROC,2026-01-30 10:40,M,M,M,5.00,5.00,M,M,30.23,M,280.00
ROC,2026-01-30 10:45,M,M,M,4.00,6.00,M,M,30.23,M,280.00
ROC,2026-01-30 10:47,-10.60,82.88,2.00,4.00,6.00,M,T,30.23,-2.00,280.00
ROC,2026-01-30 10:50,M,M,M,4.00,6.00,M,M,30.23,M,270.00
ROC,2026-01-30 10:54,-10.60,82.88,2.00,3.00,6.00,1025.20,T,30.23,-2.00,270.00
ROC,2026-01-30 10:55,M,M,M,5.00,6.00,M,M,30.23,M,270.00
ROC,2026-01-30 10:59,-11.81,86.84,1.00,3.00,6.00,M,T,30.23,-2.00,260.00
ROC,2026-01-30 11:00,M,M,M,3.00,6.00,M,M,30.23,M,260.00
ROC,2026-01-30 11:05,M,M,M,3.00,7.00,M,M,30.23,M,250.00
ROC,2026-01-30 11:10,M,M,M,3.00,7.00,M,M,30.23,M,250.00
ROC,2026-01-30 11:15,M,M,M,3.00,8.00,M,M,30.23,M,250.00
ROC,2026-01-30 11:20,M,M,M,3.00,8.00,M,M,30.23,M,250.00
ROC,2026-01-30 11:25,M,M,M,5.00,7.00,M,M,30.23,M,260.00
ROC,2026-01-30 11:30,M,M,M,4.00,8.00,M,M,30.23,M,250.00
ROC,2026-01-30 11:35,M,M,M,5.00,7.00,M,M,30.23,M,250.00
ROC,2026-01-30 11:40,M,M,M,8.00,8.00,M,M,30.23,M,260.00
ROC,2026-01-30 11:45,M,M,M,9.00,7.00,M,M,30.23,M,260.00
ROC,2026-01-30 11:49,-15.80,84.30,-0.40,8.00,8.00,M,T,30.24,-4.00,260.00
ROC,2026-01-30 11:50,M,M,M,8.00,8.00,M,M,30.24,M,260.00
ROC,2026-01-30 11:54,-15.45,86.72,-1.00,7.00,7.00,1025.70,T,30.24,-4.00,260.00
ROC,2026-01-30 11:55,M,M,M,6.00,7.00,M,M,30.24,M,260.00
ROC,2026-01-30 12:00,M,M,M,7.00,7.00,M,M,30.24,M,260.00
ROC,2026-01-30 12:05,M,M,M,8.00,7.00,M,M,30.24,M,260.00
ROC,2026-01-30 12:10,M,M,M,8.00,7.00,M,M,30.24,M,260.00
ROC,2026-01-30 12:14,-16.54,86.72,-1.00,8.00,8.00,M,T,30.24,-4.00,260.00
ROC,2026-01-30 12:15,M,M,M,8.00,8.00,M,M,30.24,M,260.00
ROC,2026-01-30 12:20,M,M,M,8.00,8.00,M,M,30.24,M,260.00
ROC,2026-01-30 12:25,M,M,M,8.00,8.00,M,M,30.24,M,260.00
ROC,2026-01-30 12:30,M,M,M,8.00,7.00,M,M,30.24,M,260.00
ROC,2026-01-30 12:35,M,M,M,9.00,7.00,M,M,30.24,M,260.00
ROC,2026-01-30 12:40,M,M,M,8.00,7.00,M,M,30.24,M,260.00
ROC,2026-01-30 12:45,M,M,M,8.00,7.00,M,M,30.24,M,260.00
ROC,2026-01-30 12:50,M,M,M,8.00,7.00,M,M,30.24,M,260.00
ROC,2026-01-30 12:54,-16.54,82.65,-1.00,3.00,8.00,1025.90,T,30.24,-5.00,260.00
ROC,2026-01-30 12:55,M,M,M,7.00,8.00,M,M,30.24,M,260.00
ROC,2026-01-30 13:00,M,M,M,3.50,8.00,M,M,30.24,M,250.00
ROC,2026-01-30 13:05,M,M,M,2.00,8.00,M,M,30.24,M,260.00
ROC,2026-01-30 13:06,-16.54,86.72,-1.00,1.75,8.00,M,T,30.24,-4.00,260.00
ROC,2026-01-30 13:10,M,M,M,1.75,8.00,M,M,30.25,M,260.00
ROC,2026-01-30 13:15,M,M,M,1.75,8.00,M,M,30.25,M,260.00
ROC,2026-01-30 13:20,M,M,M,1.75,8.00,M,M,30.25,M,260.00
ROC,2026-01-30 13:25,M,M,M,1.75,8.00,M,M,30.25,M,270.00
ROC,2026-01-30 13:30,M,M,M,1.25,8.00,M,M,30.25,M,270.00
ROC,2026-01-30 13:35,M,M,M,1.25,7.00,M,M,30.25,M,270.00
ROC,2026-01-30 13:40,M,M,M,1.50,9.00,M,M,30.25,M,260.00
ROC,2026-01-30 13:45,M,M,M,1.25,8.00,M,M,30.25,M,270.00
ROC,2026-01-30 13:50,M,M,M,1.00,8.00,M,M,30.25,M,270.00
ROC,2026-01-30 13:54,-12.84,82.88,2.00,1.00,8.00,1026.10,T,30.25,-2.00,270.00
ROC,2026-01-30 13:55,M,M,M,0.75,8.00,M,M,30.25,M,280.00
ROC,2026-01-30 13:57,-12.84,82.88,2.00,0.75,8.00,M,T,30.25,-2.00,280.00
ROC,2026-01-30 14:00,M,M,M,0.75,8.00,M,M,30.25,M,280.00
ROC,2026-01-30 14:05,M,M,M,0.75,9.00,M,M,30.25,M,270.00
ROC,2026-01-30 14:10,M,M,M,0.75,8.00,M,0.01,30.25,M,280.00
ROC,2026-01-30 14:15,M,M,M,0.75,9.00,M,0.01,30.25,M,270.00
ROC,2026-01-30 14:20,M,M,M,0.75,9.00,M,0.01,30.25,M,270.00
ROC,2026-01-30 14:25,M,M,M,0.75,10.00,M,0.01,30.25,M,280.00
ROC,2026-01-30 14:30,M,M,M,1.00,9.00,M,0.01,30.25,M,280.00
ROC,2026-01-30 14:35,M,M,M,0.75,8.00,M,0.01,30.25,M,270.00
ROC,2026-01-30 14:40,M,M,M,0.75,10.00,M,0.01,30.25,M,270.00
ROC,2026-01-30 14:45,M,M,M,0.75,7.00,M,0.01,30.26,M,280.00
ROC,2026-01-30 14:50,M,M,M,0.75,7.00,M,0.01,30.26,M,280.00
ROC,2026-01-30 14:54,-9.15,75.66,5.00,0.75,8.00,1026.30,0.01,30.26,-1.00,280.00
ROC,2026-01-30 14:55,M,M,M,1.25,9.00,M,M,30.26,M,280.00
ROC,2026-01-30 15:00,M,M,M,0.75,7.00,M,M,30.26,M,300.00
ROC,2026-01-30 15:05,M,M,M,0.75,8.00,M,M,30.26,M,290.00
ROC,2026-01-30 15:10,M,M,M,0.75,11.00,M,M,30.26,M,300.00
ROC,2026-01-30 15:15,M,M,M,1.50,8.00,M,M,30.26,M,300.00
ROC,2026-01-30 15:18,-10.06,79.31,5.00,1.50,9.00,M,T,30.26,0.00,290.00
ROC,2026-01-30 15:20,M,M,M,1.75,13.00,M,M,30.26,M,M
ROC,2026-01-30 15:25,M,M,M,2.50,13.00,M,M,30.26,M,300.00
ROC,2026-01-30 15:26,-11.09,72.28,6.00,3.00,12.00,M,T,30.26,-1.00,310.00
ROC,2026-01-30 15:30,M,M,M,4.00,15.00,M,M,30.26,M,M
ROC,2026-01-30 15:35,M,M,M,5.00,12.00,M,M,30.26,M,310.00
ROC,2026-01-30 15:40,M,M,M,4.00,12.00,M,M,30.26,M,310.00
ROC,2026-01-30 15:45,M,M,M,5.00,12.00,M,M,30.26,M,310.00
ROC,2026-01-30 15:50,M,M,M,9.00,9.00,M,M,30.26,M,310.00
ROC,2026-01-30 15:54,-10.46,65.88,7.00,6.00,13.00,1026.50,T,30.26,-2.00,300.00
ROC,2026-01-30 15:55,M,M,M,5.00,14.00,M,M,30.26,M,300.00
ROC,2026-01-30 16:00,M,M,M,4.00,14.00,M,M,30.26,M,310.00
ROC,2026-01-30 16:05,M,M,M,5.00,12.00,M,M,30.26,M,300.00
ROC,2026-01-30 16:10,M,M,M,5.00,14.00,M,M,30.26,M,300.00
ROC,2026-01-30 16:15,M,M,M,6.00,12.00,M,M,30.26,M,300.00
ROC,2026-01-30 16:18,-10.39,65.74,6.00,7.00,11.00,M,T,30.26,-3.00,310.00
ROC,2026-01-30 16:20,M,M,M,7.00,12.00,M,M,30.26,M,300.00
ROC,2026-01-30 16:25,M,M,M,7.00,12.00,M,M,30.26,M,300.00
ROC,2026-01-30 16:30,M,M,M,4.00,M,M,M,30.26,M,M
ROC,2026-01-30 16:35,M,M,M,3.00,12.00,M,M,30.26,M,310.00
ROC,2026-01-30 16:40,M,M,M,4.00,12.00,M,M,30.26,M,300.00
ROC,2026-01-30 16:45,-10.46,65.88,7.00,5.00,13.00,M,T,30.26,-2.00,300.00
ROC,2026-01-30 16:45,M,M,M,5.00,13.00,M,M,30.26,M,300.00
ROC,2026-01-30 16:50,M,M,M,3.50,M,M,M,30.25,M,M
ROC,2026-01-30 16:54,-9.82,65.88,7.00,3.00,12.00,1026.10,T,30.25,-2.00,300.00
ROC,2026-01-30 16:55,M,M,M,3.50,12.00,M,M,30.25,M,290.00
ROC,2026-01-30 17:00,M,M,M,5.00,13.00,M,M,30.25,M,280.00
ROC,2026-01-30 17:05,M,M,M,7.00,15.00,M,M,30.25,M,M
ROC,2026-01-30 17:10,M,M,M,9.00,13.00,M,M,30.24,M,290.00
ROC,2026-01-30 17:15,M,M,M,7.00,M,M,M,30.24,M,M
ROC,2026-01-30 17:17,-8.54,66.01,8.00,6.00,12.00,M,T,30.24,-1.00,300.00
ROC,2026-01-30 17:20,M,M,M,6.00,10.00,M,M,30.24,M,290.00
ROC,2026-01-30 17:25,M,M,M,6.00,M,M,M,30.24,M,M
ROC,2026-01-30 17:30,M,M,M,8.00,13.00,M,M,30.24,M,280.00
ROC,2026-01-30 17:35,M,M,M,9.00,14.00,M,M,30.24,M,280.00
ROC,2026-01-30 17:38,-10.33,66.01,8.00,9.00,15.00,M,T,30.24,-1.00,280.00
ROC,2026-01-30 17:40,M,M,M,8.00,14.00,M,M,30.24,M,270.00
ROC,2026-01-30 17:45,M,M,M,9.00,10.00,M,M,30.24,M,270.00
ROC,2026-01-30 17:50,M,M,M,9.00,13.00,M,M,30.24,M,280.00
ROC,2026-01-30 17:54,-10.33,62.96,8.00,9.00,15.00,1025.40,T,30.23,-2.00,270.00
ROC,2026-01-30 17:55,M,M,M,9.00,M,M,M,30.23,M,M
ROC,2026-01-30 18:00,M,M,M,7.00,15.00,M,M,30.23,M,270.00
ROC,2026-01-30 18:05,M,M,M,7.00,16.00,M,M,30.23,M,260.00
ROC,2026-01-30 18:10,M,M,M,6.00,13.00,M,M,30.23,M,280.00
ROC,2026-01-30 18:15,M,M,M,6.00,M,M,M,30.23,M,M
ROC,2026-01-30 18:20,M,M,M,9.00,15.00,M,M,30.23,M,M
ROC,2026-01-30 18:25,M,M,M,9.00,13.00,M,M,30.23,M,290.00
ROC,2026-01-30 18:30,M,M,M,8.00,10.00,M,M,30.23,M,290.00
ROC,2026-01-30 18:35,M,M,M,8.00,11.00,M,M,30.23,M,280.00
ROC,2026-01-30 18:40,M,M,M,9.00,M,M,M,30.23,M,M
ROC,2026-01-30 18:45,M,M,M,9.00,11.00,M,M,30.23,M,280.00
ROC,2026-01-30 18:47,-8.54,60.04,8.00,9.00,12.00,M,T,30.23,-3.00,280.00
ROC,2026-01-30 18:50,M,M,M,9.00,12.00,M,M,30.23,M,270.00
ROC,2026-01-30 18:54,-7.27,57.40,9.00,10.00,12.00,1025.30,T,30.23,-3.00,280.00
ROC,2026-01-30 18:55,M,M,M,10.00,11.00,M,M,30.23,M,290.00
ROC,2026-01-30 19:00,M,M,M,10.00,11.00,M,M,30.23,M,290.00
ROC,2026-01-30 19:05,M,M,M,10.00,11.00,M,M,30.23,M,280.00
ROC,2026-01-30 19:10,M,M,M,10.00,11.00,M,M,30.23,M,300.00
ROC,2026-01-30 19:15,M,M,M,8.00,14.00,M,M,30.23,M,260.00
ROC,2026-01-30 19:20,M,M,M,4.00,11.00,M,M,30.23,M,260.00
ROC,2026-01-30 19:25,M,M,M,5.00,8.00,M,M,30.23,M,270.00
ROC,2026-01-30 19:30,M,M,M,9.00,M,M,M,30.23,M,M
ROC,2026-01-30 19:33,-7.90,63.10,9.00,10.00,13.00,M,T,30.22,-1.00,290.00
ROC,2026-01-30 19:35,M,M,M,10.00,10.00,M,M,30.22,M,260.00
ROC,2026-01-30 19:40,M,M,M,10.00,12.00,M,M,30.22,M,260.00
ROC,2026-01-30 19:45,M,M,M,9.00,12.00,M,M,30.22,M,260.00
ROC,2026-01-30 19:50,M,M,M,8.00,12.00,M,M,30.22,M,250.00
ROC,2026-01-30 19:54,-7.90,69.31,9.00,6.00,13.00,1025.10,T,30.22,1.00,260.00
ROC,2026-01-30 19:55,M,M,M,6.00,12.00,M,M,30.22,M,270.00
ROC,2026-01-30 20:00,M,M,M,7.00,14.00,M,M,30.22,M,260.00
ROC,2026-01-30 20:05,M,M,M,10.00,13.00,M,M,30.22,M,260.00
ROC,2026-01-30 20:10,M,M,M,10.00,10.00,M,M,30.22,M,260.00
ROC,2026-01-30 20:15,M,M,M,10.00,14.00,M,M,30.22,M,M
ROC,2026-01-30 20:20,M,M,M,10.00,16.00,M,M,30.22,M,260.00
ROC,2026-01-30 20:25,M,M,M,10.00,15.00,M,M,30.22,M,250.00
ROC,2026-01-30 20:30,M,M,M,10.00,14.00,M,M,30.22,M,270.00
ROC,2026-01-30 20:35,M,M,M,10.00,13.00,M,M,30.22,M,260.00
ROC,2026-01-30 20:40,M,M,M,9.00,M,M,M,30.22,M,M
ROC,2026-01-30 20:45,M,M,M,9.00,14.00,M,M,30.23,M,260.00
ROC,2026-01-30 20:50,M,M,M,10.00,11.00,M,M,30.23,M,260.00
ROC,2026-01-30 20:54,-6.60,66.14,9.00,10.00,11.00,1025.20,0.00,30.23,0.00,260.00
ROC,2026-01-30 20:55,M,M,M,10.00,11.00,M,M,30.23,M,260.00
ROC,2026-01-30 21:00,M,M,M,10.00,14.00,M,M,30.23,M,260.00
ROC,2026-01-30 21:05,M,M,M,10.00,15.00,M,M,30.23,M,260.00
ROC,2026-01-30 21:10,M,M,M,10.00,14.00,M,M,30.23,M,260.00
ROC,2026-01-30 21:15,M,M,M,10.00,12.00,M,M,30.23,M,270.00
ROC,2026-01-30 21:20,M,M,M,10.00,14.00,M,M,30.23,M,260.00
ROC,2026-01-30 21:25,M,M,M,10.00,13.00,M,M,30.23,M,M
ROC,2026-01-30 21:30,M,M,M,10.00,10.00,M,M,30.23,M,260.00
ROC,2026-01-30 21:35,M,M,M,10.00,12.00,M,M,30.23,M,260.00
ROC,2026-01-30 21:40,M,M,M,10.00,10.00,M,M,30.23,M,250.00
ROC,2026-01-30 21:45,M,M,M,10.00,12.00,M,M,30.23,M,260.00
ROC,2026-01-30 21:50,M,M,M,10.00,13.00,M,M,30.23,M,260.00
ROC,2026-01-30 21:54,-7.27,63.10,9.00,10.00,12.00,1025.30,0.00,30.23,-1.00,270.00
ROC,2026-01-30 21:55,M,M,M,10.00,12.00,M,M,30.23,M,260.00
ROC,2026-01-30 22:00,M,M,M,10.00,12.00,M,M,30.23,M,260.00
ROC,2026-01-30 22:05,M,M,M,10.00,11.00,M,M,30.23,M,250.00
ROC,2026-01-30 22:10,M,M,M,10.00,11.00,M,M,30.23,M,260.00
ROC,2026-01-30 22:15,M,M,M,10.00,12.00,M,M,30.23,M,250.00
ROC,2026-01-30 22:20,M,M,M,10.00,11.00,M,M,30.23,M,250.00
ROC,2026-01-30 22:25,M,M,M,10.00,11.00,M,M,30.23,M,250.00
ROC,2026-01-30 22:30,M,M,M,10.00,11.00,M,M,30.23,M,250.00
ROC,2026-01-30 22:35,M,M,M,10.00,11.00,M,M,30.23,M,240.00
ROC,2026-01-30 22:40,M,M,M,10.00,12.00,M,M,30.23,M,250.00
ROC,2026-01-30 22:45,M,M,M,10.00,12.00,M,M,30.22,M,250.00
ROC,2026-01-30 22:50,M,M,M,10.00,12.00,M,M,30.22,M,250.00
ROC,2026-01-30 22:54,-7.27,66.14,9.00,10.00,12.00,1025.20,T,30.22,0.00,250.00
ROC,2026-01-30 22:55,M,M,M,10.00,11.00,M,M,30.22,M,250.00
ROC,2026-01-30 23:00,M,M,M,9.00,10.00,M,M,30.22,M,250.00
ROC,2026-01-30 23:05,M,M,M,9.00,10.00,M,M,30.22,M,240.00
ROC,2026-01-30 23:10,M,M,M,9.00,11.00,M,M,30.22,M,250.00
ROC,2026-01-30 23:15,M,M,M,9.00,10.00,M,M,30.22,M,250.00
ROC,2026-01-30 23:20,M,M,M,9.00,10.00,M,M,30.23,M,250.00
ROC,2026-01-30 23:25,M,M,M,9.00,10.00,M,M,30.23,M,250.00
ROC,2026-01-30 23:30,M,M,M,9.00,10.00,M,M,30.23,M,240.00
ROC,2026-01-30 23:35,M,M,M,9.00,11.00,M,M,30.23,M,250.00
ROC,2026-01-30 23:40,M,M,M,9.00,9.00,M,M,30.23,M,250.00
ROC,2026-01-30 23:45,M,M,M,9.00,10.00,M,M,30.23,M,240.00
ROC,2026-01-30 23:50,M,M,M,9.00,10.00,M,M,30.23,M,240.00
ROC,2026-01-30 23:54,-5.87,72.62,9.00,9.00,10.00,1025.30,T,30.23,2.00,240.00
ROC,2026-01-30 23:55,M,M,M,9.00,10.00,M,M,30.23,M,240.00
ROC,2026-01-31 00:00,M,M,M,9.00,10.00,M,M,30.22,M,240.00
ROC,2026-01-31 00:05,M,M,M,9.00,11.00,M,M,30.22,M,250.00
ROC,2026-01-31 00:10,M,M,M,9.00,10.00,M,M,30.22,M,240.00
ROC,2026-01-31 00:15,M,M,M,9.00,9.00,M,M,30.22,M,250.00
ROC,2026-01-31 00:20,M,M,M,9.00,10.00,M,M,30.22,M,250.00
ROC,2026-01-31 00:25,M,M,M,9.00,10.00,M,M,30.22,M,250.00
ROC,2026-01-31 00:30,M,M,M,9.00,11.00,M,M,30.22,M,250.00
ROC,2026-01-31 00:35,M,M,M,9.00,9.00,M,M,30.22,M,250.00
ROC,2026-01-31 00:40,M,M,M,9.00,10.00,M,M,30.22,M,250.00
ROC,2026-01-31 00:45,M,M,M,9.00,10.00,M,M,30.22,M,250.00
ROC,2026-01-31 00:50,M,M,M,9.00,10.00,M,M,30.21,M,250.00
ROC,2026-01-31 00:54,-4.62,69.44,10.00,9.00,10.00,1024.80,T,30.21,2.00,260.00
ROC,2026-01-31 00:55,M,M,M,9.00,11.00,M,M,30.21,M,250.00
ROC,2026-01-31 01:00,M,M,M,9.00,10.00,M,M,30.22,M,250.00
ROC,2026-01-31 01:05,M,M,M,9.00,10.00,M,M,30.22,M,250.00
ROC,2026-01-31 01:10,M,M,M,9.00,10.00,M,M,30.21,M,260.00
ROC,2026-01-31 01:15,M,M,M,9.00,9.00,M,M,30.21,M,250.00
ROC,2026-01-31 01:20,M,M,M,9.00,11.00,M,M,30.21,M,260.00
ROC,2026-01-31 01:25,M,M,M,9.00,12.00,M,M,30.21,M,260.00
ROC,2026-01-31 01:30,M,M,M,9.00,11.00,M,M,30.21,M,260.00
ROC,2026-01-31 01:35,M,M,M,9.00,11.00,M,M,30.21,M,260.00
ROC,2026-01-31 01:40,M,M,M,9.00,12.00,M,M,30.21,M,260.00
ROC,2026-01-31 01:45,M,M,M,9.00,11.00,M,M,30.21,M,260.00
ROC,2026-01-31 01:50,M,M,M,9.00,11.00,M,M,30.21,M,260.00
ROC,2026-01-31 01:54,-4.73,72.84,11.00,9.00,12.00,1024.70,T,30.21,4.00,270.00
ROC,2026-01-31 01:55,M,M,M,9.00,12.00,M,M,30.21,M,260.00
ROC,2026-01-31 02:00,M,M,M,9.00,10.00,M,M,30.21,M,260.00
ROC,2026-01-31 02:05,M,M,M,9.00,10.00,M,M,30.21,M,260.00
ROC,2026-01-31 02:10,M,M,M,9.00,9.00,M,M,30.21,M,260.00
ROC,2026-01-31 02:15,M,M,M,9.00,11.00,M,M,30.21,M,260.00
ROC,2026-01-31 02:20,M,M,M,9.00,10.00,M,M,30.21,M,260.00
ROC,2026-01-31 02:25,M,M,M,9.00,10.00,M,M,30.21,M,260.00
ROC,2026-01-31 02:30,M,M,M,9.00,9.00,M,M,30.21,M,260.00
ROC,2026-01-31 02:35,M,M,M,9.00,10.00,M,M,30.21,M,270.00
ROC,2026-01-31 02:40,M,M,M,9.00,11.00,M,M,30.21,M,260.00
ROC,2026-01-31 02:45,M,M,M,9.00,11.00,M,M,30.21,M,270.00
ROC,2026-01-31 02:50,M,M,M,9.00,9.00,M,M,30.21,M,270.00
ROC,2026-01-31 02:54,-4.07,72.84,11.00,9.00,11.00,1024.50,T,30.21,4.00,270.00
ROC,2026-01-31 02:55,M,M,M,9.00,10.00,M,M,30.21,M,270.00
ROC,2026-01-31 03:00,M,M,M,9.00,10.00,M,M,30.21,M,270.00
ROC,2026-01-31 03:05,M,M,M,9.00,10.00,M,M,30.21,M,270.00
ROC,2026-01-31 03:10,M,M,M,9.00,11.00,M,M,30.21,M,270.00
ROC,2026-01-31 03:15,M,M,M,9.00,10.00,M,M,30.21,M,270.00
ROC,2026-01-31 03:20,M,M,M,9.00,11.00,M,M,30.20,M,270.00
ROC,2026-01-31 03:25,M,M,M,9.00,11.00,M,M,30.20,M,270.00
ROC,2026-01-31 03:30,M,M,M,8.00,12.00,M,M,30.20,M,270.00
ROC,2026-01-31 03:35,M,M,M,9.00,10.00,M,M,30.20,M,270.00
ROC,2026-01-31 03:40,M,M,M,9.00,10.00,M,M,30.21,M,270.00
ROC,2026-01-31 03:41,-3.37,76.27,11.00,9.00,10.00,M,T,30.21,5.00,270.00
ROC,2026-01-31 03:45,M,M,M,8.00,10.00,M,M,30.20,M,270.00
ROC,2026-01-31 03:50,M,M,M,8.00,11.00,M,M,30.21,M,270.00
ROC,2026-01-31 03:54,-4.07,76.27,11.00,8.00,11.00,1024.50,T,30.21,5.00,270.00
ROC,2026-01-31 03:55,M,M,M,8.00,10.00,M,M,30.21,M,270.00
ROC,2026-01-31 04:00,M,M,M,8.00,10.00,M,M,30.20,M,270.00
ROC,2026-01-31 04:02,-2.60,76.27,11.00,9.00,9.00,M,T,30.21,5.00,270.00
ROC,2026-01-31 04:05,M,M,M,9.00,10.00,M,M,30.21,M,270.00
ROC,2026-01-31 04:10,M,M,M,8.00,8.00,M,M,30.21,M,280.00
ROC,2026-01-31 04:15,M,M,M,7.00,7.00,M,M,30.21,M,280.00
ROC,2026-01-31 04:20,M,M,M,7.00,9.00,M,M,30.21,M,280.00
ROC,2026-01-31 04:25,M,M,M,5.00,8.00,M,M,30.21,M,270.00
ROC,2026-01-31 04:30,M,M,M,5.00,8.00,M,M,30.21,M,270.00
ROC,2026-01-31 04:35,M,M,M,5.00,8.00,M,M,30.21,M,270.00
ROC,2026-01-31 04:40,M,M,M,8.00,8.00,M,M,30.21,M,280.00
ROC,2026-01-31 04:45,M,M,M,5.00,8.00,M,M,30.21,M,280.00
ROC,2026-01-31 04:50,M,M,M,4.00,9.00,M,M,30.21,M,280.00
ROC,2026-01-31 04:54,-1.76,79.83,11.00,4.00,8.00,1024.40,T,30.20,6.00,270.00
ROC,2026-01-31 04:55,M,M,M,4.00,8.00,M,M,30.20,M,280.00
ROC,2026-01-31 05:00,M,M,M,4.00,10.00,M,M,30.20,M,280.00
ROC,2026-01-31 05:05,M,M,M,4.00,7.00,M,M,30.20,M,280.00
ROC,2026-01-31 05:10,M,M,M,4.00,8.00,M,M,30.20,M,290.00
ROC,2026-01-31 05:15,M,M,M,4.00,8.00,M,M,30.20,M,280.00
ROC,2026-01-31 05:20,M,M,M,5.00,7.00,M,M,30.20,M,290.00
ROC,2026-01-31 05:25,M,M,M,5.00,9.00,M,M,30.20,M,290.00
ROC,2026-01-31 05:30,M,M,M,5.00,8.00,M,M,30.20,M,290.00
ROC,2026-01-31 05:35,M,M,M,5.00,8.00,M,M,30.20,M,290.00
ROC,2026-01-31 05:40,M,M,M,5.00,9.00,M,M,30.20,M,290.00
ROC,2026-01-31 05:45,M,M,M,6.00,8.00,M,M,30.20,M,280.00
ROC,2026-01-31 05:50,M,M,M,5.00,7.00,M,M,30.20,M,290.00
ROC,2026-01-31 05:54,-2.60,79.83,11.00,4.00,9.00,1024.30,T,30.20,6.00,290.00
ROC,2026-01-31 05:55,M,M,M,4.00,8.00,M,M,30.20,M,280.00
ROC,2026-01-31 06:00,M,M,M,4.00,10.00,M,M,30.20,M,280.00
ROC,2026-01-31 06:05,M,M,M,4.00,8.00,M,M,30.20,M,280.00
ROC,2026-01-31 06:10,M,M,M,5.00,8.00,M,M,30.20,M,280.00
ROC,2026-01-31 06:15,M,M,M,6.00,7.00,M,M,30.20,M,280.00
ROC,2026-01-31 06:20,M,M,M,7.00,8.00,M,M,30.20,M,280.00
ROC,2026-01-31 06:25,M,M,M,8.00,7.00,M,M,30.20,M,290.00
ROC,2026-01-31 06:30,M,M,M,9.00,5.00,M,M,30.20,M,280.00
ROC,2026-01-31 06:35,M,M,M,9.00,8.00,M,M,30.20,M,290.00
ROC,2026-01-31 06:40,M,M,M,8.00,7.00,M,M,30.20,M,290.00
ROC,2026-01-31 06:45,M,M,M,6.00,7.00,M,M,30.20,M,300.00
ROC,2026-01-31 06:50,M,M,M,5.00,6.00,M,M,30.20,M,290.00
ROC,2026-01-31 06:54,-1.76,79.83,11.00,5.00,8.00,1024.20,T,30.20,6.00,290.00
ROC,2026-01-31 06:55,M,M,M,5.00,7.00,M,M,30.20,M,280.00
ROC,2026-01-31 07:00,M,M,M,5.00,7.00,M,M,30.20,M,280.00
ROC,2026-01-31 07:02,0.24,79.83,11.00,5.00,6.00,M,T,30.20,6.00,280.00
ROC,2026-01-31 07:05,M,M,M,5.00,5.00,M,M,30.20,M,290.00
ROC,2026-01-31 07:10,M,M,M,4.00,8.00,M,M,30.20,M,290.00
ROC,2026-01-31 07:15,M,M,M,4.00,7.00,M,M,30.20,M,280.00
ROC,2026-01-31 07:20,M,M,M,4.00,7.00,M,M,30.20,M,290.00
ROC,2026-01-31 07:25,M,M,M,4.00,6.00,M,M,30.20,M,280.00
ROC,2026-01-31 07:30,M,M,M,4.00,7.00,M,M,30.20,M,290.00
ROC,2026-01-31 07:35,M,M,M,4.00,7.00,M,M,30.20,M,290.00
ROC,2026-01-31 07:40,M,M,M,4.00,7.00,M,M,30.20,M,290.00
ROC,2026-01-31 07:45,M,M,M,5.00,6.00,M,M,30.21,M,290.00
ROC,2026-01-31 07:50,M,M,M,5.00,7.00,M,M,30.21,M,280.00
ROC,2026-01-31 07:54,-0.97,83.47,10.00,5.00,6.00,1024.50,T,30.21,6.00,280.00
ROC,2026-01-31 07:55,M,M,M,5.00,6.00,M,M,30.21,M,290.00
ROC,2026-01-31 08:00,M,M,M,5.00,7.00,M,M,30.21,M,280.00
ROC,2026-01-31 08:05,M,M,M,5.00,7.00,M,M,30.21,M,290.00
ROC,2026-01-31 08:10,M,M,M,5.00,6.00,M,M,30.21,M,290.00
ROC,2026-01-31 08:15,M,M,M,5.00,6.00,M,M,30.21,M,280.00
ROC,2026-01-31 08:20,M,M,M,5.00,7.00,M,M,30.21,M,290.00
ROC,2026-01-31 08:25,M,M,M,4.00,7.00,M,M,30.21,M,290.00
ROC,2026-01-31 08:30,M,M,M,5.00,7.00,M,M,30.20,M,290.00
ROC,2026-01-31 08:35,M,M,M,6.00,6.00,M,M,30.21,M,290.00
ROC,2026-01-31 08:40,M,M,M,6.00,7.00,M,M,30.20,M,290.00
ROC,2026-01-31 08:45,M,M,M,5.00,6.00,M,M,30.20,M,290.00
ROC,2026-01-31 08:50,M,M,M,4.00,7.00,M,M,30.20,M,290.00
ROC,2026-01-31 08:54,-0.97,83.47,10.00,4.00,6.00,1024.40,T,30.20,6.00,300.00
ROC,2026-01-31 08:55,M,M,M,4.00,6.00,M,M,30.20,M,300.00
ROC,2026-01-31 09:00,M,M,M,4.00,7.00,M,M,30.20,M,290.00
ROC,2026-01-31 09:05,M,M,M,4.00,7.00,M,M,30.20,M,290.00
ROC,2026-01-31 09:10,M,M,M,4.00,7.00,M,M,30.20,M,290.00
ROC,2026-01-31 09:15,M,M,M,3.50,7.00,M,M,30.20,M,290.00
ROC,2026-01-31 09:20,M,M,M,3.50,5.00,M,M,30.21,M,290.00
ROC,2026-01-31 09:25,M,M,M,4.00,6.00,M,M,30.20,M,290.00
ROC,2026-01-31 09:30,M,M,M,4.00,5.00,M,M,30.21,M,290.00
ROC,2026-01-31 09:35,M,M,M,5.00,5.00,M,M,30.21,M,290.00
ROC,2026-01-31 09:40,M,M,M,5.00,5.00,M,M,30.20,M,290.00
ROC,2026-01-31 09:45,M,M,M,4.00,6.00,M,M,30.20,M,290.00
ROC,2026-01-31 09:50,M,M,M,3.00,5.00,M,M,30.20,M,290.00
ROC,2026-01-31 09:54,0.27,87.36,10.00,3.00,5.00,1024.40,T,30.20,7.00,290.00
ROC,2026-01-31 09:55,M,M,M,3.50,6.00,M,M,30.20,M,290.00
ROC,2026-01-31 10:00,M,M,M,4.00,5.00,M,M,30.20,M,290.00
ROC,2026-01-31 10:05,M,M,M,4.00,5.00,M,M,30.20,M,300.00
ROC,2026-01-31 10:10,M,M,M,4.00,6.00,M,M,30.20,M,300.00
ROC,2026-01-31 10:15,M,M,M,3.50,6.00,M,M,30.20,M,310.00
ROC,2026-01-31 10:20,M,M,M,4.00,6.00,M,M,30.20,M,300.00
ROC,2026-01-31 10:24,-0.97,87.36,10.00,5.00,6.00,M,T,30.20,7.00,300.00
ROC,2026-01-31 10:25,M,M,M,5.00,6.00,M,M,30.20,M,300.00
ROC,2026-01-31 10:30,M,M,M,5.00,5.00,M,M,30.20,M,300.00
ROC,2026-01-31 10:35,M,M,M,4.00,7.00,M,M,30.20,M,320.00
ROC,2026-01-31 10:40,M,M,M,3.00,5.00,M,M,30.20,M,310.00
ROC,2026-01-31 10:45,M,M,M,3.00,5.00,M,M,30.21,M,300.00
ROC,2026-01-31 10:50,M,M,M,3.00,5.00,M,M,30.21,M,310.00
ROC,2026-01-31 10:54,-0.97,87.36,10.00,3.00,6.00,1024.40,T,30.20,7.00,310.00
ROC,2026-01-31 10:55,M,M,M,3.00,6.00,M,M,30.21,M,310.00
ROC,2026-01-31 11:00,M,M,M,3.00,6.00,M,M,30.20,M,310.00
ROC,2026-01-31 11:05,M,M,M,3.50,6.00,M,M,30.20,M,300.00
ROC,2026-01-31 11:10,M,M,M,4.00,5.00,M,M,30.21,M,310.00
ROC,2026-01-31 11:15,M,M,M,3.50,5.00,M,M,30.20,M,320.00
ROC,2026-01-31 11:20,M,M,M,3.00,5.00,M,M,30.20,M,310.00
ROC,2026-01-31 11:25,M,M,M,3.00,6.00,M,M,30.20,M,300.00
ROC,2026-01-31 11:30,M,M,M,3.00,5.00,M,M,30.20,M,310.00
ROC,2026-01-31 11:35,M,M,M,4.00,7.00,M,M,30.20,M,310.00
ROC,2026-01-31 11:40,M,M,M,3.00,7.00,M,M,30.20,M,320.00
ROC,2026-01-31 11:45,M,M,M,3.00,6.00,M,M,30.20,M,310.00
ROC,2026-01-31 11:50,M,M,M,3.50,7.00,M,M,30.21,M,320.00
ROC,2026-01-31 11:54,-2.04,83.47,10.00,3.00,7.00,1024.50,T,30.21,6.00,320.00
ROC,2026-01-31 11:55,M,M,M,4.00,6.00,M,M,30.21,M,310.00
ROC,2026-01-31 12:00,M,M,M,5.00,7.00,M,M,30.21,M,310.00
ROC,2026-01-31 12:05,M,M,M,6.00,6.00,M,M,30.21,M,310.00
ROC,2026-01-31 12:10,M,M,M,7.00,5.00,M,M,30.21,M,300.00
ROC,2026-01-31 12:15,M,M,M,7.00,7.00,M,M,30.21,M,310.00
ROC,2026-01-31 12:20,M,M,M,6.00,5.00,M,M,30.21,M,300.00
ROC,2026-01-31 12:25,M,M,M,6.00,7.00,M,M,30.21,M,300.00
ROC,2026-01-31 12:30,M,M,M,8.00,6.00,M,M,30.21,M,290.00
ROC,2026-01-31 12:35,M,M,M,8.00,7.00,M,M,30.21,M,290.00
ROC,2026-01-31 12:40,M,M,M,9.00,7.00,M,M,30.22,M,290.00
ROC,2026-01-31 12:45,M,M,M,9.00,7.00,M,M,30.22,M,300.00
ROC,2026-01-31 12:50,M,M,M,5.00,5.00,M,M,30.22,M,300.00
ROC,2026-01-31 12:54,-0.97,83.47,10.00,5.00,6.00,1024.90,T,30.22,6.00,290.00
ROC,2026-01-31 12:55,M,M,M,5.00,7.00,M,M,30.22,M,290.00
ROC,2026-01-31 13:00,M,M,M,5.00,6.00,M,M,30.22,M,300.00
ROC,2026-01-31 13:05,M,M,M,4.00,4.00,M,M,30.22,M,290.00
ROC,2026-01-31 13:10,M,M,M,4.00,5.00,M,M,30.22,M,290.00
ROC,2026-01-31 13:15,M,M,M,4.00,5.00,M,M,30.22,M,290.00
ROC,2026-01-31 13:20,M,M,M,3.50,5.00,M,M,30.23,M,290.00
ROC,2026-01-31 13:23,0.27,83.47,10.00,2.50,5.00,M,T,30.23,6.00,300.00
ROC,2026-01-31 13:25,M,M,M,2.50,5.00,M,M,30.23,M,290.00
ROC,2026-01-31 13:30,M,M,M,2.50,4.00,M,M,30.23,M,290.00
ROC,2026-01-31 13:35,M,M,M,3.00,5.00,M,M,30.23,M,290.00
ROC,2026-01-31 13:38,1.73,83.47,10.00,3.00,4.00,M,T,30.23,6.00,300.00
ROC,2026-01-31 13:40,M,M,M,3.00,5.00,M,M,30.23,M,300.00
ROC,2026-01-31 13:45,M,M,M,3.00,3.00,M,M,30.23,M,330.00
ROC,2026-01-31 13:50,M,M,M,3.00,6.00,M,M,30.23,M,320.00
ROC,2026-01-31 13:54,0.27,83.47,10.00,3.00,5.00,1025.20,T,30.23,6.00,320.00
ROC,2026-01-31 13:55,M,M,M,3.00,5.00,M,M,30.23,M,310.00
ROC,2026-01-31 14:00,M,M,M,3.00,5.00,M,M,30.23,M,300.00
ROC,2026-01-31 14:05,M,M,M,5.00,7.00,M,M,30.23,M,310.00
ROC,2026-01-31 14:10,M,M,M,5.00,6.00,M,M,30.23,M,300.00
ROC,2026-01-31 14:15,M,M,M,4.00,5.00,M,M,30.23,M,300.00
ROC,2026-01-31 14:20,M,M,M,4.00,6.00,M,M,30.23,M,290.00
ROC,2026-01-31 14:25,M,M,M,3.50,6.00,M,M,30.23,M,290.00
ROC,2026-01-31 14:30,M,M,M,2.50,6.00,M,0.01,30.23,M,300.00
ROC,2026-01-31 14:35,M,M,M,2.50,7.00,M,0.01,30.23,M,290.00
ROC,2026-01-31 14:36,0.24,79.83,11.00,2.50,6.00,M,0.01,30.23,6.00,290.00
ROC,2026-01-31 14:40,M,M,M,2.50,6.00,M,0.01,30.23,M,290.00
ROC,2026-01-31 14:45,M,M,M,2.00,5.00,M,0.01,30.23,M,310.00
ROC,2026-01-31 14:50,M,M,M,2.50,5.00,M,0.01,30.23,M,290.00
ROC,2026-01-31 14:54,-1.76,79.83,11.00,2.50,8.00,1025.40,0.01,30.23,6.00,300.00
ROC,2026-01-31 14:55,M,M,M,2.50,7.00,M,M,30.23,M,300.00
ROC,2026-01-31 15:00,M,M,M,2.50,6.00,M,M,30.23,M,290.00
ROC,2026-01-31 15:05,M,M,M,2.00,8.00,M,M,30.24,M,290.00
ROC,2026-01-31 15:10,M,M,M,2.50,7.00,M,M,30.24,M,310.00
ROC,2026-01-31 15:15,M,M,M,3.50,6.00,M,M,30.24,M,300.00
ROC,2026-01-31 15:18,-0.82,76.27,11.00,4.00,7.00,M,T,30.24,5.00,310.00
ROC,2026-01-31 15:20,M,M,M,4.00,6.00,M,M,30.24,M,310.00
ROC,2026-01-31 15:25,M,M,M,5.00,8.00,M,M,30.24,M,300.00
ROC,2026-01-31 15:30,M,M,M,3.50,9.00,M,M,30.24,M,300.00
ROC,2026-01-31 15:35,M,M,M,2.00,9.00,M,M,30.24,M,310.00
ROC,2026-01-31 15:37,-4.07,76.27,11.00,1.75,11.00,M,T,30.24,5.00,310.00
ROC,2026-01-31 15:40,M,M,M,1.50,11.00,M,M,30.24,M,300.00
ROC,2026-01-31 15:45,M,M,M,1.75,7.00,M,M,30.24,M,320.00
ROC,2026-01-31 15:48,-1.55,78.33,10.40,3.00,7.00,M,T,30.23,5.00,330.00
ROC,2026-01-31 15:50,M,M,M,3.50,8.00,M,M,30.23,M,320.00
ROC,2026-01-31 15:54,-3.37,76.27,11.00,3.00,10.00,1025.40,T,30.23,5.00,320.00
ROC,2026-01-31 15:55,M,M,M,3.00,9.00,M,M,30.23,M,320.00
ROC,2026-01-31 16:00,M,M,M,2.00,8.00,M,M,30.23,M,330.00
ROC,2026-01-31 16:02,-0.82,76.27,11.00,1.75,7.00,M,T,30.23,5.00,320.00
ROC,2026-01-31 16:05,M,M,M,1.50,8.00,M,M,30.23,M,320.00
ROC,2026-01-31 16:10,M,M,M,1.25,7.00,M,M,30.23,M,320.00
ROC,2026-01-31 16:15,M,M,M,1.50,7.00,M,M,30.23,M,310.00
ROC,2026-01-31 16:20,0.40,72.95,12.00,3.00,7.00,M,T,30.23,5.00,320.00
ROC,2026-01-31 16:20,M,M,M,3.00,7.00,M,M,30.23,M,320.00
ROC,2026-01-31 16:25,M,M,M,5.00,7.00,M,M,30.23,M,300.00
ROC,2026-01-31 16:30,M,M,M,8.00,7.00,M,M,30.23,M,310.00
ROC,2026-01-31 16:35,M,M,M,8.00,8.00,M,M,30.23,M,320.00
ROC,2026-01-31 16:40,M,M,M,8.00,8.00,M,M,30.23,M,290.00
ROC,2026-01-31 16:45,M,M,M,9.00,11.00,M,M,30.22,M,290.00
ROC,2026-01-31 16:45,-2.81,60.63,12.00,9.00,11.00,M,T,30.22,1.00,300.00
ROC,2026-01-31 16:50,M,M,M,7.00,9.00,M,M,30.22,M,280.00
ROC,2026-01-31 16:54,-2.11,63.52,12.00,6.00,10.00,1024.90,T,30.22,2.00,290.00
ROC,2026-01-31 16:55,M,M,M,5.00,9.00,M,M,30.22,M,300.00
ROC,2026-01-31 17:00,M,M,M,4.00,9.00,M,M,30.22,M,320.00
ROC,2026-01-31 17:05,M,M,M,4.00,7.00,M,M,30.22,M,300.00
ROC,2026-01-31 17:10,M,M,M,5.00,7.00,M,M,30.22,M,300.00
ROC,2026-01-31 17:15,M,M,M,8.00,8.00,M,M,30.22,M,310.00
ROC,2026-01-31 17:20,M,M,M,7.00,9.00,M,M,30.22,M,310.00
ROC,2026-01-31 17:25,M,M,M,5.00,9.00,M,M,30.22,M,320.00
ROC,2026-01-31 17:30,M,M,M,2.50,8.00,M,M,30.22,M,330.00
ROC,2026-01-31 17:33,-0.52,76.36,12.00,1.75,8.00,M,T,30.22,6.00,330.00
ROC,2026-01-31 17:35,M,M,M,1.50,6.00,M,M,30.22,M,330.00
ROC,2026-01-31 17:40,M,M,M,1.75,8.00,M,M,30.22,M,310.00
ROC,2026-01-31 17:44,-0.52,69.68,12.00,4.00,8.00,M,T,30.22,4.00,330.00
ROC,2026-01-31 17:45,M,M,M,5.00,6.00,M,M,30.22,M,330.00
ROC,2026-01-31 17:50,M,M,M,4.00,10.00,M,M,30.22,M,310.00
ROC,2026-01-31 17:54,-0.52,72.95,12.00,2.00,8.00,1024.70,T,30.22,5.00,300.00
ROC,2026-01-31 17:55,M,M,M,2.00,9.00,M,M,30.21,M,300.00
ROC,2026-01-31 18:00,M,M,M,2.50,11.00,M,M,30.21,M,310.00
ROC,2026-01-31 18:05,M,M,M,6.00,8.00,M,M,30.21,M,310.00
ROC,2026-01-31 18:10,M,M,M,2.00,8.00,M,M,30.21,M,320.00
ROC,2026-01-31 18:15,1.62,60.77,13.00,3.00,7.00,M,T,30.21,2.00,340.00
ROC,2026-01-31 18:15,M,M,M,3.00,7.00,M,M,30.21,M,340.00
ROC,2026-01-31 18:20,M,M,M,3.00,9.00,M,M,30.21,M,330.00
ROC,2026-01-31 18:21,-1.35,72.95,12.00,2.50,9.00,M,T,30.21,5.00,320.00
ROC,2026-01-31 18:25,M,M,M,2.00,7.00,M,M,30.21,M,340.00
ROC,2026-01-31 18:27,0.40,69.68,12.00,4.00,7.00,M,T,30.21,4.00,320.00
ROC,2026-01-31 18:30,M,M,M,4.00,9.00,M,M,30.21,M,330.00
ROC,2026-01-31 18:35,M,M,M,3.00,8.00,M,M,30.21,M,330.00
ROC,2026-01-31 18:40,M,M,M,4.00,7.00,M,M,30.21,M,330.00
ROC,2026-01-31 18:45,-0.52,69.68,12.00,2.00,8.00,M,T,30.20,4.00,300.00
ROC,2026-01-31 18:45,M,M,M,2.00,8.00,M,M,30.20,M,300.00
ROC,2026-01-31 18:50,1.68,72.31,12.20,3.00,6.00,M,T,30.20,5.00,320.00
ROC,2026-01-31 18:50,M,M,M,3.00,6.00,M,M,30.20,M,320.00
ROC,2026-01-31 18:54,0.40,72.95,12.00,2.50,7.00,1024.20,T,30.20,5.00,310.00
ROC,2026-01-31 18:55,M,M,M,5.00,8.00,M,M,30.20,M,320.00
ROC,2026-01-31 19:00,M,M,M,3.00,7.00,M,M,30.20,M,320.00
ROC,2026-01-31 19:05,M,M,M,3.00,8.00,M,M,30.20,M,300.00
ROC,2026-01-31 19:10,M,M,M,2.50,8.00,M,M,30.20,M,270.00
ROC,2026-01-31 19:11,-0.86,63.66,13.00,0.50,10.00,M,T,30.20,3.00,290.00
ROC,2026-01-31 19:15,M,M,M,1.75,8.00,M,M,30.20,M,320.00
ROC,2026-01-31 19:16,2.84,58.16,14.00,2.00,7.00,M,T,30.20,2.00,320.00
ROC,2026-01-31 19:20,M,M,M,2.00,7.00,M,M,30.20,M,330.00
ROC,2026-01-31 19:25,M,M,M,2.00,7.00,M,M,30.20,M,310.00
ROC,2026-01-31 19:30,M,M,M,2.00,8.00,M,M,30.20,M,340.00
ROC,2026-01-31 19:35,M,M,M,3.00,9.00,M,M,30.20,M,350.00
ROC,2026-01-31 19:37,0.40,66.79,14.00,3.00,10.00,M,T,30.20,5.00,360.00
ROC,2026-01-31 19:40,M,M,M,5.00,11.00,M,M,30.20,M,340.00
ROC,2026-01-31 19:45,M,M,M,9.00,11.00,M,M,30.20,M,320.00
ROC,2026-01-31 19:50,M,M,M,9.00,11.00,M,M,30.20,M,310.00
ROC,2026-01-31 19:54,-1.35,60.63,12.00,9.00,9.00,1024.40,T,30.20,1.00,300.00
ROC,2026-01-31 19:55,M,M,M,9.00,9.00,M,M,30.20,M,300.00
ROC,2026-01-31 20:00,M,M,M,9.00,9.00,M,M,30.20,M,310.00
ROC,2026-01-31 20:05,M,M,M,9.00,6.00,M,M,30.21,M,300.00
ROC,2026-01-31 20:10,M,M,M,9.00,9.00,M,M,30.21,M,300.00
ROC,2026-01-31 20:15,M,M,M,9.00,10.00,M,M,30.20,M,290.00
ROC,2026-01-31 20:20,M,M,M,9.00,9.00,M,M,30.20,M,300.00
ROC,2026-01-31 20:25,M,M,M,9.00,8.00,M,M,30.20,M,300.00
ROC,2026-01-31 20:30,M,M,M,9.00,8.00,M,M,30.21,M,290.00
ROC,2026-01-31 20:35,M,M,M,9.00,8.00,M,M,30.21,M,310.00
ROC,2026-01-31 20:39,-0.86,60.77,13.00,9.00,10.00,M,T,30.21,2.00,330.00
ROC,2026-01-31 20:40,M,M,M,9.00,11.00,M,M,30.21,M,330.00
ROC,2026-01-31 20:45,M,M,M,10.00,10.00,M,M,30.21,M,310.00
ROC,2026-01-31 20:50,M,M,M,10.00,9.00,M,M,30.21,M,300.00
ROC,2026-01-31 20:54,-0.52,66.54,12.00,10.00,8.00,1024.50,T,30.21,3.00,300.00
ROC,2026-01-31 20:55,M,M,M,10.00,8.00,M,M,30.21,M,300.00
ROC,2026-01-31 21:00,M,M,M,10.00,10.00,M,M,30.21,M,300.00
ROC,2026-01-31 21:05,M,M,M,10.00,8.00,M,M,30.21,M,310.00
ROC,2026-01-31 21:10,M,M,M,10.00,10.00,M,M,30.21,M,300.00
ROC,2026-01-31 21:15,M,M,M,10.00,9.00,M,M,30.21,M,310.00
ROC,2026-01-31 21:20,M,M,M,10.00,7.00,M,M,30.21,M,300.00
ROC,2026-01-31 21:25,M,M,M,10.00,7.00,M,M,30.22,M,290.00
ROC,2026-01-31 21:30,M,M,M,10.00,6.00,M,M,30.21,M,310.00
ROC,2026-01-31 21:35,M,M,M,10.00,9.00,M,M,30.21,M,290.00
ROC,2026-01-31 21:40,M,M,M,10.00,9.00,M,M,30.22,M,310.00
ROC,2026-01-31 21:45,M,M,M,10.00,9.00,M,M,30.22,M,300.00
ROC,2026-01-31 21:50,M,M,M,10.00,10.00,M,M,30.22,M,280.00
ROC,2026-01-31 21:54,-1.76,60.48,11.00,10.00,8.00,1024.90,0.00,30.22,0.00,300.00
ROC,2026-01-31 21:55,M,M,M,10.00,8.00,M,M,30.22,M,310.00
ROC,2026-01-31 22:00,M,M,M,10.00,7.00,M,M,30.22,M,290.00
ROC,2026-01-31 22:05,M,M,M,10.00,8.00,M,M,30.22,M,280.00
ROC,2026-01-31 22:10,M,M,M,10.00,8.00,M,M,30.22,M,280.00
ROC,2026-01-31 22:15,M,M,M,10.00,6.00,M,M,30.22,M,280.00
ROC,2026-01-31 22:20,M,M,M,10.00,5.00,M,M,30.22,M,280.00
ROC,2026-01-31 22:25,M,M,M,10.00,6.00,M,M,30.22,M,280.00
ROC,2026-01-31 22:30,M,M,M,10.00,4.00,M,M,30.22,M,270.00
ROC,2026-01-31 22:35,M,M,M,10.00,6.00,M,M,30.22,M,280.00
ROC,2026-01-31 22:40,M,M,M,10.00,5.00,M,M,30.22,M,270.00
ROC,2026-01-31 22:45,M,M,M,10.00,6.00,M,M,30.22,M,270.00
ROC,2026-01-31 22:50,M,M,M,10.00,6.00,M,M,30.23,M,260.00
ROC,2026-01-31 22:54,0.27,66.27,10.00,10.00,5.00,1025.20,0.00,30.23,1.00,270.00
ROC,2026-01-31 22:55,M,M,M,10.00,6.00,M,M,30.23,M,270.00
ROC,2026-01-31 23:00,M,M,M,10.00,5.00,M,M,30.23,M,270.00
ROC,2026-01-31 23:05,M,M,M,10.00,5.00,M,M,30.23,M,270.00
ROC,2026-01-31 23:10,M,M,M,10.00,5.00,M,M,30.23,M,270.00
ROC,2026-01-31 23:15,M,M,M,10.00,5.00,M,M,30.23,M,270.00
ROC,2026-01-31 23:20,M,M,M,9.00,5.00,M,M,30.23,M,260.00
ROC,2026-01-31 23:21,-0.92,69.31,9.00,9.00,5.00,M,T,30.23,1.00,260.00
ROC,2026-01-31 23:25,M,M,M,8.00,5.00,M,M,30.23,M,260.00
ROC,2026-01-31 23:30,M,M,M,7.00,5.00,M,M,30.23,M,260.00
ROC,2026-01-31 23:35,M,M,M,6.00,5.00,M,M,30.23,M,260.00
ROC,2026-01-31 23:40,M,M,M,6.00,5.00,M,M,30.23,M,250.00
ROC,2026-01-31 23:45,M,M,M,7.00,5.00,M,M,30.23,M,250.00
ROC,2026-01-31 23:50,M,M,M,8.00,5.00,M,M,30.23,M,260.00
ROC,2026-01-31 23:54,-2.17,76.07,9.00,6.00,6.00,1025.10,T,30.23,3.00,260.00
ROC,2026-01-31 23:55,M,M,M,6.00,6.00,M,M,30.23,M,260.00
ROC,2026-02-01 00:00,M,M,M,4.00,6.00,M,M,30.23,M,260.00
ROC,2026-02-01 00:05,M,M,M,3.00,7.00,M,M,30.23,M,260.00
ROC,2026-02-01 00:10,M,M,M,3.00,7.00,M,M,30.22,M,260.00
ROC,2026-02-01 00:15,M,M,M,3.00,7.00,M,M,30.22,M,260.00
ROC,2026-02-01 00:20,M,M,M,3.00,7.00,M,M,30.22,M,260.00
ROC,2026-02-01 00:25,M,M,M,3.00,7.00,M,M,30.22,M,260.00
ROC,2026-02-01 00:30,M,M,M,3.50,7.00,M,M,30.22,M,260.00
ROC,2026-02-01 00:35,M,M,M,4.00,6.00,M,M,30.22,M,260.00
ROC,2026-02-01 00:40,M,M,M,6.00,6.00,M,M,30.22,M,260.00
ROC,2026-02-01 00:45,M,M,M,7.00,7.00,M,M,30.22,M,270.00
ROC,2026-02-01 00:50,M,M,M,7.00,7.00,M,M,30.22,M,280.00
ROC,2026-02-01 00:54,-3.26,79.66,9.00,7.00,7.00,1025.00,T,30.22,4.00,280.00
ROC,2026-02-01 00:55,M,M,M,7.00,6.00,M,M,30.22,M,280.00
ROC,2026-02-01 01:00,M,M,M,6.00,7.00,M,M,30.22,M,270.00
ROC,2026-02-01 01:05,M,M,M,4.00,7.00,M,M,30.22,M,290.00
ROC,2026-02-01 01:10,M,M,M,3.00,7.00,M,M,30.22,M,280.00
ROC,2026-02-01 01:15,M,M,M,3.00,7.00,M,M,30.22,M,270.00
ROC,2026-02-01 01:20,M,M,M,3.50,6.00,M,M,30.22,M,260.00
ROC,2026-02-01 01:21,-2.17,79.66,9.00,4.00,6.00,M,T,30.22,4.00,260.00
ROC,2026-02-01 01:25,M,M,M,4.00,6.00,M,M,30.22,M,260.00
ROC,2026-02-01 01:30,M,M,M,6.00,6.00,M,M,30.21,M,260.00
ROC,2026-02-01 01:31,-2.17,79.66,9.00,6.00,6.00,M,T,30.21,4.00,260.00
ROC,2026-02-01 01:35,M,M,M,7.00,6.00,M,M,30.21,M,270.00
ROC,2026-02-01 01:40,M,M,M,5.00,6.00,M,M,30.22,M,270.00
ROC,2026-02-01 01:45,M,M,M,3.50,5.00,M,M,30.22,M,280.00
ROC,2026-02-01 01:50,M,M,M,3.50,5.00,M,M,30.22,M,270.00
ROC,2026-02-01 01:54,-0.61,87.25,8.00,4.00,4.00,1024.80,T,30.22,5.00,260.00
ROC,2026-02-01 01:55,M,M,M,5.00,4.00,M,M,30.22,M,260.00
ROC,2026-02-01 02:00,M,M,M,6.00,4.00,M,M,30.22,M,260.00
ROC,2026-02-01 02:05,M,M,M,7.00,4.00,M,M,30.21,M,260.00
ROC,2026-02-01 02:10,M,M,M,6.00,4.00,M,M,30.22,M,260.00
ROC,2026-02-01 02:15,M,M,M,3.50,5.00,M,M,30.21,M,260.00
ROC,2026-02-01 02:19,-0.61,83.33,8.00,2.50,4.00,M,T,30.21,4.00,260.00
ROC,2026-02-01 02:20,M,M,M,2.50,4.00,M,M,30.21,M,250.00
ROC,2026-02-01 02:24,-2.94,87.13,6.00,3.00,4.00,M,T,30.21,3.00,250.00
ROC,2026-02-01 02:25,M,M,M,3.00,4.00,M,M,30.21,M,250.00
ROC,2026-02-01 02:30,M,M,M,4.00,4.00,M,M,30.21,M,260.00
ROC,2026-02-01 02:35,M,M,M,5.00,5.00,M,M,30.21,M,250.00
ROC,2026-02-01 02:40,M,M,M,6.00,5.00,M,M,30.21,M,260.00
ROC,2026-02-01 02:45,M,M,M,7.00,4.00,M,M,30.21,M,260.00
ROC,2026-02-01 02:50,M,M,M,7.00,4.00,M,M,30.21,M,250.00
ROC,2026-02-01 02:54,-2.94,87.13,6.00,5.00,4.00,1024.50,T,30.21,3.00,250.00
ROC,2026-02-01 02:55,M,M,M,5.00,4.00,M,M,30.21,M,250.00
ROC,2026-02-01 03:00,M,M,M,4.00,4.00,M,M,30.21,M,250.00
ROC,2026-02-01 03:05,M,M,M,4.00,4.00,M,M,30.20,M,250.00
ROC,2026-02-01 03:05,-4.11,91.20,5.00,4.00,4.00,M,T,30.20,3.00,250.00
ROC,2026-02-01 03:10,M,M,M,3.00,4.00,M,M,30.20,M,250.00
ROC,2026-02-01 03:15,M,M,M,3.00,4.00,M,M,30.20,M,240.00
ROC,2026-02-01 03:20,M,M,M,3.00,4.00,M,M,30.20,M,230.00
ROC,2026-02-01 03:25,M,M,M,3.00,5.00,M,M,30.20,M,230.00
ROC,2026-02-01 03:30,M,M,M,3.00,5.00,M,M,30.20,M,230.00
ROC,2026-02-01 03:35,M,M,M,3.00,5.00,M,M,30.19,M,240.00
ROC,2026-02-01 03:40,M,M,M,3.00,5.00,M,M,30.19,M,240.00
ROC,2026-02-01 03:45,M,M,M,3.00,4.00,M,M,30.19,M,240.00
ROC,2026-02-01 03:50,M,M,M,3.00,4.00,M,M,30.19,M,230.00
ROC,2026-02-01 03:51,-3.53,84.80,6.80,3.00,5.00,M,T,30.19,3.20,230.00
ROC,2026-02-01 03:54,-3.29,87.19,7.00,3.00,5.00,1023.80,0.01,30.19,4.00,230.00
ROC,2026-02-01 03:55,M,M,M,1.50,5.00,M,M,30.19,M,230.00
ROC,2026-02-01 04:00,M,M,M,3.00,5.00,M,M,30.18,M,230.00
ROC,2026-02-01 04:05,M,M,M,3.00,5.00,M,M,30.18,M,230.00
ROC,2026-02-01 04:10,M,M,M,3.00,5.00,M,M,30.18,M,230.00
ROC,2026-02-01 04:15,M,M,M,3.00,5.00,M,M,30.18,M,230.00
ROC,2026-02-01 04:20,M,M,M,3.00,5.00,M,M,30.17,M,230.00
ROC,2026-02-01 04:25,M,M,M,3.00,5.00,M,M,30.17,M,240.00
ROC,2026-02-01 04:30,M,M,M,3.00,5.00,M,M,30.17,M,240.00
ROC,2026-02-01 04:35,M,M,M,3.00,4.00,M,M,30.16,M,240.00
ROC,2026-02-01 04:40,M,M,M,3.00,4.00,M,M,30.16,M,250.00
ROC,2026-02-01 04:45,M,M,M,3.00,4.00,M,M,30.16,M,240.00
ROC,2026-02-01 04:50,M,M,M,3.00,3.00,M,M,30.15,M,240.00
ROC,2026-02-01 04:54,-0.61,91.32,8.00,3.00,4.00,1022.70,T,30.15,6.00,240.00
ROC,2026-02-01 04:55,M,M,M,1.50,4.00,M,M,30.15,M,230.00
ROC,2026-02-01 05:00,M,M,M,3.00,4.00,M,M,30.15,M,230.00
ROC,2026-02-01 05:05,M,M,M,3.00,4.00,M,M,30.15,M,240.00
ROC,2026-02-01 05:10,M,M,M,3.00,4.00,M,M,30.15,M,240.00
ROC,2026-02-01 05:15,-2.11,87.25,8.00,3.00,5.00,M,T,30.14,5.00,240.00
ROC,2026-02-01 05:15,M,M,M,3.00,5.00,M,M,30.14,M,240.00
ROC,2026-02-01 05:20,M,M,M,3.00,5.00,M,M,30.14,M,230.00
ROC,2026-02-01 05:25,M,M,M,3.00,5.00,M,M,30.14,M,230.00
ROC,2026-02-01 05:30,M,M,M,3.00,5.00,M,M,30.14,M,240.00
ROC,2026-02-01 05:35,M,M,M,3.00,5.00,M,M,30.14,M,240.00
ROC,2026-02-01 05:40,M,M,M,3.00,4.00,M,M,30.13,M,250.00
ROC,2026-02-01 05:45,M,M,M,2.00,4.00,M,0.01,30.13,M,260.00
ROC,2026-02-01 05:45,0.56,87.30,9.00,2.00,4.00,M,0.01,30.13,6.00,260.00
ROC,2026-02-01 05:50,M,M,M,2.00,4.00,M,0.01,30.13,M,270.00
ROC,2026-02-01 05:54,1.73,87.36,10.00,2.00,4.00,1021.80,0.01,30.13,7.00,270.00
ROC,2026-02-01 05:55,M,M,M,2.50,4.00,M,M,30.13,M,270.00
ROC,2026-02-01 06:00,M,M,M,2.00,4.00,M,M,30.13,M,260.00
ROC,2026-02-01 06:05,M,M,M,2.00,4.00,M,M,30.13,M,260.00
ROC,2026-02-01 06:10,M,M,M,2.00,4.00,M,M,30.13,M,270.00
ROC,2026-02-01 06:15,M,M,M,2.00,0.00,M,M,30.13,M,0.00
ROC,2026-02-01 06:18,10.00,87.36,10.00,2.00,0.00,M,T,30.14,7.00,0.00
ROC,2026-02-01 06:20,M,M,M,2.00,3.00,M,M,30.14,M,200.00
ROC,2026-02-01 06:25,M,M,M,2.00,3.00,M,M,30.14,M,250.00
ROC,2026-02-01 06:30,M,M,M,2.00,0.00,M,M,30.14,M,0.00
ROC,2026-02-01 06:35,M,M,M,2.00,0.00,M,M,30.14,M,0.00
ROC,2026-02-01 06:40,M,M,M,2.00,0.00,M,M,30.14,M,0.00
ROC,2026-02-01 06:45,M,M,M,2.00,0.00,M,M,30.14,M,0.00
ROC,2026-02-01 06:50,M,M,M,2.00,0.00,M,M,30.13,M,0.00
ROC,2026-02-01 06:54,10.00,87.36,10.00,2.00,0.00,1022.00,T,30.13,7.00,0.00
ROC,2026-02-01 06:55,M,M,M,1.50,0.00,M,M,30.13,M,0.00
ROC,2026-02-01 07:00,M,M,M,2.00,0.00,M,M,30.13,M,0.00
ROC,2026-02-01 07:05,M,M,M,2.00,0.00,M,M,30.13,M,0.00
ROC,2026-02-01 07:10,M,M,M,2.00,0.00,M,M,30.13,M,0.00
ROC,2026-02-01 07:15,M,M,M,2.00,0.00,M,M,30.14,M,0.00
ROC,2026-02-01 07:20,M,M,M,2.00,3.00,M,0.01,30.14,M,190.00
ROC,2026-02-01 07:25,M,M,M,2.00,3.00,M,0.01,30.14,M,180.00
ROC,2026-02-01 07:30,M,M,M,2.00,3.00,M,0.01,30.14,M,190.00
ROC,2026-02-01 07:35,M,M,M,2.00,3.00,M,0.01,30.14,M,200.00
ROC,2026-02-01 07:40,M,M,M,2.00,3.00,M,0.01,30.14,M,200.00
ROC,2026-02-01 07:45,M,M,M,2.00,3.00,M,0.01,30.13,M,200.00
ROC,2026-02-01 07:50,M,M,M,2.00,3.00,M,0.01,30.13,M,210.00
ROC,2026-02-01 07:54,3.54,87.36,10.00,2.00,3.00,1021.90,0.01,30.13,7.00,220.00
ROC,2026-02-01 07:55,M,M,M,2.00,0.00,M,M,30.13,M,0.00
ROC,2026-02-01 08:00,M,M,M,2.00,0.00,M,M,30.13,M,0.00
ROC,2026-02-01 08:05,M,M,M,2.00,0.00,M,M,30.13,M,0.00
ROC,2026-02-01 08:10,M,M,M,2.00,3.00,M,M,30.12,M,240.00
ROC,2026-02-01 08:15,M,M,M,2.00,3.00,M,M,30.12,M,240.00
ROC,2026-02-01 08:20,M,M,M,2.00,3.00,M,M,30.12,M,260.00
ROC,2026-02-01 08:25,M,M,M,2.00,3.00,M,M,30.12,M,270.00
ROC,2026-02-01 08:30,M,M,M,2.00,3.00,M,M,30.11,M,290.00
ROC,2026-02-01 08:35,M,M,M,2.00,4.00,M,M,30.11,M,300.00
ROC,2026-02-01 08:40,M,M,M,2.00,4.00,M,0.01,30.11,M,300.00
ROC,2026-02-01 08:45,M,M,M,2.00,4.00,M,0.01,30.11,M,300.00
ROC,2026-02-01 08:50,M,M,M,2.00,4.00,M,0.01,30.11,M,310.00
ROC,2026-02-01 08:54,4.07,87.47,12.00,2.00,4.00,1021.10,0.01,30.11,9.00,310.00
ROC,2026-02-01 08:55,M,M,M,2.00,5.00,M,M,30.11,M,310.00
ROC,2026-02-01 09:00,M,M,M,2.00,4.00,M,M,30.11,M,310.00
ROC,2026-02-01 09:05,M,M,M,2.00,4.00,M,M,30.11,M,310.00
ROC,2026-02-01 09:10,M,M,M,2.00,5.00,M,M,30.11,M,310.00
ROC,2026-02-01 09:15,M,M,M,2.00,5.00,M,M,30.11,M,310.00
ROC,2026-02-01 09:20,M,M,M,2.00,5.00,M,M,30.11,M,300.00
ROC,2026-02-01 09:25,M,M,M,2.00,5.00,M,M,30.11,M,300.00
ROC,2026-02-01 09:30,M,M,M,2.00,5.00,M,M,30.10,M,310.00
ROC,2026-02-01 09:35,M,M,M,2.00,5.00,M,M,30.10,M,320.00
ROC,2026-02-01 09:40,M,M,M,2.00,5.00,M,M,30.10,M,320.00
ROC,2026-02-01 09:45,M,M,M,2.00,6.00,M,M,30.10,M,320.00
ROC,2026-02-01 09:50,M,M,M,2.00,6.00,M,M,30.10,M,320.00
ROC,2026-02-01 09:54,1.44,87.47,12.00,2.00,6.00,1020.60,T,30.09,9.00,320.00
ROC,2026-02-01 09:55,M,M,M,2.50,6.00,M,M,30.09,M,330.00
ROC,2026-02-01 10:00,M,M,M,2.00,7.00,M,M,30.09,M,330.00
ROC,2026-02-01 10:05,M,M,M,2.00,6.00,M,M,30.09,M,340.00
ROC,2026-02-01 10:10,M,M,M,2.00,7.00,M,M,30.09,M,360.00
ROC,2026-02-01 10:15,M,M,M,2.00,7.00,M,M,30.10,M,340.00
ROC,2026-02-01 10:20,M,M,M,2.00,5.00,M,M,30.10,M,350.00
ROC,2026-02-01 10:25,M,M,M,2.00,6.00,M,M,30.09,M,350.00
ROC,2026-02-01 10:30,M,M,M,2.00,7.00,M,M,30.09,M,350.00
ROC,2026-02-01 10:35,M,M,M,2.00,7.00,M,M,30.09,M,360.00
ROC,2026-02-01 10:40,M,M,M,2.00,6.00,M,M,30.09,M,350.00
ROC,2026-02-01 10:45,M,M,M,2.00,6.00,M,M,30.09,M,350.00
ROC,2026-02-01 10:50,M,M,M,2.00,7.00,M,M,30.10,M,350.00
ROC,2026-02-01 10:54,1.44,87.47,12.00,2.00,6.00,1020.60,T,30.09,9.00,340.00
ROC,2026-02-01 10:55,M,M,M,2.00,6.00,M,M,30.09,M,340.00
ROC,2026-02-01 11:00,M,M,M,2.00,5.00,M,M,30.09,M,340.00
ROC,2026-02-01 11:05,M,M,M,2.00,5.00,M,M,30.09,M,340.00
ROC,2026-02-01 11:10,M,M,M,2.00,4.00,M,M,30.10,M,330.00
ROC,2026-02-01 11:12,4.07,87.47,12.00,1.75,4.00,M,0.01,30.10,9.00,330.00
ROC,2026-02-01 11:15,M,M,M,1.75,4.00,M,0.01,30.10,M,320.00
ROC,2026-02-01 11:20,M,M,M,1.75,3.00,M,0.01,30.10,M,340.00
ROC,2026-02-01 11:25,M,M,M,1.75,5.00,M,0.01,30.10,M,350.00
ROC,2026-02-01 11:30,M,M,M,1.50,6.00,M,0.01,30.10,M,360.00
ROC,2026-02-01 11:35,M,M,M,1.75,6.00,M,0.01,30.10,M,350.00
ROC,2026-02-01 11:40,M,M,M,2.00,8.00,M,0.01,30.10,M,350.00
ROC,2026-02-01 11:45,M,M,M,1.75,7.00,M,0.01,30.10,M,350.00
ROC,2026-02-01 11:50,M,M,M,2.00,8.00,M,0.01,30.10,M,340.00
ROC,2026-02-01 11:54,0.40,83.62,12.00,2.00,7.00,1021.00,0.01,30.10,8.00,340.00
ROC,2026-02-01 11:55,M,M,M,2.00,8.00,M,M,30.10,M,340.00
ROC,2026-02-01 12:00,M,M,M,2.50,7.00,M,M,30.10,M,350.00
ROC,2026-02-01 12:05,M,M,M,2.00,8.00,M,M,30.10,M,340.00
ROC,2026-02-01 12:10,M,M,M,2.00,7.00,M,M,30.10,M,340.00
ROC,2026-02-01 12:15,M,M,M,1.75,8.00,M,M,30.10,M,340.00
ROC,2026-02-01 12:18,-0.82,87.42,11.00,1.00,7.00,M,T,30.10,8.00,340.00
ROC,2026-02-01 12:20,M,M,M,1.25,6.00,M,M,30.10,M,330.00
ROC,2026-02-01 12:25,M,M,M,1.25,6.00,M,M,30.11,M,330.00
ROC,2026-02-01 12:30,M,M,M,1.25,8.00,M,M,30.11,M,340.00
ROC,2026-02-01 12:35,-1.76,87.42,11.00,0.50,8.00,M,T,30.11,8.00,340.00
ROC,2026-02-01 12:35,M,M,M,1.25,9.00,M,M,30.11,M,340.00
ROC,2026-02-01 12:40,M,M,M,1.50,10.00,M,M,30.10,M,330.00
ROC,2026-02-01 12:45,M,M,M,1.50,10.00,M,M,30.10,M,330.00
ROC,2026-02-01 12:47,-3.37,83.55,11.00,1.00,10.00,M,T,30.11,7.00,340.00
ROC,2026-02-01 12:50,M,M,M,1.75,6.00,M,M,30.11,M,330.00
ROC,2026-02-01 12:54,-1.76,83.55,11.00,1.50,8.00,1021.30,T,30.11,7.00,340.00
ROC,2026-02-01 12:55,M,M,M,2.00,7.00,M,M,30.11,M,340.00
ROC,2026-02-01 13:00,M,M,M,2.50,8.00,M,M,30.11,M,340.00
ROC,2026-02-01 13:05,M,M,M,2.50,9.00,M,M,30.12,M,340.00
ROC,2026-02-01 13:10,M,M,M,2.50,8.00,M,M,30.12,M,330.00
ROC,2026-02-01 13:15,M,M,M,2.00,8.00,M,M,30.12,M,330.00
ROC,2026-02-01 13:20,M,M,M,1.25,9.00,M,M,30.12,M,340.00
ROC,2026-02-01 13:25,M,M,M,1.75,9.00,M,M,30.13,M,350.00
ROC,2026-02-01 13:30,M,M,M,4.00,7.00,M,M,30.13,M,350.00
ROC,2026-02-01 13:35,M,M,M,7.00,6.00,M,M,30.13,M,350.00
ROC,2026-02-01 13:40,M,M,M,9.00,7.00,M,M,30.13,M,350.00
ROC,2026-02-01 13:45,M,M,M,8.00,7.00,M,M,30.13,M,340.00
ROC,2026-02-01 13:50,M,M,M,2.00,8.00,M,M,30.13,M,340.00
ROC,2026-02-01 13:54,-2.04,79.75,10.00,1.00,7.00,1021.70,T,30.13,5.00,340.00
ROC,2026-02-01 13:55,M,M,M,1.75,7.00,M,M,30.12,M,330.00
ROC,2026-02-01 14:00,M,M,M,1.50,8.00,M,M,30.12,M,330.00
ROC,2026-02-01 14:05,M,M,M,1.25,8.00,M,M,30.12,M,330.00
ROC,2026-02-01 14:10,M,M,M,1.25,6.00,M,M,30.12,M,340.00
ROC,2026-02-01 14:15,M,M,M,1.50,9.00,M,M,30.11,M,350.00
ROC,2026-02-01 14:20,M,M,M,2.00,8.00,M,M,30.11,M,350.00
ROC,2026-02-01 14:25,M,M,M,3.00,12.00,M,0.01,30.11,M,350.00
ROC,2026-02-01 14:30,M,M,M,3.00,11.00,M,0.01,30.11,M,330.00
ROC,2026-02-01 14:35,M,M,M,4.00,11.00,M,0.01,30.11,M,340.00
ROC,2026-02-01 14:40,M,M,M,4.00,8.00,M,0.01,30.12,M,350.00
ROC,2026-02-01 14:45,M,M,M,4.00,7.00,M,0.01,30.11,M,340.00
ROC,2026-02-01 14:50,M,M,M,3.00,10.00,M,0.01,30.11,M,340.00
ROC,2026-02-01 14:50,-4.12,78.33,10.40,3.00,10.00,M,0.01,30.11,5.00,350.00
ROC,2026-02-01 14:54,-4.62,76.17,10.00,3.00,10.00,1021.40,0.01,30.12,4.00,340.00
ROC,2026-02-01 14:55,M,M,M,2.50,11.00,M,M,30.11,M,350.00
ROC,2026-02-01 15:00,M,M,M,3.00,11.00,M,M,30.11,M,320.00
ROC,2026-02-01 15:05,M,M,M,4.00,11.00,M,M,30.12,M,340.00
ROC,2026-02-01 15:10,M,M,M,6.00,10.00,M,M,30.12,M,340.00
ROC,2026-02-01 15:15,M,M,M,7.00,10.00,M,M,30.12,M,340.00
ROC,2026-02-01 15:20,M,M,M,4.00,11.00,M,M,30.12,M,330.00
ROC,2026-02-01 15:25,M,M,M,3.00,9.00,M,M,30.11,M,340.00
ROC,2026-02-01 15:30,M,M,M,3.50,10.00,M,M,30.12,M,330.00
ROC,2026-02-01 15:35,M,M,M,5.00,11.00,M,M,30.12,M,330.00
ROC,2026-02-01 15:40,M,M,M,5.00,M,M,M,30.11,M,M
ROC,2026-02-01 15:45,M,M,M,4.00,M,M,M,30.11,M,M
ROC,2026-02-01 15:50,M,M,M,5.00,9.00,M,M,30.11,M,340.00
ROC,2026-02-01 15:54,-4.07,72.84,11.00,3.00,11.00,1021.30,T,30.11,4.00,330.00
ROC,2026-02-01 15:55,M,M,M,7.00,11.00,M,M,30.11,M,330.00
ROC,2026-02-01 16:00,M,M,M,6.00,11.00,M,M,30.12,M,350.00
ROC,2026-02-01 16:05,M,M,M,6.00,9.00,M,M,30.11,M,330.00
ROC,2026-02-01 16:10,M,M,M,7.00,11.00,M,M,30.11,M,350.00
ROC,2026-02-01 16:15,M,M,M,6.00,10.00,M,M,30.11,M,360.00
ROC,2026-02-01 16:20,M,M,M,4.00,10.00,M,M,30.11,M,340.00
ROC,2026-02-01 16:25,M,M,M,3.00,12.00,M,M,30.11,M,330.00
ROC,2026-02-01 16:30,M,M,M,2.00,10.00,M,M,30.11,M,350.00
ROC,2026-02-01 16:33,-3.37,76.27,11.00,1.75,10.00,M,T,30.11,5.00,340.00
ROC,2026-02-01 16:35,M,M,M,2.00,11.00,M,M,30.11,M,350.00
ROC,2026-02-01 16:40,M,M,M,1.75,10.00,M,M,30.11,M,340.00
ROC,2026-02-01 16:45,M,M,M,3.00,12.00,M,M,30.11,M,340.00
ROC,2026-02-01 16:50,M,M,M,3.00,10.00,M,M,30.11,M,320.00
ROC,2026-02-01 16:54,-2.11,69.68,12.00,2.00,10.00,1021.00,T,30.10,4.00,340.00
ROC,2026-02-01 16:55,M,M,M,5.00,10.00,M,M,30.10,M,330.00
ROC,2026-02-01 17:00,M,M,M,4.00,11.00,M,M,30.10,M,320.00
ROC,2026-02-01 17:05,M,M,M,4.00,11.00,M,M,30.10,M,310.00
ROC,2026-02-01 17:10,M,M,M,5.00,11.00,M,M,30.10,M,320.00
ROC,2026-02-01 17:15,M,M,M,8.00,11.00,M,M,30.10,M,330.00
ROC,2026-02-01 17:20,M,M,M,8.00,10.00,M,M,30.10,M,340.00
ROC,2026-02-01 17:25,M,M,M,8.00,10.00,M,M,30.10,M,310.00
ROC,2026-02-01 17:30,M,M,M,7.00,9.00,M,M,30.10,M,300.00
ROC,2026-02-01 17:35,M,M,M,4.00,12.00,M,M,30.10,M,310.00
ROC,2026-02-01 17:40,M,M,M,3.00,M,M,M,30.10,M,M
ROC,2026-02-01 17:45,M,M,M,4.00,12.00,M,M,30.09,M,320.00
ROC,2026-02-01 17:50,M,M,M,6.00,11.00,M,M,30.09,M,330.00
ROC,2026-02-01 17:51,-1.86,72.31,12.20,7.00,10.00,M,T,30.09,5.00,330.00
ROC,2026-02-01 17:54,-1.54,69.80,13.00,9.00,11.00,1020.50,T,30.09,5.00,330.00
ROC,2026-02-01 17:55,M,M,M,9.00,11.00,M,M,30.09,M,330.00
ROC,2026-02-01 18:00,M,M,M,8.00,12.00,M,M,30.09,M,330.00
ROC,2026-02-01 18:05,M,M,M,9.00,11.00,M,M,30.09,M,330.00
ROC,2026-02-01 18:10,M,M,M,9.00,9.00,M,M,30.09,M,320.00
ROC,2026-02-01 18:15,M,M,M,9.00,11.00,M,M,30.09,M,300.00
ROC,2026-02-01 18:20,M,M,M,8.00,10.00,M,M,30.09,M,290.00
ROC,2026-02-01 18:25,M,M,M,9.00,7.00,M,M,30.09,M,310.00
ROC,2026-02-01 18:30,M,M,M,9.00,9.00,M,M,30.09,M,300.00
ROC,2026-02-01 18:35,M,M,M,9.00,10.00,M,M,30.09,M,330.00
ROC,2026-02-01 18:40,M,M,M,9.00,9.00,M,M,30.09,M,320.00
ROC,2026-02-01 18:45,M,M,M,9.00,9.00,M,M,30.09,M,300.00
ROC,2026-02-01 18:50,M,M,M,8.00,10.00,M,M,30.09,M,300.00
ROC,2026-02-01 18:54,-0.28,69.92,14.00,7.00,11.00,1020.30,T,30.09,6.00,340.00
ROC,2026-02-01 18:55,M,M,M,7.00,10.00,M,M,30.09,M,330.00
ROC,2026-02-01 19:00,M,M,M,8.00,12.00,M,M,30.09,M,340.00
ROC,2026-02-01 19:05,M,M,M,9.00,10.00,M,M,30.09,M,340.00
ROC,2026-02-01 19:10,M,M,M,9.00,10.00,M,M,30.09,M,330.00
ROC,2026-02-01 19:15,M,M,M,6.00,8.00,M,M,30.09,M,300.00
ROC,2026-02-01 19:20,M,M,M,6.00,10.00,M,M,30.09,M,320.00
ROC,2026-02-01 19:25,M,M,M,9.00,9.00,M,M,30.09,M,290.00
ROC,2026-02-01 19:30,M,M,M,9.00,9.00,M,M,30.09,M,310.00
ROC,2026-02-01 19:35,M,M,M,9.00,10.00,M,M,30.09,M,300.00
ROC,2026-02-01 19:40,M,M,M,9.00,M,M,M,30.09,M,M
ROC,2026-02-01 19:45,M,M,M,9.00,11.00,M,M,30.09,M,300.00
ROC,2026-02-01 19:50,M,M,M,9.00,11.00,M,M,30.09,M,310.00
ROC,2026-02-01 19:54,3.17,66.92,15.00,9.00,8.00,1020.40,T,30.09,6.00,310.00
ROC,2026-02-01 19:55,M,M,M,9.00,8.00,M,M,30.09,M,310.00
ROC,2026-02-01 20:00,M,M,M,9.00,14.00,M,M,30.09,M,330.00
ROC,2026-02-01 20:05,M,M,M,9.00,11.00,M,M,30.09,M,330.00
ROC,2026-02-01 20:10,M,M,M,9.00,8.00,M,M,30.09,M,330.00
ROC,2026-02-01 20:15,M,M,M,9.00,13.00,M,M,30.09,M,320.00
ROC,2026-02-01 20:20,M,M,M,9.00,11.00,M,M,30.09,M,320.00
ROC,2026-02-01 20:25,M,M,M,9.00,9.00,M,M,30.09,M,330.00
ROC,2026-02-01 20:30,M,M,M,9.00,9.00,M,M,30.09,M,320.00
ROC,2026-02-01 20:35,M,M,M,9.00,6.00,M,M,30.09,M,310.00
ROC,2026-02-01 20:40,M,M,M,9.00,7.00,M,M,30.10,M,320.00
ROC,2026-02-01 20:42,4.40,67.05,16.00,9.00,8.00,M,T,30.10,7.00,320.00
ROC,2026-02-01 20:45,M,M,M,9.00,9.00,M,M,30.10,M,310.00
ROC,2026-02-01 20:50,M,M,M,10.00,10.00,M,M,30.10,M,310.00
ROC,2026-02-01 20:54,1.65,70.04,15.00,10.00,10.00,1020.50,T,30.09,7.00,300.00
ROC,2026-02-01 20:55,M,M,M,10.00,9.00,M,M,30.09,M,300.00
ROC,2026-02-01 21:00,M,M,M,10.00,7.00,M,M,30.10,M,320.00
ROC,2026-02-01 21:05,M,M,M,10.00,8.00,M,M,30.10,M,310.00
ROC,2026-02-01 21:10,M,M,M,10.00,9.00,M,M,30.10,M,300.00
ROC,2026-02-01 21:15,M,M,M,10.00,9.00,M,M,30.10,M,300.00
ROC,2026-02-01 21:20,M,M,M,10.00,8.00,M,M,30.10,M,300.00
ROC,2026-02-01 21:25,M,M,M,10.00,8.00,M,M,30.10,M,310.00
ROC,2026-02-01 21:30,M,M,M,10.00,8.00,M,M,30.10,M,290.00
ROC,2026-02-01 21:35,M,M,M,10.00,8.00,M,M,30.10,M,280.00
ROC,2026-02-01 21:40,M,M,M,10.00,9.00,M,M,30.10,M,270.00
ROC,2026-02-01 21:45,M,M,M,10.00,M,M,M,30.10,M,M
ROC,2026-02-01 21:50,M,M,M,10.00,10.00,M,M,30.10,M,300.00
ROC,2026-02-01 21:54,2.38,66.92,15.00,10.00,9.00,1020.80,0.00,30.10,6.00,280.00
ROC,2026-02-01 21:55,M,M,M,10.00,9.00,M,M,30.10,M,280.00
ROC,2026-02-01 22:00,M,M,M,10.00,10.00,M,M,30.10,M,280.00
ROC,2026-02-01 22:05,M,M,M,10.00,8.00,M,M,30.10,M,270.00
ROC,2026-02-01 22:10,M,M,M,10.00,6.00,M,M,30.10,M,270.00
ROC,2026-02-01 22:15,M,M,M,10.00,8.00,M,M,30.10,M,260.00
ROC,2026-02-01 22:20,M,M,M,10.00,8.00,M,M,30.10,M,270.00
ROC,2026-02-01 22:25,M,M,M,10.00,9.00,M,M,30.10,M,280.00
ROC,2026-02-01 22:30,M,M,M,10.00,9.00,M,M,30.10,M,270.00
ROC,2026-02-01 22:35,M,M,M,10.00,10.00,M,M,30.10,M,270.00
ROC,2026-02-01 22:40,M,M,M,10.00,8.00,M,M,30.10,M,270.00
ROC,2026-02-01 22:45,M,M,M,10.00,7.00,M,M,30.10,M,280.00
ROC,2026-02-01 22:50,M,M,M,10.00,9.00,M,M,30.10,M,280.00
ROC,2026-02-01 22:54,-0.11,69.80,13.00,10.00,9.00,1020.90,0.00,30.10,5.00,270.00
ROC,2026-02-01 22:55,M,M,M,10.00,9.00,M,M,30.10,M,270.00
ROC,2026-02-01 23:00,M,M,M,10.00,8.00,M,M,30.10,M,270.00
ROC,2026-02-01 23:05,M,M,M,10.00,8.00,M,M,30.10,M,270.00
ROC,2026-02-01 23:10,M,M,M,10.00,7.00,M,M,30.10,M,270.00
ROC,2026-02-01 23:15,M,M,M,10.00,6.00,M,M,30.10,M,260.00
ROC,2026-02-01 23:20,M,M,M,10.00,7.00,M,M,30.10,M,260.00
ROC,2026-02-01 23:25,M,M,M,10.00,8.00,M,M,30.10,M,270.00
ROC,2026-02-01 23:30,M,M,M,10.00,8.00,M,M,30.10,M,270.00
ROC,2026-02-01 23:35,M,M,M,10.00,10.00,M,M,30.10,M,260.00
ROC,2026-02-01 23:40,M,M,M,10.00,9.00,M,M,30.09,M,270.00
ROC,2026-02-01 23:45,M,M,M,10.00,11.00,M,M,30.09,M,270.00
ROC,2026-02-01 23:50,M,M,M,10.00,10.00,M,M,30.10,M,260.00
ROC,2026-02-01 23:54,-3.45,69.68,12.00,10.00,12.00,1020.60,0.00,30.10,4.00,270.00
ROC,2026-02-01 23:55,M,M,M,10.00,M,M,M,30.10,M,M
ROC,2026-02-02 00:00,M,M,M,10.00,10.00,M,M,30.10,M,270.00
ROC,2026-02-02 00:05,M,M,M,10.00,13.00,M,M,30.10,M,260.00
ROC,2026-02-02 00:10,M,M,M,10.00,10.00,M,M,30.09,M,270.00
ROC,2026-02-02 00:15,M,M,M,10.00,10.00,M,M,30.10,M,270.00
ROC,2026-02-02 00:20,M,M,M,10.00,12.00,M,M,30.10,M,270.00
ROC,2026-02-02 00:25,M,M,M,10.00,9.00,M,M,30.10,M,270.00
ROC,2026-02-02 00:30,M,M,M,10.00,9.00,M,M,30.10,M,260.00
ROC,2026-02-02 00:35,M,M,M,10.00,9.00,M,M,30.10,M,270.00
ROC,2026-02-02 00:40,M,M,M,10.00,9.00,M,M,30.10,M,270.00
ROC,2026-02-02 00:45,M,M,M,10.00,10.00,M,M,30.10,M,270.00
ROC,2026-02-02 00:50,M,M,M,10.00,12.00,M,M,30.10,M,270.00
ROC,2026-02-02 00:54,-5.34,66.41,11.00,10.00,13.00,1020.70,0.00,30.09,2.00,270.00
ROC,2026-02-02 00:55,M,M,M,10.00,M,M,M,30.09,M,M
ROC,2026-02-02 01:00,M,M,M,10.00,11.00,M,M,30.09,M,270.00
ROC,2026-02-02 01:05,M,M,M,10.00,10.00,M,M,30.10,M,260.00
ROC,2026-02-02 01:10,M,M,M,10.00,8.00,M,M,30.10,M,270.00
ROC,2026-02-02 01:15,M,M,M,10.00,10.00,M,M,30.10,M,260.00
ROC,2026-02-02 01:20,M,M,M,10.00,9.00,M,M,30.10,M,260.00
ROC,2026-02-02 01:25,M,M,M,10.00,9.00,M,M,30.10,M,260.00
ROC,2026-02-02 01:30,M,M,M,10.00,9.00,M,M,30.10,M,260.00
ROC,2026-02-02 01:35,M,M,M,10.00,9.00,M,M,30.10,M,260.00
ROC,2026-02-02 01:40,M,M,M,10.00,8.00,M,M,30.10,M,260.00
ROC,2026-02-02 01:45,M,M,M,10.00,8.00,M,M,30.10,M,270.00
ROC,2026-02-02 01:50,M,M,M,10.00,9.00,M,M,30.10,M,270.00
ROC,2026-02-02 01:54,-3.84,69.44,10.00,10.00,9.00,1020.70,0.00,30.10,2.00,270.00
ROC,2026-02-02 01:55,M,M,M,10.00,10.00,M,M,30.10,M,270.00
ROC,2026-02-02 02:00,M,M,M,10.00,10.00,M,M,30.10,M,270.00
ROC,2026-02-02 02:05,M,M,M,10.00,9.00,M,M,30.10,M,270.00
ROC,2026-02-02 02:10,M,M,M,10.00,7.00,M,M,30.10,M,270.00
ROC,2026-02-02 02:15,M,M,M,10.00,7.00,M,M,30.10,M,270.00
ROC,2026-02-02 02:20,M,M,M,10.00,9.00,M,M,30.10,M,280.00
ROC,2026-02-02 02:25,M,M,M,10.00,9.00,M,M,30.10,M,270.00
ROC,2026-02-02 02:30,M,M,M,10.00,9.00,M,M,30.10,M,270.00
ROC,2026-02-02 02:35,M,M,M,10.00,9.00,M,M,30.10,M,270.00
ROC,2026-02-02 02:40,M,M,M,10.00,9.00,M,M,30.10,M,270.00
ROC,2026-02-02 02:45,M,M,M,10.00,10.00,M,M,30.10,M,270.00
ROC,2026-02-02 02:50,M,M,M,10.00,9.00,M,M,30.10,M,270.00
ROC,2026-02-02 02:54,-5.09,72.62,9.00,10.00,9.00,1020.80,0.00,30.10,2.00,270.00
ROC,2026-02-02 02:55,M,M,M,10.00,9.00,M,M,30.10,M,270.00
ROC,2026-02-02 03:00,M,M,M,10.00,9.00,M,M,30.10,M,270.00
ROC,2026-02-02 03:05,M,M,M,10.00,9.00,M,M,30.10,M,270.00
ROC,2026-02-02 03:10,M,M,M,10.00,8.00,M,M,30.10,M,270.00
ROC,2026-02-02 03:15,M,M,M,10.00,8.00,M,M,30.10,M,270.00
ROC,2026-02-02 03:20,M,M,M,10.00,7.00,M,M,30.10,M,270.00
ROC,2026-02-02 03:25,M,M,M,10.00,7.00,M,M,30.10,M,270.00
ROC,2026-02-02 03:30,M,M,M,10.00,7.00,M,M,30.10,M,260.00
ROC,2026-02-02 03:35,M,M,M,10.00,8.00,M,M,30.10,M,260.00
ROC,2026-02-02 03:40,M,M,M,10.00,10.00,M,M,30.11,M,260.00
ROC,2026-02-02 03:45,M,M,M,10.00,10.00,M,M,30.11,M,260.00
ROC,2026-02-02 03:50,M,M,M,10.00,11.00,M,M,30.11,M,260.00
ROC,2026-02-02 03:54,-6.60,72.62,9.00,10.00,11.00,1021.20,0.00,30.11,2.00,260.00
ROC,2026-02-02 03:55,M,M,M,10.00,11.00,M,M,30.11,M,260.00
ROC,2026-02-02 04:00,M,M,M,10.00,11.00,M,M,30.11,M,260.00
ROC,2026-02-02 04:05,M,M,M,10.00,11.00,M,M,30.11,M,260.00
ROC,2026-02-02 04:10,M,M,M,10.00,10.00,M,M,30.11,M,270.00
ROC,2026-02-02 04:15,M,M,M,10.00,10.00,M,M,30.11,M,260.00
ROC,2026-02-02 04:20,M,M,M,10.00,9.00,M,M,30.11,M,260.00
ROC,2026-02-02 04:25,M,M,M,10.00,10.00,M,M,30.11,M,270.00
ROC,2026-02-02 04:30,M,M,M,10.00,9.00,M,M,30.11,M,270.00
ROC,2026-02-02 04:40,M,M,M,10.00,9.00,M,M,30.11,M,270.00
ROC,2026-02-02 04:45,M,M,M,10.00,10.00,M,M,30.11,M,270.00
ROC,2026-02-02 04:50,M,M,M,10.00,10.00,M,M,30.11,M,270.00
ROC,2026-02-02 04:54,-4.62,72.73,10.00,10.00,10.00,1021.20,0.00,30.11,3.00,280.00
ROC,2026-02-02 04:55,M,M,M,10.00,10.00,M,M,30.11,M,270.00
ROC,2026-02-02 05:00,M,M,M,10.00,10.00,M,M,30.11,M,270.00
ROC,2026-02-02 05:05,M,M,M,10.00,11.00,M,M,30.11,M,270.00
ROC,2026-02-02 05:10,M,M,M,10.00,10.00,M,M,30.11,M,270.00
ROC,2026-02-02 05:15,M,M,M,10.00,9.00,M,M,30.11,M,270.00
ROC,2026-02-02 05:20,M,M,M,10.00,10.00,M,M,30.11,M,270.00
ROC,2026-02-02 05:25,M,M,M,10.00,9.00,M,M,30.11,M,270.00
ROC,2026-02-02 05:30,M,M,M,10.00,9.00,M,M,30.11,M,270.00
ROC,2026-02-02 05:35,M,M,M,10.00,8.00,M,M,30.11,M,270.00
ROC,2026-02-02 05:40,M,M,M,10.00,10.00,M,M,30.11,M,270.00
ROC,2026-02-02 05:45,M,M,M,10.00,9.00,M,M,30.11,M,270.00
ROC,2026-02-02 05:50,M,M,M,10.00,8.00,M,M,30.12,M,270.00
ROC,2026-02-02 05:54,-4.62,76.17,10.00,10.00,10.00,1021.30,0.00,30.12,4.00,280.00
ROC,2026-02-02 05:55,M,M,M,10.00,8.00,M,M,30.12,M,270.00
ROC,2026-02-02 06:00,M,M,M,10.00,9.00,M,M,30.12,M,280.00
ROC,2026-02-02 06:05,M,M,M,10.00,8.00,M,M,30.12,M,270.00
ROC,2026-02-02 06:10,M,M,M,10.00,8.00,M,M,30.12,M,270.00
ROC,2026-02-02 06:15,M,M,M,10.00,8.00,M,M,30.12,M,270.00
ROC,2026-02-02 06:20,M,M,M,10.00,9.00,M,M,30.12,M,270.00
ROC,2026-02-02 06:25,M,M,M,10.00,9.00,M,M,30.12,M,270.00
ROC,2026-02-02 06:30,M,M,M,10.00,9.00,M,M,30.12,M,270.00
ROC,2026-02-02 06:35,M,M,M,10.00,9.00,M,M,30.12,M,270.00
ROC,2026-02-02 06:40,M,M,M,10.00,9.00,M,M,30.12,M,270.00
ROC,2026-02-02 06:45,M,M,M,10.00,10.00,M,M,30.12,M,270.00
ROC,2026-02-02 06:50,M,M,M,10.00,9.00,M,M,30.12,M,270.00
ROC,2026-02-02 06:54,-4.62,79.75,10.00,10.00,10.00,1021.50,0.00,30.12,5.00,270.00
ROC,2026-02-02 06:55,M,M,M,10.00,11.00,M,M,30.12,M,270.00
ROC,2026-02-02 07:00,M,M,M,10.00,10.00,M,M,30.12,M,270.00
ROC,2026-02-02 07:05,M,M,M,10.00,9.00,M,M,30.12,M,270.00
ROC,2026-02-02 07:10,M,M,M,10.00,9.00,M,M,30.12,M,270.00
ROC,2026-02-02 07:15,M,M,M,10.00,9.00,M,M,30.12,M,270.00
ROC,2026-02-02 07:20,M,M,M,10.00,8.00,M,M,30.12,M,270.00
ROC,2026-02-02 07:25,M,M,M,10.00,8.00,M,M,30.12,M,270.00
ROC,2026-02-02 07:30,M,M,M,10.00,9.00,M,M,30.12,M,270.00
ROC,2026-02-02 07:35,M,M,M,10.00,8.00,M,M,30.12,M,260.00
ROC,2026-02-02 07:40,M,M,M,10.00,8.00,M,M,30.12,M,260.00
ROC,2026-02-02 07:45,M,M,M,10.00,8.00,M,M,30.12,M,260.00
ROC,2026-02-02 07:50,M,M,M,10.00,8.00,M,M,30.12,M,260.00
ROC,2026-02-02 07:54,-4.22,83.40,9.00,10.00,8.00,1021.60,0.00,30.12,5.00,270.00
ROC,2026-02-02 07:55,M,M,M,10.00,8.00,M,M,30.12,M,260.00
ROC,2026-02-02 08:00,M,M,M,10.00,7.00,M,M,30.12,M,270.00
ROC,2026-02-02 08:05,M,M,M,10.00,8.00,M,M,30.12,M,270.00
ROC,2026-02-02 08:10,M,M,M,10.00,7.00,M,M,30.12,M,270.00
ROC,2026-02-02 08:15,M,M,M,10.00,7.00,M,M,30.12,M,270.00
ROC,2026-02-02 08:20,M,M,M,10.00,7.00,M,M,30.13,M,270.00
ROC,2026-02-02 08:25,M,M,M,10.00,7.00,M,M,30.13,M,270.00
ROC,2026-02-02 08:30,M,M,M,10.00,7.00,M,M,30.13,M,270.00
ROC,2026-02-02 08:35,M,M,M,10.00,7.00,M,M,30.13,M,260.00
ROC,2026-02-02 08:40,M,M,M,10.00,7.00,M,M,30.13,M,270.00
ROC,2026-02-02 08:45,M,M,M,10.00,8.00,M,M,30.13,M,270.00
ROC,2026-02-02 08:50,M,M,M,10.00,9.00,M,M,30.13,M,270.00
ROC,2026-02-02 08:54,-5.09,83.40,9.00,10.00,9.00,1021.80,0.00,30.13,5.00,270.00
ROC,2026-02-02 08:55,M,M,M,10.00,10.00,M,M,30.13,M,270.00
ROC,2026-02-02 09:00,M,M,M,10.00,9.00,M,M,30.13,M,270.00
ROC,2026-02-02 09:05,M,M,M,10.00,10.00,M,M,30.13,M,270.00
ROC,2026-02-02 09:10,M,M,M,10.00,10.00,M,M,30.13,M,260.00
ROC,2026-02-02 09:15,M,M,M,10.00,10.00,M,M,30.13,M,260.00
ROC,2026-02-02 09:20,M,M,M,10.00,10.00,M,M,30.13,M,260.00
ROC,2026-02-02 09:25,M,M,M,10.00,10.00,M,M,30.13,M,260.00
ROC,2026-02-02 09:30,M,M,M,10.00,10.00,M,M,30.13,M,260.00
ROC,2026-02-02 09:35,M,M,M,10.00,10.00,M,M,30.13,M,260.00
ROC,2026-02-02 09:40,M,M,M,10.00,9.00,M,M,30.14,M,260.00
ROC,2026-02-02 09:45,M,M,M,10.00,9.00,M,M,30.14,M,260.00
ROC,2026-02-02 09:50,M,M,M,10.00,8.00,M,M,30.14,M,250.00
ROC,2026-02-02 09:54,-7.91,83.18,6.00,10.00,8.00,1022.10,0.00,30.14,2.00,250.00
ROC,2026-02-02 09:55,M,M,M,10.00,8.00,M,M,30.14,M,250.00
ROC,2026-02-02 10:00,M,M,M,10.00,7.00,M,M,30.14,M,250.00
ROC,2026-02-02 10:05,M,M,M,10.00,8.00,M,M,30.14,M,240.00
ROC,2026-02-02 10:10,M,M,M,10.00,8.00,M,M,30.14,M,240.00
ROC,2026-02-02 10:15,M,M,M,10.00,8.00,M,M,30.14,M,240.00
ROC,2026-02-02 10:20,M,M,M,10.00,7.00,M,M,30.14,M,240.00
ROC,2026-02-02 10:25,M,M,M,10.00,8.00,M,M,30.14,M,250.00
ROC,2026-02-02 10:30,M,M,M,10.00,8.00,M,M,30.14,M,250.00
ROC,2026-02-02 10:35,M,M,M,10.00,7.00,M,M,30.14,M,250.00
ROC,2026-02-02 10:40,M,M,M,10.00,8.00,M,M,30.14,M,250.00
ROC,2026-02-02 10:45,M,M,M,10.00,7.00,M,M,30.14,M,250.00
ROC,2026-02-02 10:50,M,M,M,10.00,7.00,M,M,30.14,M,250.00
ROC,2026-02-02 10:54,-10.57,82.96,3.00,10.00,7.00,1022.20,0.00,30.14,-1.00,250.00
ROC,2026-02-02 10:55,M,M,M,10.00,7.00,M,M,30.14,M,240.00
ROC,2026-02-02 11:00,M,M,M,10.00,6.00,M,M,30.14,M,240.00
ROC,2026-02-02 11:05,M,M,M,10.00,5.00,M,M,30.14,M,240.00
ROC,2026-02-02 11:10,M,M,M,10.00,6.00,M,M,30.14,M,230.00
ROC,2026-02-02 11:15,M,M,M,10.00,6.00,M,M,30.14,M,220.00
ROC,2026-02-02 11:19,-9.40,82.96,3.00,10.00,6.00,M,0.00,30.14,-1.00,220.00
ROC,2026-02-02 11:20,M,M,M,10.00,5.00,M,M,30.14,M,220.00
ROC,2026-02-02 11:25,M,M,M,10.00,5.00,M,M,30.14,M,220.00
ROC,2026-02-02 11:30,M,M,M,10.00,6.00,M,M,30.14,M,230.00
ROC,2026-02-02 11:35,M,M,M,10.00,7.00,M,M,30.14,M,240.00
ROC,2026-02-02 11:40,M,M,M,10.00,8.00,M,M,30.14,M,230.00
ROC,2026-02-02 11:45,M,M,M,10.00,7.00,M,M,30.14,M,240.00
ROC,2026-02-02 11:50,M,M,M,10.00,5.00,M,M,30.15,M,240.00
ROC,2026-02-02 11:54,-8.05,86.95,3.00,10.00,5.00,1022.40,0.00,30.15,0.00,240.00
ROC,2026-02-02 11:55,M,M,M,10.00,6.00,M,M,30.15,M,240.00
ROC,2026-02-02 12:00,M,M,M,10.00,6.00,M,M,30.15,M,250.00
ROC,2026-02-02 12:05,M,M,M,10.00,5.00,M,M,30.15,M,240.00
ROC,2026-02-02 12:10,M,M,M,10.00,6.00,M,M,30.15,M,240.00
ROC,2026-02-02 12:15,M,M,M,10.00,7.00,M,M,30.15,M,240.00
ROC,2026-02-02 12:20,M,M,M,10.00,7.00,M,M,30.15,M,240.00
ROC,2026-02-02 12:25,M,M,M,10.00,7.00,M,M,30.15,M,240.00
ROC,2026-02-02 12:30,M,M,M,10.00,7.00,M,M,30.15,M,240.00
ROC,2026-02-02 12:35,M,M,M,10.00,7.00,M,M,30.15,M,240.00
ROC,2026-02-02 12:40,M,M,M,10.00,7.00,M,M,30.16,M,240.00
ROC,2026-02-02 12:45,M,M,M,10.00,7.00,M,M,30.16,M,240.00
ROC,2026-02-02 12:50,M,M,M,10.00,8.00,M,M,30.16,M,230.00
ROC,2026-02-02 12:54,-11.61,86.95,3.00,10.00,8.00,1023.10,0.00,30.16,0.00,230.00
ROC,2026-02-02 12:55,M,M,M,10.00,8.00,M,M,30.16,M,230.00
ROC,2026-02-02 13:00,M,M,M,10.00,9.00,M,M,30.16,M,230.00
ROC,2026-02-02 13:03,-10.38,87.01,4.00,10.00,8.00,M,0.00,30.16,1.00,230.00
ROC,2026-02-02 13:05,M,M,M,9.00,8.00,M,M,30.17,M,230.00
ROC,2026-02-02 13:06,-10.38,87.01,4.00,8.00,8.00,M,T,30.17,1.00,230.00
ROC,2026-02-02 13:10,M,M,M,5.00,8.00,M,M,30.16,M,230.00
ROC,2026-02-02 13:15,M,M,M,3.50,8.00,M,M,30.17,M,230.00
ROC,2026-02-02 13:20,M,M,M,5.00,8.00,M,M,30.17,M,230.00
ROC,2026-02-02 13:25,M,M,M,7.00,8.00,M,M,30.17,M,230.00
ROC,2026-02-02 13:30,M,M,M,9.00,7.00,M,M,30.17,M,230.00
ROC,2026-02-02 13:35,M,M,M,9.00,8.00,M,M,30.17,M,240.00
ROC,2026-02-02 13:40,M,M,M,9.00,7.00,M,M,30.17,M,240.00
ROC,2026-02-02 13:45,M,M,M,9.00,6.00,M,M,30.17,M,250.00
ROC,2026-02-02 13:50,-6.93,78.00,6.80,9.00,8.00,M,T,30.17,1.40,240.00
ROC,2026-02-02 13:50,M,M,M,9.00,8.00,M,M,30.17,M,240.00
ROC,2026-02-02 13:54,-7.91,87.13,6.00,9.00,8.00,1023.20,T,30.17,3.00,240.00
ROC,2026-02-02 13:55,M,M,M,10.00,8.00,M,M,30.17,M,240.00
ROC,2026-02-02 14:00,M,M,M,10.00,8.00,M,M,30.17,M,240.00
ROC,2026-02-02 14:05,M,M,M,10.00,8.00,M,M,30.17,M,240.00
ROC,2026-02-02 14:10,M,M,M,10.00,8.00,M,M,30.17,M,240.00
ROC,2026-02-02 14:15,M,M,M,10.00,8.00,M,M,30.17,M,240.00
ROC,2026-02-02 14:20,M,M,M,7.00,8.00,M,M,30.17,M,230.00
ROC,2026-02-02 14:23,-3.26,83.40,9.00,6.00,7.00,M,0.00,30.17,5.00,240.00
ROC,2026-02-02 14:25,M,M,M,5.00,7.00,M,M,30.17,M,230.00
ROC,2026-02-02 14:30,M,M,M,4.00,7.00,M,M,30.17,M,240.00
ROC,2026-02-02 14:32,-2.99,83.47,10.00,4.00,8.00,M,0.00,30.17,6.00,240.00
ROC,2026-02-02 14:35,M,M,M,4.00,8.00,M,M,30.17,M,240.00
ROC,2026-02-02 14:40,M,M,M,4.00,8.00,M,M,30.17,M,240.00
ROC,2026-02-02 14:45,M,M,M,4.00,8.00,M,M,30.17,M,240.00
ROC,2026-02-02 14:50,M,M,M,5.00,9.00,M,M,30.17,M,250.00
ROC,2026-02-02 14:54,0.98,80.17,15.00,7.00,11.00,1023.20,0.00,30.17,10.00,260.00
ROC,2026-02-02 14:55,M,M,M,8.00,11.00,M,M,30.17,M,260.00
ROC,2026-02-02 15:00,M,M,M,10.00,13.00,M,M,30.17,M,260.00
ROC,2026-02-02 15:03,1.83,76.85,17.00,10.00,14.00,M,0.00,30.17,11.00,270.00
ROC,2026-02-02 15:05,M,M,M,10.00,12.00,M,M,30.17,M,270.00
ROC,2026-02-02 15:10,M,M,M,10.00,14.00,M,M,30.17,M,260.00
ROC,2026-02-02 15:15,M,M,M,10.00,13.00,M,M,30.17,M,260.00
ROC,2026-02-02 15:20,M,M,M,10.00,13.00,M,M,30.17,M,260.00
ROC,2026-02-02 15:25,M,M,M,10.00,M,M,M,30.18,M,M
ROC,2026-02-02 15:30,M,M,M,10.00,15.00,M,M,30.17,M,M
ROC,2026-02-02 15:35,M,M,M,10.00,M,M,M,30.17,M,M
ROC,2026-02-02 15:40,M,M,M,10.00,13.00,M,M,30.18,M,260.00
ROC,2026-02-02 15:45,M,M,M,10.00,12.00,M,M,30.18,M,260.00
ROC,2026-02-02 15:50,M,M,M,10.00,11.00,M,M,30.18,M,260.00
ROC,2026-02-02 15:54,4.16,76.85,17.00,10.00,10.00,1023.30,0.00,30.17,11.00,270.00
ROC,2026-02-02 15:55,M,M,M,10.00,8.00,M,M,30.17,M,260.00
ROC,2026-02-02 16:00,M,M,M,10.00,9.00,M,M,30.17,M,250.00
ROC,2026-02-02 16:05,M,M,M,10.00,10.00,M,M,30.17,M,250.00
ROC,2026-02-02 16:10,M,M,M,10.00,11.00,M,M,30.17,M,240.00
ROC,2026-02-02 16:15,M,M,M,10.00,8.00,M,M,30.17,M,260.00
ROC,2026-02-02 16:20,M,M,M,10.00,10.00,M,M,30.17,M,240.00
ROC,2026-02-02 16:25,M,M,M,10.00,9.00,M,M,30.17,M,250.00
ROC,2026-02-02 16:30,M,M,M,10.00,9.00,M,M,30.17,M,250.00
ROC,2026-02-02 16:35,M,M,M,10.00,10.00,M,M,30.17,M,250.00
ROC,2026-02-02 16:40,M,M,M,10.00,9.00,M,M,30.16,M,260.00
ROC,2026-02-02 16:45,M,M,M,10.00,7.00,M,M,30.16,M,260.00
ROC,2026-02-02 16:50,M,M,M,10.00,9.00,M,M,30.16,M,270.00
ROC,2026-02-02 16:54,8.10,64.48,19.00,10.00,8.00,1022.70,0.00,30.16,9.00,290.00
ROC,2026-02-02 16:55,M,M,M,10.00,7.00,M,M,30.16,M,270.00
ROC,2026-02-02 17:00,M,M,M,10.00,9.00,M,M,30.16,M,270.00
ROC,2026-02-02 17:05,M,M,M,10.00,7.00,M,M,30.16,M,270.00
ROC,2026-02-02 17:10,M,M,M,10.00,5.00,M,M,30.15,M,260.00
ROC,2026-02-02 17:15,M,M,M,10.00,6.00,M,M,30.15,M,220.00
ROC,2026-02-02 17:20,M,M,M,10.00,7.00,M,M,30.15,M,230.00
ROC,2026-02-02 17:25,M,M,M,10.00,9.00,M,M,30.15,M,240.00
ROC,2026-02-02 17:30,M,M,M,10.00,6.00,M,M,30.15,M,250.00
ROC,2026-02-02 17:35,M,M,M,10.00,7.00,M,M,30.14,M,240.00
ROC,2026-02-02 17:40,M,M,M,10.00,8.00,M,M,30.14,M,230.00
ROC,2026-02-02 17:45,M,M,M,10.00,8.00,M,M,30.14,M,260.00
ROC,2026-02-02 17:50,M,M,M,10.00,7.00,M,M,30.14,M,260.00
ROC,2026-02-02 17:54,10.43,56.75,22.00,10.00,10.00,1022.00,0.00,30.14,9.00,250.00
ROC,2026-02-02 17:55,M,M,M,10.00,10.00,M,M,30.14,M,250.00
ROC,2026-02-02 18:00,M,M,M,10.00,7.00,M,M,30.14,M,270.00
ROC,2026-02-02 18:05,M,M,M,10.00,6.00,M,M,30.13,M,250.00
ROC,2026-02-02 18:10,M,M,M,10.00,7.00,M,M,30.13,M,230.00
ROC,2026-02-02 18:15,M,M,M,10.00,8.00,M,M,30.13,M,260.00
ROC,2026-02-02 18:20,M,M,M,10.00,9.00,M,M,30.13,M,260.00
ROC,2026-02-02 18:25,M,M,M,10.00,8.00,M,M,30.13,M,250.00
ROC,2026-02-02 18:30,M,M,M,10.00,8.00,M,M,30.12,M,230.00
ROC,2026-02-02 18:35,M,M,M,10.00,6.00,M,M,30.12,M,240.00
ROC,2026-02-02 18:40,M,M,M,10.00,7.00,M,M,30.12,M,240.00
ROC,2026-02-02 18:45,M,M,M,10.00,5.00,M,M,30.12,M,260.00
ROC,2026-02-02 18:50,M,M,M,10.00,6.00,M,M,30.12,M,230.00
ROC,2026-02-02 18:54,18.40,56.90,23.00,10.00,3.00,1021.20,0.00,30.12,10.00,210.00
ROC,2026-02-02 18:55,M,M,M,10.00,4.00,M,M,30.12,M,220.00
ROC,2026-02-02 19:00,M,M,M,10.00,6.00,M,M,30.11,M,220.00
ROC,2026-02-02 19:05,M,M,M,10.00,5.00,M,M,30.11,M,220.00
ROC,2026-02-02 19:10,M,M,M,10.00,9.00,M,T,30.11,M,250.00
ROC,2026-02-02 19:15,M,M,M,10.00,10.00,M,T,30.11,M,250.00
ROC,2026-02-02 19:20,M,M,M,10.00,11.00,M,T,30.11,M,280.00
ROC,2026-02-02 19:25,M,M,M,10.00,10.00,M,T,30.11,M,270.00
ROC,2026-02-02 19:30,M,M,M,10.00,11.00,M,T,30.11,M,260.00
ROC,2026-02-02 19:35,M,M,M,10.00,11.00,M,M,30.11,M,270.00
ROC,2026-02-02 19:40,M,M,M,10.00,9.00,M,M,30.11,M,270.00
ROC,2026-02-02 19:45,M,M,M,10.00,10.00,M,M,30.11,M,270.00
ROC,2026-02-02 19:50,M,M,M,10.00,9.00,M,M,30.11,M,260.00
ROC,2026-02-02 19:54,15.49,45.71,25.00,10.00,8.00,1021.00,T,30.11,7.00,270.00
ROC,2026-02-02 19:55,M,M,M,10.00,9.00,M,M,30.11,M,270.00
ROC,2026-02-02 20:00,M,M,M,10.00,10.00,M,M,30.11,M,280.00
ROC,2026-02-02 20:05,M,M,M,10.00,6.00,M,M,30.11,M,270.00
ROC,2026-02-02 20:10,M,M,M,10.00,7.00,M,M,30.11,M,250.00
ROC,2026-02-02 20:15,M,M,M,10.00,7.00,M,M,30.11,M,270.00
ROC,2026-02-02 20:20,M,M,M,10.00,6.00,M,M,30.10,M,270.00
ROC,2026-02-02 20:25,M,M,M,10.00,8.00,M,M,30.10,M,280.00
ROC,2026-02-02 20:30,M,M,M,10.00,9.00,M,M,30.10,M,270.00
ROC,2026-02-02 20:35,M,M,M,10.00,8.00,M,M,30.10,M,290.00
ROC,2026-02-02 20:40,M,M,M,10.00,6.00,M,M,30.10,M,270.00
ROC,2026-02-02 20:45,M,M,M,10.00,8.00,M,M,30.10,M,280.00
ROC,2026-02-02 20:50,M,M,M,10.00,8.00,M,M,30.10,M,260.00
ROC,2026-02-02 20:54,15.49,45.71,25.00,10.00,8.00,1020.60,0.00,30.10,7.00,250.00
ROC,2026-02-02 20:55,M,M,M,10.00,9.00,M,M,30.10,M,260.00
ROC,2026-02-02 21:00,M,M,M,10.00,8.00,M,M,30.10,M,290.00
ROC,2026-02-02 21:05,M,M,M,10.00,9.00,M,M,30.10,M,290.00
ROC,2026-02-02 21:10,M,M,M,10.00,6.00,M,M,30.10,M,290.00
ROC,2026-02-02 21:15,M,M,M,10.00,7.00,M,M,30.10,M,280.00
ROC,2026-02-02 21:20,M,M,M,10.00,9.00,M,M,30.10,M,270.00
ROC,2026-02-02 21:25,M,M,M,10.00,5.00,M,M,30.10,M,280.00
ROC,2026-02-02 21:30,M,M,M,10.00,4.00,M,M,30.10,M,280.00
ROC,2026-02-02 21:35,M,M,M,10.00,6.00,M,M,30.10,M,280.00
ROC,2026-02-02 21:40,M,M,M,10.00,4.00,M,M,30.10,M,280.00
ROC,2026-02-02 21:45,M,M,M,10.00,4.00,M,M,30.10,M,280.00
ROC,2026-02-02 21:50,M,M,M,10.00,4.00,M,M,30.10,M,280.00
ROC,2026-02-02 21:54,18.08,47.66,24.00,10.00,4.00,1020.50,0.00,30.10,7.00,280.00
ROC,2026-02-02 21:55,M,M,M,10.00,4.00,M,M,30.10,M,280.00
ROC,2026-02-02 22:00,M,M,M,10.00,3.00,M,M,30.10,M,280.00
ROC,2026-02-02 22:05,M,M,M,10.00,3.00,M,M,30.09,M,280.00
ROC,2026-02-02 22:10,M,M,M,10.00,3.00,M,M,30.10,M,280.00
ROC,2026-02-02 22:15,M,M,M,10.00,3.00,M,M,30.10,M,290.00
ROC,2026-02-02 22:20,M,M,M,10.00,3.00,M,M,30.10,M,280.00
ROC,2026-02-02 22:25,M,M,M,10.00,3.00,M,M,30.10,M,280.00
ROC,2026-02-02 22:30,M,M,M,10.00,0.00,M,M,30.10,M,0.00
ROC,2026-02-02 22:35,M,M,M,10.00,0.00,M,M,30.10,M,0.00
ROC,2026-02-02 22:40,M,M,M,10.00,0.00,M,M,30.10,M,0.00
ROC,2026-02-02 22:45,M,M,M,10.00,0.00,M,M,30.10,M,0.00
ROC,2026-02-02 22:50,M,M,M,10.00,3.00,M,M,30.10,M,230.00
ROC,2026-02-02 22:54,20.00,59.06,20.00,10.00,0.00,1020.70,0.00,30.10,8.00,0.00
ROC,2026-02-02 22:55,M,M,M,10.00,3.00,M,M,30.10,M,230.00
ROC,2026-02-02 23:00,M,M,M,10.00,3.00,M,M,30.10,M,220.00
ROC,2026-02-02 23:05,M,M,M,10.00,3.00,M,M,30.10,M,210.00
ROC,2026-02-02 23:10,M,M,M,10.00,0.00,M,M,30.10,M,0.00
ROC,2026-02-02 23:15,M,M,M,10.00,0.00,M,M,30.10,M,0.00
ROC,2026-02-02 23:20,M,M,M,10.00,0.00,M,M,30.10,M,0.00
ROC,2026-02-02 23:25,M,M,M,10.00,0.00,M,M,30.10,M,0.00
ROC,2026-02-02 23:30,M,M,M,10.00,0.00,M,M,30.10,M,0.00
ROC,2026-02-02 23:35,M,M,M,10.00,0.00,M,M,30.10,M,0.00
ROC,2026-02-02 23:40,M,M,M,10.00,0.00,M,M,30.10,M,0.00
ROC,2026-02-02 23:45,M,M,M,10.00,0.00,M,M,30.10,M,0.00
ROC,2026-02-02 23:50,M,M,M,10.00,0.00,M,M,30.10,M,0.00
ROC,2026-02-02 23:54,16.00,67.05,16.00,10.00,0.00,1020.90,0.00,30.10,7.00,0.00
ROC,2026-02-02 23:55,M,M,M,10.00,0.00,M,M,30.10,M,0.00
ROC,2026-02-03 00:00,M,M,M,10.00,0.00,M,M,30.10,M,0.00
ROC,2026-02-03 00:05,M,M,M,10.00,0.00,M,M,30.10,M,0.00
ROC,2026-02-03 00:10,M,M,M,10.00,0.00,M,M,30.10,M,0.00
ROC,2026-02-03 00:15,M,M,M,10.00,0.00,M,M,30.10,M,0.00
ROC,2026-02-03 00:20,M,M,M,10.00,3.00,M,M,30.10,M,320.00
ROC,2026-02-03 00:25,M,M,M,10.00,4.00,M,M,30.11,M,310.00
ROC,2026-02-03 00:30,M,M,M,10.00,0.00,M,M,30.10,M,0.00
ROC,2026-02-03 00:35,M,M,M,10.00,0.00,M,M,30.10,M,0.00
ROC,2026-02-03 00:40,M,M,M,10.00,0.00,M,M,30.10,M,0.00
ROC,2026-02-03 00:45,M,M,M,10.00,0.00,M,M,30.10,M,0.00
ROC,2026-02-03 00:50,M,M,M,10.00,0.00,M,M,30.10,M,0.00
ROC,2026-02-03 00:54,10.00,76.17,10.00,10.00,0.00,1021.10,0.00,30.10,4.00,0.00
ROC,2026-02-03 00:55,M,M,M,10.00,0.00,M,M,30.10,M,0.00
ROC,2026-02-03 01:00,M,M,M,10.00,0.00,M,M,30.10,M,0.00
ROC,2026-02-03 01:05,M,M,M,10.00,0.00,M,M,30.10,M,0.00
ROC,2026-02-03 01:10,M,M,M,10.00,0.00,M,M,30.10,M,0.00
ROC,2026-02-03 01:15,M,M,M,10.00,0.00,M,M,30.10,M,0.00
ROC,2026-02-03 01:20,M,M,M,10.00,0.00,M,M,30.10,M,0.00
ROC,2026-02-03 01:25,M,M,M,10.00,0.00,M,M,30.10,M,0.00
ROC,2026-02-03 01:30,M,M,M,10.00,0.00,M,M,30.10,M,0.00
ROC,2026-02-03 01:35,M,M,M,10.00,0.00,M,M,30.11,M,0.00
ROC,2026-02-03 01:40,M,M,M,10.00,0.00,M,M,30.11,M,0.00
ROC,2026-02-03 01:45,M,M,M,10.00,0.00,M,M,30.11,M,0.00
ROC,2026-02-03 01:50,M,M,M,10.00,0.00,M,M,30.11,M,0.00
ROC,2026-02-03 01:54,2.40,83.40,9.00,9.00,3.00,1021.10,0.00,30.11,5.00,230.00
ROC,2026-02-03 01:55,M,M,M,9.00,3.00,M,M,30.11,M,230.00
ROC,2026-02-03 02:00,M,M,M,10.00,3.00,M,M,30.11,M,230.00
ROC,2026-02-03 02:05,M,M,M,10.00,0.00,M,M,30.11,M,0.00
ROC,2026-02-03 02:10,M,M,M,9.00,3.00,M,M,30.11,M,240.00
ROC,2026-02-03 02:15,M,M,M,9.00,3.00,M,M,30.11,M,240.00
ROC,2026-02-03 02:20,M,M,M,8.00,4.00,M,M,30.11,M,230.00
ROC,2026-02-03 02:25,M,M,M,8.00,3.00,M,M,30.12,M,230.00
ROC,2026-02-03 02:30,M,M,M,9.00,3.00,M,M,30.12,M,220.00
ROC,2026-02-03 02:35,M,M,M,9.00,0.00,M,M,30.12,M,0.00
ROC,2026-02-03 02:40,M,M,M,9.00,0.00,M,M,30.12,M,0.00
ROC,2026-02-03 02:45,M,M,M,9.00,0.00,M,M,30.11,M,0.00
ROC,2026-02-03 02:50,M,M,M,9.00,0.00,M,M,30.12,M,0.00
ROC,2026-02-03 02:54,7.00,91.28,7.00,9.00,0.00,1021.40,0.00,30.12,5.00,0.00
ROC,2026-02-03 02:55,M,M,M,9.00,0.00,M,M,30.12,M,0.00
ROC,2026-02-03 03:00,M,M,M,9.00,0.00,M,M,30.12,M,0.00
ROC,2026-02-03 03:05,M,M,M,8.00,0.00,M,M,30.12,M,0.00
ROC,2026-02-03 03:10,M,M,M,8.00,3.00,M,M,30.12,M,230.00
ROC,2026-02-03 03:15,M,M,M,8.00,0.00,M,M,30.12,M,0.00
ROC,2026-02-03 03:20,M,M,M,9.00,3.00,M,M,30.12,M,210.00
ROC,2026-02-03 03:25,M,M,M,10.00,3.00,M,M,30.12,M,230.00
ROC,2026-02-03 03:30,M,M,M,10.00,3.00,M,M,30.12,M,240.00
ROC,2026-02-03 03:35,M,M,M,9.00,3.00,M,M,30.12,M,250.00
ROC,2026-02-03 03:40,M,M,M,8.00,3.00,M,M,30.12,M,240.00
ROC,2026-02-03 03:45,M,M,M,9.00,3.00,M,M,30.12,M,220.00
ROC,2026-02-03 03:50,M,M,M,9.00,3.00,M,M,30.12,M,220.00
ROC,2026-02-03 03:54,-2.18,87.07,5.00,9.00,3.00,1021.40,0.00,30.12,2.00,240.00
ROC,2026-02-03 03:55,M,M,M,9.00,0.00,M,M,30.12,M,0.00
ROC,2026-02-03 04:00,M,M,M,9.00,0.00,M,M,30.11,M,0.00
ROC,2026-02-03 04:05,M,M,M,9.00,0.00,M,M,30.11,M,0.00
ROC,2026-02-03 04:10,M,M,M,9.00,0.00,M,M,30.11,M,0.00
ROC,2026-02-03 04:15,M,M,M,10.00,0.00,M,M,30.11,M,0.00
ROC,2026-02-03 04:20,M,M,M,9.00,0.00,M,M,30.11,M,0.00
ROC,2026-02-03 04:25,M,M,M,9.00,0.00,M,M,30.11,M,0.00
ROC,2026-02-03 04:30,M,M,M,9.00,0.00,M,M,30.11,M,0.00
ROC,2026-02-03 04:35,M,M,M,9.00,0.00,M,M,30.11,M,0.00
ROC,2026-02-03 04:40,M,M,M,9.00,0.00,M,M,30.11,M,0.00
ROC,2026-02-03 04:45,M,M,M,9.00,3.00,M,M,30.11,M,230.00
ROC,2026-02-03 04:50,M,M,M,9.00,3.00,M,M,30.11,M,250.00
ROC,2026-02-03 04:54,-1.03,87.13,6.00,9.00,3.00,1021.20,0.00,30.11,3.00,240.00
ROC,2026-02-03 04:55,M,M,M,9.00,3.00,M,M,30.11,M,230.00
ROC,2026-02-03 05:00,M,M,M,9.00,3.00,M,M,30.11,M,230.00
ROC,2026-02-03 05:05,M,M,M,9.00,3.00,M,M,30.11,M,230.00
ROC,2026-02-03 05:08,-0.61,83.33,8.00,10.00,4.00,M,T,30.11,4.00,240.00
ROC,2026-02-03 05:10,M,M,M,9.00,4.00,M,M,30.11,M,240.00
ROC,2026-02-03 05:15,M,M,M,9.00,4.00,M,M,30.11,M,230.00
ROC,2026-02-03 05:20,M,M,M,9.00,4.00,M,M,30.11,M,230.00
ROC,2026-02-03 05:25,M,M,M,9.00,5.00,M,M,30.11,M,220.00
ROC,2026-02-03 05:30,M,M,M,9.00,5.00,M,M,30.11,M,220.00
ROC,2026-02-03 05:35,M,M,M,9.00,4.00,M,M,30.11,M,220.00
ROC,2026-02-03 05:40,M,M,M,9.00,3.00,M,M,30.11,M,210.00
ROC,2026-02-03 05:45,M,M,M,9.00,3.00,M,M,30.11,M,210.00
ROC,2026-02-03 05:50,M,M,M,8.00,3.00,M,M,30.11,M,210.00
ROC,2026-02-03 05:54,2.90,79.83,11.00,8.00,4.00,1020.90,T,30.11,6.00,210.00
ROC,2026-02-03 05:55,M,M,M,8.00,4.00,M,M,30.11,M,210.00
ROC,2026-02-03 06:00,M,M,M,9.00,4.00,M,M,30.11,M,210.00
ROC,2026-02-03 06:05,M,M,M,9.00,4.00,M,M,30.11,M,220.00
ROC,2026-02-03 06:10,M,M,M,9.00,4.00,M,M,30.11,M,220.00
ROC,2026-02-03 06:15,M,M,M,9.00,4.00,M,M,30.11,M,220.00
ROC,2026-02-03 06:20,M,M,M,9.00,5.00,M,M,30.11,M,220.00
ROC,2026-02-03 06:25,M,M,M,9.00,5.00,M,M,30.11,M,220.00
ROC,2026-02-03 06:30,M,M,M,9.00,4.00,M,M,30.11,M,220.00
ROC,2026-02-03 06:35,M,M,M,9.00,4.00,M,M,30.11,M,220.00
ROC,2026-02-03 06:40,M,M,M,9.00,3.00,M,M,30.11,M,220.00
ROC,2026-02-03 06:45,M,M,M,9.00,0.00,M,M,30.11,M,0.00
ROC,2026-02-03 06:50,M,M,M,9.00,3.00,M,M,30.11,M,210.00
ROC,2026-02-03 06:54,8.11,73.17,14.00,9.00,3.00,1020.80,T,30.11,7.00,200.00
ROC,2026-02-03 06:55,M,M,M,9.00,3.00,M,M,30.11,M,200.00
ROC,2026-02-03 07:00,M,M,M,9.00,3.00,M,M,30.11,M,210.00
ROC,2026-02-03 07:05,M,M,M,9.00,4.00,M,M,30.11,M,190.00
ROC,2026-02-03 07:10,M,M,M,9.00,5.00,M,M,30.11,M,200.00
ROC,2026-02-03 07:15,M,M,M,9.00,5.00,M,M,30.11,M,200.00
ROC,2026-02-03 07:20,M,M,M,9.00,5.00,M,M,30.11,M,210.00
ROC,2026-02-03 07:25,M,M,M,9.00,5.00,M,M,30.11,M,210.00
ROC,2026-02-03 07:30,M,M,M,9.00,5.00,M,M,30.11,M,200.00
ROC,2026-02-03 07:35,M,M,M,7.00,5.00,M,M,30.11,M,200.00
ROC,2026-02-03 07:38,6.21,73.28,15.00,6.00,5.00,M,T,30.10,8.00,200.00
ROC,2026-02-03 07:40,M,M,M,5.00,5.00,M,M,30.10,M,200.00
ROC,2026-02-03 07:45,M,M,M,5.00,4.00,M,M,30.10,M,210.00
ROC,2026-02-03 07:50,M,M,M,5.00,4.00,M,M,30.10,M,210.00
ROC,2026-02-03 07:54,7.57,76.66,15.00,6.00,4.00,1020.70,T,30.10,9.00,210.00
ROC,2026-02-03 07:55,M,M,M,6.00,4.00,M,M,30.10,M,210.00
ROC,2026-02-03 08:00,M,M,M,8.00,4.00,M,M,30.10,M,210.00
ROC,2026-02-03 08:05,M,M,M,8.00,5.00,M,M,30.10,M,210.00
ROC,2026-02-03 08:10,M,M,M,8.00,3.00,M,M,30.10,M,220.00
ROC,2026-02-03 08:15,M,M,M,7.00,4.00,M,M,30.10,M,220.00
ROC,2026-02-03 08:20,M,M,M,6.00,4.00,M,M,30.10,M,230.00
ROC,2026-02-03 08:25,M,M,M,6.00,4.00,M,M,30.10,M,230.00
ROC,2026-02-03 08:30,M,M,M,6.00,4.00,M,M,30.10,M,230.00
ROC,2026-02-03 08:35,M,M,M,5.00,4.00,M,M,30.10,M,240.00
ROC,2026-02-03 08:40,M,M,M,4.00,5.00,M,M,30.10,M,230.00
ROC,2026-02-03 08:45,M,M,M,4.00,5.00,M,M,30.10,M,230.00
ROC,2026-02-03 08:50,M,M,M,5.00,4.00,M,M,30.10,M,230.00
ROC,2026-02-03 08:52,8.50,85.39,15.80,5.00,4.00,M,T,30.10,12.20,230.00
ROC,2026-02-03 08:54,10.40,83.90,16.00,5.00,3.00,1020.50,T,30.10,12.00,230.00
ROC,2026-02-03 08:55,M,M,M,5.00,3.00,M,M,30.10,M,230.00
ROC,2026-02-03 09:00,M,M,M,4.00,3.00,M,M,30.10,M,230.00
ROC,2026-02-03 09:05,M,M,M,3.50,4.00,M,M,30.10,M,220.00
ROC,2026-02-03 09:10,M,M,M,4.00,4.00,M,M,30.10,M,220.00
ROC,2026-02-03 09:15,M,M,M,4.00,3.00,M,M,30.10,M,210.00
ROC,2026-02-03 09:20,M,M,M,5.00,4.00,M,M,30.09,M,210.00
ROC,2026-02-03 09:25,M,M,M,5.00,5.00,M,M,30.09,M,210.00
ROC,2026-02-03 09:30,M,M,M,6.00,5.00,M,M,30.09,M,210.00
ROC,2026-02-03 09:35,M,M,M,7.00,5.00,M,M,30.09,M,220.00
ROC,2026-02-03 09:40,M,M,M,4.00,5.00,M,M,30.09,M,220.00
ROC,2026-02-03 09:45,M,M,M,2.50,5.00,M,M,30.09,M,220.00
ROC,2026-02-03 09:50,9.29,92.50,17.60,2.50,5.00,M,T,30.09,15.80,220.00
ROC,2026-02-03 09:50,M,M,M,2.50,5.00,M,M,30.09,M,220.00
ROC,2026-02-03 09:54,9.77,87.80,18.00,2.50,5.00,1020.20,T,30.09,15.00,210.00
ROC,2026-02-03 09:55,M,M,M,2.50,5.00,M,M,30.09,M,220.00
ROC,2026-02-03 10:00,M,M,M,2.00,4.00,M,M,30.09,M,220.00
ROC,2026-02-03 10:05,M,M,M,2.00,6.00,M,M,30.09,M,220.00
ROC,2026-02-03 10:10,M,M,M,2.00,7.00,M,M,30.09,M,220.00
ROC,2026-02-03 10:12,9.87,84.11,19.00,3.00,6.00,M,T,30.09,15.00,220.00
ROC,2026-02-03 10:15,M,M,M,4.00,6.00,M,M,30.09,M,220.00
ROC,2026-02-03 10:20,M,M,M,5.00,6.00,M,M,30.09,M,220.00
ROC,2026-02-03 10:25,M,M,M,6.00,5.00,M,M,30.09,M,220.00
ROC,2026-02-03 10:30,M,M,M,6.00,5.00,M,M,30.09,M,220.00
ROC,2026-02-03 10:35,M,M,M,7.00,5.00,M,M,30.09,M,220.00
ROC,2026-02-03 10:40,M,M,M,8.00,5.00,M,M,30.09,M,220.00
ROC,2026-02-03 10:45,M,M,M,9.00,5.00,M,M,30.09,M,220.00
ROC,2026-02-03 10:49,11.43,85.61,19.40,9.00,5.00,M,T,30.09,15.80,210.00
ROC,2026-02-03 10:50,M,M,M,9.00,5.00,M,M,30.09,M,210.00
ROC,2026-02-03 10:54,9.87,84.11,19.00,9.00,6.00,1020.00,T,30.08,15.00,210.00
ROC,2026-02-03 10:55,M,M,M,9.00,5.00,M,M,30.08,M,220.00
ROC,2026-02-03 11:00,M,M,M,9.00,6.00,M,M,30.09,M,220.00
ROC,2026-02-03 11:05,M,M,M,9.00,5.00,M,M,30.09,M,210.00
ROC,2026-02-03 11:10,M,M,M,9.00,5.00,M,M,30.09,M,210.00
ROC,2026-02-03 11:15,M,M,M,9.00,4.00,M,M,30.09,M,210.00
ROC,2026-02-03 11:20,M,M,M,9.00,5.00,M,M,30.08,M,220.00
ROC,2026-02-03 11:25,M,M,M,9.00,4.00,M,M,30.09,M,220.00
ROC,2026-02-03 11:30,M,M,M,9.00,4.00,M,M,30.09,M,230.00
ROC,2026-02-03 11:35,M,M,M,9.00,4.00,M,M,30.08,M,220.00
ROC,2026-02-03 11:40,M,M,M,9.00,5.00,M,M,30.09,M,230.00
ROC,2026-02-03 11:45,M,M,M,9.00,5.00,M,M,30.09,M,230.00
ROC,2026-02-03 11:50,M,M,M,9.00,5.00,M,M,30.09,M,220.00
ROC,2026-02-03 11:54,12.24,84.11,19.00,9.00,4.00,1020.20,T,30.09,15.00,220.00
ROC,2026-02-03 11:55,M,M,M,9.00,4.00,M,M,30.09,M,220.00
ROC,2026-02-03 12:00,M,M,M,9.00,4.00,M,M,30.09,M,220.00
ROC,2026-02-03 12:05,M,M,M,9.00,4.00,M,M,30.09,M,220.00
ROC,2026-02-03 12:10,M,M,M,9.00,4.00,M,M,30.08,M,210.00
ROC,2026-02-03 12:15,M,M,M,9.00,3.00,M,M,30.08,M,210.00
ROC,2026-02-03 12:20,M,M,M,9.00,3.00,M,M,30.09,M,210.00
ROC,2026-02-03 12:25,M,M,M,9.00,4.00,M,M,30.09,M,220.00
ROC,2026-02-03 12:30,M,M,M,9.00,5.00,M,M,30.09,M,210.00
ROC,2026-02-03 12:35,M,M,M,8.00,5.00,M,M,30.09,M,210.00
ROC,2026-02-03 12:40,M,M,M,7.00,5.00,M,M,30.09,M,210.00
ROC,2026-02-03 12:45,M,M,M,7.00,5.00,M,M,30.09,M,210.00
ROC,2026-02-03 12:50,M,M,M,6.00,4.00,M,M,30.09,M,210.00
ROC,2026-02-03 12:54,13.33,84.25,21.00,6.00,5.00,1020.20,T,30.09,17.00,230.00
ROC,2026-02-03 12:55,M,M,M,6.00,5.00,M,M,30.09,M,230.00
ROC,2026-02-03 13:00,M,M,M,6.00,6.00,M,M,30.09,M,230.00
ROC,2026-02-03 13:05,M,M,M,6.00,6.00,M,M,30.09,M,230.00
ROC,2026-02-03 13:10,M,M,M,6.00,6.00,M,M,30.09,M,230.00
ROC,2026-02-03 13:15,M,M,M,6.00,7.00,M,M,30.09,M,230.00
ROC,2026-02-03 13:20,M,M,M,6.00,8.00,M,M,30.09,M,220.00
ROC,2026-02-03 13:25,M,M,M,6.00,9.00,M,M,30.09,M,220.00
ROC,2026-02-03 13:30,M,M,M,5.00,8.00,M,M,30.09,M,230.00
ROC,2026-02-03 13:35,M,M,M,5.00,8.00,M,M,30.09,M,230.00
ROC,2026-02-03 13:40,M,M,M,5.00,8.00,M,M,30.09,M,230.00
ROC,2026-02-03 13:45,M,M,M,5.00,10.00,M,M,30.09,M,240.00
ROC,2026-02-03 13:50,M,M,M,5.00,11.00,M,M,30.09,M,250.00
ROC,2026-02-03 13:54,12.94,84.45,24.00,5.00,10.00,1020.30,T,30.09,20.00,240.00
ROC,2026-02-03 13:55,M,M,M,5.00,10.00,M,M,30.09,M,240.00
ROC,2026-02-03 14:00,M,M,M,5.00,10.00,M,M,30.09,M,240.00
ROC,2026-02-03 14:05,M,M,M,5.00,10.00,M,M,30.09,M,240.00
ROC,2026-02-03 14:10,M,M,M,5.00,13.00,M,M,30.09,M,240.00
ROC,2026-02-03 14:15,M,M,M,5.00,11.00,M,M,30.09,M,240.00
ROC,2026-02-03 14:20,M,M,M,5.00,11.00,M,M,30.09,M,240.00
ROC,2026-02-03 14:25,M,M,M,5.00,12.00,M,M,30.09,M,240.00
ROC,2026-02-03 14:30,M,M,M,5.00,12.00,M,M,30.09,M,240.00
ROC,2026-02-03 14:35,M,M,M,5.00,13.00,M,M,30.09,M,250.00
ROC,2026-02-03 14:40,M,M,M,5.00,13.00,M,M,30.09,M,240.00
ROC,2026-02-03 14:45,M,M,M,5.00,10.00,M,M,30.09,M,250.00
ROC,2026-02-03 14:50,M,M,M,5.00,11.00,M,M,30.09,M,240.00
ROC,2026-02-03 14:54,13.62,80.99,25.00,5.00,11.00,1020.40,T,30.09,20.00,240.00
ROC,2026-02-03 14:55,M,M,M,5.00,11.00,M,M,30.09,M,240.00
ROC,2026-02-03 15:00,M,M,M,5.00,14.00,M,M,30.09,M,250.00
ROC,2026-02-03 15:05,M,M,M,5.00,12.00,M,M,30.09,M,250.00
ROC,2026-02-03 15:10,M,M,M,5.00,12.00,M,M,30.09,M,240.00
ROC,2026-02-03 15:15,M,M,M,5.00,12.00,M,M,30.09,M,240.00
ROC,2026-02-03 15:20,14.88,77.69,26.00,5.00,11.00,M,T,30.09,20.00,240.00
ROC,2026-02-03 15:20,M,M,M,5.00,12.00,M,M,30.09,M,240.00
ROC,2026-02-03 15:25,M,M,M,5.00,12.00,M,M,30.10,M,240.00
ROC,2026-02-03 15:30,M,M,M,5.00,13.00,M,M,30.10,M,240.00
ROC,2026-02-03 15:35,M,M,M,6.00,13.00,M,M,30.10,M,240.00
ROC,2026-02-03 15:40,M,M,M,6.00,13.00,M,M,30.10,M,240.00
ROC,2026-02-03 15:45,M,M,M,6.00,14.00,M,M,30.10,M,240.00
ROC,2026-02-03 15:46,13.43,77.69,26.00,6.00,14.00,M,T,30.10,20.00,240.00
ROC,2026-02-03 15:50,M,M,M,6.00,13.00,M,M,30.10,M,240.00
ROC,2026-02-03 15:54,14.37,77.69,26.00,6.00,12.00,1020.60,T,30.10,20.00,250.00
ROC,2026-02-03 15:55,M,M,M,6.00,12.00,M,M,30.10,M,250.00
ROC,2026-02-03 16:00,M,M,M,6.00,11.00,M,M,30.10,M,250.00
ROC,2026-02-03 16:05,M,M,M,6.00,10.00,M,M,30.10,M,250.00
ROC,2026-02-03 16:10,M,M,M,6.00,14.00,M,M,30.09,M,250.00
ROC,2026-02-03 16:14,15.16,74.54,27.00,6.00,13.00,M,T,30.09,20.00,250.00
ROC,2026-02-03 16:15,M,M,M,6.00,13.00,M,M,30.09,M,250.00
ROC,2026-02-03 16:20,M,M,M,6.00,16.00,M,M,30.09,M,250.00
ROC,2026-02-03 16:25,M,M,M,7.00,M,M,M,30.09,M,M
ROC,2026-02-03 16:30,M,M,M,7.00,14.00,M,M,30.09,M,260.00
ROC,2026-02-03 16:35,M,M,M,7.00,13.00,M,M,30.09,M,250.00
ROC,2026-02-03 16:40,M,M,M,7.00,13.00,M,M,30.09,M,250.00
ROC,2026-02-03 16:45,M,M,M,7.00,12.00,M,M,30.09,M,260.00
ROC,2026-02-03 16:50,M,M,M,7.00,9.00,M,M,30.09,M,260.00
ROC,2026-02-03 16:54,16.01,71.54,28.00,7.00,14.00,1020.20,T,30.09,20.00,260.00
ROC,2026-02-03 16:55,M,M,M,7.00,14.00,M,M,30.09,M,260.00
ROC,2026-02-03 17:00,M,M,M,8.00,13.00,M,M,30.08,M,260.00
ROC,2026-02-03 17:05,M,M,M,9.00,13.00,M,M,30.08,M,250.00
ROC,2026-02-03 17:10,M,M,M,9.00,16.00,M,M,30.08,M,240.00
ROC,2026-02-03 17:15,M,M,M,9.00,14.00,M,M,30.08,M,240.00
ROC,2026-02-03 17:20,M,M,M,8.00,15.00,M,M,30.08,M,240.00
ROC,2026-02-03 17:23,16.44,68.54,28.00,6.00,13.00,M,T,30.08,19.00,270.00
ROC,2026-02-03 17:25,M,M,M,5.00,M,M,M,30.08,M,M
ROC,2026-02-03 17:30,M,M,M,4.00,10.00,M,M,30.08,M,260.00
ROC,2026-02-03 17:35,M,M,M,6.00,16.00,M,M,30.08,M,250.00
ROC,2026-02-03 17:40,M,M,M,7.00,13.00,M,M,30.08,M,270.00
ROC,2026-02-03 17:45,M,M,M,7.00,13.00,M,M,30.08,M,260.00
ROC,2026-02-03 17:50,M,M,M,9.00,15.00,M,M,30.08,M,M
ROC,2026-02-03 17:54,17.41,65.66,28.00,9.00,11.00,1019.70,T,30.07,18.00,270.00
ROC,2026-02-03 17:55,M,M,M,9.00,11.00,M,M,30.07,M,260.00
ROC,2026-02-03 18:00,M,M,M,9.00,12.00,M,M,30.07,M,260.00
ROC,2026-02-03 18:05,M,M,M,9.00,13.00,M,M,30.07,M,260.00
ROC,2026-02-03 18:10,M,M,M,9.00,13.00,M,M,30.07,M,270.00
ROC,2026-02-03 18:15,M,M,M,9.00,12.00,M,M,30.07,M,260.00
ROC,2026-02-03 18:20,M,M,M,9.00,14.00,M,M,30.07,M,260.00
ROC,2026-02-03 18:22,16.01,62.89,28.00,9.00,14.00,M,T,30.07,17.00,260.00
ROC,2026-02-03 18:25,M,M,M,9.00,M,M,M,30.07,M,M
ROC,2026-02-03 18:30,M,M,M,9.00,M,M,M,30.07,M,M
ROC,2026-02-03 18:35,M,M,M,9.00,M,M,M,30.07,M,M
ROC,2026-02-03 18:40,M,M,M,9.00,M,M,M,30.07,M,M
ROC,2026-02-03 18:45,M,M,M,9.00,14.00,M,M,30.07,M,260.00
ROC,2026-02-03 18:50,M,M,M,9.00,14.00,M,M,30.07,M,250.00
ROC,2026-02-03 18:54,16.44,60.22,28.00,9.00,13.00,1019.40,T,30.07,16.00,250.00
ROC,2026-02-03 18:55,M,M,M,9.00,13.00,M,M,30.07,M,250.00
ROC,2026-02-03 19:00,M,M,M,9.00,M,M,M,30.07,M,M
ROC,2026-02-03 19:05,M,M,M,9.00,17.00,M,M,30.07,M,250.00
ROC,2026-02-03 19:10,M,M,M,9.00,18.00,M,M,30.07,M,250.00
ROC,2026-02-03 19:15,M,M,M,9.00,M,M,M,30.07,M,M
ROC,2026-02-03 19:20,M,M,M,9.00,13.00,M,M,30.07,M,260.00
ROC,2026-02-03 19:25,M,M,M,9.00,12.00,M,M,30.07,M,270.00
ROC,2026-02-03 19:30,M,M,M,9.00,M,M,M,30.07,M,M
ROC,2026-02-03 19:35,M,M,M,9.00,M,M,M,30.07,M,M
ROC,2026-02-03 19:40,M,M,M,9.00,M,M,M,30.07,M,M
ROC,2026-02-03 19:45,M,M,M,9.00,12.00,M,M,30.07,M,260.00
ROC,2026-02-03 19:50,M,M,M,9.00,M,M,M,30.07,M,M
ROC,2026-02-03 19:54,14.48,57.65,28.00,9.00,18.00,1019.50,T,30.07,15.00,270.00
ROC,2026-02-03 19:55,M,M,M,9.00,M,M,M,30.07,M,M
ROC,2026-02-03 20:00,M,M,M,9.00,15.00,M,M,30.07,M,260.00
ROC,2026-02-03 20:05,M,M,M,9.00,13.00,M,M,30.07,M,250.00
ROC,2026-02-03 20:10,M,M,M,9.00,15.00,M,M,30.07,M,250.00
ROC,2026-02-03 20:15,M,M,M,9.00,12.00,M,M,30.07,M,260.00
ROC,2026-02-03 20:20,M,M,M,9.00,13.00,M,M,30.07,M,250.00
ROC,2026-02-03 20:25,M,M,M,9.00,11.00,M,M,30.07,M,250.00
ROC,2026-02-03 20:30,M,M,M,9.00,15.00,M,M,30.08,M,250.00
ROC,2026-02-03 20:35,M,M,M,9.00,12.00,M,M,30.07,M,270.00
ROC,2026-02-03 20:40,M,M,M,9.00,11.00,M,M,30.07,M,260.00
ROC,2026-02-03 20:45,M,M,M,9.00,8.00,M,M,30.08,M,250.00
ROC,2026-02-03 20:50,M,M,M,9.00,13.00,M,M,30.08,M,240.00
ROC,2026-02-03 20:54,15.64,65.53,27.00,9.00,12.00,1019.60,T,30.08,17.00,260.00
ROC,2026-02-03 20:55,M,M,M,9.00,13.00,M,M,30.08,M,260.00
ROC,2026-02-03 21:00,M,M,M,8.00,15.00,M,M,30.08,M,240.00
ROC,2026-02-03 21:03,14.72,68.42,27.00,1.50,14.00,M,T,30.08,18.00,250.00
ROC,2026-02-03 21:05,M,M,M,1.50,13.00,M,M,30.08,M,250.00
ROC,2026-02-03 21:07,14.72,71.42,27.00,1.50,14.00,M,T,30.08,19.00,260.00
ROC,2026-02-03 21:10,M,M,M,1.50,16.00,M,M,30.08,M,250.00
ROC,2026-02-03 21:15,M,M,M,1.50,13.00,M,M,30.08,M,250.00
ROC,2026-02-03 21:18,14.88,81.07,26.00,0.75,11.00,M,T,30.08,21.00,260.00
ROC,2026-02-03 21:20,M,M,M,0.75,12.00,M,M,30.08,M,250.00
ROC,2026-02-03 21:25,M,M,M,0.75,14.00,M,M,30.08,M,260.00
ROC,2026-02-03 21:30,M,M,M,0.75,13.00,M,M,30.08,M,260.00
ROC,2026-02-03 21:35,M,M,M,0.75,12.00,M,M,30.08,M,260.00
ROC,2026-02-03 21:40,M,M,M,0.75,9.00,M,M,30.08,M,260.00
ROC,2026-02-03 21:41,14.88,81.07,26.00,1.50,11.00,M,T,30.08,21.00,260.00
ROC,2026-02-03 21:45,M,M,M,1.50,11.00,M,M,30.08,M,250.00
ROC,2026-02-03 21:50,M,M,M,1.50,11.00,M,M,30.09,M,250.00
ROC,2026-02-03 21:51,15.64,73.87,26.60,0.12,11.00,M,T,30.10,19.40,270.00
ROC,2026-02-03 21:54,13.43,77.69,26.00,0.06,14.00,1020.40,T,30.10,20.00,310.00
ROC,2026-02-03 21:55,M,M,M,0.06,M,M,M,30.10,M,M
ROC,2026-02-03 21:59,13.09,88.17,25.00,0.12,12.00,M,T,30.10,22.00,290.00
ROC,2026-02-03 22:00,M,M,M,0.13,12.00,M,M,30.10,M,280.00
ROC,2026-02-03 22:03,12.36,91.93,24.00,0.25,11.00,M,T,30.10,22.00,280.00
ROC,2026-02-03 22:05,M,M,M,0.25,9.00,M,0.01,30.10,M,280.00
ROC,2026-02-03 22:07,13.57,91.93,24.00,0.50,9.00,M,0.01,30.10,22.00,280.00
ROC,2026-02-03 22:10,M,M,M,0.50,9.00,M,0.01,30.10,M,270.00
ROC,2026-02-03 22:11,13.57,91.93,24.00,0.75,9.00,M,0.01,30.10,22.00,280.00
ROC,2026-02-03 22:13,14.26,91.93,24.00,1.50,8.00,M,0.01,30.10,22.00,290.00
ROC,2026-02-03 22:15,M,M,M,1.50,7.00,M,0.01,30.10,M,290.00
ROC,2026-02-03 22:20,15.03,91.93,24.00,2.00,7.00,M,0.01,30.10,22.00,280.00
ROC,2026-02-03 22:20,M,M,M,2.00,7.00,M,0.01,30.10,M,280.00
ROC,2026-02-03 22:23,13.57,91.93,24.00,1.50,9.00,M,0.02,30.10,22.00,280.00
ROC,2026-02-03 22:25,M,M,M,1.50,8.00,M,0.02,30.10,M,280.00
ROC,2026-02-03 22:29,15.03,88.12,24.00,2.00,7.00,M,0.02,30.11,21.00,290.00
ROC,2026-02-03 22:30,M,M,M,2.50,7.00,M,0.02,30.11,M,280.00
ROC,2026-02-03 22:35,M,M,M,2.50,6.00,M,0.02,30.11,M,280.00
ROC,2026-02-03 22:36,15.03,91.93,24.00,2.00,7.00,M,0.02,30.11,22.00,280.00
ROC,2026-02-03 22:40,M,M,M,5.00,6.00,M,0.02,30.11,M,290.00
ROC,2026-02-03 22:42,15.03,88.12,24.00,6.00,7.00,M,0.02,30.11,21.00,290.00
ROC,2026-02-03 22:45,M,M,M,6.00,7.00,M,0.02,30.11,M,290.00
ROC,2026-02-03 22:50,M,M,M,6.00,5.00,M,0.02,30.11,M,280.00
ROC,2026-02-03 22:54,16.89,84.45,24.00,9.00,5.00,1021.00,0.02,30.12,20.00,300.00
ROC,2026-02-03 22:55,M,M,M,9.00,6.00,M,M,30.12,M,290.00
ROC,2026-02-03 23:00,M,M,M,10.00,10.00,M,M,30.12,M,280.00
ROC,2026-02-03 23:05,M,M,M,10.00,10.00,M,M,30.12,M,290.00
ROC,2026-02-03 23:09,12.36,74.24,24.00,10.00,11.00,M,0.00,30.12,17.00,280.00
ROC,2026-02-03 23:10,M,M,M,10.00,11.00,M,M,30.12,M,270.00
ROC,2026-02-03 23:15,M,M,M,10.00,11.00,M,M,30.13,M,280.00
ROC,2026-02-03 23:20,M,M,M,10.00,10.00,M,M,30.13,M,290.00
ROC,2026-02-03 23:25,M,M,M,10.00,11.00,M,M,30.13,M,280.00
ROC,2026-02-03 23:30,M,M,M,10.00,9.00,M,M,30.13,M,280.00
ROC,2026-02-03 23:35,M,M,M,10.00,11.00,M,M,30.13,M,300.00
ROC,2026-02-03 23:40,M,M,M,10.00,13.00,M,M,30.13,M,300.00
ROC,2026-02-03 23:45,M,M,M,10.00,10.00,M,M,30.13,M,290.00
ROC,2026-02-03 23:50,M,M,M,10.00,8.00,M,M,30.13,M,280.00
ROC,2026-02-03 23:54,9.83,70.86,22.00,10.00,11.00,1021.70,0.00,30.13,14.00,280.00
ROC,2026-02-03 23:55,M,M,M,10.00,12.00,M,M,30.13,M,290.00
ROC,2026-02-04 00:00,M,M,M,10.00,12.00,M,M,30.13,M,280.00
ROC,2026-02-04 00:05,M,M,M,10.00,12.00,M,M,30.13,M,290.00
ROC,2026-02-04 00:10,M,M,M,10.00,11.00,M,M,30.13,M,300.00
ROC,2026-02-04 00:15,M,M,M,10.00,11.00,M,M,30.14,M,280.00
ROC,2026-02-04 00:20,M,M,M,10.00,9.00,M,M,30.14,M,280.00
ROC,2026-02-04 00:25,M,M,M,10.00,9.00,M,M,30.14,M,290.00
ROC,2026-02-04 00:30,M,M,M,10.00,10.00,M,M,30.14,M,290.00
ROC,2026-02-04 00:35,M,M,M,10.00,8.00,M,M,30.14,M,300.00
ROC,2026-02-04 00:40,M,M,M,10.00,9.00,M,M,30.14,M,290.00
ROC,2026-02-04 00:45,M,M,M,10.00,10.00,M,M,30.14,M,290.00
ROC,2026-02-04 00:50,M,M,M,10.00,9.00,M,M,30.14,M,280.00
ROC,2026-02-04 00:54,8.57,64.74,21.00,10.00,11.00,1021.90,0.00,30.14,11.00,280.00
ROC,2026-02-04 00:55,M,M,M,10.00,11.00,M,M,30.14,M,280.00
ROC,2026-02-04 01:00,M,M,M,10.00,11.00,M,M,30.14,M,280.00
ROC,2026-02-04 01:05,M,M,M,10.00,10.00,M,M,30.14,M,270.00
ROC,2026-02-04 01:10,M,M,M,10.00,8.00,M,M,30.14,M,270.00
ROC,2026-02-04 01:15,M,M,M,10.00,8.00,M,M,30.14,M,270.00
ROC,2026-02-04 01:20,M,M,M,10.00,9.00,M,M,30.14,M,270.00
ROC,2026-02-04 01:25,M,M,M,10.00,10.00,M,M,30.14,M,270.00
ROC,2026-02-04 01:30,M,M,M,10.00,9.00,M,M,30.14,M,260.00
ROC,2026-02-04 01:35,M,M,M,10.00,10.00,M,M,30.14,M,270.00
ROC,2026-02-04 01:40,M,M,M,10.00,10.00,M,M,30.14,M,270.00
ROC,2026-02-04 01:45,M,M,M,10.00,11.00,M,M,30.14,M,270.00
ROC,2026-02-04 01:50,M,M,M,10.00,9.00,M,M,30.14,M,270.00
ROC,2026-02-04 01:54,9.33,64.61,20.00,10.00,8.00,1021.90,T,30.14,10.00,270.00
ROC,2026-02-04 01:55,M,M,M,10.00,8.00,M,M,30.14,M,260.00
ROC,2026-02-04 02:00,M,M,M,9.00,8.00,M,M,30.14,M,260.00
ROC,2026-02-04 02:05,M,M,M,9.00,10.00,M,M,30.14,M,260.00
ROC,2026-02-04 02:10,M,M,M,9.00,10.00,M,M,30.14,M,260.00
ROC,2026-02-04 02:15,M,M,M,9.00,10.00,M,M,30.14,M,260.00
ROC,2026-02-04 02:20,M,M,M,9.00,11.00,M,M,30.14,M,260.00
ROC,2026-02-04 02:25,M,M,M,9.00,10.00,M,M,30.14,M,260.00
ROC,2026-02-04 02:30,M,M,M,9.00,11.00,M,M,30.14,M,260.00
ROC,2026-02-04 02:35,M,M,M,9.00,11.00,M,M,30.14,M,260.00
ROC,2026-02-04 02:40,M,M,M,9.00,11.00,M,M,30.14,M,260.00
ROC,2026-02-04 02:45,M,M,M,9.00,10.00,M,M,30.14,M,270.00
ROC,2026-02-04 02:50,M,M,M,9.00,11.00,M,M,30.15,M,270.00
ROC,2026-02-04 02:54,6.04,67.43,19.00,9.00,11.00,1022.00,T,30.14,10.00,260.00
ROC,2026-02-04 02:55,M,M,M,9.00,11.00,M,M,30.14,M,260.00
ROC,2026-02-04 03:00,M,M,M,9.00,10.00,M,M,30.14,M,260.00
ROC,2026-02-04 03:05,M,M,M,9.00,10.00,M,M,30.14,M,270.00
ROC,2026-02-04 03:10,M,M,M,9.00,10.00,M,M,30.14,M,260.00
ROC,2026-02-04 03:15,M,M,M,9.00,10.00,M,M,30.14,M,260.00
ROC,2026-02-04 03:20,M,M,M,9.00,11.00,M,M,30.14,M,260.00
ROC,2026-02-04 03:25,M,M,M,9.00,11.00,M,M,30.14,M,260.00
ROC,2026-02-04 03:30,M,M,M,9.00,11.00,M,M,30.14,M,260.00
ROC,2026-02-04 03:35,M,M,M,9.00,11.00,M,M,30.15,M,260.00
ROC,2026-02-04 03:40,M,M,M,9.00,11.00,M,M,30.15,M,260.00
ROC,2026-02-04 03:45,M,M,M,9.00,10.00,M,M,30.15,M,250.00
ROC,2026-02-04 03:50,M,M,M,9.00,10.00,M,M,30.15,M,260.00
ROC,2026-02-04 03:54,6.67,70.51,19.00,9.00,10.00,1022.20,T,30.15,11.00,260.00
ROC,2026-02-04 03:55,M,M,M,9.00,11.00,M,M,30.15,M,260.00
ROC,2026-02-04 04:00,M,M,M,9.00,11.00,M,M,30.15,M,260.00
ROC,2026-02-04 04:05,M,M,M,9.00,10.00,M,M,30.15,M,260.00
ROC,2026-02-04 04:10,M,M,M,9.00,10.00,M,M,30.15,M,260.00
ROC,2026-02-04 04:15,M,M,M,9.00,12.00,M,M,30.15,M,260.00
ROC,2026-02-04 04:20,M,M,M,9.00,10.00,M,M,30.15,M,270.00
ROC,2026-02-04 04:25,M,M,M,9.00,10.00,M,M,30.15,M,260.00
ROC,2026-02-04 04:30,M,M,M,9.00,11.00,M,M,30.16,M,250.00
ROC,2026-02-04 04:35,M,M,M,9.00,10.00,M,M,30.16,M,260.00
ROC,2026-02-04 04:40,M,M,M,9.00,12.00,M,M,30.15,M,260.00
ROC,2026-02-04 04:45,M,M,M,9.00,12.00,M,M,30.15,M,250.00
ROC,2026-02-04 04:50,M,M,M,9.00,11.00,M,M,30.15,M,260.00
ROC,2026-02-04 04:54,6.04,70.51,19.00,8.00,11.00,1022.30,T,30.15,11.00,270.00
ROC,2026-02-04 04:55,M,M,M,8.00,11.00,M,M,30.15,M,270.00
ROC,2026-02-04 05:00,M,M,M,6.00,11.00,M,M,30.15,M,270.00
ROC,2026-02-04 05:05,M,M,M,6.00,10.00,M,M,30.16,M,260.00
ROC,2026-02-04 05:10,M,M,M,7.00,10.00,M,M,30.16,M,260.00
ROC,2026-02-04 05:15,M,M,M,6.00,9.00,M,M,30.16,M,260.00
ROC,2026-02-04 05:20,M,M,M,6.00,11.00,M,M,30.16,M,260.00
ROC,2026-02-04 05:25,M,M,M,5.00,M,M,M,30.16,M,M
ROC,2026-02-04 05:30,M,M,M,4.00,11.00,M,M,30.16,M,270.00
ROC,2026-02-04 05:31,4.77,76.95,18.00,3.00,11.00,M,T,30.17,12.00,270.00
ROC,2026-02-04 05:35,M,M,M,3.00,12.00,M,M,30.17,M,270.00
ROC,2026-02-04 05:40,M,M,M,2.50,12.00,M,M,30.17,M,270.00
ROC,2026-02-04 05:44,3.63,80.42,18.00,2.00,13.00,M,T,30.17,13.00,270.00
ROC,2026-02-04 05:45,M,M,M,2.00,13.00,M,M,30.17,M,M
ROC,2026-02-04 05:50,M,M,M,2.50,11.00,M,M,30.17,M,270.00
ROC,2026-02-04 05:54,3.51,83.97,17.00,2.50,11.00,1023.00,T,30.17,13.00,280.00
ROC,2026-02-04 05:55,M,M,M,2.50,10.00,M,M,30.17,M,270.00
ROC,2026-02-04 06:00,M,M,M,3.00,13.00,M,M,30.18,M,270.00
ROC,2026-02-04 06:05,M,M,M,2.50,M,M,M,30.18,M,M
ROC,2026-02-04 06:10,M,M,M,2.50,11.00,M,M,30.18,M,280.00
ROC,2026-02-04 06:15,M,M,M,2.50,12.00,M,M,30.18,M,280.00
ROC,2026-02-04 06:20,M,M,M,2.50,9.00,M,M,30.18,M,280.00
ROC,2026-02-04 06:25,M,M,M,3.00,12.00,M,M,30.19,M,280.00
ROC,2026-02-04 06:26,2.91,83.97,17.00,3.00,12.00,M,T,30.19,13.00,280.00
ROC,2026-02-04 06:30,M,M,M,3.00,11.00,M,M,30.19,M,280.00
ROC,2026-02-04 06:35,M,M,M,4.00,11.00,M,M,30.19,M,280.00
ROC,2026-02-04 06:40,M,M,M,3.00,13.00,M,M,30.19,M,280.00
ROC,2026-02-04 06:45,M,M,M,3.00,9.00,M,M,30.20,M,290.00
ROC,2026-02-04 06:50,M,M,M,2.50,10.00,M,M,30.20,M,290.00
ROC,2026-02-04 06:54,5.64,80.34,17.00,2.50,8.00,1023.90,T,30.20,12.00,290.00
ROC,2026-02-04 06:55,M,M,M,2.50,8.00,M,M,30.20,M,290.00
ROC,2026-02-04 07:00,M,M,M,2.50,9.00,M,M,30.20,M,290.00
ROC,2026-02-04 07:05,M,M,M,2.50,8.00,M,M,30.20,M,290.00
ROC,2026-02-04 07:10,M,M,M,2.50,8.00,M,M,30.20,M,270.00
ROC,2026-02-04 07:15,M,M,M,6.00,9.00,M,M,30.21,M,280.00
ROC,2026-02-04 07:20,M,M,M,7.00,8.00,M,M,30.21,M,280.00
ROC,2026-02-04 07:20,4.40,83.90,16.00,7.00,8.00,M,T,30.21,12.00,280.00
ROC,2026-02-04 07:25,M,M,M,8.00,9.00,M,M,30.21,M,280.00
ROC,2026-02-04 07:30,M,M,M,9.00,9.00,M,M,30.21,M,280.00
ROC,2026-02-04 07:35,M,M,M,7.00,8.00,M,M,30.21,M,280.00
ROC,2026-02-04 07:40,M,M,M,6.00,8.00,M,M,30.21,M,270.00
ROC,2026-02-04 07:45,M,M,M,7.00,8.00,M,M,30.21,M,270.00
ROC,2026-02-04 07:50,M,M,M,9.00,8.00,M,M,30.21,M,270.00
ROC,2026-02-04 07:54,4.06,83.83,15.00,9.00,7.00,1024.30,T,30.21,11.00,270.00
ROC,2026-02-04 07:55,M,M,M,9.00,8.00,M,M,30.21,M,270.00
ROC,2026-02-04 08:00,M,M,M,9.00,7.00,M,M,30.22,M,280.00
ROC,2026-02-04 08:05,M,M,M,9.00,8.00,M,M,30.21,M,270.00
ROC,2026-02-04 08:10,M,M,M,9.00,8.00,M,M,30.21,M,270.00
ROC,2026-02-04 08:15,M,M,M,9.00,8.00,M,M,30.21,M,270.00
ROC,2026-02-04 08:20,M,M,M,9.00,7.00,M,M,30.21,M,270.00
ROC,2026-02-04 08:25,M,M,M,9.00,8.00,M,M,30.21,M,270.00
ROC,2026-02-04 08:30,M,M,M,9.00,7.00,M,M,30.21,M,280.00
ROC,2026-02-04 08:35,M,M,M,9.00,8.00,M,M,30.22,M,270.00
ROC,2026-02-04 08:40,M,M,M,9.00,8.00,M,M,30.22,M,270.00
ROC,2026-02-04 08:45,M,M,M,9.00,8.00,M,M,30.22,M,270.00
ROC,2026-02-04 08:50,M,M,M,9.00,7.00,M,M,30.22,M,260.00
ROC,2026-02-04 08:54,2.65,87.53,13.00,9.00,6.00,1024.70,T,30.22,10.00,260.00
ROC,2026-02-04 08:55,M,M,M,9.00,6.00,M,M,30.22,M,260.00
ROC,2026-02-04 09:00,M,M,M,9.00,6.00,M,M,30.22,M,260.00
ROC,2026-02-04 09:05,M,M,M,9.00,6.00,M,M,30.22,M,260.00
ROC,2026-02-04 09:10,M,M,M,9.00,6.00,M,M,30.23,M,260.00
ROC,2026-02-04 09:15,M,M,M,9.00,7.00,M,M,30.23,M,260.00
ROC,2026-02-04 09:20,M,M,M,9.00,5.00,M,M,30.23,M,260.00
ROC,2026-02-04 09:25,M,M,M,9.00,6.00,M,M,30.23,M,250.00
ROC,2026-02-04 09:30,M,M,M,9.00,7.00,M,M,30.23,M,250.00
ROC,2026-02-04 09:35,M,M,M,9.00,7.00,M,M,30.23,M,250.00
ROC,2026-02-04 09:40,M,M,M,9.00,6.00,M,M,30.23,M,250.00
ROC,2026-02-04 09:45,M,M,M,9.00,7.00,M,M,30.23,M,250.00
ROC,2026-02-04 09:50,M,M,M,9.00,6.00,M,M,30.23,M,260.00
ROC,2026-02-04 09:54,1.46,87.42,11.00,9.00,5.00,1025.10,T,30.23,8.00,260.00
ROC,2026-02-04 09:55,M,M,M,9.00,6.00,M,M,30.23,M,260.00
ROC,2026-02-04 10:00,M,M,M,9.00,6.00,M,M,30.23,M,260.00
ROC,2026-02-04 10:05,M,M,M,9.00,6.00,M,M,30.23,M,260.00
ROC,2026-02-04 10:10,M,M,M,9.00,6.00,M,M,30.23,M,250.00
ROC,2026-02-04 10:15,M,M,M,9.00,6.00,M,M,30.23,M,250.00
ROC,2026-02-04 10:20,M,M,M,9.00,7.00,M,M,30.24,M,250.00
ROC,2026-02-04 10:25,M,M,M,9.00,7.00,M,M,30.24,M,250.00
ROC,2026-02-04 10:30,M,M,M,9.00,7.00,M,M,30.24,M,250.00
ROC,2026-02-04 10:35,M,M,M,9.00,6.00,M,M,30.24,M,260.00
ROC,2026-02-04 10:40,M,M,M,9.00,6.00,M,M,30.24,M,260.00
ROC,2026-02-04 10:45,M,M,M,9.00,7.00,M,M,30.24,M,260.00
ROC,2026-02-04 10:50,M,M,M,9.00,7.00,M,M,30.24,M,260.00
ROC,2026-02-04 10:54,-2.04,91.40,10.00,9.00,7.00,1025.50,T,30.24,8.00,260.00
ROC,2026-02-04 10:55,M,M,M,9.00,7.00,M,M,30.24,M,260.00
ROC,2026-02-04 11:00,M,M,M,9.00,7.00,M,M,30.24,M,260.00
ROC,2026-02-04 11:05,M,M,M,9.00,7.00,M,M,30.25,M,260.00
ROC,2026-02-04 11:10,M,M,M,9.00,7.00,M,M,30.24,M,260.00
ROC,2026-02-04 11:15,M,M,M,9.00,7.00,M,M,30.25,M,260.00
ROC,2026-02-04 11:20,M,M,M,9.00,7.00,M,M,30.25,M,260.00
ROC,2026-02-04 11:25,M,M,M,9.00,7.00,M,M,30.25,M,260.00
ROC,2026-02-04 11:30,M,M,M,9.00,8.00,M,M,30.25,M,250.00
ROC,2026-02-04 11:35,M,M,M,9.00,7.00,M,M,30.25,M,250.00
ROC,2026-02-04 11:40,M,M,M,9.00,8.00,M,M,30.25,M,260.00
ROC,2026-02-04 11:45,M,M,M,9.00,8.00,M,M,30.25,M,260.00
ROC,2026-02-04 11:50,M,M,M,9.00,8.00,M,M,30.26,M,250.00
ROC,2026-02-04 11:54,-4.22,91.36,9.00,10.00,8.00,1026.00,T,30.26,7.00,250.00
ROC,2026-02-04 11:55,M,M,M,10.00,7.00,M,M,30.26,M,250.00
ROC,2026-02-04 12:00,M,M,M,10.00,7.00,M,M,30.26,M,260.00
ROC,2026-02-04 12:05,M,M,M,10.00,7.00,M,M,30.26,M,260.00
ROC,2026-02-04 12:10,M,M,M,10.00,7.00,M,M,30.26,M,260.00
ROC,2026-02-04 12:15,M,M,M,10.00,8.00,M,M,30.26,M,260.00
ROC,2026-02-04 12:20,M,M,M,9.00,7.00,M,M,30.27,M,260.00
ROC,2026-02-04 12:25,M,M,M,9.00,7.00,M,M,30.27,M,270.00
ROC,2026-02-04 12:30,M,M,M,10.00,8.00,M,M,30.27,M,260.00
ROC,2026-02-04 12:35,M,M,M,10.00,8.00,M,M,30.27,M,260.00
ROC,2026-02-04 12:40,M,M,M,10.00,7.00,M,M,30.27,M,260.00
ROC,2026-02-04 12:45,M,M,M,10.00,7.00,M,M,30.27,M,260.00
ROC,2026-02-04 12:50,M,M,M,10.00,7.00,M,M,30.27,M,260.00
ROC,2026-02-04 12:54,-3.26,87.30,9.00,10.00,7.00,1026.60,0.00,30.27,6.00,260.00
ROC,2026-02-04 12:55,M,M,M,10.00,7.00,M,M,30.27,M,260.00
ROC,2026-02-04 13:00,M,M,M,10.00,7.00,M,M,30.28,M,260.00
ROC,2026-02-04 13:05,M,M,M,10.00,8.00,M,M,30.28,M,260.00
ROC,2026-02-04 13:10,M,M,M,10.00,8.00,M,M,30.28,M,260.00
ROC,2026-02-04 13:15,M,M,M,10.00,9.00,M,M,30.28,M,260.00
ROC,2026-02-04 13:20,M,M,M,10.00,9.00,M,M,30.28,M,260.00
ROC,2026-02-04 13:25,M,M,M,10.00,8.00,M,M,30.28,M,260.00
ROC,2026-02-04 13:30,M,M,M,10.00,8.00,M,M,30.29,M,270.00
ROC,2026-02-04 13:35,M,M,M,10.00,8.00,M,M,30.28,M,260.00
ROC,2026-02-04 13:40,M,M,M,10.00,8.00,M,M,30.28,M,260.00
ROC,2026-02-04 13:45,M,M,M,10.00,8.00,M,M,30.29,M,260.00
ROC,2026-02-04 13:50,M,M,M,10.00,9.00,M,M,30.29,M,260.00
ROC,2026-02-04 13:54,1.13,80.09,14.00,10.00,9.00,1027.00,0.00,30.29,9.00,260.00
ROC,2026-02-04 13:55,M,M,M,10.00,9.00,M,M,30.29,M,260.00
ROC,2026-02-04 14:00,M,M,M,10.00,9.00,M,M,30.29,M,260.00
ROC,2026-02-04 14:05,M,M,M,10.00,9.00,M,M,30.29,M,260.00
ROC,2026-02-04 14:10,M,M,M,10.00,9.00,M,M,30.29,M,260.00
ROC,2026-02-04 14:15,M,M,M,10.00,8.00,M,M,30.29,M,260.00
ROC,2026-02-04 14:20,M,M,M,10.00,7.00,M,M,30.29,M,260.00
ROC,2026-02-04 14:25,M,M,M,10.00,8.00,M,M,30.29,M,270.00
ROC,2026-02-04 14:30,M,M,M,10.00,9.00,M,M,30.29,M,280.00
ROC,2026-02-04 14:35,M,M,M,10.00,9.00,M,M,30.29,M,270.00
ROC,2026-02-04 14:40,M,M,M,10.00,10.00,M,M,30.30,M,270.00
ROC,2026-02-04 14:45,M,M,M,10.00,8.00,M,M,30.30,M,270.00
ROC,2026-02-04 14:50,M,M,M,10.00,9.00,M,M,30.30,M,270.00
ROC,2026-02-04 14:54,5.41,73.60,18.00,10.00,10.00,1027.40,0.00,30.30,11.00,280.00
ROC,2026-02-04 14:55,M,M,M,10.00,10.00,M,M,30.30,M,280.00
ROC,2026-02-04 15:00,M,M,M,10.00,9.00,M,M,30.30,M,280.00
ROC,2026-02-04 15:05,M,M,M,10.00,8.00,M,M,30.31,M,280.00
ROC,2026-02-04 15:10,M,M,M,10.00,11.00,M,M,30.31,M,290.00
ROC,2026-02-04 15:15,M,M,M,10.00,11.00,M,M,30.31,M,280.00
ROC,2026-02-04 15:20,M,M,M,10.00,11.00,M,M,30.31,M,290.00
ROC,2026-02-04 15:25,M,M,M,10.00,11.00,M,M,30.32,M,270.00
ROC,2026-02-04 15:30,M,M,M,10.00,10.00,M,M,30.32,M,280.00
ROC,2026-02-04 15:35,M,M,M,10.00,11.00,M,M,30.32,M,270.00
ROC,2026-02-04 15:40,M,M,M,10.00,11.00,M,M,30.32,M,280.00
ROC,2026-02-04 15:45,M,M,M,10.00,10.00,M,M,30.31,M,270.00
ROC,2026-02-04 15:50,M,M,M,10.00,9.00,M,M,30.31,M,300.00
ROC,2026-02-04 15:54,9.33,70.63,20.00,10.00,8.00,1027.70,0.00,30.31,12.00,280.00
ROC,2026-02-04 15:55,M,M,M,10.00,8.00,M,M,30.31,M,270.00
ROC,2026-02-04 16:00,M,M,M,10.00,10.00,M,M,30.31,M,290.00
ROC,2026-02-04 16:05,M,M,M,10.00,10.00,M,M,30.31,M,280.00
ROC,2026-02-04 16:10,M,M,M,10.00,9.00,M,M,30.31,M,280.00
ROC,2026-02-04 16:15,M,M,M,10.00,8.00,M,M,30.30,M,300.00
ROC,2026-02-04 16:20,M,M,M,10.00,8.00,M,M,30.30,M,270.00
ROC,2026-02-04 16:25,M,M,M,10.00,7.00,M,M,30.30,M,300.00
ROC,2026-02-04 16:30,M,M,M,10.00,8.00,M,M,30.30,M,300.00
ROC,2026-02-04 16:35,M,M,M,10.00,9.00,M,M,30.30,M,310.00
ROC,2026-02-04 16:40,M,M,M,10.00,9.00,M,M,30.30,M,320.00
ROC,2026-02-04 16:45,M,M,M,10.00,11.00,M,M,30.30,M,310.00
ROC,2026-02-04 16:50,M,M,M,10.00,11.00,M,M,30.30,M,290.00
ROC,2026-02-04 16:54,8.57,67.68,21.00,10.00,11.00,1027.30,0.00,30.30,12.00,280.00
ROC,2026-02-04 16:55,M,M,M,10.00,11.00,M,M,30.30,M,280.00
ROC,2026-02-04 17:00,M,M,M,10.00,10.00,M,M,30.30,M,290.00
ROC,2026-02-04 17:05,M,M,M,10.00,9.00,M,M,30.29,M,280.00
ROC,2026-02-04 17:10,M,M,M,10.00,11.00,M,M,30.30,M,280.00
ROC,2026-02-04 17:15,M,M,M,10.00,10.00,M,M,30.29,M,270.00
ROC,2026-02-04 17:20,M,M,M,10.00,11.00,M,M,30.29,M,270.00
ROC,2026-02-04 17:25,M,M,M,10.00,8.00,M,M,30.29,M,280.00
ROC,2026-02-04 17:30,M,M,M,10.00,8.00,M,M,30.29,M,270.00
ROC,2026-02-04 17:35,M,M,M,10.00,7.00,M,M,30.29,M,260.00
ROC,2026-02-04 17:40,M,M,M,10.00,9.00,M,M,30.28,M,250.00
ROC,2026-02-04 17:45,M,M,M,10.00,10.00,M,M,30.28,M,250.00
ROC,2026-02-04 17:50,M,M,M,10.00,11.00,M,M,30.28,M,260.00
ROC,2026-02-04 17:54,10.43,64.88,22.00,10.00,10.00,1026.70,0.00,30.28,12.00,260.00
ROC,2026-02-04 17:55,M,M,M,10.00,10.00,M,M,30.28,M,250.00
ROC,2026-02-04 18:00,M,M,M,10.00,10.00,M,M,30.28,M,270.00
ROC,2026-02-04 18:05,M,M,M,10.00,11.00,M,M,30.28,M,250.00
ROC,2026-02-04 18:10,M,M,M,10.00,9.00,M,M,30.28,M,290.00
ROC,2026-02-04 18:15,M,M,M,10.00,7.00,M,M,30.27,M,280.00
ROC,2026-02-04 18:20,M,M,M,10.00,11.00,M,M,30.27,M,260.00
ROC,2026-02-04 18:25,M,M,M,10.00,9.00,M,M,30.27,M,280.00
ROC,2026-02-04 18:30,M,M,M,10.00,10.00,M,M,30.27,M,270.00
ROC,2026-02-04 18:35,M,M,M,10.00,6.00,M,M,30.27,M,290.00
ROC,2026-02-04 18:40,M,M,M,10.00,9.00,M,M,30.27,M,290.00
ROC,2026-02-04 18:45,M,M,M,10.00,10.00,M,M,30.27,M,300.00
ROC,2026-02-04 18:50,M,M,M,10.00,10.00,M,M,30.27,M,290.00
ROC,2026-02-04 18:54,11.68,59.50,23.00,10.00,10.00,1026.30,0.00,30.27,11.00,260.00
ROC,2026-02-04 18:55,M,M,M,10.00,9.00,M,M,30.27,M,270.00
ROC,2026-02-04 19:00,M,M,M,10.00,8.00,M,M,30.27,M,270.00
ROC,2026-02-04 19:05,M,M,M,10.00,8.00,M,M,30.27,M,300.00
ROC,2026-02-04 19:10,M,M,M,10.00,10.00,M,M,30.27,M,290.00
ROC,2026-02-04 19:15,M,M,M,10.00,11.00,M,M,30.26,M,300.00
ROC,2026-02-04 19:20,M,M,M,10.00,9.00,M,M,30.26,M,300.00
ROC,2026-02-04 19:25,M,M,M,10.00,8.00,M,M,30.27,M,280.00
ROC,2026-02-04 19:30,M,M,M,10.00,10.00,M,M,30.26,M,290.00
ROC,2026-02-04 19:35,M,M,M,10.00,7.00,M,M,30.27,M,290.00
ROC,2026-02-04 19:40,M,M,M,10.00,9.00,M,M,30.27,M,280.00
ROC,2026-02-04 19:45,M,M,M,10.00,7.00,M,M,30.27,M,270.00
ROC,2026-02-04 19:50,M,M,M,10.00,9.00,M,M,30.27,M,270.00
ROC,2026-02-04 19:54,12.32,59.50,23.00,10.00,9.00,1026.20,0.00,30.27,11.00,260.00
ROC,2026-02-04 19:55,M,M,M,10.00,9.00,M,M,30.27,M,290.00
ROC,2026-02-04 20:00,M,M,M,10.00,9.00,M,M,30.27,M,280.00
ROC,2026-02-04 20:05,M,M,M,10.00,9.00,M,M,30.27,M,260.00
ROC,2026-02-04 20:10,M,M,M,10.00,11.00,M,M,30.27,M,260.00
ROC,2026-02-04 20:15,M,M,M,10.00,13.00,M,M,30.26,M,270.00
ROC,2026-02-04 20:20,M,M,M,10.00,9.00,M,M,30.26,M,260.00
ROC,2026-02-04 20:25,M,M,M,10.00,7.00,M,M,30.26,M,270.00
ROC,2026-02-04 20:30,M,M,M,10.00,11.00,M,M,30.26,M,280.00
ROC,2026-02-04 20:35,M,M,M,10.00,10.00,M,M,30.26,M,280.00
ROC,2026-02-04 20:40,M,M,M,10.00,8.00,M,M,30.26,M,280.00
ROC,2026-02-04 20:45,M,M,M,10.00,8.00,M,M,30.26,M,270.00
ROC,2026-02-04 20:50,M,M,M,10.00,7.00,M,M,30.26,M,310.00
ROC,2026-02-04 20:54,12.32,56.90,23.00,10.00,9.00,1026.10,0.00,30.26,10.00,260.00
ROC,2026-02-04 20:55,M,M,M,10.00,9.00,M,M,30.26,M,260.00
ROC,2026-02-04 21:00,M,M,M,10.00,10.00,M,M,30.26,M,260.00
ROC,2026-02-04 21:05,M,M,M,10.00,9.00,M,M,30.26,M,260.00
ROC,2026-02-04 21:10,M,M,M,10.00,9.00,M,M,30.26,M,250.00
ROC,2026-02-04 21:15,M,M,M,10.00,10.00,M,M,30.26,M,260.00
ROC,2026-02-04 21:20,M,M,M,10.00,8.00,M,M,30.26,M,280.00
ROC,2026-02-04 21:25,M,M,M,10.00,9.00,M,M,30.26,M,260.00
ROC,2026-02-04 21:30,M,M,M,10.00,8.00,M,M,30.26,M,260.00
ROC,2026-02-04 21:35,M,M,M,10.00,8.00,M,M,30.26,M,270.00
ROC,2026-02-04 21:40,M,M,M,10.00,10.00,M,M,30.26,M,270.00
ROC,2026-02-04 21:45,M,M,M,10.00,10.00,M,M,30.26,M,260.00
ROC,2026-02-04 21:50,M,M,M,10.00,8.00,M,M,30.25,M,260.00
ROC,2026-02-04 21:54,11.08,59.35,22.00,10.00,9.00,1025.90,0.00,30.25,10.00,250.00
ROC,2026-02-04 21:55,M,M,M,10.00,8.00,M,M,30.25,M,250.00
ROC,2026-02-04 22:00,M,M,M,10.00,7.00,M,M,30.25,M,260.00
ROC,2026-02-04 22:05,M,M,M,10.00,9.00,M,M,30.25,M,250.00
ROC,2026-02-04 22:10,M,M,M,10.00,8.00,M,M,30.25,M,260.00
ROC,2026-02-04 22:15,M,M,M,10.00,8.00,M,M,30.25,M,260.00
ROC,2026-02-04 22:20,M,M,M,10.00,7.00,M,M,30.25,M,260.00
ROC,2026-02-04 22:25,M,M,M,10.00,8.00,M,M,30.25,M,260.00
ROC,2026-02-04 22:30,M,M,M,10.00,8.00,M,M,30.25,M,260.00
ROC,2026-02-04 22:35,M,M,M,10.00,8.00,M,M,30.25,M,260.00
ROC,2026-02-04 22:40,M,M,M,10.00,9.00,M,M,30.25,M,260.00
ROC,2026-02-04 22:45,M,M,M,10.00,8.00,M,M,30.25,M,260.00
ROC,2026-02-04 22:50,M,M,M,10.00,9.00,M,M,30.25,M,260.00
ROC,2026-02-04 22:54,8.10,64.48,19.00,10.00,8.00,1026.00,0.00,30.26,9.00,270.00
ROC,2026-02-04 22:55,M,M,M,10.00,8.00,M,M,30.26,M,270.00
ROC,2026-02-04 23:00,M,M,M,10.00,8.00,M,M,30.26,M,270.00
ROC,2026-02-04 23:05,M,M,M,10.00,8.00,M,M,30.26,M,270.00
ROC,2026-02-04 23:10,M,M,M,10.00,8.00,M,M,30.26,M,280.00
ROC,2026-02-04 23:15,M,M,M,10.00,7.00,M,M,30.26,M,270.00
ROC,2026-02-04 23:20,M,M,M,10.00,7.00,M,M,30.26,M,270.00
ROC,2026-02-04 23:25,M,M,M,10.00,7.00,M,M,30.26,M,270.00
ROC,2026-02-04 23:30,M,M,M,10.00,8.00,M,M,30.26,M,270.00
ROC,2026-02-04 23:35,M,M,M,10.00,8.00,M,M,30.26,M,270.00
ROC,2026-02-04 23:40,M,M,M,10.00,8.00,M,M,30.27,M,270.00
ROC,2026-02-04 23:45,M,M,M,10.00,8.00,M,M,30.27,M,270.00
ROC,2026-02-04 23:50,M,M,M,10.00,8.00,M,M,30.27,M,270.00
ROC,2026-02-04 23:54,6.11,61.49,18.00,10.00,9.00,1026.40,0.00,30.27,7.00,270.00
ROC,2026-02-04 23:55,M,M,M,10.00,8.00,M,M,30.27,M,270.00
ROC,2026-02-05 00:00,M,M,M,10.00,9.00,M,M,30.27,M,270.00
ROC,2026-02-05 00:05,M,M,M,10.00,9.00,M,M,30.27,M,270.00
ROC,2026-02-05 00:10,M,M,M,10.00,10.00,M,M,30.27,M,260.00
ROC,2026-02-05 00:15,M,M,M,10.00,9.00,M,M,30.27,M,260.00
ROC,2026-02-05 00:20,M,M,M,10.00,10.00,M,M,30.27,M,260.00
ROC,2026-02-05 00:25,M,M,M,10.00,8.00,M,M,30.28,M,260.00
ROC,2026-02-05 00:30,M,M,M,10.00,8.00,M,M,30.28,M,270.00
ROC,2026-02-05 00:35,M,M,M,10.00,9.00,M,M,30.28,M,270.00
ROC,2026-02-05 00:40,M,M,M,10.00,8.00,M,M,30.28,M,270.00
ROC,2026-02-05 00:45,M,M,M,10.00,9.00,M,M,30.28,M,270.00
ROC,2026-02-05 00:50,M,M,M,10.00,8.00,M,M,30.28,M,270.00
ROC,2026-02-05 00:54,3.17,70.04,15.00,10.00,8.00,1027.10,0.00,30.29,7.00,270.00
ROC,2026-02-05 00:55,M,M,M,10.00,8.00,M,M,30.29,M,270.00
ROC,2026-02-05 01:00,M,M,M,10.00,7.00,M,M,30.29,M,260.00
ROC,2026-02-05 01:05,M,M,M,10.00,7.00,M,M,30.29,M,270.00
ROC,2026-02-05 01:10,M,M,M,10.00,7.00,M,M,30.29,M,270.00
ROC,2026-02-05 01:15,M,M,M,10.00,6.00,M,M,30.29,M,270.00
ROC,2026-02-05 01:20,M,M,M,10.00,7.00,M,M,30.28,M,260.00
ROC,2026-02-05 01:25,M,M,M,10.00,8.00,M,M,30.28,M,250.00
ROC,2026-02-05 01:30,M,M,M,10.00,10.00,M,M,30.28,M,250.00
ROC,2026-02-05 01:33,2.38,70.04,15.00,10.00,9.00,M,0.00,30.28,7.00,250.00
ROC,2026-02-05 01:35,M,M,M,10.00,10.00,M,M,30.28,M,250.00
ROC,2026-02-05 01:40,M,M,M,10.00,9.00,M,M,30.27,M,240.00
ROC,2026-02-05 01:45,M,M,M,10.00,10.00,M,M,30.27,M,240.00
ROC,2026-02-05 01:50,M,M,M,10.00,10.00,M,M,30.27,M,240.00
ROC,2026-02-05 01:54,1.65,73.28,15.00,10.00,10.00,1026.40,T,30.27,8.00,250.00
ROC,2026-02-05 01:55,M,M,M,10.00,9.00,M,M,30.27,M,250.00
ROC,2026-02-05 02:00,M,M,M,9.00,7.00,M,M,30.27,M,250.00
ROC,2026-02-05 02:05,M,M,M,9.00,9.00,M,M,30.26,M,260.00
ROC,2026-02-05 02:10,M,M,M,9.00,8.00,M,M,30.26,M,260.00
ROC,2026-02-05 02:15,M,M,M,9.00,9.00,M,M,30.26,M,260.00
ROC,2026-02-05 02:20,M,M,M,9.00,10.00,M,M,30.26,M,260.00
ROC,2026-02-05 02:25,M,M,M,9.00,10.00,M,M,30.26,M,260.00
ROC,2026-02-05 02:30,M,M,M,9.00,8.00,M,M,30.26,M,250.00
ROC,2026-02-05 02:35,M,M,M,9.00,8.00,M,M,30.26,M,250.00
ROC,2026-02-05 02:40,M,M,M,9.00,10.00,M,M,30.26,M,250.00
ROC,2026-02-05 02:45,M,M,M,9.00,7.00,M,M,30.26,M,260.00
ROC,2026-02-05 02:50,M,M,M,9.00,9.00,M,M,30.25,M,260.00
ROC,2026-02-05 02:54,2.90,76.75,16.00,9.00,10.00,1025.80,T,30.25,10.00,260.00
ROC,2026-02-05 02:55,M,M,M,9.00,9.00,M,M,30.25,M,260.00
ROC,2026-02-05 03:00,M,M,M,9.00,7.00,M,M,30.25,M,260.00
ROC,2026-02-05 03:05,M,M,M,9.00,8.00,M,M,30.25,M,260.00
ROC,2026-02-05 03:10,M,M,M,9.00,7.00,M,M,30.25,M,260.00
ROC,2026-02-05 03:15,M,M,M,9.00,8.00,M,M,30.25,M,250.00
ROC,2026-02-05 03:20,M,M,M,9.00,8.00,M,M,30.25,M,260.00
ROC,2026-02-05 03:25,M,M,M,9.00,8.00,M,M,30.25,M,250.00
ROC,2026-02-05 03:30,M,M,M,9.00,8.00,M,M,30.24,M,240.00
ROC,2026-02-05 03:35,M,M,M,9.00,9.00,M,M,30.24,M,250.00
ROC,2026-02-05 03:40,M,M,M,9.00,8.00,M,M,30.24,M,240.00
ROC,2026-02-05 03:45,M,M,M,9.00,9.00,M,M,30.24,M,240.00
ROC,2026-02-05 03:50,M,M,M,9.00,8.00,M,M,30.24,M,240.00
ROC,2026-02-05 03:54,1.94,83.76,14.00,9.00,8.00,1025.50,T,30.24,10.00,240.00
ROC,2026-02-05 03:55,M,M,M,9.00,8.00,M,M,30.24,M,240.00
ROC,2026-02-05 04:00,M,M,M,9.00,9.00,M,M,30.24,M,240.00
ROC,2026-02-05 04:05,M,M,M,9.00,8.00,M,M,30.24,M,240.00
ROC,2026-02-05 04:10,M,M,M,9.00,8.00,M,M,30.24,M,240.00
ROC,2026-02-05 04:15,M,M,M,9.00,8.00,M,M,30.24,M,240.00
ROC,2026-02-05 04:20,M,M,M,9.00,7.00,M,M,30.23,M,240.00
ROC,2026-02-05 04:25,M,M,M,9.00,6.00,M,M,30.23,M,230.00
ROC,2026-02-05 04:30,M,M,M,9.00,5.00,M,M,30.23,M,240.00
ROC,2026-02-05 04:35,M,M,M,9.00,5.00,M,M,30.23,M,250.00
ROC,2026-02-05 04:40,M,M,M,9.00,5.00,M,M,30.23,M,250.00
ROC,2026-02-05 04:45,M,M,M,9.00,5.00,M,M,30.23,M,250.00
ROC,2026-02-05 04:50,M,M,M,9.00,5.00,M,M,30.23,M,240.00
ROC,2026-02-05 04:54,5.02,83.76,14.00,9.00,5.00,1025.00,T,30.23,10.00,240.00
ROC,2026-02-05 04:55,M,M,M,8.00,5.00,M,M,30.23,M,240.00
ROC,2026-02-05 05:00,M,M,M,7.00,6.00,M,M,30.23,M,240.00
ROC,2026-02-05 05:05,M,M,M,7.00,5.00,M,M,30.22,M,240.00
ROC,2026-02-05 05:10,M,M,M,7.00,5.00,M,M,30.22,M,240.00
ROC,2026-02-05 05:15,M,M,M,7.00,5.00,M,M,30.22,M,230.00
ROC,2026-02-05 05:20,M,M,M,7.00,5.00,M,M,30.22,M,230.00
ROC,2026-02-05 05:25,M,M,M,6.00,5.00,M,M,30.22,M,230.00
ROC,2026-02-05 05:30,M,M,M,6.00,6.00,M,M,30.22,M,230.00
ROC,2026-02-05 05:35,M,M,M,6.00,6.00,M,M,30.21,M,230.00
ROC,2026-02-05 05:40,M,M,M,7.00,7.00,M,M,30.21,M,220.00
ROC,2026-02-05 05:45,M,M,M,7.00,7.00,M,M,30.21,M,220.00
ROC,2026-02-05 05:50,M,M,M,7.00,6.00,M,M,30.21,M,220.00
ROC,2026-02-05 05:54,5.06,80.17,15.00,7.00,6.00,1024.20,T,30.21,10.00,220.00
ROC,2026-02-05 05:55,M,M,M,7.00,6.00,M,M,30.21,M,220.00
ROC,2026-02-05 06:00,M,M,M,7.00,6.00,M,M,30.21,M,230.00
ROC,2026-02-05 06:05,M,M,M,8.00,6.00,M,M,30.21,M,240.00
ROC,2026-02-05 06:10,M,M,M,8.00,7.00,M,M,30.21,M,240.00
ROC,2026-02-05 06:15,M,M,M,7.00,7.00,M,M,30.21,M,240.00
ROC,2026-02-05 06:20,M,M,M,6.00,5.00,M,M,30.21,M,240.00
ROC,2026-02-05 06:25,M,M,M,5.00,5.00,M,M,30.21,M,230.00
ROC,2026-02-05 06:30,M,M,M,4.00,5.00,M,M,30.21,M,230.00
ROC,2026-02-05 06:35,M,M,M,4.00,6.00,M,M,30.21,M,230.00
ROC,2026-02-05 06:40,M,M,M,4.00,6.00,M,M,30.21,M,230.00
ROC,2026-02-05 06:41,3.85,83.76,14.00,4.00,6.00,M,T,30.21,10.00,230.00
ROC,2026-02-05 06:45,M,M,M,4.00,7.00,M,M,30.21,M,230.00
ROC,2026-02-05 06:50,M,M,M,5.00,7.00,M,M,30.21,M,230.00
ROC,2026-02-05 06:54,3.85,83.76,14.00,5.00,6.00,1024.20,T,30.21,10.00,230.00
ROC,2026-02-05 06:55,M,M,M,5.00,6.00,M,M,30.21,M,230.00
ROC,2026-02-05 07:00,M,M,M,4.00,6.00,M,M,30.21,M,240.00
ROC,2026-02-05 07:05,M,M,M,4.00,7.00,M,M,30.21,M,230.00
ROC,2026-02-05 07:10,M,M,M,4.00,7.00,M,M,30.21,M,230.00
ROC,2026-02-05 07:15,M,M,M,4.00,7.00,M,M,30.21,M,230.00
ROC,2026-02-05 07:20,M,M,M,3.50,6.00,M,M,30.20,M,230.00
ROC,2026-02-05 07:25,M,M,M,3.00,7.00,M,M,30.20,M,230.00
ROC,2026-02-05 07:30,M,M,M,4.00,6.00,M,M,30.20,M,240.00
ROC,2026-02-05 07:35,M,M,M,4.00,6.00,M,M,30.20,M,240.00
ROC,2026-02-05 07:40,M,M,M,4.00,6.00,M,M,30.20,M,240.00
ROC,2026-02-05 07:45,M,M,M,3.50,7.00,M,M,30.20,M,250.00
ROC,2026-02-05 07:50,M,M,M,3.00,7.00,M,M,30.20,M,240.00
ROC,2026-02-05 07:54,2.84,87.58,14.00,3.00,7.00,1023.70,T,30.19,11.00,240.00
ROC,2026-02-05 07:55,M,M,M,4.00,7.00,M,M,30.19,M,240.00
ROC,2026-02-05 08:00,M,M,M,4.00,7.00,M,M,30.19,M,240.00
ROC,2026-02-05 08:05,M,M,M,5.00,6.00,M,M,30.19,M,230.00
ROC,2026-02-05 08:10,M,M,M,6.00,6.00,M,M,30.19,M,240.00
ROC,2026-02-05 08:15,M,M,M,6.00,6.00,M,M,30.19,M,240.00
ROC,2026-02-05 08:20,M,M,M,5.00,6.00,M,M,30.18,M,240.00
ROC,2026-02-05 08:25,M,M,M,5.00,6.00,M,M,30.18,M,230.00
ROC,2026-02-05 08:30,M,M,M,6.00,6.00,M,M,30.18,M,230.00
ROC,2026-02-05 08:35,M,M,M,6.00,7.00,M,M,30.18,M,230.00
ROC,2026-02-05 08:40,M,M,M,6.00,6.00,M,M,30.18,M,230.00
ROC,2026-02-05 08:45,M,M,M,6.00,6.00,M,M,30.18,M,230.00
ROC,2026-02-05 08:50,M,M,M,7.00,6.00,M,M,30.18,M,230.00
ROC,2026-02-05 08:54,3.85,87.58,14.00,6.00,6.00,1023.20,T,30.18,11.00,230.00
ROC,2026-02-05 08:55,M,M,M,6.00,6.00,M,M,30.18,M,230.00
ROC,2026-02-05 09:00,M,M,M,5.00,7.00,M,M,30.18,M,230.00
ROC,2026-02-05 09:05,M,M,M,5.00,7.00,M,M,30.18,M,230.00
ROC,2026-02-05 09:10,M,M,M,5.00,7.00,M,M,30.18,M,240.00
ROC,2026-02-05 09:15,M,M,M,5.00,6.00,M,M,30.17,M,230.00
ROC,2026-02-05 09:20,M,M,M,5.00,6.00,M,M,30.17,M,230.00
ROC,2026-02-05 09:25,M,M,M,5.00,7.00,M,M,30.17,M,230.00
ROC,2026-02-05 09:30,M,M,M,5.00,7.00,M,M,30.17,M,230.00
ROC,2026-02-05 09:35,M,M,M,5.00,7.00,M,M,30.17,M,240.00
ROC,2026-02-05 09:40,M,M,M,6.00,7.00,M,M,30.17,M,250.00
ROC,2026-02-05 09:45,M,M,M,6.00,8.00,M,M,30.17,M,250.00
ROC,2026-02-05 09:50,M,M,M,7.00,7.00,M,M,30.17,M,250.00
ROC,2026-02-05 09:54,6.26,83.90,16.00,7.00,6.00,1022.90,T,30.17,12.00,260.00
ROC,2026-02-05 09:55,M,M,M,7.00,6.00,M,M,30.17,M,260.00
ROC,2026-02-05 10:00,M,M,M,7.00,7.00,M,M,30.17,M,260.00
ROC,2026-02-05 10:05,M,M,M,7.00,6.00,M,M,30.16,M,260.00
ROC,2026-02-05 10:10,M,M,M,8.00,7.00,M,M,30.16,M,260.00
ROC,2026-02-05 10:15,M,M,M,7.00,9.00,M,M,30.16,M,270.00
ROC,2026-02-05 10:20,M,M,M,6.00,8.00,M,M,30.16,M,270.00
ROC,2026-02-05 10:25,M,M,M,6.00,9.00,M,M,30.16,M,260.00
ROC,2026-02-05 10:30,M,M,M,6.00,9.00,M,M,30.16,M,270.00
ROC,2026-02-05 10:35,M,M,M,6.00,11.00,M,M,30.16,M,270.00
ROC,2026-02-05 10:40,M,M,M,5.00,8.00,M,M,30.16,M,270.00
ROC,2026-02-05 10:45,M,M,M,5.00,8.00,M,M,30.16,M,260.00
ROC,2026-02-05 10:50,M,M,M,5.00,8.00,M,M,30.16,M,260.00
ROC,2026-02-05 10:54,3.62,83.90,16.00,5.00,9.00,1022.80,T,30.16,12.00,260.00
ROC,2026-02-05 10:55,M,M,M,6.00,9.00,M,M,30.16,M,260.00
ROC,2026-02-05 11:00,M,M,M,5.00,8.00,M,M,30.16,M,260.00
ROC,2026-02-05 11:05,M,M,M,5.00,8.00,M,M,30.17,M,270.00
ROC,2026-02-05 11:10,2.25,83.90,16.00,5.00,11.00,M,T,30.16,12.00,270.00
ROC,2026-02-05 11:10,M,M,M,5.00,11.00,M,M,30.16,M,270.00
ROC,2026-02-05 11:15,M,M,M,4.00,9.00,M,M,30.16,M,270.00
ROC,2026-02-05 11:20,M,M,M,4.00,8.00,M,M,30.16,M,270.00
ROC,2026-02-05 11:25,M,M,M,3.00,9.00,M,M,30.16,M,260.00
ROC,2026-02-05 11:30,M,M,M,2.50,9.00,M,M,30.16,M,270.00
ROC,2026-02-05 11:35,4.40,83.90,16.00,2.50,8.00,M,T,30.16,12.00,260.00
ROC,2026-02-05 11:35,M,M,M,2.50,8.00,M,M,30.16,M,260.00
ROC,2026-02-05 11:40,M,M,M,2.50,8.00,M,M,30.16,M,270.00
ROC,2026-02-05 11:45,M,M,M,2.50,8.00,M,M,30.16,M,260.00
ROC,2026-02-05 11:50,M,M,M,2.50,7.00,M,M,30.16,M,260.00
ROC,2026-02-05 11:54,5.06,87.64,15.00,6.00,6.00,1022.70,T,30.16,12.00,260.00
ROC,2026-02-05 11:55,M,M,M,5.00,6.00,M,M,30.16,M,260.00
ROC,2026-02-05 12:00,M,M,M,5.00,7.00,M,M,30.16,M,260.00
ROC,2026-02-05 12:05,M,M,M,6.00,6.00,M,M,30.16,M,270.00
ROC,2026-02-05 12:10,M,M,M,5.00,6.00,M,M,30.16,M,260.00
ROC,2026-02-05 12:15,M,M,M,5.00,7.00,M,M,30.16,M,260.00
ROC,2026-02-05 12:20,M,M,M,6.00,7.00,M,M,30.16,M,260.00
ROC,2026-02-05 12:25,M,M,M,6.00,6.00,M,M,30.16,M,260.00
ROC,2026-02-05 12:30,M,M,M,6.00,6.00,M,M,30.16,M,260.00
ROC,2026-02-05 12:35,M,M,M,6.00,6.00,M,M,30.16,M,260.00
ROC,2026-02-05 12:40,M,M,M,5.00,6.00,M,M,30.16,M,260.00
ROC,2026-02-05 12:45,M,M,M,5.00,7.00,M,M,30.16,M,260.00
ROC,2026-02-05 12:50,M,M,M,5.00,6.00,M,M,30.16,M,260.00
ROC,2026-02-05 12:54,5.06,87.64,15.00,3.00,6.00,1022.60,T,30.16,12.00,260.00
ROC,2026-02-05 12:55,M,M,M,3.00,6.00,M,M,30.16,M,260.00
ROC,2026-02-05 13:00,M,M,M,2.50,6.00,M,M,30.15,M,260.00
ROC,2026-02-05 13:03,6.21,87.64,15.00,2.50,5.00,M,T,30.15,12.00,260.00
ROC,2026-02-05 13:05,M,M,M,2.50,5.00,M,M,30.15,M,260.00
ROC,2026-02-05 13:10,M,M,M,2.00,7.00,M,M,30.15,M,260.00
ROC,2026-02-05 13:15,M,M,M,2.00,5.00,M,M,30.15,M,260.00
ROC,2026-02-05 13:20,M,M,M,1.75,5.00,M,M,30.15,M,250.00
ROC,2026-02-05 13:25,5.06,87.64,15.00,1.75,6.00,M,T,30.15,12.00,260.00
ROC,2026-02-05 13:25,M,M,M,1.75,6.00,M,M,30.15,M,260.00
ROC,2026-02-05 13:30,M,M,M,1.75,6.00,M,M,30.15,M,260.00
ROC,2026-02-05 13:35,M,M,M,2.00,6.00,M,M,30.15,M,260.00
ROC,2026-02-05 13:38,5.28,83.90,16.00,2.00,7.00,M,T,30.15,12.00,260.00
ROC,2026-02-05 13:40,M,M,M,2.00,7.00,M,M,30.15,M,260.00
ROC,2026-02-05 13:45,M,M,M,2.50,7.00,M,M,30.15,M,260.00
ROC,2026-02-05 13:50,M,M,M,2.50,8.00,M,M,30.15,M,260.00
ROC,2026-02-05 13:54,5.28,83.90,16.00,3.00,7.00,1022.20,T,30.14,12.00,260.00
ROC,2026-02-05 13:55,M,M,M,3.00,7.00,M,M,30.14,M,260.00
ROC,2026-02-05 14:00,M,M,M,4.00,8.00,M,M,30.14,M,270.00
ROC,2026-02-05 14:05,M,M,M,3.50,6.00,M,M,30.14,M,260.00
ROC,2026-02-05 14:10,M,M,M,3.00,8.00,M,M,30.14,M,260.00
ROC,2026-02-05 14:15,M,M,M,3.00,9.00,M,M,30.14,M,260.00
ROC,2026-02-05 14:20,M,M,M,3.00,9.00,M,M,30.14,M,260.00
ROC,2026-02-05 14:25,M,M,M,3.00,8.00,M,M,30.14,M,280.00
ROC,2026-02-05 14:30,M,M,M,3.00,9.00,M,M,30.14,M,270.00
ROC,2026-02-05 14:35,M,M,M,3.00,8.00,M,M,30.14,M,270.00
ROC,2026-02-05 14:40,M,M,M,3.00,8.00,M,M,30.14,M,280.00
ROC,2026-02-05 14:45,M,M,M,3.50,8.00,M,M,30.14,M,280.00
ROC,2026-02-05 14:50,M,M,M,4.00,6.00,M,M,30.13,M,270.00
ROC,2026-02-05 14:54,6.50,80.34,17.00,5.00,7.00,1021.70,T,30.13,12.00,260.00
ROC,2026-02-05 14:55,M,M,M,6.00,8.00,M,M,30.13,M,260.00
ROC,2026-02-05 15:00,M,M,M,8.00,7.00,M,M,30.13,M,250.00
ROC,2026-02-05 15:05,M,M,M,9.00,7.00,M,M,30.13,M,260.00
ROC,2026-02-05 15:10,M,M,M,9.00,6.00,M,M,30.13,M,250.00
ROC,2026-02-05 15:15,M,M,M,9.00,6.00,M,M,30.13,M,270.00
ROC,2026-02-05 15:20,M,M,M,9.00,7.00,M,M,30.13,M,270.00
ROC,2026-02-05 15:25,M,M,M,9.00,6.00,M,M,30.13,M,280.00
ROC,2026-02-05 15:30,M,M,M,9.00,8.00,M,M,30.13,M,320.00
ROC,2026-02-05 15:35,M,M,M,9.00,9.00,M,M,30.13,M,310.00
ROC,2026-02-05 15:40,M,M,M,9.00,7.00,M,M,30.13,M,290.00
ROC,2026-02-05 15:45,M,M,M,9.00,6.00,M,M,30.13,M,280.00
ROC,2026-02-05 15:47,7.71,73.60,18.00,9.00,7.00,M,T,30.13,11.00,280.00
ROC,2026-02-05 15:50,M,M,M,9.00,6.00,M,M,30.13,M,290.00
ROC,2026-02-05 15:54,10.96,73.71,19.00,10.00,5.00,1021.50,T,30.13,12.00,300.00
ROC,2026-02-05 15:55,M,M,M,10.00,5.00,M,M,30.13,M,290.00
ROC,2026-02-05 16:00,M,M,M,10.00,7.00,M,M,30.12,M,260.00
ROC,2026-02-05 16:05,M,M,M,10.00,8.00,M,T,30.12,M,270.00
ROC,2026-02-05 16:10,M,M,M,10.00,5.00,M,T,30.12,M,260.00
ROC,2026-02-05 16:15,M,M,M,10.00,5.00,M,T,30.12,M,310.00
ROC,2026-02-05 16:20,M,M,M,10.00,4.00,M,M,30.12,M,300.00
ROC,2026-02-05 16:21,12.14,70.63,20.00,10.00,5.00,M,T,30.12,12.00,300.00
ROC,2026-02-05 16:25,M,M,M,10.00,4.00,M,M,30.12,M,290.00
ROC,2026-02-05 16:30,M,M,M,9.00,3.00,M,M,30.12,M,310.00
ROC,2026-02-05 16:35,M,M,M,9.00,6.00,M,M,30.12,M,290.00
ROC,2026-02-05 16:50,M,M,M,9.00,4.00,M,M,30.11,M,270.00
ROC,2026-02-05 16:54,20.00,70.63,20.00,9.00,0.00,1021.00,T,30.11,12.00,0.00
ROC,2026-02-05 16:55,M,M,M,9.00,0.00,M,M,30.11,M,0.00
ROC,2026-02-05 17:00,M,M,M,9.00,3.00,M,M,30.11,M,300.00
ROC,2026-02-05 17:05,M,M,M,9.00,0.00,M,M,30.10,M,0.00
ROC,2026-02-05 17:10,M,M,M,9.00,0.00,M,M,30.10,M,0.00
ROC,2026-02-05 17:15,M,M,M,9.00,3.00,M,M,30.10,M,300.00
ROC,2026-02-05 17:20,M,M,M,9.00,6.00,M,M,30.10,M,270.00
ROC,2026-02-05 17:25,M,M,M,9.00,7.00,M,M,30.09,M,240.00
ROC,2026-02-05 17:30,M,M,M,9.00,7.00,M,M,30.09,M,230.00
ROC,2026-02-05 17:35,M,M,M,9.00,7.00,M,M,30.09,M,250.00
ROC,2026-02-05 17:40,M,M,M,9.00,4.00,M,M,30.08,M,260.00
ROC,2026-02-05 17:45,M,M,M,9.00,3.00,M,M,30.08,M,310.00
ROC,2026-02-05 17:50,M,M,M,9.00,5.00,M,M,30.08,M,240.00
ROC,2026-02-05 17:54,13.41,67.56,20.00,9.00,4.00,1020.00,T,30.08,11.00,230.00
ROC,2026-02-05 17:55,M,M,M,9.00,4.00,M,M,30.08,M,230.00
ROC,2026-02-05 18:00,M,M,M,9.00,7.00,M,M,30.08,M,240.00
ROC,2026-02-05 18:05,M,M,M,9.00,4.00,M,M,30.07,M,250.00
ROC,2026-02-05 18:10,13.33,64.74,21.00,9.00,5.00,M,T,30.07,11.00,290.00
ROC,2026-02-05 18:10,M,M,M,9.00,5.00,M,M,30.07,M,290.00
ROC,2026-02-05 18:15,M,M,M,9.00,6.00,M,M,30.07,M,240.00
ROC,2026-02-05 18:20,M,M,M,10.00,5.00,M,M,30.07,M,230.00
ROC,2026-02-05 18:25,M,M,M,10.00,5.00,M,M,30.07,M,240.00
ROC,2026-02-05 18:30,M,M,M,10.00,4.00,M,M,30.06,M,250.00
ROC,2026-02-05 18:35,M,M,M,10.00,4.00,M,M,30.06,M,240.00
ROC,2026-02-05 18:40,M,M,M,10.00,5.00,M,M,30.06,M,240.00
ROC,2026-02-05 18:45,M,M,M,10.00,7.00,M,M,30.06,M,230.00
ROC,2026-02-05 18:50,M,M,M,10.00,5.00,M,M,30.05,M,220.00
ROC,2026-02-05 18:54,12.28,61.92,21.00,10.00,6.00,1019.00,T,30.05,10.00,220.00
ROC,2026-02-05 18:55,M,M,M,10.00,6.00,M,M,30.05,M,230.00
ROC,2026-02-05 19:00,M,M,M,10.00,5.00,M,M,30.05,M,230.00
ROC,2026-02-05 19:05,M,M,M,10.00,4.00,M,M,30.05,M,210.00
ROC,2026-02-05 19:10,M,M,M,10.00,6.00,M,M,30.04,M,240.00
ROC,2026-02-05 19:15,M,M,M,10.00,5.00,M,M,30.04,M,220.00
ROC,2026-02-05 19:20,M,M,M,10.00,4.00,M,M,30.04,M,230.00
ROC,2026-02-05 19:23,12.28,61.92,21.00,10.00,6.00,M,0.00,30.04,10.00,250.00
ROC,2026-02-05 19:25,M,M,M,10.00,4.00,M,M,30.04,M,240.00
ROC,2026-02-05 19:30,M,M,M,10.00,5.00,M,M,30.04,M,220.00
ROC,2026-02-05 19:35,M,M,M,10.00,5.00,M,M,30.04,M,230.00
ROC,2026-02-05 19:40,M,M,M,10.00,3.00,M,M,30.04,M,240.00
ROC,2026-02-05 19:45,M,M,M,10.00,4.00,M,M,30.04,M,260.00
ROC,2026-02-05 19:50,M,M,M,10.00,5.00,M,M,30.03,M,220.00
ROC,2026-02-05 19:54,14.57,61.92,21.00,10.00,4.00,1018.30,0.00,30.03,10.00,220.00
ROC,2026-02-05 19:55,M,M,M,10.00,4.00,M,M,30.03,M,240.00
ROC,2026-02-05 20:00,M,M,M,10.00,4.00,M,M,30.03,M,230.00
ROC,2026-02-05 20:05,M,M,M,10.00,5.00,M,M,30.03,M,240.00
ROC,2026-02-05 20:10,M,M,M,10.00,5.00,M,M,30.03,M,220.00
ROC,2026-02-05 20:15,M,M,M,10.00,6.00,M,M,30.03,M,240.00
ROC,2026-02-05 20:20,M,M,M,10.00,4.00,M,M,30.03,M,240.00
ROC,2026-02-05 20:25,M,M,M,10.00,4.00,M,M,30.03,M,240.00
ROC,2026-02-05 20:30,M,M,M,10.00,6.00,M,M,30.03,M,230.00
ROC,2026-02-05 20:35,M,M,M,10.00,4.00,M,M,30.02,M,220.00
ROC,2026-02-05 20:40,M,M,M,10.00,4.00,M,M,30.02,M,210.00
ROC,2026-02-05 20:45,M,M,M,10.00,4.00,M,M,30.02,M,220.00
ROC,2026-02-05 20:50,M,M,M,10.00,4.00,M,M,30.02,M,240.00
ROC,2026-02-05 20:54,17.26,54.25,22.00,10.00,3.00,1017.70,0.00,30.01,8.00,230.00
ROC,2026-02-05 20:55,M,M,M,10.00,3.00,M,M,30.01,M,240.00
ROC,2026-02-05 21:00,M,M,M,10.00,0.00,M,M,30.01,M,0.00
ROC,2026-02-05 21:05,M,M,M,10.00,3.00,M,M,30.01,M,240.00
ROC,2026-02-05 21:10,M,M,M,10.00,0.00,M,M,30.01,M,0.00
ROC,2026-02-05 21:15,M,M,M,10.00,0.00,M,M,30.01,M,0.00
ROC,2026-02-05 21:20,M,M,M,10.00,0.00,M,M,30.00,M,0.00
ROC,2026-02-05 21:25,M,M,M,10.00,3.00,M,M,30.00,M,220.00
ROC,2026-02-05 21:30,M,M,M,10.00,3.00,M,M,30.00,M,200.00
ROC,2026-02-05 21:35,M,M,M,10.00,0.00,M,M,30.00,M,0.00
ROC,2026-02-05 21:40,M,M,M,10.00,0.00,M,M,30.00,M,0.00
ROC,2026-02-05 21:45,M,M,M,10.00,3.00,M,M,29.99,M,260.00
ROC,2026-02-05 21:50,M,M,M,10.00,0.00,M,M,29.99,M,0.00
ROC,2026-02-05 21:54,21.00,59.20,21.00,10.00,0.00,1016.90,0.00,29.99,9.00,0.00
ROC,2026-02-05 21:55,M,M,M,10.00,0.00,M,M,29.99,M,0.00
ROC,2026-02-05 22:00,M,M,M,10.00,0.00,M,M,29.99,M,0.00
ROC,2026-02-05 22:05,M,M,M,10.00,0.00,M,M,29.99,M,0.00
ROC,2026-02-05 22:10,M,M,M,10.00,0.00,M,M,29.98,M,0.00
ROC,2026-02-05 22:15,M,M,M,10.00,0.00,M,M,29.98,M,0.00
ROC,2026-02-05 22:20,M,M,M,10.00,0.00,M,M,29.98,M,0.00
ROC,2026-02-05 22:25,M,M,M,10.00,0.00,M,M,29.98,M,0.00
ROC,2026-02-05 22:30,M,M,M,10.00,0.00,M,M,29.98,M,0.00
ROC,2026-02-05 22:35,M,M,M,10.00,0.00,M,M,29.97,M,0.00
ROC,2026-02-05 22:40,M,M,M,10.00,0.00,M,M,29.97,M,0.00
ROC,2026-02-05 22:45,M,M,M,10.00,0.00,M,M,29.97,M,0.00
ROC,2026-02-05 22:50,M,M,M,10.00,0.00,M,M,29.97,M,0.00
ROC,2026-02-05 22:54,20.00,61.78,20.00,10.00,0.00,1016.30,0.00,29.97,9.00,0.00
ROC,2026-02-05 22:55,M,M,M,10.00,0.00,M,M,29.97,M,0.00
ROC,2026-02-05 23:00,M,M,M,10.00,0.00,M,M,29.97,M,0.00
ROC,2026-02-05 23:05,M,M,M,10.00,0.00,M,M,29.97,M,0.00
ROC,2026-02-05 23:10,M,M,M,10.00,0.00,M,M,29.97,M,0.00
ROC,2026-02-05 23:15,M,M,M,10.00,0.00,M,M,29.97,M,0.00
ROC,2026-02-05 23:20,M,M,M,10.00,0.00,M,M,29.97,M,0.00
ROC,2026-02-05 23:25,M,M,M,10.00,0.00,M,M,29.97,M,0.00
ROC,2026-02-05 23:30,M,M,M,10.00,0.00,M,M,29.97,M,0.00
ROC,2026-02-05 23:35,M,M,M,10.00,0.00,M,M,29.97,M,0.00
ROC,2026-02-05 23:40,M,M,M,10.00,0.00,M,M,29.97,M,0.00
ROC,2026-02-05 23:45,M,M,M,10.00,0.00,M,M,29.97,M,0.00
ROC,2026-02-05 23:50,M,M,M,10.00,0.00,M,M,29.97,M,0.00
ROC,2026-02-05 23:54,17.00,67.18,17.00,10.00,0.00,1016.10,0.00,29.97,8.00,0.00
ROC,2026-02-05 23:55,M,M,M,10.00,0.00,M,M,29.97,M,0.00
ROC,2026-02-06 00:00,M,M,M,10.00,0.00,M,M,29.96,M,0.00
ROC,2026-02-06 00:05,M,M,M,10.00,0.00,M,M,29.96,M,0.00
ROC,2026-02-06 00:10,M,M,M,10.00,0.00,M,M,29.96,M,0.00
ROC,2026-02-06 00:15,M,M,M,10.00,0.00,M,M,29.96,M,0.00
ROC,2026-02-06 00:20,M,M,M,10.00,0.00,M,M,29.96,M,0.00
ROC,2026-02-06 00:25,M,M,M,10.00,0.00,M,M,29.96,M,0.00
ROC,2026-02-06 00:30,M,M,M,10.00,0.00,M,M,29.96,M,0.00
ROC,2026-02-06 00:35,M,M,M,10.00,0.00,M,M,29.96,M,0.00
ROC,2026-02-06 00:40,M,M,M,10.00,0.00,M,M,29.96,M,0.00
ROC,2026-02-06 00:45,M,M,M,10.00,0.00,M,M,29.96,M,0.00
ROC,2026-02-06 00:50,M,M,M,10.00,3.00,M,M,29.96,M,240.00
ROC,2026-02-06 00:54,13.00,76.46,13.00,10.00,0.00,1015.90,0.00,29.96,7.00,0.00
ROC,2026-02-06 00:55,M,M,M,10.00,0.00,M,M,29.96,M,0.00
ROC,2026-02-06 01:00,M,M,M,10.00,0.00,M,M,29.96,M,0.00
ROC,2026-02-06 01:05,M,M,M,10.00,0.00,M,M,29.95,M,0.00
ROC,2026-02-06 01:10,M,M,M,10.00,0.00,M,M,29.95,M,0.00
ROC,2026-02-06 01:15,M,M,M,10.00,0.00,M,M,29.95,M,0.00
ROC,2026-02-06 01:20,M,M,M,10.00,0.00,M,M,29.95,M,0.00
ROC,2026-02-06 01:25,M,M,M,10.00,0.00,M,M,29.95,M,0.00
ROC,2026-02-06 01:30,M,M,M,10.00,0.00,M,M,29.95,M,0.00
ROC,2026-02-06 01:35,M,M,M,10.00,0.00,M,M,29.94,M,0.00
ROC,2026-02-06 01:40,M,M,M,10.00,0.00,M,M,29.94,M,0.00
ROC,2026-02-06 01:45,M,M,M,10.00,3.00,M,M,29.94,M,220.00
ROC,2026-02-06 01:50,M,M,M,10.00,3.00,M,M,29.94,M,220.00
ROC,2026-02-06 01:54,5.82,79.92,12.00,10.00,3.00,1015.40,0.00,29.94,7.00,230.00
ROC,2026-02-06 01:55,M,M,M,10.00,3.00,M,M,29.94,M,230.00
ROC,2026-02-06 02:00,M,M,M,10.00,3.00,M,M,29.94,M,240.00
ROC,2026-02-06 02:05,M,M,M,10.00,3.00,M,M,29.94,M,240.00
ROC,2026-02-06 02:10,M,M,M,10.00,3.00,M,M,29.94,M,240.00
ROC,2026-02-06 02:15,M,M,M,10.00,3.00,M,M,29.94,M,250.00
ROC,2026-02-06 02:20,M,M,M,10.00,0.00,M,M,29.94,M,0.00
ROC,2026-02-06 02:25,M,M,M,10.00,0.00,M,M,29.93,M,0.00
ROC,2026-02-06 02:30,M,M,M,10.00,0.00,M,M,29.93,M,0.00
ROC,2026-02-06 02:35,M,M,M,10.00,0.00,M,M,29.93,M,0.00
ROC,2026-02-06 02:40,M,M,M,10.00,0.00,M,M,29.93,M,0.00
ROC,2026-02-06 02:45,M,M,M,10.00,0.00,M,M,29.93,M,0.00
ROC,2026-02-06 02:50,M,M,M,10.00,0.00,M,M,29.93,M,0.00
ROC,2026-02-06 02:54,12.00,83.62,12.00,10.00,0.00,1014.70,0.00,29.93,8.00,0.00
ROC,2026-02-06 02:55,M,M,M,10.00,0.00,M,M,29.93,M,0.00
ROC,2026-02-06 03:00,M,M,M,10.00,0.00,M,M,29.92,M,0.00
ROC,2026-02-06 03:05,M,M,M,10.00,0.00,M,M,29.92,M,0.00
ROC,2026-02-06 03:10,M,M,M,10.00,0.00,M,M,29.92,M,0.00
ROC,2026-02-06 03:15,M,M,M,10.00,0.00,M,M,29.92,M,0.00
ROC,2026-02-06 03:20,M,M,M,10.00,0.00,M,M,29.91,M,0.00
ROC,2026-02-06 03:25,M,M,M,10.00,0.00,M,M,29.91,M,0.00
ROC,2026-02-06 03:30,M,M,M,10.00,0.00,M,M,29.91,M,0.00
ROC,2026-02-06 03:35,M,M,M,10.00,0.00,M,M,29.91,M,0.00
ROC,2026-02-06 03:40,M,M,M,10.00,0.00,M,M,29.91,M,0.00
ROC,2026-02-06 03:45,M,M,M,10.00,0.00,M,M,29.90,M,0.00
ROC,2026-02-06 03:50,M,M,M,10.00,0.00,M,M,29.90,M,0.00
ROC,2026-02-06 03:54,10.00,83.47,10.00,10.00,0.00,1013.80,0.00,29.90,6.00,0.00
ROC,2026-02-06 03:55,M,M,M,10.00,0.00,M,M,29.90,M,0.00
ROC,2026-02-06 04:00,M,M,M,10.00,0.00,M,M,29.90,M,0.00
ROC,2026-02-06 04:05,M,M,M,10.00,0.00,M,M,29.90,M,0.00
ROC,2026-02-06 04:10,M,M,M,10.00,0.00,M,M,29.90,M,0.00
ROC,2026-02-06 04:15,M,M,M,10.00,0.00,M,M,29.90,M,0.00
ROC,2026-02-06 04:20,M,M,M,10.00,0.00,M,M,29.90,M,0.00
ROC,2026-02-06 04:25,M,M,M,10.00,0.00,M,M,29.89,M,0.00
ROC,2026-02-06 04:30,M,M,M,10.00,0.00,M,M,29.89,M,0.00
ROC,2026-02-06 04:35,M,M,M,10.00,0.00,M,M,29.89,M,0.00
ROC,2026-02-06 04:40,M,M,M,10.00,0.00,M,M,29.89,M,0.00
ROC,2026-02-06 04:45,M,M,M,10.00,0.00,M,M,29.89,M,0.00
ROC,2026-02-06 04:50,M,M,M,10.00,0.00,M,M,29.88,M,0.00
ROC,2026-02-06 04:54,7.00,91.28,7.00,10.00,0.00,1013.40,0.00,29.88,5.00,0.00
ROC,2026-02-06 04:55,M,M,M,10.00,0.00,M,M,29.88,M,0.00
ROC,2026-02-06 05:00,M,M,M,10.00,0.00,M,M,29.88,M,0.00
ROC,2026-02-06 05:05,M,M,M,10.00,0.00,M,M,29.88,M,0.00
ROC,2026-02-06 05:10,M,M,M,10.00,0.00,M,M,29.88,M,0.00
ROC,2026-02-06 05:15,M,M,M,10.00,0.00,M,M,29.88,M,0.00
ROC,2026-02-06 05:20,M,M,M,10.00,3.00,M,M,29.88,M,240.00
ROC,2026-02-06 05:25,M,M,M,10.00,4.00,M,M,29.88,M,240.00
ROC,2026-02-06 05:30,M,M,M,10.00,3.00,M,M,29.87,M,230.00
ROC,2026-02-06 05:35,M,M,M,10.00,3.00,M,M,29.87,M,230.00
ROC,2026-02-06 05:40,M,M,M,10.00,3.00,M,M,29.87,M,230.00
ROC,2026-02-06 05:45,M,M,M,10.00,0.00,M,M,29.87,M,0.00
ROC,2026-02-06 05:50,M,M,M,10.00,0.00,M,M,29.87,M,0.00
ROC,2026-02-06 05:54,-2.18,91.20,5.00,10.00,3.00,1012.90,0.00,29.87,3.00,230.00
ROC,2026-02-06 05:55,M,M,M,10.00,3.00,M,M,29.87,M,230.00
ROC,2026-02-06 06:00,M,M,M,10.00,3.00,M,M,29.86,M,220.00
ROC,2026-02-06 06:05,M,M,M,10.00,0.00,M,M,29.86,M,0.00
ROC,2026-02-06 06:10,M,M,M,10.00,0.00,M,M,29.86,M,0.00
ROC,2026-02-06 06:15,M,M,M,10.00,0.00,M,M,29.86,M,0.00
ROC,2026-02-06 06:20,M,M,M,10.00,0.00,M,M,29.86,M,0.00
ROC,2026-02-06 06:25,M,M,M,10.00,0.00,M,M,29.86,M,0.00
ROC,2026-02-06 06:30,M,M,M,10.00,0.00,M,M,29.86,M,0.00
ROC,2026-02-06 06:35,M,M,M,10.00,0.00,M,M,29.85,M,0.00
ROC,2026-02-06 06:40,M,M,M,10.00,0.00,M,M,29.85,M,0.00
ROC,2026-02-06 06:45,M,M,M,10.00,0.00,M,M,29.85,M,0.00
ROC,2026-02-06 06:50,M,M,M,10.00,0.00,M,M,29.85,M,0.00
ROC,2026-02-06 06:54,5.00,91.20,5.00,10.00,0.00,1012.10,0.00,29.85,3.00,0.00
ROC,2026-02-06 06:55,M,M,M,10.00,0.00,M,M,29.85,M,0.00
ROC,2026-02-06 07:00,M,M,M,10.00,0.00,M,M,29.84,M,0.00
ROC,2026-02-06 07:05,M,M,M,10.00,3.00,M,M,29.84,M,240.00
ROC,2026-02-06 07:10,M,M,M,10.00,3.00,M,M,29.84,M,230.00
ROC,2026-02-06 07:15,M,M,M,10.00,3.00,M,M,29.84,M,220.00
ROC,2026-02-06 07:20,M,M,M,10.00,3.00,M,M,29.84,M,240.00
ROC,2026-02-06 07:25,M,M,M,10.00,3.00,M,M,29.84,M,250.00
ROC,2026-02-06 07:30,M,M,M,10.00,3.00,M,M,29.84,M,240.00
ROC,2026-02-06 07:35,M,M,M,10.00,3.00,M,M,29.83,M,230.00
ROC,2026-02-06 07:40,M,M,M,10.00,4.00,M,M,29.83,M,240.00
ROC,2026-02-06 07:45,M,M,M,10.00,3.00,M,M,29.83,M,240.00
ROC,2026-02-06 07:50,M,M,M,10.00,3.00,M,M,29.83,M,230.00
ROC,2026-02-06 07:54,-2.94,87.13,6.00,10.00,4.00,1011.50,0.00,29.83,3.00,250.00
ROC,2026-02-06 07:55,M,M,M,10.00,4.00,M,M,29.83,M,250.00
ROC,2026-02-06 08:00,M,M,M,10.00,4.00,M,M,29.82,M,240.00
ROC,2026-02-06 08:05,M,M,M,10.00,4.00,M,M,29.82,M,240.00
ROC,2026-02-06 08:10,M,M,M,10.00,4.00,M,M,29.82,M,230.00
ROC,2026-02-06 08:15,M,M,M,10.00,4.00,M,M,29.81,M,230.00
ROC,2026-02-06 08:20,M,M,M,10.00,3.00,M,M,29.81,M,230.00
ROC,2026-02-06 08:25,M,M,M,10.00,3.00,M,M,29.81,M,210.00
ROC,2026-02-06 08:30,M,M,M,10.00,3.00,M,M,29.81,M,210.00
ROC,2026-02-06 08:35,M,M,M,10.00,0.00,M,M,29.80,M,0.00
ROC,2026-02-06 08:40,M,M,M,10.00,0.00,M,M,29.80,M,0.00
ROC,2026-02-06 08:45,M,M,M,10.00,0.00,M,M,29.79,M,0.00
ROC,2026-02-06 08:50,M,M,M,10.00,0.00,M,M,29.79,M,0.00
ROC,2026-02-06 08:54,9.00,83.40,9.00,10.00,0.00,1010.00,0.00,29.79,5.00,0.00
ROC,2026-02-06 08:55,M,M,M,10.00,0.00,M,M,29.79,M,0.00
ROC,2026-02-06 09:00,M,M,M,10.00,0.00,M,M,29.78,M,0.00
ROC,2026-02-06 09:05,M,M,M,10.00,0.00,M,M,29.78,M,0.00
ROC,2026-02-06 09:10,M,M,M,10.00,0.00,M,M,29.78,M,0.00
ROC,2026-02-06 09:15,M,M,M,10.00,0.00,M,M,29.77,M,0.00
ROC,2026-02-06 09:20,M,M,M,10.00,0.00,M,M,29.77,M,0.00
ROC,2026-02-06 09:25,M,M,M,10.00,0.00,M,M,29.77,M,0.00
ROC,2026-02-06 09:30,M,M,M,10.00,0.00,M,M,29.77,M,0.00
ROC,2026-02-06 09:35,M,M,M,10.00,0.00,M,M,29.77,M,0.00
ROC,2026-02-06 09:40,M,M,M,10.00,0.00,M,M,29.77,M,0.00
ROC,2026-02-06 09:45,M,M,M,10.00,0.00,M,M,29.76,M,0.00
ROC,2026-02-06 09:50,M,M,M,10.00,0.00,M,M,29.76,M,0.00
ROC,2026-02-06 09:54,10.00,83.47,10.00,10.00,0.00,1009.20,0.00,29.76,6.00,0.00
ROC,2026-02-06 09:55,M,M,M,10.00,0.00,M,M,29.76,M,0.00
ROC,2026-02-06 10:00,M,M,M,10.00,0.00,M,M,29.76,M,0.00
ROC,2026-02-06 10:05,M,M,M,10.00,0.00,M,M,29.76,M,0.00
ROC,2026-02-06 10:10,M,M,M,10.00,0.00,M,M,29.75,M,0.00
ROC,2026-02-06 10:15,M,M,M,10.00,0.00,M,M,29.75,M,0.00
ROC,2026-02-06 10:20,M,M,M,9.00,0.00,M,M,29.75,M,0.00
ROC,2026-02-06 10:25,M,M,M,10.00,0.00,M,M,29.75,M,0.00
ROC,2026-02-06 10:30,M,M,M,10.00,0.00,M,M,29.74,M,0.00
ROC,2026-02-06 10:35,M,M,M,10.00,0.00,M,M,29.74,M,0.00
ROC,2026-02-06 10:40,M,M,M,10.00,0.00,M,M,29.73,M,0.00
ROC,2026-02-06 10:45,M,M,M,10.00,0.00,M,M,29.73,M,0.00
ROC,2026-02-06 10:50,M,M,M,10.00,0.00,M,M,29.73,M,0.00
ROC,2026-02-06 10:54,11.00,83.55,11.00,10.00,0.00,1007.90,0.00,29.72,7.00,0.00
ROC,2026-02-06 10:55,M,M,M,10.00,0.00,M,M,29.72,M,0.00
ROC,2026-02-06 11:00,M,M,M,9.00,0.00,M,M,29.72,M,0.00
ROC,2026-02-06 11:05,M,M,M,9.00,3.00,M,M,29.72,M,130.00
ROC,2026-02-06 11:10,M,M,M,9.00,0.00,M,M,29.71,M,0.00
ROC,2026-02-06 11:15,M,M,M,10.00,0.00,M,M,29.71,M,0.00
ROC,2026-02-06 11:20,M,M,M,10.00,0.00,M,M,29.70,M,0.00
ROC,2026-02-06 11:25,M,M,M,10.00,0.00,M,M,29.70,M,0.00
ROC,2026-02-06 11:30,M,M,M,10.00,0.00,M,M,29.70,M,0.00
ROC,2026-02-06 11:35,M,M,M,10.00,0.00,M,M,29.70,M,0.00
ROC,2026-02-06 11:40,M,M,M,10.00,0.00,M,M,29.70,M,0.00
ROC,2026-02-06 11:45,M,M,M,10.00,0.00,M,M,29.70,M,0.00
ROC,2026-02-06 11:47,13.00,83.69,13.00,10.00,0.00,M,T,29.70,9.00,0.00
ROC,2026-02-06 11:50,M,M,M,10.00,0.00,M,M,29.70,M,0.00
ROC,2026-02-06 11:54,13.00,80.00,13.00,9.00,0.00,1006.90,T,29.70,8.00,0.00
ROC,2026-02-06 11:55,M,M,M,9.00,0.00,M,M,29.70,M,0.00
ROC,2026-02-06 12:00,M,M,M,9.00,0.00,M,M,29.69,M,0.00
ROC,2026-02-06 12:05,M,M,M,9.00,0.00,M,M,29.69,M,0.00
ROC,2026-02-06 12:10,M,M,M,9.00,0.00,M,M,29.69,M,0.00
ROC,2026-02-06 12:15,M,M,M,9.00,3.00,M,M,29.69,M,250.00
ROC,2026-02-06 12:20,M,M,M,9.00,0.00,M,M,29.69,M,0.00
ROC,2026-02-06 12:25,M,M,M,8.00,0.00,M,M,29.69,M,0.00
ROC,2026-02-06 12:30,M,M,M,8.00,3.00,M,M,29.69,M,230.00
ROC,2026-02-06 12:35,M,M,M,7.00,3.00,M,M,29.68,M,240.00
ROC,2026-02-06 12:40,M,M,M,7.00,3.00,M,M,29.68,M,230.00
ROC,2026-02-06 12:45,M,M,M,7.00,3.00,M,M,29.68,M,240.00
ROC,2026-02-06 12:50,M,M,M,8.00,3.00,M,M,29.68,M,240.00
ROC,2026-02-06 12:54,12.00,83.62,12.00,8.00,0.00,1006.40,T,29.68,8.00,0.00
ROC,2026-02-06 12:55,M,M,M,8.00,0.00,M,M,29.68,M,0.00
ROC,2026-02-06 13:00,M,M,M,9.00,0.00,M,M,29.68,M,0.00
ROC,2026-02-06 13:05,M,M,M,9.00,0.00,M,M,29.68,M,0.00
ROC,2026-02-06 13:10,M,M,M,9.00,0.00,M,M,29.68,M,0.00
ROC,2026-02-06 13:15,M,M,M,9.00,0.00,M,M,29.67,M,0.00
ROC,2026-02-06 13:20,M,M,M,9.00,0.00,M,M,29.67,M,0.00
ROC,2026-02-06 13:25,M,M,M,10.00,0.00,M,M,29.67,M,0.00
ROC,2026-02-06 13:30,M,M,M,10.00,0.00,M,M,29.67,M,0.00
ROC,2026-02-06 13:35,M,M,M,10.00,0.00,M,M,29.67,M,0.00
ROC,2026-02-06 13:40,M,M,M,10.00,0.00,M,M,29.67,M,0.00
ROC,2026-02-06 13:45,M,M,M,10.00,0.00,M,M,29.67,M,0.00
ROC,2026-02-06 13:50,M,M,M,10.00,0.00,M,M,29.67,M,0.00
ROC,2026-02-06 13:54,15.00,76.66,15.00,10.00,0.00,1006.00,0.00,29.67,9.00,0.00
ROC,2026-02-06 13:55,M,M,M,10.00,0.00,M,M,29.67,M,0.00
ROC,2026-02-06 14:00,M,M,M,10.00,3.00,M,M,29.66,M,250.00
ROC,2026-02-06 14:05,M,M,M,10.00,0.00,M,M,29.66,M,0.00
ROC,2026-02-06 14:10,M,M,M,10.00,0.00,M,M,29.66,M,0.00
ROC,2026-02-06 14:15,M,M,M,10.00,0.00,M,M,29.66,M,0.00
ROC,2026-02-06 14:20,M,M,M,10.00,0.00,M,M,29.66,M,0.00
ROC,2026-02-06 14:25,M,M,M,10.00,0.00,M,M,29.66,M,0.00
ROC,2026-02-06 14:30,M,M,M,10.00,3.00,M,M,29.66,M,230.00
ROC,2026-02-06 14:34,17.00,73.50,17.00,10.00,0.00,M,T,29.66,10.00,0.00
ROC,2026-02-06 14:35,M,M,M,9.00,0.00,M,M,29.66,M,0.00
ROC,2026-02-06 14:40,M,M,M,9.00,0.00,M,M,29.66,M,0.00
ROC,2026-02-06 14:45,M,M,M,9.00,0.00,M,M,29.65,M,0.00
ROC,2026-02-06 14:50,M,M,M,8.00,0.00,M,M,29.65,M,0.00
ROC,2026-02-06 14:54,18.00,73.60,18.00,7.00,0.00,1005.40,T,29.65,11.00,0.00
ROC,2026-02-06 14:55,M,M,M,6.00,0.00,M,M,29.65,M,0.00
ROC,2026-02-06 15:00,M,M,M,5.00,0.00,M,M,29.65,M,0.00
ROC,2026-02-06 15:05,M,M,M,5.00,3.00,M,M,29.65,M,240.00
ROC,2026-02-06 15:10,M,M,M,5.00,5.00,M,M,29.65,M,240.00
ROC,2026-02-06 15:15,M,M,M,5.00,5.00,M,M,29.65,M,230.00
ROC,2026-02-06 15:20,M,M,M,6.00,6.00,M,M,29.65,M,230.00
ROC,2026-02-06 15:25,M,M,M,6.00,8.00,M,M,29.65,M,230.00
ROC,2026-02-06 15:30,M,M,M,6.00,8.00,M,M,29.65,M,220.00
ROC,2026-02-06 15:35,M,M,M,5.00,6.00,M,M,29.65,M,220.00
ROC,2026-02-06 15:40,M,M,M,4.00,5.00,M,M,29.64,M,220.00
ROC,2026-02-06 15:45,M,M,M,4.00,5.00,M,M,29.64,M,220.00
ROC,2026-02-06 15:50,M,M,M,4.00,6.00,M,M,29.64,M,210.00
ROC,2026-02-06 15:54,13.49,70.86,22.00,5.00,6.00,1005.00,T,29.64,14.00,210.00
ROC,2026-02-06 15:55,M,M,M,5.00,6.00,M,M,29.64,M,210.00
ROC,2026-02-06 16:00,M,M,M,5.00,7.00,M,M,29.64,M,220.00
ROC,2026-02-06 16:05,M,M,M,3.50,7.00,M,M,29.64,M,230.00
ROC,2026-02-06 16:10,M,M,M,2.50,6.00,M,M,29.63,M,220.00
ROC,2026-02-06 16:14,12.28,77.23,21.00,2.00,6.00,M,T,29.63,15.00,220.00
ROC,2026-02-06 16:15,M,M,M,2.00,6.00,M,M,29.63,M,220.00
ROC,2026-02-06 16:20,M,M,M,2.00,5.00,M,M,29.63,M,220.00
ROC,2026-02-06 16:25,M,M,M,2.00,4.00,M,M,29.63,M,210.00
ROC,2026-02-06 16:30,M,M,M,2.50,5.00,M,M,29.63,M,240.00
ROC,2026-02-06 16:35,M,M,M,2.00,5.00,M,M,29.62,M,220.00
ROC,2026-02-06 16:37,15.74,77.32,22.00,1.75,4.00,M,T,29.62,16.00,220.00
ROC,2026-02-06 16:40,M,M,M,1.25,4.00,M,M,29.62,M,240.00
ROC,2026-02-06 16:45,M,M,M,1.25,5.00,M,M,29.62,M,220.00
ROC,2026-02-06 16:50,M,M,M,1.25,4.00,M,0.01,29.62,M,210.00
ROC,2026-02-06 16:54,17.26,80.75,22.00,1.50,3.00,1004.10,0.01,29.61,17.00,200.00
ROC,2026-02-06 16:55,M,M,M,1.50,4.00,M,M,29.61,M,190.00
ROC,2026-02-06 17:00,M,M,M,1.75,5.00,M,M,29.61,M,210.00
ROC,2026-02-06 17:05,M,M,M,2.00,4.00,M,M,29.61,M,200.00
ROC,2026-02-06 17:10,M,M,M,2.00,4.00,M,M,29.61,M,230.00
ROC,2026-02-06 17:15,M,M,M,2.00,4.00,M,M,29.60,M,230.00
ROC,2026-02-06 17:16,16.91,80.83,23.00,2.00,4.00,M,T,29.60,18.00,230.00
ROC,2026-02-06 17:20,M,M,M,2.00,4.00,M,M,29.60,M,230.00
ROC,2026-02-06 17:25,M,M,M,2.00,4.00,M,M,29.60,M,210.00
ROC,2026-02-06 17:30,M,M,M,2.00,4.00,M,M,29.59,M,230.00
ROC,2026-02-06 17:35,M,M,M,2.00,4.00,M,M,29.59,M,210.00
ROC,2026-02-06 17:40,M,M,M,2.00,4.00,M,M,29.59,M,200.00
ROC,2026-02-06 17:45,M,M,M,1.75,5.00,M,M,29.59,M,220.00
ROC,2026-02-06 17:50,M,M,M,2.00,5.00,M,M,29.59,M,220.00
ROC,2026-02-06 17:54,15.71,80.83,23.00,2.00,5.00,1003.20,T,29.59,18.00,220.00
ROC,2026-02-06 17:55,M,M,M,2.00,5.00,M,M,29.58,M,220.00
ROC,2026-02-06 18:00,M,M,M,3.00,6.00,M,M,29.58,M,230.00
ROC,2026-02-06 18:05,14.69,80.83,23.00,3.00,6.00,M,T,29.58,18.00,220.00
ROC,2026-02-06 18:05,M,M,M,3.50,6.00,M,M,29.58,M,220.00
ROC,2026-02-06 18:10,M,M,M,3.00,3.00,M,M,29.58,M,240.00
ROC,2026-02-06 18:15,M,M,M,3.00,4.00,M,M,29.58,M,230.00
ROC,2026-02-06 18:20,M,M,M,2.50,5.00,M,M,29.57,M,220.00
ROC,2026-02-06 18:25,M,M,M,2.50,4.00,M,M,29.57,M,220.00
ROC,2026-02-06 18:25,18.08,77.51,24.00,2.50,4.00,M,T,29.57,18.00,220.00
ROC,2026-02-06 18:30,M,M,M,2.00,6.00,M,M,29.57,M,220.00
ROC,2026-02-06 18:35,16.89,80.91,24.00,1.75,5.00,M,T,29.57,19.00,230.00
ROC,2026-02-06 18:35,M,M,M,1.75,5.00,M,M,29.57,M,230.00
ROC,2026-02-06 18:40,M,M,M,1.75,5.00,M,M,29.57,M,230.00
ROC,2026-02-06 18:45,M,M,M,2.00,5.00,M,M,29.57,M,230.00
ROC,2026-02-06 18:50,M,M,M,2.00,4.00,M,0.01,29.57,M,230.00
ROC,2026-02-06 18:51,17.84,79.60,24.80,2.00,5.00,M,0.01,29.57,19.40,230.00
ROC,2026-02-06 18:54,16.89,80.91,24.00,2.00,5.00,1002.60,0.01,29.57,19.00,230.00
ROC,2026-02-06 18:55,M,M,M,2.00,5.00,M,M,29.57,M,240.00
ROC,2026-02-06 19:00,M,M,M,2.50,4.00,M,M,29.57,M,230.00
ROC,2026-02-06 19:05,M,M,M,2.50,5.00,M,M,29.57,M,240.00
ROC,2026-02-06 19:10,M,M,M,3.00,6.00,M,M,29.57,M,260.00
ROC,2026-02-06 19:13,19.54,77.51,24.00,4.00,3.00,M,T,29.57,18.00,260.00
ROC,2026-02-06 19:15,M,M,M,4.00,4.00,M,M,29.57,M,270.00
ROC,2026-02-06 19:20,M,M,M,4.00,7.00,M,M,29.56,M,260.00
ROC,2026-02-06 19:25,M,M,M,4.00,5.00,M,M,29.56,M,260.00
ROC,2026-02-06 19:30,M,M,M,5.00,6.00,M,M,29.56,M,270.00
ROC,2026-02-06 19:35,M,M,M,7.00,7.00,M,M,29.56,M,290.00
ROC,2026-02-06 19:40,M,M,M,5.00,9.00,M,M,29.56,M,280.00
ROC,2026-02-06 19:45,M,M,M,3.00,9.00,M,M,29.56,M,290.00
ROC,2026-02-06 19:50,M,M,M,3.00,7.00,M,M,29.56,M,280.00
ROC,2026-02-06 19:54,15.49,74.34,25.00,4.00,8.00,1002.30,T,29.56,18.00,280.00
ROC,2026-02-06 19:55,M,M,M,4.00,8.00,M,M,29.56,M,280.00
ROC,2026-02-06 20:00,M,M,M,4.00,7.00,M,M,29.56,M,290.00
ROC,2026-02-06 20:05,M,M,M,5.00,7.00,M,M,29.56,M,260.00
ROC,2026-02-06 20:10,M,M,M,6.00,7.00,M,M,29.56,M,280.00
ROC,2026-02-06 20:15,M,M,M,6.00,9.00,M,M,29.56,M,280.00
ROC,2026-02-06 20:20,M,M,M,5.00,11.00,M,M,29.56,M,270.00
ROC,2026-02-06 20:25,M,M,M,4.00,9.00,M,M,29.56,M,270.00
ROC,2026-02-06 20:28,14.81,74.34,25.00,5.00,9.00,M,T,29.56,18.00,270.00
ROC,2026-02-06 20:30,M,M,M,5.00,9.00,M,M,29.56,M,270.00
ROC,2026-02-06 20:35,M,M,M,5.00,10.00,M,M,29.56,M,280.00
ROC,2026-02-06 20:40,M,M,M,5.00,9.00,M,M,29.56,M,290.00
ROC,2026-02-06 20:45,M,M,M,4.00,8.00,M,M,29.56,M,280.00
ROC,2026-02-06 20:50,M,M,M,3.50,9.00,M,M,29.56,M,270.00
ROC,2026-02-06 20:54,14.26,77.51,24.00,2.50,8.00,1002.30,T,29.56,18.00,260.00
ROC,2026-02-06 20:55,M,M,M,2.50,8.00,M,M,29.56,M,260.00
ROC,2026-02-06 21:00,M,M,M,2.50,10.00,M,M,29.56,M,250.00
ROC,2026-02-06 21:05,M,M,M,2.50,10.00,M,M,29.56,M,250.00
ROC,2026-02-06 21:10,M,M,M,2.50,9.00,M,M,29.56,M,260.00
ROC,2026-02-06 21:12,13.57,74.24,24.00,3.00,9.00,M,T,29.56,17.00,250.00
ROC,2026-02-06 21:15,M,M,M,3.00,7.00,M,M,29.56,M,260.00
ROC,2026-02-06 21:20,M,M,M,3.50,8.00,M,M,29.56,M,250.00
ROC,2026-02-06 21:25,M,M,M,4.00,9.00,M,M,29.56,M,260.00
ROC,2026-02-06 21:30,M,M,M,3.50,9.00,M,M,29.56,M,240.00
ROC,2026-02-06 21:35,M,M,M,3.00,10.00,M,M,29.56,M,240.00
ROC,2026-02-06 21:37,14.26,77.51,24.00,1.50,8.00,M,T,29.56,18.00,240.00
ROC,2026-02-06 21:40,M,M,M,0.50,10.00,M,M,29.56,M,240.00
ROC,2026-02-06 21:41,12.94,77.51,24.00,0.50,10.00,M,T,29.56,18.00,250.00
ROC,2026-02-06 21:45,M,M,M,0.50,10.00,M,M,29.56,M,230.00
ROC,2026-02-06 21:50,M,M,M,0.50,9.00,M,M,29.56,M,240.00
ROC,2026-02-06 21:54,13.03,84.38,23.00,0.50,8.00,1002.30,T,29.56,19.00,240.00
ROC,2026-02-06 21:55,M,M,M,0.50,9.00,M,M,29.56,M,240.00
ROC,2026-02-06 22:00,M,M,M,0.50,10.00,M,M,29.56,M,240.00
ROC,2026-02-06 22:05,M,M,M,0.50,10.00,M,M,29.56,M,240.00
ROC,2026-02-06 22:06,11.68,88.07,23.00,0.75,10.00,M,T,29.56,20.00,240.00
ROC,2026-02-06 22:10,M,M,M,0.75,8.00,M,M,29.57,M,240.00
ROC,2026-02-06 22:15,M,M,M,0.75,9.00,M,M,29.57,M,240.00
ROC,2026-02-06 22:20,M,M,M,0.75,8.00,M,M,29.57,M,250.00
ROC,2026-02-06 22:25,M,M,M,0.75,8.00,M,M,29.57,M,240.00
ROC,2026-02-06 22:30,M,M,M,0.75,9.00,M,M,29.57,M,250.00
ROC,2026-02-06 22:32,13.03,88.07,23.00,1.25,8.00,M,T,29.57,20.00,250.00
ROC,2026-02-06 22:35,M,M,M,1.25,8.00,M,M,29.57,M,250.00
ROC,2026-02-06 22:39,12.32,84.38,23.00,2.00,9.00,M,T,29.57,19.00,260.00
ROC,2026-02-06 22:40,M,M,M,2.00,8.00,M,M,29.57,M,250.00
ROC,2026-02-06 22:45,M,M,M,2.00,12.00,M,M,29.57,M,260.00
ROC,2026-02-06 22:50,M,M,M,2.00,10.00,M,M,29.57,M,260.00
ROC,2026-02-06 22:54,11.09,84.38,23.00,2.00,11.00,1002.70,T,29.57,19.00,240.00
ROC,2026-02-06 22:55,M,M,M,2.00,10.00,M,M,29.57,M,240.00
ROC,2026-02-06 23:00,M,M,M,2.00,10.00,M,M,29.57,M,250.00
ROC,2026-02-06 23:03,12.32,84.38,23.00,1.75,9.00,M,T,29.57,19.00,250.00
ROC,2026-02-06 23:05,M,M,M,1.75,10.00,M,M,29.57,M,250.00
ROC,2026-02-06 23:10,M,M,M,1.75,12.00,M,M,29.57,M,240.00
ROC,2026-02-06 23:15,M,M,M,1.50,9.00,M,M,29.57,M,250.00
ROC,2026-02-06 23:20,M,M,M,2.00,10.00,M,0.01,29.57,M,250.00
ROC,2026-02-06 23:23,12.32,88.07,23.00,2.50,9.00,M,0.01,29.57,20.00,240.00
ROC,2026-02-06 23:25,M,M,M,2.50,8.00,M,0.01,29.57,M,240.00
ROC,2026-02-06 23:30,M,M,M,2.50,9.00,M,0.01,29.57,M,240.00
ROC,2026-02-06 23:35,M,M,M,2.50,9.00,M,0.01,29.57,M,240.00
ROC,2026-02-06 23:40,M,M,M,2.50,9.00,M,0.01,29.57,M,240.00
ROC,2026-02-06 23:45,M,M,M,2.50,8.00,M,0.01,29.57,M,240.00
ROC,2026-02-06 23:50,M,M,M,2.50,9.00,M,0.01,29.56,M,240.00
ROC,2026-02-06 23:54,12.32,88.07,23.00,2.50,9.00,1002.40,0.01,29.56,20.00,240.00
ROC,2026-02-06 23:55,M,M,M,2.50,9.00,M,M,29.56,M,230.00
ROC,2026-02-07 00:00,M,M,M,2.50,9.00,M,M,29.56,M,240.00
ROC,2026-02-07 00:05,M,M,M,2.50,8.00,M,M,29.56,M,240.00
ROC,2026-02-07 00:10,13.03,88.07,23.00,5.00,8.00,M,T,29.56,20.00,240.00
ROC,2026-02-07 00:10,M,M,M,5.00,8.00,M,M,29.56,M,240.00
ROC,2026-02-07 00:15,M,M,M,5.00,9.00,M,M,29.56,M,240.00
ROC,2026-02-07 00:20,M,M,M,5.00,9.00,M,M,29.56,M,240.00
ROC,2026-02-07 00:25,M,M,M,5.00,9.00,M,M,29.56,M,240.00
ROC,2026-02-07 00:26,12.32,88.07,23.00,5.00,9.00,M,T,29.56,20.00,240.00
ROC,2026-02-07 00:30,M,M,M,5.00,9.00,M,M,29.56,M,240.00
ROC,2026-02-07 00:35,M,M,M,4.00,9.00,M,M,29.56,M,240.00
ROC,2026-02-07 00:40,M,M,M,4.00,9.00,M,M,29.56,M,240.00
ROC,2026-02-07 00:45,M,M,M,4.00,10.00,M,M,29.56,M,240.00
ROC,2026-02-07 00:50,M,M,M,4.00,9.00,M,M,29.56,M,240.00
ROC,2026-02-07 00:54,11.09,88.07,23.00,4.00,11.00,1002.20,T,29.56,20.00,240.00
ROC,2026-02-07 00:55,M,M,M,4.00,11.00,M,M,29.56,M,240.00
ROC,2026-02-07 01:00,M,M,M,4.00,9.00,M,M,29.56,M,250.00
ROC,2026-02-07 01:05,M,M,M,4.00,9.00,M,M,29.56,M,250.00
ROC,2026-02-07 01:10,M,M,M,4.00,8.00,M,M,29.55,M,250.00
ROC,2026-02-07 01:15,M,M,M,3.00,9.00,M,M,29.55,M,250.00
ROC,2026-02-07 01:17,12.94,84.45,24.00,2.50,10.00,M,T,29.55,20.00,250.00
ROC,2026-02-07 01:20,M,M,M,2.00,11.00,M,M,29.55,M,250.00
ROC,2026-02-07 01:21,12.36,88.12,24.00,1.50,11.00,M,T,29.55,21.00,250.00
ROC,2026-02-07 01:23,12.94,88.12,24.00,0.75,10.00,M,T,29.55,21.00,250.00
ROC,2026-02-07 01:25,M,M,M,0.75,9.00,M,M,29.55,M,250.00
ROC,2026-02-07 01:30,M,M,M,0.75,10.00,M,M,29.55,M,250.00
ROC,2026-02-07 01:35,M,M,M,0.75,9.00,M,0.01,29.54,M,250.00
ROC,2026-02-07 01:37,12.94,91.93,24.00,1.50,10.00,M,0.01,29.54,22.00,250.00
ROC,2026-02-07 01:40,M,M,M,1.50,9.00,M,0.01,29.54,M,250.00
ROC,2026-02-07 01:45,M,M,M,1.50,9.00,M,0.01,29.54,M,250.00
ROC,2026-02-07 01:50,M,M,M,1.50,10.00,M,0.01,29.54,M,250.00
ROC,2026-02-07 01:54,12.94,91.93,24.00,2.00,10.00,1001.40,0.01,29.54,22.00,250.00
ROC,2026-02-07 01:55,M,M,M,2.00,10.00,M,M,29.54,M,250.00
ROC,2026-02-07 01:58,12.94,91.93,24.00,3.00,10.00,M,T,29.54,22.00,250.00
ROC,2026-02-07 02:00,M,M,M,3.00,9.00,M,M,29.54,M,250.00
ROC,2026-02-07 02:05,M,M,M,3.00,10.00,M,M,29.54,M,250.00
ROC,2026-02-07 02:10,M,M,M,2.00,11.00,M,M,29.54,M,260.00
ROC,2026-02-07 02:12,12.94,91.93,24.00,2.00,10.00,M,T,29.54,22.00,260.00
ROC,2026-02-07 02:15,M,M,M,2.00,12.00,M,M,29.54,M,260.00
ROC,2026-02-07 02:16,12.60,88.17,25.00,1.50,13.00,M,T,29.54,22.00,270.00
ROC,2026-02-07 02:20,M,M,M,1.75,13.00,M,M,29.54,M,270.00
ROC,2026-02-07 02:25,M,M,M,1.50,17.00,M,M,29.54,M,M
ROC,2026-02-07 02:30,M,M,M,1.50,16.00,M,M,29.54,M,280.00
ROC,2026-02-07 02:32,11.71,88.17,25.00,0.75,15.00,M,T,29.54,22.00,290.00
ROC,2026-02-07 02:35,M,M,M,0.75,M,M,M,29.54,M,M
ROC,2026-02-07 02:40,M,M,M,0.75,16.00,M,M,29.54,M,290.00
ROC,2026-02-07 02:41,12.14,84.51,25.00,0.75,14.00,M,T,29.54,21.00,300.00
ROC,2026-02-07 02:45,M,M,M,0.75,17.00,M,M,29.54,M,290.00
ROC,2026-02-07 02:50,M,M,M,0.75,16.00,M,M,29.55,M,310.00
ROC,2026-02-07 02:54,8.51,88.12,24.00,0.50,20.00,1001.90,T,29.55,21.00,310.00
ROC,2026-02-07 02:55,M,M,M,0.50,M,M,M,29.55,M,M
ROC,2026-02-07 03:00,M,M,M,0.50,M,M,M,29.55,M,M
ROC,2026-02-07 03:02,8.86,84.45,24.00,0.50,19.00,M,T,29.56,20.00,300.00
ROC,2026-02-07 03:05,M,M,M,0.50,16.00,M,M,29.56,M,310.00
ROC,2026-02-07 03:10,M,M,M,0.50,M,M,M,29.56,M,M
ROC,2026-02-07 03:14,7.87,80.91,24.00,0.75,22.00,M,T,29.57,19.00,300.00
ROC,2026-02-07 03:15,M,M,M,0.75,M,M,M,29.57,M,M
ROC,2026-02-07 03:20,M,M,M,0.75,15.00,M,M,29.57,M,320.00
ROC,2026-02-07 03:23,10.04,77.42,23.00,1.50,13.00,M,T,29.58,17.00,310.00
ROC,2026-02-07 03:25,6.85,77.42,23.00,2.50,21.00,M,T,29.58,17.00,310.00
ROC,2026-02-07 03:25,M,M,M,2.50,M,M,M,29.58,M,M
ROC,2026-02-07 03:30,M,M,M,2.50,21.00,M,M,29.58,M,M
ROC,2026-02-07 03:33,7.54,77.42,23.00,3.00,19.00,M,T,29.58,17.00,310.00
ROC,2026-02-07 03:35,M,M,M,4.00,24.00,M,M,29.59,M,M
ROC,2026-02-07 03:40,M,M,M,3.50,M,M,M,29.59,M,M
ROC,2026-02-07 03:45,M,M,M,4.00,M,M,M,29.60,M,M
ROC,2026-02-07 03:50,M,M,M,3.00,M,M,M,29.60,M,M
ROC,2026-02-07 03:54,5.27,80.67,21.00,3.00,18.00,1003.70,T,29.61,16.00,330.00
ROC,2026-02-07 03:55,M,M,M,3.50,20.00,M,M,29.61,M,320.00
ROC,2026-02-07 04:00,M,M,M,4.00,M,M,M,29.62,M,M
ROC,2026-02-07 04:05,M,M,M,3.00,23.00,M,M,29.62,M,M
ROC,2026-02-07 04:10,M,M,M,3.00,M,M,M,29.63,M,M
ROC,2026-02-07 04:15,M,M,M,3.00,21.00,M,M,29.64,M,310.00
ROC,2026-02-07 04:20,M,M,M,4.00,M,M,M,29.64,M,M
ROC,2026-02-07 04:25,M,M,M,4.00,18.00,M,M,29.64,M,330.00
ROC,2026-02-07 04:30,M,M,M,5.00,20.00,M,M,29.65,M,320.00
ROC,2026-02-07 04:35,M,M,M,4.00,19.00,M,M,29.65,M,320.00
ROC,2026-02-07 04:40,M,M,M,5.00,13.00,M,M,29.66,M,320.00
ROC,2026-02-07 04:45,M,M,M,7.00,M,M,M,29.66,M,M
ROC,2026-02-07 04:50,M,M,M,6.00,M,M,M,29.67,M,M
ROC,2026-02-07 04:54,-3.85,70.16,16.00,5.00,25.00,1006.20,T,29.68,8.00,320.00
ROC,2026-02-07 04:55,M,M,M,4.00,M,M,M,29.68,M,M
ROC,2026-02-07 05:00,M,M,M,4.00,M,M,M,29.69,M,M
ROC,2026-02-07 05:05,M,M,M,2.50,M,M,M,29.69,M,M
ROC,2026-02-07 05:10,M,M,M,3.00,20.00,M,M,29.70,M,320.00
ROC,2026-02-07 05:15,M,M,M,3.00,21.00,M,M,29.70,M,310.00
ROC,2026-02-07 05:20,M,M,M,3.00,20.00,M,M,29.70,M,320.00
ROC,2026-02-07 05:25,M,M,M,3.00,17.00,M,M,29.71,M,320.00
ROC,2026-02-07 05:30,M,M,M,3.00,18.00,M,M,29.71,M,320.00
ROC,2026-02-07 05:35,M,M,M,3.00,M,M,M,29.71,M,M
ROC,2026-02-07 05:40,M,M,M,3.00,19.00,M,M,29.72,M,320.00
ROC,2026-02-07 05:41,-7.01,66.54,12.00,3.00,19.00,M,T,29.72,3.00,310.00
ROC,2026-02-07 05:45,M,M,M,9.00,16.00,M,M,29.73,M,320.00
ROC,2026-02-07 05:50,M,M,M,9.00,M,M,M,29.73,M,M
ROC,2026-02-07 05:54,-8.57,63.52,12.00,8.00,23.00,1008.20,T,29.73,2.00,320.00
ROC,2026-02-07 05:55,M,M,M,8.00,18.00,M,M,29.74,M,320.00
ROC,2026-02-07 06:00,M,M,M,8.00,19.00,M,M,29.74,M,320.00
ROC,2026-02-07 06:05,M,M,M,8.00,19.00,M,M,29.74,M,330.00
ROC,2026-02-07 06:10,M,M,M,8.00,M,M,M,29.75,M,M
ROC,2026-02-07 06:15,M,M,M,6.00,24.00,M,M,29.75,M,M
ROC,2026-02-07 06:20,M,M,M,5.00,M,M,M,29.75,M,M
ROC,2026-02-07 06:25,M,M,M,7.00,16.00,M,M,29.76,M,320.00
ROC,2026-02-07 06:30,M,M,M,9.00,15.00,M,M,29.76,M,320.00
ROC,2026-02-07 06:35,M,M,M,7.00,M,M,M,29.77,M,M
ROC,2026-02-07 06:40,M,M,M,5.00,M,M,M,29.77,M,M
ROC,2026-02-07 06:45,M,M,M,5.00,17.00,M,M,29.77,M,320.00
ROC,2026-02-07 06:50,M,M,M,8.00,17.00,M,M,29.78,M,310.00
ROC,2026-02-07 06:54,-14.07,65.88,7.00,8.00,20.00,1009.90,T,29.78,-2.00,320.00
ROC,2026-02-07 06:55,M,M,M,7.00,18.00,M,M,29.78,M,320.00
ROC,2026-02-07 07:00,M,M,M,6.00,20.00,M,M,29.79,M,320.00
ROC,2026-02-07 07:05,M,M,M,4.00,M,M,M,29.80,M,M
ROC,2026-02-07 07:10,M,M,M,4.00,M,M,M,29.80,M,M
ROC,2026-02-07 07:15,M,M,M,4.00,M,M,M,29.80,M,M
ROC,2026-02-07 07:20,M,M,M,4.00,M,M,M,29.81,M,M
ROC,2026-02-07 07:25,M,M,M,5.00,20.00,M,M,29.81,M,M
ROC,2026-02-07 07:30,M,M,M,6.00,18.00,M,M,29.81,M,320.00
ROC,2026-02-07 07:35,M,M,M,6.00,M,M,M,29.82,M,M
ROC,2026-02-07 07:40,M,M,M,4.00,M,M,M,29.82,M,M
ROC,2026-02-07 07:45,M,M,M,2.50,21.00,M,M,29.83,M,M
ROC,2026-02-07 07:49,-19.56,77.66,3.20,1.75,21.00,M,T,29.83,-2.20,320.00
ROC,2026-02-07 07:50,-17.59,72.05,4.00,1.75,19.00,1011.50,T,29.83,-3.00,320.00
ROC,2026-02-07 07:50,M,M,M,1.75,19.00,M,M,29.83,M,320.00
ROC,2026-02-07 07:55,M,M,M,2.50,M,M,M,29.83,M,M
ROC,2026-02-07 07:58,-16.08,72.05,4.00,3.00,16.00,M,T,29.83,-3.00,330.00
ROC,2026-02-07 08:00,M,M,M,3.00,18.00,M,M,29.83,M,320.00
ROC,2026-02-07 08:05,M,M,M,2.00,18.00,M,M,29.84,M,320.00
ROC,2026-02-07 08:07,-19.83,75.46,3.00,1.75,21.00,M,T,29.84,-3.00,320.00
ROC,2026-02-07 08:10,M,M,M,1.50,17.00,M,M,29.85,M,320.00
ROC,2026-02-07 08:15,M,M,M,1.25,M,M,M,29.85,M,M
ROC,2026-02-07 08:19,-17.38,75.46,3.00,1.25,16.00,M,T,29.85,-3.00,330.00
ROC,2026-02-07 08:20,M,M,M,1.25,15.00,M,M,29.85,M,330.00
ROC,2026-02-07 08:25,M,M,M,1.50,M,M,M,29.86,M,M
ROC,2026-02-07 08:30,M,M,M,2.00,M,M,M,29.86,M,M
ROC,2026-02-07 08:32,-21.59,71.82,2.00,2.00,22.00,M,T,29.86,-5.00,320.00
ROC,2026-02-07 08:35,M,M,M,2.00,21.00,M,M,29.86,M,M
ROC,2026-02-07 08:40,M,M,M,2.00,17.00,M,M,29.87,M,330.00
ROC,2026-02-07 08:45,M,M,M,2.00,M,M,M,29.87,M,M
ROC,2026-02-07 08:50,M,M,M,1.50,18.00,M,M,29.88,M,M
ROC,2026-02-07 08:52,-20.53,77.49,1.40,1.25,18.00,M,T,29.88,-4.00,330.00
ROC,2026-02-07 08:54,-19.74,75.35,2.00,1.00,18.00,1013.30,T,29.88,-4.00,330.00
ROC,2026-02-07 08:55,M,M,M,1.00,M,M,M,29.88,M,M
ROC,2026-02-07 09:00,M,M,M,0.75,M,M,M,29.88,M,M
ROC,2026-02-07 09:03,-18.68,75.35,2.00,0.75,16.00,M,T,29.89,-4.00,320.00
ROC,2026-02-07 09:05,M,M,M,0.75,16.00,M,M,29.89,M,330.00
ROC,2026-02-07 09:10,M,M,M,0.75,15.00,M,M,29.89,M,330.00
ROC,2026-02-07 09:12,-18.11,79.04,2.00,0.50,15.00,M,T,29.89,-3.00,320.00
ROC,2026-02-07 09:15,M,M,M,0.50,14.00,M,M,29.90,M,320.00
ROC,2026-02-07 09:20,M,M,M,0.50,13.00,M,M,29.90,M,310.00
ROC,2026-02-07 09:25,M,M,M,0.75,M,M,M,29.90,M,M
ROC,2026-02-07 09:26,-18.68,82.88,2.00,0.50,16.00,M,T,29.90,-2.00,310.00
ROC,2026-02-07 09:30,M,M,M,0.50,16.00,M,M,29.91,M,320.00
ROC,2026-02-07 09:35,M,M,M,0.50,16.00,M,M,29.91,M,320.00
ROC,2026-02-07 09:40,M,M,M,0.50,M,M,M,29.91,M,M
ROC,2026-02-07 09:45,M,M,M,0.50,17.00,M,M,29.92,M,M
ROC,2026-02-07 09:50,M,M,M,0.50,14.00,M,M,29.92,M,320.00
ROC,2026-02-07 09:50,-18.28,77.49,1.40,0.50,14.00,M,T,29.92,-4.00,320.00
ROC,2026-02-07 09:54,-19.41,78.95,1.00,0.75,15.00,1014.80,T,29.93,-4.00,310.00
ROC,2026-02-07 09:55,M,M,M,0.75,16.00,M,M,29.93,M,320.00
ROC,2026-02-07 10:00,M,M,M,0.50,M,M,M,29.93,M,M
ROC,2026-02-07 10:05,M,M,M,0.50,16.00,M,M,29.94,M,320.00
ROC,2026-02-07 10:10,M,M,M,0.50,13.00,M,M,29.94,M,320.00
ROC,2026-02-07 10:15,M,M,M,0.50,17.00,M,M,29.94,M,320.00
ROC,2026-02-07 10:20,M,M,M,0.50,16.00,M,M,29.94,M,310.00
ROC,2026-02-07 10:25,M,M,M,0.75,16.00,M,M,29.95,M,320.00
ROC,2026-02-07 10:30,M,M,M,1.00,12.00,M,M,29.95,M,320.00
ROC,2026-02-07 10:35,M,M,M,0.75,17.00,M,M,29.96,M,320.00
ROC,2026-02-07 10:40,M,M,M,0.50,15.00,M,M,29.96,M,320.00
ROC,2026-02-07 10:45,M,M,M,0.75,M,M,M,29.96,M,M
ROC,2026-02-07 10:50,M,M,M,0.50,17.00,M,M,29.96,M,M
ROC,2026-02-07 10:54,-21.29,82.73,0.00,0.75,16.00,1016.20,T,29.97,-4.00,310.00
ROC,2026-02-07 10:55,M,M,M,0.75,M,M,M,29.97,M,M
ROC,2026-02-07 11:00,M,M,M,0.75,15.00,M,M,29.97,M,320.00
ROC,2026-02-07 11:05,M,M,M,0.75,M,M,M,29.97,M,M
ROC,2026-02-07 11:10,M,M,M,0.75,14.00,M,M,29.97,M,310.00
ROC,2026-02-07 11:15,M,M,M,0.75,14.00,M,M,29.98,M,320.00
ROC,2026-02-07 11:19,-21.85,78.85,0.00,1.00,17.00,M,T,29.98,-5.00,310.00
ROC,2026-02-07 11:20,M,M,M,1.00,17.00,M,M,29.98,M,310.00
ROC,2026-02-07 11:25,M,M,M,1.00,14.00,M,M,29.98,M,320.00
ROC,2026-02-07 11:30,M,M,M,1.25,14.00,M,M,29.99,M,320.00
ROC,2026-02-07 11:31,-20.09,78.85,0.00,1.25,14.00,M,T,29.99,-5.00,320.00
ROC,2026-02-07 11:35,M,M,M,0.75,M,M,M,29.99,M,M
ROC,2026-02-07 11:40,M,M,M,0.75,M,M,M,29.99,M,M
ROC,2026-02-07 11:41,-21.85,78.85,0.00,0.75,17.00,M,T,29.99,-5.00,310.00
ROC,2026-02-07 11:45,M,M,M,0.75,M,M,M,30.00,M,M
ROC,2026-02-07 11:50,M,M,M,1.00,17.00,M,M,30.00,M,320.00
ROC,2026-02-07 11:54,-21.29,78.85,0.00,0.75,16.00,1017.40,T,30.00,-5.00,320.00
ROC,2026-02-07 11:55,M,M,M,0.75,16.00,M,M,30.00,M,320.00
ROC,2026-02-07 12:00,M,M,M,0.75,14.00,M,M,30.01,M,310.00
ROC,2026-02-07 12:05,M,M,M,0.75,M,M,M,30.01,M,M
ROC,2026-02-07 12:10,M,M,M,1.00,14.00,M,M,30.01,M,320.00
ROC,2026-02-07 12:14,-23.36,78.85,0.00,1.00,20.00,M,T,30.01,-5.00,320.00
ROC,2026-02-07 12:15,M,M,M,1.00,17.00,M,M,30.01,M,320.00
ROC,2026-02-07 12:20,M,M,M,0.75,M,M,M,30.02,M,M
ROC,2026-02-07 12:25,M,M,M,1.00,15.00,M,M,30.02,M,320.00
ROC,2026-02-07 12:30,M,M,M,1.00,M,M,M,30.03,M,M
ROC,2026-02-07 12:35,M,M,M,1.00,M,M,M,30.03,M,M
ROC,2026-02-07 12:40,M,M,M,1.00,M,M,M,30.03,M,M
ROC,2026-02-07 12:45,M,M,M,1.00,15.00,M,M,30.03,M,320.00
ROC,2026-02-07 12:50,M,M,M,1.50,15.00,M,M,30.04,M,320.00
ROC,2026-02-07 12:54,-23.69,78.76,-1.00,1.25,18.00,1018.80,T,30.04,-6.00,330.00
ROC,2026-02-07 12:55,M,M,M,1.25,16.00,M,M,30.04,M,330.00
ROC,2026-02-07 13:00,M,M,M,1.00,M,M,M,30.05,M,M
ROC,2026-02-07 13:05,M,M,M,0.75,19.00,M,M,30.05,M,320.00
ROC,2026-02-07 13:07,-24.20,78.76,-1.00,0.75,19.00,M,T,30.05,-6.00,330.00
ROC,2026-02-07 13:10,M,M,M,0.75,15.00,M,M,30.05,M,320.00
ROC,2026-02-07 13:15,M,M,M,1.00,M,M,M,30.05,M,M
ROC,2026-02-07 13:20,M,M,M,1.00,14.00,M,M,30.06,M,320.00
ROC,2026-02-07 13:25,M,M,M,0.75,15.00,M,M,30.06,M,320.00
ROC,2026-02-07 13:30,M,M,M,0.50,15.00,M,M,30.06,M,320.00
ROC,2026-02-07 13:35,M,M,M,0.50,13.00,M,M,30.07,M,320.00
ROC,2026-02-07 13:40,M,M,M,0.50,15.00,M,M,30.07,M,320.00
ROC,2026-02-07 13:45,M,M,M,0.50,12.00,M,M,30.07,M,320.00
ROC,2026-02-07 13:47,-18.41,78.76,-1.00,0.50,10.00,M,T,30.07,-6.00,320.00
ROC,2026-02-07 13:50,M,M,M,0.50,15.00,M,M,30.07,M,320.00
ROC,2026-02-07 13:54,-21.37,78.76,-1.00,0.50,14.00,1019.90,T,30.07,-6.00,320.00
ROC,2026-02-07 13:55,M,M,M,0.50,16.00,M,M,30.07,M,320.00
ROC,2026-02-07 14:00,M,M,M,0.50,14.00,M,M,30.07,M,320.00
ROC,2026-02-07 14:05,M,M,M,0.50,12.00,M,M,30.08,M,320.00
ROC,2026-02-07 14:10,M,M,M,0.50,12.00,M,M,30.08,M,320.00
ROC,2026-02-07 14:15,M,M,M,0.50,14.00,M,M,30.08,M,320.00
ROC,2026-02-07 14:20,M,M,M,0.50,15.00,M,M,30.08,M,320.00
ROC,2026-02-07 14:25,M,M,M,0.50,16.00,M,M,30.08,M,320.00
ROC,2026-02-07 14:30,M,M,M,0.50,12.00,M,M,30.09,M,330.00
ROC,2026-02-07 14:35,M,M,M,0.50,M,M,M,30.09,M,M
ROC,2026-02-07 14:40,M,M,M,0.50,14.00,M,M,30.09,M,320.00
ROC,2026-02-07 14:45,M,M,M,0.50,13.00,M,M,30.09,M,320.00
ROC,2026-02-07 14:50,M,M,M,0.50,11.00,M,M,30.09,M,320.00
ROC,2026-02-07 14:54,-21.29,78.85,0.00,0.50,16.00,1020.50,0.01,30.09,-5.00,320.00
ROC,2026-02-07 14:55,M,M,M,0.50,15.00,M,M,30.09,M,330.00
ROC,2026-02-07 15:00,M,M,M,0.50,M,M,M,30.09,M,M
ROC,2026-02-07 15:05,M,M,M,0.50,12.00,M,M,30.09,M,320.00
ROC,2026-02-07 15:10,M,M,M,0.50,11.00,M,M,30.09,M,310.00
ROC,2026-02-07 15:15,M,M,M,0.50,18.00,M,M,30.09,M,M
ROC,2026-02-07 15:20,M,M,M,0.25,M,M,M,30.09,M,M
ROC,2026-02-07 15:25,M,M,M,0.25,17.00,M,M,30.10,M,330.00
ROC,2026-02-07 15:26,-22.88,78.85,0.00,0.25,19.00,M,T,30.10,-5.00,320.00
ROC,2026-02-07 15:30,M,M,M,0.25,14.00,M,M,30.10,M,310.00
ROC,2026-02-07 15:35,M,M,M,0.25,17.00,M,M,30.10,M,320.00
ROC,2026-02-07 15:40,M,M,M,0.25,16.00,M,M,30.10,M,310.00
ROC,2026-02-07 15:45,M,M,M,0.25,M,M,M,30.10,M,M
ROC,2026-02-07 15:50,M,M,M,0.25,17.00,M,M,30.11,M,330.00
ROC,2026-02-07 15:54,-21.29,78.85,0.00,0.25,16.00,1021.00,T,30.10,-5.00,320.00
ROC,2026-02-07 15:55,M,M,M,0.25,15.00,M,M,30.10,M,320.00
ROC,2026-02-07 16:00,M,M,M,0.25,15.00,M,M,30.11,M,330.00
ROC,2026-02-07 16:05,M,M,M,0.25,11.00,M,M,30.11,M,320.00
ROC,2026-02-07 16:10,M,M,M,0.25,M,M,M,30.11,M,M
ROC,2026-02-07 16:15,M,M,M,0.25,M,M,M,30.11,M,M
ROC,2026-02-07 16:20,M,M,M,0.25,17.00,M,M,30.11,M,320.00
ROC,2026-02-07 16:25,M,M,M,0.50,M,M,M,30.11,M,M
ROC,2026-02-07 16:30,M,M,M,0.50,M,M,M,30.11,M,M
ROC,2026-02-07 16:31,-21.56,75.25,1.00,0.50,19.00,M,T,30.11,-5.00,320.00
ROC,2026-02-07 16:35,M,M,M,0.50,13.00,M,M,30.11,M,320.00
ROC,2026-02-07 16:40,M,M,M,0.50,12.00,M,M,30.11,M,320.00
ROC,2026-02-07 16:45,M,M,M,0.50,14.00,M,M,30.11,M,320.00
ROC,2026-02-07 16:50,M,M,M,0.50,15.00,M,M,30.11,M,310.00
ROC,2026-02-07 16:54,-18.80,71.71,1.00,0.50,14.00,1021.20,T,30.11,-6.00,320.00
ROC,2026-02-07 16:55,M,M,M,0.50,14.00,M,M,30.11,M,320.00
ROC,2026-02-07 17:00,M,M,M,0.50,18.00,M,M,30.11,M,320.00
ROC,2026-02-07 17:05,M,M,M,0.50,16.00,M,M,30.11,M,320.00
ROC,2026-02-07 17:10,M,M,M,0.50,15.00,M,M,30.11,M,330.00
ROC,2026-02-07 17:15,M,M,M,0.50,M,M,M,30.11,M,M
ROC,2026-02-07 17:20,M,M,M,0.50,15.00,M,M,30.11,M,310.00
ROC,2026-02-07 17:24,-20.54,71.71,1.00,0.50,17.00,M,T,30.11,-6.00,310.00
ROC,2026-02-07 17:25,M,M,M,0.50,M,M,M,30.11,M,M
ROC,2026-02-07 17:30,M,M,M,0.50,M,M,M,30.11,M,M
ROC,2026-02-07 17:35,M,M,M,0.50,M,M,M,30.11,M,M
ROC,2026-02-07 17:40,M,M,M,0.50,M,M,M,30.11,M,M
ROC,2026-02-07 17:45,M,M,M,0.50,20.00,M,M,30.11,M,320.00
ROC,2026-02-07 17:50,M,M,M,0.50,17.00,M,M,30.11,M,320.00
ROC,2026-02-07 17:54,-20.54,75.25,1.00,0.50,17.00,1021.10,T,30.11,-5.00,320.00
ROC,2026-02-07 17:55,M,M,M,0.50,16.00,M,M,30.11,M,330.00
ROC,2026-02-07 18:00,M,M,M,0.50,14.00,M,M,30.11,M,310.00
ROC,2026-02-07 18:05,M,M,M,0.50,M,M,M,30.11,M,M
ROC,2026-02-07 18:08,-21.16,71.82,2.00,0.75,21.00,M,T,30.11,-5.00,320.00
ROC,2026-02-07 18:10,M,M,M,0.75,M,M,M,30.11,M,M
ROC,2026-02-07 18:15,M,M,M,0.50,M,M,M,30.11,M,M
ROC,2026-02-07 18:20,M,M,M,0.50,14.00,M,M,30.11,M,310.00
ROC,2026-02-07 18:25,-18.11,75.35,2.00,0.50,15.00,M,T,30.11,-4.00,310.00
ROC,2026-02-07 18:25,M,M,M,0.50,15.00,M,M,30.11,M,310.00
ROC,2026-02-07 18:30,M,M,M,0.50,15.00,M,M,30.11,M,310.00
ROC,2026-02-07 18:35,M,M,M,0.50,14.00,M,M,30.11,M,310.00
ROC,2026-02-07 18:40,M,M,M,0.50,M,M,0.01,30.11,M,M
ROC,2026-02-07 18:45,M,M,M,0.50,16.00,M,0.01,30.11,M,300.00
ROC,2026-02-07 18:50,M,M,M,0.25,17.00,M,0.01,30.11,M,300.00
ROC,2026-02-07 18:54,-15.58,71.94,3.00,0.50,13.00,1021.50,0.01,30.12,-4.00,310.00
ROC,2026-02-07 18:55,M,M,M,0.50,M,M,M,30.12,M,M
ROC,2026-02-07 19:00,M,M,M,0.50,10.00,M,M,30.12,M,310.00
ROC,2026-02-07 19:05,M,M,M,0.75,12.00,M,M,30.12,M,310.00
ROC,2026-02-07 19:10,M,M,M,1.25,10.00,M,M,30.12,M,310.00
ROC,2026-02-07 19:15,M,M,M,1.75,9.00,M,M,30.12,M,310.00
ROC,2026-02-07 19:19,-15.52,68.69,4.00,0.75,15.00,M,T,30.12,-4.00,300.00
ROC,2026-02-07 19:20,M,M,M,1.75,M,M,M,30.12,M,M
ROC,2026-02-07 19:25,M,M,M,1.00,13.00,M,M,30.12,M,300.00
ROC,2026-02-07 19:30,M,M,M,1.00,14.00,M,M,30.12,M,310.00
ROC,2026-02-07 19:35,M,M,M,0.75,16.00,M,M,30.12,M,300.00
ROC,2026-02-07 19:40,M,M,M,0.75,14.00,M,M,30.12,M,300.00
ROC,2026-02-07 19:45,M,M,M,0.75,15.00,M,M,30.13,M,310.00
ROC,2026-02-07 19:50,M,M,M,0.50,14.00,M,M,30.13,M,300.00
ROC,2026-02-07 19:54,-14.91,75.46,3.00,0.50,12.00,1022.00,T,30.13,-3.00,310.00
ROC,2026-02-07 19:55,M,M,M,0.50,14.00,M,M,30.13,M,310.00
ROC,2026-02-07 20:00,M,M,M,0.50,14.00,M,M,30.13,M,320.00
ROC,2026-02-07 20:05,M,M,M,0.25,M,M,M,30.13,M,M
ROC,2026-02-07 20:10,M,M,M,0.50,M,M,M,30.13,M,M
ROC,2026-02-07 20:10,-17.92,79.13,3.00,0.50,17.00,M,T,30.13,-2.00,310.00
ROC,2026-02-07 20:15,M,M,M,0.50,14.00,M,M,30.13,M,310.00
ROC,2026-02-07 20:20,M,M,M,0.75,M,M,M,30.13,M,M
ROC,2026-02-07 20:25,M,M,M,0.75,M,M,M,30.13,M,M
ROC,2026-02-07 20:30,M,M,M,0.50,13.00,M,M,30.14,M,310.00
ROC,2026-02-07 20:35,M,M,M,0.50,15.00,M,M,30.14,M,320.00
ROC,2026-02-07 20:40,M,M,M,0.50,13.00,M,M,30.14,M,320.00
ROC,2026-02-07 20:45,M,M,M,0.50,11.00,M,M,30.15,M,330.00
ROC,2026-02-07 20:50,M,M,M,0.50,14.00,M,M,30.15,M,330.00
ROC,2026-02-07 20:54,-16.08,75.56,4.00,0.50,16.00,1022.80,T,30.15,-2.00,330.00
ROC,2026-02-07 20:55,M,M,M,0.50,16.00,M,M,30.15,M,320.00
ROC,2026-02-07 21:00,M,M,M,0.50,11.00,M,M,30.15,M,320.00
ROC,2026-02-07 21:05,M,M,M,0.50,13.00,M,M,30.15,M,320.00
ROC,2026-02-07 21:10,M,M,M,0.50,13.00,M,M,30.16,M,310.00
ROC,2026-02-07 21:15,M,M,M,0.50,12.00,M,M,30.16,M,330.00
ROC,2026-02-07 21:20,M,M,M,0.50,10.00,M,M,30.16,M,330.00
ROC,2026-02-07 21:25,M,M,M,0.50,10.00,M,M,30.16,M,330.00
ROC,2026-02-07 21:30,M,M,M,0.50,10.00,M,M,30.16,M,320.00
ROC,2026-02-07 21:34,-12.14,79.22,4.00,0.50,10.00,M,T,30.17,-1.00,330.00
ROC,2026-02-07 21:35,M,M,M,0.50,9.00,M,M,30.17,M,320.00
ROC,2026-02-07 21:40,M,M,M,0.50,10.00,M,M,30.17,M,330.00
ROC,2026-02-07 21:45,M,M,M,0.50,9.00,M,0.01,30.17,M,330.00
ROC,2026-02-07 21:50,M,M,M,0.50,M,M,0.01,30.17,M,M
ROC,2026-02-07 21:54,-15.58,82.96,3.00,0.50,13.00,1023.60,0.01,30.17,-1.00,340.00
ROC,2026-02-07 21:55,M,M,M,0.50,12.00,M,M,30.18,M,330.00
ROC,2026-02-07 22:00,M,M,M,0.50,13.00,M,M,30.18,M,330.00
ROC,2026-02-07 22:05,M,M,M,0.75,11.00,M,M,30.18,M,320.00
ROC,2026-02-07 22:06,-15.58,79.13,3.00,0.75,13.00,M,T,30.18,-2.00,320.00
ROC,2026-02-07 22:10,M,M,M,0.50,M,M,M,30.18,M,M
ROC,2026-02-07 22:15,M,M,M,0.75,15.00,M,M,30.18,M,M
ROC,2026-02-07 22:20,M,M,M,1.75,13.00,M,M,30.19,M,320.00
ROC,2026-02-07 22:25,M,M,M,2.50,12.00,M,M,30.19,M,330.00
ROC,2026-02-07 22:26,-16.22,75.46,3.00,1.00,14.00,M,T,30.19,-3.00,330.00
ROC,2026-02-07 22:30,M,M,M,2.50,11.00,M,M,30.19,M,320.00
ROC,2026-02-07 22:35,M,M,M,3.00,11.00,M,M,30.19,M,320.00
ROC,2026-02-07 22:40,M,M,M,2.50,10.00,M,M,30.19,M,320.00
ROC,2026-02-07 22:45,M,M,M,2.50,9.00,M,M,30.19,M,320.00
ROC,2026-02-07 22:50,M,M,M,2.00,10.00,M,M,30.20,M,320.00
ROC,2026-02-07 22:54,-14.91,79.13,3.00,1.00,12.00,1024.40,T,30.20,-2.00,320.00
ROC,2026-02-07 22:55,M,M,M,2.50,M,M,M,30.20,M,M
ROC,2026-02-07 23:00,M,M,M,4.00,9.00,M,M,30.20,M,320.00
ROC,2026-02-07 23:05,M,M,M,4.00,10.00,M,M,30.21,M,320.00
ROC,2026-02-07 23:10,M,M,M,5.00,12.00,M,M,30.21,M,320.00
ROC,2026-02-07 23:15,M,M,M,6.00,10.00,M,M,30.21,M,320.00
ROC,2026-02-07 23:16,-12.55,75.46,3.00,7.00,9.00,M,T,30.21,-3.00,320.00
ROC,2026-02-07 23:20,M,M,M,9.00,10.00,M,M,30.21,M,320.00
ROC,2026-02-07 23:25,M,M,M,8.00,12.00,M,M,30.21,M,320.00
ROC,2026-02-07 23:30,M,M,M,2.50,8.00,M,M,30.22,M,330.00
ROC,2026-02-07 23:31,-10.38,72.05,4.00,2.50,8.00,M,T,30.22,-3.00,320.00
ROC,2026-02-07 23:35,M,M,M,2.50,9.00,M,M,30.22,M,320.00
ROC,2026-02-07 23:40,M,M,M,1.25,9.00,M,M,30.22,M,320.00
ROC,2026-02-07 23:43,-12.14,79.22,4.00,1.00,10.00,M,T,30.23,-1.00,330.00
ROC,2026-02-07 23:45,M,M,M,0.75,13.00,M,M,30.22,M,330.00
ROC,2026-02-07 23:50,M,M,M,1.00,12.00,M,M,30.23,M,330.00
ROC,2026-02-07 23:51,-15.96,84.55,3.20,1.00,14.00,M,T,30.23,-0.40,330.00
ROC,2026-02-07 23:54,-12.92,79.22,4.00,1.00,11.00,1025.40,T,30.23,-1.00,330.00
ROC,2026-02-07 23:55,M,M,M,1.00,M,M,M,30.23,M,M
ROC,2026-02-08 00:00,M,M,M,1.25,13.00,M,M,30.23,M,330.00
ROC,2026-02-08 00:05,M,M,M,1.50,11.00,M,M,30.23,M,330.00
ROC,2026-02-08 00:10,M,M,M,1.75,12.00,M,M,30.23,M,330.00
ROC,2026-02-08 00:15,M,M,M,1.50,12.00,M,M,30.23,M,340.00
ROC,2026-02-08 00:20,M,M,M,1.50,9.00,M,M,30.24,M,340.00
ROC,2026-02-08 00:21,-11.30,75.56,4.00,2.00,9.00,M,T,30.24,-2.00,340.00
ROC,2026-02-08 00:25,M,M,M,2.50,10.00,M,M,30.24,M,340.00
ROC,2026-02-08 00:30,M,M,M,2.00,10.00,M,M,30.24,M,350.00
ROC,2026-02-08 00:35,M,M,M,2.00,7.00,M,M,30.24,M,330.00
ROC,2026-02-08 00:40,M,M,M,2.50,11.00,M,M,30.24,M,330.00
ROC,2026-02-08 00:45,M,M,M,2.50,13.00,M,M,30.24,M,330.00
ROC,2026-02-08 00:50,M,M,M,3.00,11.00,M,M,30.25,M,340.00
ROC,2026-02-08 00:54,-12.92,72.05,4.00,3.00,11.00,1026.10,T,30.25,-3.00,330.00
ROC,2026-02-08 00:55,M,M,M,3.00,11.00,M,M,30.25,M,340.00
ROC,2026-02-08 01:00,M,M,M,2.50,12.00,M,M,30.25,M,340.00
ROC,2026-02-08 01:05,M,M,M,2.50,12.00,M,M,30.25,M,340.00
ROC,2026-02-08 01:06,-12.92,75.56,4.00,2.50,11.00,M,T,30.25,-2.00,340.00
ROC,2026-02-08 01:10,M,M,M,2.50,13.00,M,M,30.25,M,340.00
ROC,2026-02-08 01:15,M,M,M,2.00,12.00,M,M,30.26,M,M
ROC,2026-02-08 01:20,M,M,M,1.75,9.00,M,M,30.26,M,330.00
ROC,2026-02-08 01:23,-12.14,75.56,4.00,1.75,10.00,M,T,30.26,-2.00,330.00
ROC,2026-02-08 01:25,M,M,M,1.75,9.00,M,M,30.26,M,330.00
ROC,2026-02-08 01:30,M,M,M,2.00,11.00,M,M,30.26,M,330.00
ROC,2026-02-08 01:35,M,M,M,2.00,11.00,M,M,30.26,M,330.00
ROC,2026-02-08 01:40,M,M,M,1.50,10.00,M,M,30.26,M,330.00
ROC,2026-02-08 01:45,M,M,M,1.50,8.00,M,M,30.26,M,330.00
ROC,2026-02-08 01:50,M,M,M,1.25,9.00,M,M,30.26,M,330.00
ROC,2026-02-08 01:54,-9.35,79.22,4.00,1.25,7.00,1026.60,T,30.26,-1.00,330.00
ROC,2026-02-08 01:55,M,M,M,1.25,8.00,M,M,30.26,M,330.00
ROC,2026-02-08 02:00,M,M,M,1.50,8.00,M,M,30.27,M,330.00
ROC,2026-02-08 02:05,M,M,M,1.50,10.00,M,M,30.27,M,320.00
ROC,2026-02-08 02:10,M,M,M,1.25,8.00,M,M,30.27,M,330.00
ROC,2026-02-08 02:15,M,M,M,1.50,9.00,M,M,30.27,M,320.00
ROC,2026-02-08 02:20,M,M,M,1.50,8.00,M,M,30.27,M,320.00
ROC,2026-02-08 02:25,M,M,M,1.25,9.00,M,0.01,30.27,M,320.00
ROC,2026-02-08 02:30,M,M,M,1.25,9.00,M,0.01,30.28,M,330.00
ROC,2026-02-08 02:35,M,M,M,1.50,7.00,M,0.01,30.28,M,320.00
ROC,2026-02-08 02:40,M,M,M,1.50,5.00,M,0.01,30.28,M,320.00
ROC,2026-02-08 02:45,M,M,M,1.50,6.00,M,0.01,30.28,M,320.00
ROC,2026-02-08 02:50,M,M,M,1.25,7.00,M,0.01,30.28,M,320.00
ROC,2026-02-08 02:54,-9.35,79.22,4.00,1.00,7.00,1027.10,0.01,30.28,-1.00,330.00
ROC,2026-02-08 02:55,M,M,M,1.00,7.00,M,M,30.28,M,330.00
ROC,2026-02-08 03:00,M,M,M,1.25,6.00,M,M,30.28,M,330.00
ROC,2026-02-08 03:05,M,M,M,1.00,6.00,M,M,30.28,M,330.00
ROC,2026-02-08 03:10,M,M,M,1.00,5.00,M,0.01,30.28,M,330.00
ROC,2026-02-08 03:15,M,M,M,1.25,7.00,M,0.01,30.28,M,330.00
ROC,2026-02-08 03:20,M,M,M,1.25,7.00,M,0.01,30.28,M,330.00
ROC,2026-02-08 03:25,M,M,M,1.00,7.00,M,0.01,30.28,M,330.00
ROC,2026-02-08 03:30,M,M,M,1.25,6.00,M,0.01,30.28,M,320.00
ROC,2026-02-08 03:35,M,M,M,1.00,6.00,M,0.01,30.28,M,320.00
ROC,2026-02-08 03:40,M,M,M,1.25,6.00,M,0.01,30.29,M,320.00
ROC,2026-02-08 03:45,M,M,M,1.25,7.00,M,0.01,30.29,M,350.00
ROC,2026-02-08 03:50,M,M,M,1.25,7.00,M,0.01,30.29,M,330.00
ROC,2026-02-08 03:54,-8.19,79.22,4.00,1.25,6.00,1027.40,0.01,30.29,-1.00,330.00
ROC,2026-02-08 03:55,M,M,M,1.25,7.00,M,M,30.29,M,330.00
ROC,2026-02-08 04:00,M,M,M,1.25,11.00,M,0.01,30.29,M,330.00
ROC,2026-02-08 04:05,M,M,M,1.50,6.00,M,0.01,30.29,M,330.00
ROC,2026-02-08 04:10,M,M,M,1.50,10.00,M,0.01,30.29,M,340.00
ROC,2026-02-08 04:15,M,M,M,1.50,6.00,M,0.01,30.29,M,340.00
ROC,2026-02-08 04:20,M,M,M,1.50,8.00,M,0.01,30.29,M,340.00
ROC,2026-02-08 04:25,M,M,M,1.50,8.00,M,0.01,30.29,M,340.00
ROC,2026-02-08 04:30,M,M,M,1.75,7.00,M,0.01,30.29,M,340.00
ROC,2026-02-08 04:33,-9.35,79.22,4.00,1.75,7.00,M,0.01,30.29,-1.00,340.00
ROC,2026-02-08 04:35,M,M,M,1.75,7.00,M,0.01,30.29,M,350.00
ROC,2026-02-08 04:40,M,M,M,1.75,7.00,M,0.01,30.29,M,340.00
ROC,2026-02-08 04:45,M,M,M,1.75,7.00,M,0.01,30.29,M,340.00
ROC,2026-02-08 04:50,M,M,M,1.75,8.00,M,0.01,30.29,M,340.00
ROC,2026-02-08 04:54,-8.19,79.22,4.00,1.50,6.00,1027.60,0.01,30.29,-1.00,340.00
ROC,2026-02-08 04:55,M,M,M,1.50,6.00,M,M,30.29,M,330.00
ROC,2026-02-08 05:00,M,M,M,1.50,7.00,M,M,30.29,M,340.00
ROC,2026-02-08 05:05,M,M,M,1.50,7.00,M,M,30.29,M,340.00
ROC,2026-02-08 05:10,M,M,M,1.50,10.00,M,M,30.29,M,340.00
ROC,2026-02-08 05:15,M,M,M,1.50,6.00,M,M,30.29,M,350.00
ROC,2026-02-08 05:20,M,M,M,1.50,7.00,M,M,30.29,M,330.00
ROC,2026-02-08 05:25,M,M,M,1.50,8.00,M,M,30.29,M,330.00
ROC,2026-02-08 05:30,M,M,M,1.25,8.00,M,M,30.29,M,330.00
ROC,2026-02-08 05:35,M,M,M,1.25,7.00,M,M,30.29,M,330.00
ROC,2026-02-08 05:40,M,M,M,1.25,8.00,M,M,30.29,M,330.00
ROC,2026-02-08 05:45,M,M,M,1.25,9.00,M,0.01,30.29,M,330.00
ROC,2026-02-08 05:50,M,M,M,1.50,8.00,M,0.01,30.29,M,330.00
ROC,2026-02-08 05:54,-10.57,82.96,3.00,1.50,7.00,1027.60,0.01,30.29,-1.00,330.00
ROC,2026-02-08 05:55,M,M,M,1.50,7.00,M,M,30.29,M,330.00
ROC,2026-02-08 06:00,M,M,M,1.50,7.00,M,M,30.29,M,320.00
ROC,2026-02-08 06:05,M,M,M,1.50,6.00,M,M,30.29,M,320.00
ROC,2026-02-08 06:10,M,M,M,1.25,6.00,M,M,30.29,M,330.00
ROC,2026-02-08 06:15,M,M,M,1.50,6.00,M,M,30.30,M,330.00
ROC,2026-02-08 06:20,M,M,M,1.50,9.00,M,M,30.30,M,330.00
ROC,2026-02-08 06:25,M,M,M,1.50,10.00,M,M,30.30,M,330.00
ROC,2026-02-08 06:30,M,M,M,1.50,8.00,M,M,30.30,M,340.00
ROC,2026-02-08 06:35,M,M,M,1.50,8.00,M,M,30.30,M,340.00
ROC,2026-02-08 06:40,M,M,M,1.50,8.00,M,M,30.30,M,330.00
ROC,2026-02-08 06:45,M,M,M,1.75,8.00,M,M,30.30,M,340.00
ROC,2026-02-08 06:50,M,M,M,1.75,7.00,M,M,30.30,M,340.00
ROC,2026-02-08 06:54,-11.61,82.96,3.00,1.75,8.00,1027.90,T,30.30,-1.00,340.00
ROC,2026-02-08 06:55,M,M,M,1.75,7.00,M,M,30.30,M,340.00
ROC,2026-02-08 07:00,M,M,M,1.75,7.00,M,M,30.30,M,340.00
ROC,2026-02-08 07:05,M,M,M,1.75,8.00,M,M,30.30,M,340.00
ROC,2026-02-08 07:10,M,M,M,1.75,7.00,M,M,30.30,M,330.00
ROC,2026-02-08 07:15,M,M,M,1.75,7.00,M,M,30.30,M,330.00
ROC,2026-02-08 07:20,M,M,M,1.75,8.00,M,M,30.30,M,340.00
ROC,2026-02-08 07:25,M,M,M,1.75,9.00,M,M,30.30,M,330.00
ROC,2026-02-08 07:30,M,M,M,1.75,9.00,M,M,30.30,M,340.00
ROC,2026-02-08 07:35,M,M,M,1.75,7.00,M,M,30.30,M,340.00
ROC,2026-02-08 07:39,-10.57,79.13,3.00,2.00,7.00,M,T,30.30,-2.00,350.00
ROC,2026-02-08 07:40,M,M,M,2.00,7.00,M,M,30.30,M,340.00
ROC,2026-02-08 07:45,M,M,M,2.00,7.00,M,M,30.30,M,340.00
ROC,2026-02-08 07:50,M,M,M,2.00,8.00,M,M,30.30,M,330.00
ROC,2026-02-08 07:54,-12.55,79.13,3.00,2.00,9.00,1027.90,T,30.30,-2.00,340.00
ROC,2026-02-08 07:55,M,M,M,2.00,8.00,M,M,30.30,M,340.00
ROC,2026-02-08 08:00,M,M,M,2.50,9.00,M,M,30.30,M,340.00
ROC,2026-02-08 08:05,M,M,M,2.50,9.00,M,M,30.30,M,340.00
ROC,2026-02-08 08:10,M,M,M,2.50,9.00,M,M,30.30,M,340.00
ROC,2026-02-08 08:15,M,M,M,2.50,9.00,M,M,30.30,M,350.00
ROC,2026-02-08 08:20,M,M,M,2.50,10.00,M,M,30.30,M,350.00
ROC,2026-02-08 08:25,M,M,M,2.50,8.00,M,M,30.30,M,340.00
ROC,2026-02-08 08:30,-12.55,79.13,3.00,3.00,9.00,M,T,30.30,-2.00,330.00
ROC,2026-02-08 08:30,M,M,M,3.00,9.00,M,M,30.30,M,330.00
ROC,2026-02-08 08:35,M,M,M,3.00,9.00,M,M,30.30,M,330.00
ROC,2026-02-08 08:40,M,M,M,3.00,9.00,M,M,30.30,M,330.00
ROC,2026-02-08 08:45,M,M,M,5.00,9.00,M,M,30.30,M,330.00
ROC,2026-02-08 08:50,M,M,M,6.00,8.00,M,M,30.30,M,330.00
ROC,2026-02-08 08:54,-11.61,75.46,3.00,6.00,8.00,1028.10,T,30.31,-3.00,320.00
ROC,2026-02-08 08:55,M,M,M,7.00,8.00,M,M,30.31,M,320.00
ROC,2026-02-08 09:00,M,M,M,6.00,11.00,M,M,30.31,M,330.00
ROC,2026-02-08 09:05,M,M,M,4.00,8.00,M,M,30.31,M,330.00
ROC,2026-02-08 09:10,M,M,M,3.00,10.00,M,M,30.31,M,330.00
ROC,2026-02-08 09:15,M,M,M,2.50,9.00,M,M,30.31,M,320.00
ROC,2026-02-08 09:20,M,M,M,3.00,7.00,M,M,30.31,M,320.00
ROC,2026-02-08 09:25,M,M,M,3.00,7.00,M,M,30.31,M,330.00
ROC,2026-02-08 09:30,M,M,M,3.00,8.00,M,M,30.31,M,320.00
ROC,2026-02-08 09:35,M,M,M,2.50,8.00,M,M,30.31,M,310.00
ROC,2026-02-08 09:38,-10.57,75.46,3.00,2.50,7.00,M,T,30.31,-3.00,330.00
ROC,2026-02-08 09:40,M,M,M,2.50,6.00,M,M,30.31,M,320.00
ROC,2026-02-08 09:45,M,M,M,2.50,9.00,M,M,30.31,M,320.00
ROC,2026-02-08 09:50,M,M,M,2.50,7.00,M,M,30.32,M,320.00
ROC,2026-02-08 09:54,-11.61,75.46,3.00,5.00,8.00,1028.50,T,30.32,-3.00,330.00
ROC,2026-02-08 09:55,M,M,M,5.00,10.00,M,M,30.32,M,320.00
ROC,2026-02-08 10:00,M,M,M,5.00,10.00,M,M,30.32,M,330.00
ROC,2026-02-08 10:05,M,M,M,5.00,M,M,M,30.32,M,M
ROC,2026-02-08 10:10,M,M,M,5.00,15.00,M,M,30.32,M,330.00
ROC,2026-02-08 10:15,M,M,M,4.00,14.00,M,M,30.32,M,340.00
ROC,2026-02-08 10:20,M,M,M,4.00,13.00,M,M,30.33,M,340.00
ROC,2026-02-08 10:25,M,M,M,4.00,15.00,M,M,30.33,M,330.00
ROC,2026-02-08 10:30,M,M,M,5.00,14.00,M,M,30.33,M,330.00
ROC,2026-02-08 10:34,-16.18,75.35,2.00,3.00,12.00,M,T,30.33,-4.00,330.00
ROC,2026-02-08 10:35,M,M,M,3.00,13.00,M,M,30.33,M,330.00
ROC,2026-02-08 10:40,M,M,M,2.00,M,M,M,30.33,M,M
ROC,2026-02-08 10:41,-17.51,75.35,2.00,2.00,14.00,M,T,30.33,-4.00,340.00
ROC,2026-02-08 10:45,M,M,M,2.50,13.00,M,M,30.34,M,330.00
ROC,2026-02-08 10:50,M,M,M,2.50,12.00,M,M,30.34,M,330.00
ROC,2026-02-08 10:54,-18.11,75.35,2.00,2.00,15.00,1029.20,T,30.34,-4.00,340.00
ROC,2026-02-08 10:55,M,M,M,2.00,13.00,M,M,30.34,M,330.00
ROC,2026-02-08 11:00,M,M,M,2.00,13.00,M,M,30.34,M,340.00
ROC,2026-02-08 11:05,M,M,M,2.00,11.00,M,M,30.34,M,330.00
ROC,2026-02-08 11:10,M,M,M,2.00,16.00,M,M,30.34,M,M
ROC,2026-02-08 11:15,M,M,M,2.50,11.00,M,M,30.35,M,330.00
ROC,2026-02-08 11:20,M,M,M,2.50,13.00,M,M,30.35,M,340.00
ROC,2026-02-08 11:25,M,M,M,2.00,12.00,M,M,30.35,M,330.00
ROC,2026-02-08 11:30,M,M,M,2.00,12.00,M,M,30.35,M,330.00
ROC,2026-02-08 11:35,M,M,M,2.50,11.00,M,M,30.35,M,330.00
ROC,2026-02-08 11:40,M,M,M,2.50,12.00,M,M,30.36,M,330.00
ROC,2026-02-08 11:45,M,M,M,2.50,11.00,M,M,30.36,M,330.00
ROC,2026-02-08 11:50,M,M,M,2.50,13.00,M,M,30.36,M,340.00
ROC,2026-02-08 11:54,-15.91,75.25,1.00,2.50,10.00,1030.10,T,30.37,-5.00,330.00
ROC,2026-02-08 11:55,M,M,M,2.50,10.00,M,M,30.37,M,330.00
ROC,2026-02-08 12:00,M,M,M,2.00,12.00,M,M,30.37,M,330.00
ROC,2026-02-08 12:05,M,M,M,2.00,10.00,M,M,30.37,M,330.00
ROC,2026-02-08 12:10,M,M,M,2.00,11.00,M,M,30.37,M,330.00
ROC,2026-02-08 12:15,M,M,M,2.00,11.00,M,M,30.37,M,330.00
ROC,2026-02-08 12:20,M,M,M,2.00,11.00,M,M,30.37,M,330.00
ROC,2026-02-08 12:25,M,M,M,2.00,10.00,M,M,30.38,M,330.00
ROC,2026-02-08 12:30,M,M,M,2.50,10.00,M,M,30.38,M,320.00
ROC,2026-02-08 12:35,M,M,M,2.50,10.00,M,M,30.38,M,320.00
ROC,2026-02-08 12:40,M,M,M,4.00,12.00,M,M,30.38,M,340.00
ROC,2026-02-08 12:45,M,M,M,3.00,10.00,M,M,30.39,M,330.00
ROC,2026-02-08 12:50,M,M,M,3.00,10.00,M,M,30.39,M,320.00
ROC,2026-02-08 12:54,-17.97,75.14,0.00,1.50,11.00,1031.00,T,30.39,-6.00,340.00
ROC,2026-02-08 12:55,M,M,M,1.50,10.00,M,M,30.39,M,330.00
ROC,2026-02-08 13:00,M,M,M,0.75,12.00,M,M,30.39,M,330.00
ROC,2026-02-08 13:03,-18.73,75.14,0.00,0.75,12.00,M,T,30.39,-6.00,330.00
ROC,2026-02-08 13:05,M,M,M,0.75,11.00,M,M,30.39,M,320.00
ROC,2026-02-08 13:10,M,M,M,0.75,10.00,M,M,30.40,M,330.00
ROC,2026-02-08 13:12,-17.97,78.85,0.00,0.75,11.00,M,T,30.39,-5.00,330.00
ROC,2026-02-08 13:15,M,M,M,0.75,9.00,M,M,30.39,M,320.00
ROC,2026-02-08 13:20,M,M,M,0.75,10.00,M,M,30.40,M,320.00
ROC,2026-02-08 13:25,M,M,M,1.25,9.00,M,M,30.40,M,320.00
ROC,2026-02-08 13:27,-17.16,78.85,0.00,2.00,10.00,M,T,30.40,-5.00,320.00
ROC,2026-02-08 13:30,M,M,M,2.50,9.00,M,M,30.40,M,320.00
ROC,2026-02-08 13:35,M,M,M,1.75,9.00,M,M,30.40,M,320.00
ROC,2026-02-08 13:40,M,M,M,1.75,9.00,M,M,30.40,M,320.00
ROC,2026-02-08 13:41,-15.31,78.85,0.00,1.75,8.00,M,T,30.40,-5.00,310.00
ROC,2026-02-08 13:45,M,M,M,1.75,8.00,M,0.01,30.40,M,320.00
ROC,2026-02-08 13:50,M,M,M,1.75,7.00,M,0.01,30.40,M,320.00
ROC,2026-02-08 13:54,-15.31,78.85,0.00,1.75,8.00,1031.40,0.01,30.40,-5.00,320.00
ROC,2026-02-08 13:55,M,M,M,1.75,8.00,M,M,30.40,M,330.00
ROC,2026-02-08 14:00,M,M,M,1.75,9.00,M,M,30.41,M,310.00
ROC,2026-02-08 14:05,M,M,M,2.00,9.00,M,M,30.41,M,320.00
ROC,2026-02-08 14:08,-15.91,75.25,1.00,2.00,10.00,M,T,30.41,-5.00,320.00
ROC,2026-02-08 14:10,M,M,M,2.00,10.00,M,M,30.41,M,320.00
ROC,2026-02-08 14:15,M,M,M,2.00,9.00,M,M,30.41,M,330.00
ROC,2026-02-08 14:20,M,M,M,1.50,9.00,M,M,30.41,M,330.00
ROC,2026-02-08 14:22,-15.91,75.25,1.00,1.50,10.00,M,T,30.41,-5.00,330.00
ROC,2026-02-08 14:25,M,M,M,1.50,9.00,M,M,30.42,M,320.00
ROC,2026-02-08 14:30,M,M,M,1.75,8.00,M,M,30.42,M,320.00
ROC,2026-02-08 14:35,M,M,M,1.75,9.00,M,M,30.42,M,320.00
ROC,2026-02-08 14:40,M,M,M,2.00,8.00,M,M,30.42,M,320.00
ROC,2026-02-08 14:42,-15.91,75.25,1.00,2.00,10.00,M,T,30.42,-5.00,330.00
ROC,2026-02-08 14:45,M,M,M,2.00,9.00,M,M,30.42,M,310.00
ROC,2026-02-08 14:50,M,M,M,2.00,7.00,M,M,30.42,M,310.00
ROC,2026-02-08 14:54,-10.60,75.35,2.00,1.50,6.00,1031.80,T,30.42,-4.00,340.00
ROC,2026-02-08 14:55,M,M,M,1.75,6.00,M,M,30.42,M,350.00
ROC,2026-02-08 15:00,M,M,M,1.75,9.00,M,M,30.42,M,330.00
ROC,2026-02-08 15:05,M,M,M,2.50,M,M,M,30.42,M,M
ROC,2026-02-08 15:10,M,M,M,3.00,12.00,M,M,30.42,M,330.00
ROC,2026-02-08 15:10,-16.18,71.82,2.00,2.00,12.00,M,T,30.42,-5.00,330.00
ROC,2026-02-08 15:15,M,M,M,3.00,11.00,M,M,30.42,M,330.00
ROC,2026-02-08 15:20,M,M,M,3.00,11.00,M,M,30.42,M,340.00
ROC,2026-02-08 15:25,M,M,M,6.00,11.00,M,M,30.42,M,350.00
ROC,2026-02-08 15:30,M,M,M,6.00,9.00,M,M,30.42,M,330.00
ROC,2026-02-08 15:35,M,M,M,4.00,12.00,M,M,30.42,M,320.00
ROC,2026-02-08 15:40,M,M,M,2.00,9.00,M,M,30.42,M,330.00
ROC,2026-02-08 15:45,M,M,M,2.00,10.00,M,M,30.43,M,310.00
ROC,2026-02-08 15:50,M,M,M,2.00,12.00,M,M,30.43,M,340.00
ROC,2026-02-08 15:54,-13.40,71.94,3.00,2.00,10.00,1032.30,T,30.43,-4.00,330.00
ROC,2026-02-08 15:55,M,M,M,2.00,12.00,M,M,30.43,M,320.00
ROC,2026-02-08 16:00,M,M,M,2.50,10.00,M,M,30.43,M,330.00
ROC,2026-02-08 16:05,M,M,M,4.00,11.00,M,M,30.43,M,340.00
ROC,2026-02-08 16:10,M,M,M,4.00,12.00,M,M,30.43,M,360.00
ROC,2026-02-08 16:15,M,M,M,4.00,11.00,M,M,30.43,M,340.00
ROC,2026-02-08 16:20,M,M,M,7.00,13.00,M,M,30.43,M,340.00
ROC,2026-02-08 16:25,M,M,M,5.00,9.00,M,0.01,30.43,M,330.00
ROC,2026-02-08 16:30,M,M,M,3.00,9.00,M,0.01,30.43,M,320.00
ROC,2026-02-08 16:35,M,M,M,3.00,7.00,M,0.01,30.43,M,320.00
ROC,2026-02-08 16:40,M,M,M,2.00,10.00,M,0.01,30.43,M,310.00
ROC,2026-02-08 16:45,M,M,M,3.00,8.00,M,0.01,30.43,M,320.00
ROC,2026-02-08 16:50,M,M,M,2.00,M,M,0.01,30.43,M,M
ROC,2026-02-08 16:54,-12.92,62.39,4.00,2.00,11.00,1032.30,0.02,30.43,-6.00,330.00
ROC,2026-02-08 16:55,M,M,M,2.50,10.00,M,M,30.43,M,340.00
ROC,2026-02-08 17:00,M,M,M,2.50,M,M,M,30.43,M,M
ROC,2026-02-08 17:05,M,M,M,2.50,11.00,M,M,30.43,M,330.00
ROC,2026-02-08 17:10,M,M,M,7.00,9.00,M,M,30.43,M,330.00
ROC,2026-02-08 17:15,M,M,M,9.00,11.00,M,M,30.43,M,340.00
ROC,2026-02-08 17:20,M,M,M,9.00,9.00,M,M,30.42,M,340.00
ROC,2026-02-08 17:25,M,M,M,7.00,7.00,M,M,30.42,M,310.00
ROC,2026-02-08 17:30,M,M,M,5.00,6.00,M,M,30.42,M,310.00
ROC,2026-02-08 17:33,-10.06,65.61,5.00,5.00,9.00,M,T,30.42,-4.00,300.00
ROC,2026-02-08 17:35,M,M,M,5.00,11.00,M,M,30.42,M,M
ROC,2026-02-08 17:40,M,M,M,5.00,10.00,M,M,30.42,M,330.00
ROC,2026-02-08 17:45,M,M,M,7.00,10.00,M,M,30.42,M,330.00
ROC,2026-02-08 17:50,M,M,M,8.00,10.00,M,M,30.42,M,320.00
ROC,2026-02-08 17:54,-10.06,62.54,5.00,9.00,9.00,1031.90,T,30.42,-5.00,330.00
ROC,2026-02-08 17:55,M,M,M,8.00,9.00,M,M,30.42,M,330.00
ROC,2026-02-08 18:00,M,M,M,8.00,9.00,M,M,30.42,M,300.00
ROC,2026-02-08 18:05,M,M,M,9.00,10.00,M,M,30.42,M,310.00
ROC,2026-02-08 18:06,-12.92,65.48,4.00,9.00,11.00,M,T,30.42,-5.00,300.00
ROC,2026-02-08 18:10,M,M,M,10.00,12.00,M,M,30.41,M,290.00
ROC,2026-02-08 18:15,M,M,M,10.00,11.00,M,M,30.41,M,290.00
ROC,2026-02-08 18:20,M,M,M,9.00,12.00,M,M,30.41,M,290.00
ROC,2026-02-08 18:25,M,M,M,9.00,12.00,M,M,30.41,M,310.00
ROC,2026-02-08 18:30,M,M,M,10.00,10.00,M,M,30.41,M,310.00
ROC,2026-02-08 18:35,M,M,M,10.00,11.00,M,M,30.41,M,290.00
ROC,2026-02-08 18:40,M,M,M,10.00,9.00,M,M,30.41,M,300.00
ROC,2026-02-08 18:45,M,M,M,10.00,11.00,M,M,30.41,M,300.00
ROC,2026-02-08 18:50,M,M,M,10.00,12.00,M,M,30.41,M,320.00
ROC,2026-02-08 18:54,-8.82,59.74,6.00,10.00,9.00,1031.40,T,30.41,-5.00,290.00
ROC,2026-02-08 18:55,M,M,M,10.00,9.00,M,M,30.41,M,280.00
ROC,2026-02-08 19:00,M,M,M,10.00,12.00,M,M,30.41,M,280.00
ROC,2026-02-08 19:05,M,M,M,10.00,12.00,M,M,30.41,M,290.00
ROC,2026-02-08 19:10,M,M,M,10.00,14.00,M,M,30.41,M,280.00
ROC,2026-02-08 19:15,M,M,M,10.00,13.00,M,M,30.40,M,290.00
ROC,2026-02-08 19:18,-10.39,56.93,6.00,10.00,11.00,M,0.00,30.40,-6.00,290.00
ROC,2026-02-08 19:20,M,M,M,10.00,11.00,M,M,30.40,M,290.00
ROC,2026-02-08 19:25,M,M,M,10.00,11.00,M,M,30.40,M,290.00
ROC,2026-02-08 19:30,M,M,M,10.00,11.00,M,M,30.40,M,310.00
ROC,2026-02-08 19:35,M,M,M,10.00,11.00,M,M,30.41,M,310.00
ROC,2026-02-08 19:40,M,M,M,10.00,11.00,M,M,30.40,M,270.00
ROC,2026-02-08 19:45,M,M,M,10.00,12.00,M,M,30.40,M,290.00
ROC,2026-02-08 19:50,M,M,M,10.00,8.00,M,M,30.40,M,290.00
ROC,2026-02-08 19:54,-6.68,57.09,7.00,10.00,8.00,1031.30,0.00,30.40,-5.00,320.00
ROC,2026-02-08 19:55,M,M,M,10.00,11.00,M,M,30.40,M,320.00
ROC,2026-02-08 20:00,M,M,M,10.00,9.00,M,M,30.40,M,300.00
ROC,2026-02-08 20:05,M,M,M,10.00,11.00,M,M,30.41,M,280.00
ROC,2026-02-08 20:10,M,M,M,10.00,11.00,M,M,30.41,M,310.00
ROC,2026-02-08 20:15,M,M,M,10.00,11.00,M,M,30.41,M,300.00
ROC,2026-02-08 20:20,M,M,M,10.00,9.00,M,M,30.41,M,280.00
ROC,2026-02-08 20:25,M,M,M,10.00,10.00,M,M,30.41,M,280.00
ROC,2026-02-08 20:30,M,M,M,10.00,8.00,M,M,30.41,M,290.00
ROC,2026-02-08 20:35,M,M,M,10.00,12.00,M,M,30.41,M,300.00
ROC,2026-02-08 20:40,M,M,M,10.00,12.00,M,M,30.41,M,310.00
ROC,2026-02-08 20:45,M,M,M,10.00,10.00,M,M,30.41,M,300.00
ROC,2026-02-08 20:50,M,M,M,10.00,9.00,M,M,30.41,M,320.00
ROC,2026-02-08 20:54,-5.45,57.24,8.00,10.00,8.00,1031.50,0.00,30.41,-4.00,290.00
ROC,2026-02-08 20:55,M,M,M,10.00,10.00,M,M,30.41,M,300.00
ROC,2026-02-08 21:00,M,M,M,10.00,9.00,M,M,30.41,M,310.00
ROC,2026-02-08 21:05,M,M,M,10.00,8.00,M,M,30.41,M,300.00
ROC,2026-02-08 21:10,M,M,M,10.00,12.00,M,M,30.41,M,320.00
ROC,2026-02-08 21:15,M,M,M,10.00,11.00,M,M,30.41,M,300.00
ROC,2026-02-08 21:20,M,M,M,10.00,8.00,M,M,30.41,M,300.00
ROC,2026-02-08 21:25,M,M,M,10.00,9.00,M,M,30.41,M,280.00
ROC,2026-02-08 21:30,M,M,M,10.00,10.00,M,M,30.41,M,300.00
ROC,2026-02-08 21:35,M,M,M,10.00,9.00,M,M,30.41,M,290.00
ROC,2026-02-08 21:40,M,M,M,10.00,9.00,M,M,30.41,M,290.00
ROC,2026-02-08 21:45,M,M,M,10.00,6.00,M,M,30.41,M,290.00
ROC,2026-02-08 21:50,M,M,M,10.00,9.00,M,M,30.41,M,280.00
ROC,2026-02-08 21:54,-9.13,59.89,7.00,10.00,11.00,1031.60,0.00,30.41,-4.00,270.00
ROC,2026-02-08 21:55,M,M,M,10.00,11.00,M,M,30.41,M,270.00
ROC,2026-02-08 22:00,M,M,M,10.00,9.00,M,M,30.42,M,280.00
ROC,2026-02-08 22:05,M,M,M,10.00,7.00,M,M,30.42,M,280.00
ROC,2026-02-08 22:10,M,M,M,10.00,8.00,M,M,30.42,M,280.00
ROC,2026-02-08 22:15,M,M,M,10.00,8.00,M,M,30.42,M,270.00
ROC,2026-02-08 22:20,M,M,M,10.00,9.00,M,M,30.42,M,260.00
ROC,2026-02-08 22:25,M,M,M,10.00,6.00,M,M,30.42,M,270.00
ROC,2026-02-08 22:30,M,M,M,10.00,8.00,M,M,30.42,M,270.00
ROC,2026-02-08 22:35,M,M,M,10.00,9.00,M,M,30.42,M,270.00
ROC,2026-02-08 22:40,M,M,M,10.00,7.00,M,M,30.42,M,270.00
ROC,2026-02-08 22:45,M,M,M,10.00,7.00,M,M,30.42,M,270.00
ROC,2026-02-08 22:50,M,M,M,10.00,10.00,M,M,30.43,M,280.00
ROC,2026-02-08 22:54,-10.06,65.61,5.00,10.00,9.00,1032.20,0.00,30.43,-4.00,280.00
ROC,2026-02-08 22:55,M,M,M,10.00,9.00,M,M,30.43,M,280.00
ROC,2026-02-08 23:00,M,M,M,10.00,9.00,M,M,30.43,M,270.00
ROC,2026-02-08 23:05,M,M,M,10.00,8.00,M,M,30.43,M,280.00
ROC,2026-02-08 23:10,M,M,M,10.00,8.00,M,M,30.43,M,280.00
ROC,2026-02-08 23:15,M,M,M,10.00,8.00,M,M,30.43,M,270.00
ROC,2026-02-08 23:17,-10.06,65.61,5.00,10.00,9.00,M,0.00,30.43,-4.00,270.00
ROC,2026-02-08 23:20,M,M,M,10.00,8.00,M,M,30.44,M,270.00
ROC,2026-02-08 23:25,M,M,M,10.00,8.00,M,M,30.44,M,260.00
ROC,2026-02-08 23:30,M,M,M,10.00,8.00,M,M,30.44,M,270.00
ROC,2026-02-08 23:35,M,M,M,10.00,8.00,M,M,30.44,M,260.00
ROC,2026-02-08 23:40,M,M,M,10.00,8.00,M,M,30.44,M,260.00
ROC,2026-02-08 23:45,M,M,M,10.00,6.00,M,M,30.44,M,260.00
ROC,2026-02-08 23:50,M,M,M,10.00,6.00,M,M,30.44,M,260.00
ROC,2026-02-08 23:54,-9.35,68.69,4.00,10.00,7.00,1032.80,0.00,30.45,-4.00,270.00
ROC,2026-02-08 23:55,M,M,M,10.00,8.00,M,M,30.45,M,270.00
ROC,2026-02-09 00:00,M,M,M,10.00,9.00,M,M,30.45,M,260.00
ROC,2026-02-09 00:05,M,M,M,10.00,9.00,M,M,30.45,M,260.00
ROC,2026-02-09 00:10,M,M,M,10.00,9.00,M,M,30.45,M,260.00
ROC,2026-02-09 00:15,M,M,M,10.00,10.00,M,M,30.45,M,260.00
ROC,2026-02-09 00:20,M,M,M,10.00,9.00,M,M,30.45,M,260.00
ROC,2026-02-09 00:25,M,M,M,10.00,10.00,M,M,30.45,M,260.00
ROC,2026-02-09 00:30,M,M,M,10.00,9.00,M,M,30.45,M,260.00
ROC,2026-02-09 00:35,M,M,M,10.00,10.00,M,M,30.45,M,270.00
ROC,2026-02-09 00:40,M,M,M,10.00,9.00,M,M,30.45,M,260.00
ROC,2026-02-09 00:45,M,M,M,10.00,9.00,M,M,30.45,M,260.00
ROC,2026-02-09 00:50,M,M,M,10.00,10.00,M,M,30.45,M,260.00
ROC,2026-02-09 00:54,-12.14,65.48,4.00,10.00,10.00,1033.00,0.00,30.45,-5.00,260.00
ROC,2026-02-09 00:55,M,M,M,10.00,10.00,M,M,30.45,M,260.00
ROC,2026-02-09 01:00,M,M,M,10.00,9.00,M,M,30.45,M,260.00
ROC,2026-02-09 01:05,M,M,M,10.00,10.00,M,M,30.45,M,260.00
ROC,2026-02-09 01:10,M,M,M,10.00,9.00,M,M,30.45,M,260.00
ROC,2026-02-09 01:15,M,M,M,10.00,8.00,M,M,30.45,M,250.00
ROC,2026-02-09 01:20,M,M,M,10.00,9.00,M,M,30.45,M,260.00
ROC,2026-02-09 01:25,M,M,M,10.00,10.00,M,M,30.45,M,260.00
ROC,2026-02-09 01:30,M,M,M,10.00,9.00,M,M,30.45,M,250.00
ROC,2026-02-09 01:35,M,M,M,10.00,8.00,M,M,30.45,M,250.00
ROC,2026-02-09 01:40,M,M,M,10.00,7.00,M,M,30.45,M,250.00
ROC,2026-02-09 01:45,M,M,M,10.00,8.00,M,M,30.45,M,250.00
ROC,2026-02-09 01:50,M,M,M,10.00,7.00,M,M,30.45,M,250.00
ROC,2026-02-09 01:54,-13.01,71.71,1.00,10.00,7.00,1033.20,0.00,30.45,-6.00,250.00
ROC,2026-02-09 01:55,M,M,M,10.00,7.00,M,M,30.45,M,250.00
ROC,2026-02-09 02:00,M,M,M,10.00,8.00,M,M,30.45,M,250.00
ROC,2026-02-09 02:05,M,M,M,10.00,9.00,M,M,30.46,M,260.00
ROC,2026-02-09 02:10,M,M,M,10.00,7.00,M,M,30.45,M,260.00
ROC,2026-02-09 02:15,M,M,M,10.00,7.00,M,M,30.45,M,250.00
ROC,2026-02-09 02:20,M,M,M,10.00,7.00,M,M,30.45,M,260.00
ROC,2026-02-09 02:25,M,M,M,10.00,7.00,M,M,30.45,M,260.00
ROC,2026-02-09 02:30,M,M,M,10.00,7.00,M,M,30.45,M,260.00
ROC,2026-02-09 02:35,M,M,M,10.00,7.00,M,M,30.45,M,250.00
ROC,2026-02-09 02:40,M,M,M,10.00,7.00,M,M,30.45,M,250.00
ROC,2026-02-09 02:45,M,M,M,10.00,6.00,M,M,30.45,M,240.00
ROC,2026-02-09 02:50,M,M,M,10.00,5.00,M,M,30.45,M,240.00
ROC,2026-02-09 02:54,-13.98,78.67,-2.00,10.00,5.00,1033.20,0.00,30.45,-7.00,250.00
ROC,2026-02-09 02:55,M,M,M,10.00,5.00,M,M,30.45,M,250.00
ROC,2026-02-09 03:00,M,M,M,10.00,6.00,M,M,30.45,M,250.00
ROC,2026-02-09 03:05,M,M,M,10.00,6.00,M,M,30.45,M,250.00
ROC,2026-02-09 03:10,M,M,M,10.00,6.00,M,M,30.45,M,250.00
ROC,2026-02-09 03:15,M,M,M,10.00,5.00,M,M,30.45,M,250.00
ROC,2026-02-09 03:20,M,M,M,10.00,6.00,M,M,30.45,M,250.00
ROC,2026-02-09 03:25,M,M,M,10.00,6.00,M,M,30.45,M,250.00
ROC,2026-02-09 03:30,M,M,M,10.00,5.00,M,M,30.45,M,250.00
ROC,2026-02-09 03:35,M,M,M,10.00,4.00,M,M,30.45,M,240.00
ROC,2026-02-09 03:40,M,M,M,10.00,5.00,M,M,30.45,M,250.00
ROC,2026-02-09 03:45,M,M,M,10.00,4.00,M,M,30.45,M,250.00
ROC,2026-02-09 03:50,M,M,M,10.00,4.00,M,M,30.46,M,240.00
ROC,2026-02-09 03:54,-13.45,82.50,-3.00,10.00,4.00,1033.30,0.00,30.46,-7.00,250.00
ROC,2026-02-09 03:55,M,M,M,10.00,4.00,M,M,30.46,M,250.00
ROC,2026-02-09 04:00,M,M,M,10.00,5.00,M,M,30.45,M,250.00
ROC,2026-02-09 04:05,M,M,M,10.00,5.00,M,M,30.45,M,240.00
ROC,2026-02-09 04:10,M,M,M,10.00,4.00,M,M,30.45,M,240.00
ROC,2026-02-09 04:15,M,M,M,10.00,4.00,M,M,30.45,M,230.00
ROC,2026-02-09 04:20,M,M,M,10.00,4.00,M,M,30.45,M,240.00
ROC,2026-02-09 04:25,M,M,M,10.00,4.00,M,M,30.45,M,230.00
ROC,2026-02-09 04:30,M,M,M,10.00,5.00,M,M,30.45,M,240.00
ROC,2026-02-09 04:35,M,M,M,10.00,5.00,M,M,30.45,M,240.00
ROC,2026-02-09 04:40,M,M,M,10.00,5.00,M,M,30.45,M,230.00
ROC,2026-02-09 04:45,M,M,M,10.00,5.00,M,M,30.45,M,240.00
ROC,2026-02-09 04:50,M,M,M,10.00,5.00,M,M,30.44,M,240.00
ROC,2026-02-09 04:54,-17.55,86.47,-5.00,10.00,5.00,1032.90,0.00,30.44,-8.00,240.00
ROC,2026-02-09 04:55,M,M,M,10.00,5.00,M,M,30.44,M,240.00
ROC,2026-02-09 05:00,M,M,M,10.00,5.00,M,M,30.44,M,240.00
ROC,2026-02-09 05:05,M,M,M,10.00,5.00,M,M,30.44,M,240.00
ROC,2026-02-09 05:10,M,M,M,10.00,5.00,M,M,30.44,M,240.00
ROC,2026-02-09 05:15,M,M,M,10.00,5.00,M,M,30.44,M,240.00
ROC,2026-02-09 05:20,M,M,M,10.00,4.00,M,M,30.44,M,230.00
ROC,2026-02-09 05:25,M,M,M,10.00,5.00,M,M,30.44,M,240.00
ROC,2026-02-09 05:30,M,M,M,10.00,5.00,M,M,30.44,M,240.00
ROC,2026-02-09 05:35,M,M,M,10.00,5.00,M,M,30.44,M,250.00
ROC,2026-02-09 05:40,M,M,M,10.00,5.00,M,M,30.43,M,250.00
ROC,2026-02-09 05:45,M,M,M,10.00,5.00,M,M,30.43,M,250.00
ROC,2026-02-09 05:50,M,M,M,10.00,5.00,M,M,30.43,M,240.00
ROC,2026-02-09 05:54,-18.73,86.41,-6.00,10.00,5.00,1032.40,0.00,30.43,-9.00,250.00
ROC,2026-02-09 05:55,M,M,M,10.00,5.00,M,M,30.43,M,250.00
ROC,2026-02-09 06:00,M,M,M,10.00,6.00,M,M,30.43,M,250.00
ROC,2026-02-09 06:05,M,M,M,10.00,6.00,M,M,30.43,M,250.00
ROC,2026-02-09 06:10,M,M,M,10.00,6.00,M,M,30.43,M,250.00
ROC,2026-02-09 06:15,M,M,M,10.00,5.00,M,M,30.43,M,240.00
ROC,2026-02-09 06:20,M,M,M,10.00,5.00,M,M,30.43,M,250.00
ROC,2026-02-09 06:25,M,M,M,10.00,5.00,M,M,30.43,M,240.00
ROC,2026-02-09 06:30,M,M,M,10.00,5.00,M,M,30.43,M,240.00
ROC,2026-02-09 06:35,M,M,M,10.00,5.00,M,M,30.43,M,250.00
ROC,2026-02-09 06:40,M,M,M,10.00,5.00,M,M,30.43,M,250.00
ROC,2026-02-09 06:45,M,M,M,10.00,5.00,M,M,30.43,M,240.00
ROC,2026-02-09 06:50,M,M,M,10.00,5.00,M,M,30.43,M,240.00
ROC,2026-02-09 06:54,-18.73,82.26,-6.00,10.00,5.00,1032.50,0.00,30.43,-10.00,250.00
ROC,2026-02-09 06:55,M,M,M,10.00,5.00,M,M,30.43,M,250.00
ROC,2026-02-09 07:00,M,M,M,10.00,5.00,M,M,30.43,M,250.00
ROC,2026-02-09 07:05,M,M,M,10.00,5.00,M,M,30.43,M,240.00
ROC,2026-02-09 07:10,M,M,M,10.00,5.00,M,M,30.43,M,240.00
ROC,2026-02-09 07:15,M,M,M,10.00,6.00,M,M,30.43,M,240.00
ROC,2026-02-09 07:20,M,M,M,9.00,5.00,M,M,30.43,M,240.00
ROC,2026-02-09 07:25,M,M,M,9.00,5.00,M,M,30.43,M,240.00
ROC,2026-02-09 07:30,M,M,M,7.00,5.00,M,M,30.42,M,240.00
ROC,2026-02-09 07:35,M,M,M,5.00,6.00,M,M,30.42,M,240.00
ROC,2026-02-09 07:40,M,M,M,7.00,6.00,M,M,30.42,M,240.00
ROC,2026-02-09 07:45,M,M,M,10.00,5.00,M,M,30.42,M,240.00
ROC,2026-02-09 07:50,M,M,M,10.00,5.00,M,M,30.42,M,240.00
ROC,2026-02-09 07:54,-18.73,82.26,-6.00,10.00,5.00,1032.10,0.00,30.42,-10.00,240.00
ROC,2026-02-09 07:55,M,M,M,10.00,4.00,M,M,30.42,M,240.00
ROC,2026-02-09 08:00,M,M,M,10.00,5.00,M,M,30.42,M,240.00
ROC,2026-02-09 08:05,M,M,M,10.00,5.00,M,M,30.42,M,250.00
ROC,2026-02-09 08:10,M,M,M,10.00,5.00,M,M,30.42,M,250.00
ROC,2026-02-09 08:15,M,M,M,10.00,5.00,M,M,30.42,M,250.00
ROC,2026-02-09 08:20,M,M,M,10.00,5.00,M,M,30.42,M,240.00
ROC,2026-02-09 08:25,M,M,M,10.00,6.00,M,M,30.41,M,230.00
ROC,2026-02-09 08:30,M,M,M,10.00,6.00,M,M,30.41,M,230.00
ROC,2026-02-09 08:35,M,M,M,10.00,6.00,M,M,30.41,M,240.00
ROC,2026-02-09 08:40,M,M,M,10.00,6.00,M,M,30.41,M,240.00
ROC,2026-02-09 08:45,M,M,M,10.00,5.00,M,M,30.41,M,240.00
ROC,2026-02-09 08:50,M,M,M,10.00,5.00,M,M,30.41,M,250.00
ROC,2026-02-09 08:54,-22.64,82.10,-8.00,10.00,6.00,1031.70,0.00,30.41,-12.00,250.00
ROC,2026-02-09 08:55,M,M,M,10.00,6.00,M,M,30.41,M,240.00
ROC,2026-02-09 09:00,M,M,M,10.00,6.00,M,M,30.41,M,240.00
ROC,2026-02-09 09:05,M,M,M,10.00,6.00,M,M,30.41,M,250.00
ROC,2026-02-09 09:10,M,M,M,10.00,6.00,M,M,30.41,M,240.00
ROC,2026-02-09 09:15,M,M,M,10.00,6.00,M,M,30.41,M,250.00
ROC,2026-02-09 09:20,M,M,M,10.00,5.00,M,M,30.41,M,240.00
ROC,2026-02-09 09:25,M,M,M,10.00,5.00,M,M,30.41,M,230.00
ROC,2026-02-09 09:30,M,M,M,10.00,4.00,M,M,30.41,M,230.00
ROC,2026-02-09 09:35,M,M,M,10.00,4.00,M,M,30.41,M,230.00
ROC,2026-02-09 09:40,M,M,M,10.00,4.00,M,M,30.40,M,220.00
ROC,2026-02-09 09:45,M,M,M,10.00,3.00,M,M,30.40,M,210.00
ROC,2026-02-09 09:49,-16.58,83.78,-7.60,10.00,3.00,M,T,30.40,-11.20,220.00
ROC,2026-02-09 09:50,M,M,M,10.00,3.00,M,M,30.40,M,220.00
ROC,2026-02-09 09:54,-17.04,82.10,-8.00,9.00,3.00,1031.50,T,30.40,-12.00,220.00
ROC,2026-02-09 09:55,M,M,M,9.00,3.00,M,M,30.40,M,220.00
ROC,2026-02-09 10:00,M,M,M,9.00,3.00,M,M,30.40,M,230.00
ROC,2026-02-09 10:05,M,M,M,9.00,4.00,M,M,30.40,M,230.00
ROC,2026-02-09 10:10,M,M,M,9.00,3.00,M,M,30.40,M,220.00
ROC,2026-02-09 10:15,M,M,M,9.00,3.00,M,M,30.40,M,220.00
ROC,2026-02-09 10:20,M,M,M,9.00,3.00,M,M,30.40,M,220.00
ROC,2026-02-09 10:25,M,M,M,9.00,4.00,M,M,30.40,M,230.00
ROC,2026-02-09 10:30,M,M,M,9.00,4.00,M,M,30.40,M,230.00
ROC,2026-02-09 10:35,M,M,M,9.00,5.00,M,M,30.40,M,240.00
ROC,2026-02-09 10:40,M,M,M,9.00,5.00,M,M,30.40,M,230.00
ROC,2026-02-09 10:45,M,M,M,9.00,6.00,M,M,30.40,M,230.00
ROC,2026-02-09 10:50,M,M,M,9.00,7.00,M,M,30.40,M,240.00
ROC,2026-02-09 10:54,-23.85,82.02,-9.00,9.00,6.00,1031.30,T,30.40,-13.00,230.00
ROC,2026-02-09 10:55,M,M,M,9.00,6.00,M,M,30.40,M,230.00
ROC,2026-02-09 11:00,M,M,M,10.00,6.00,M,M,30.40,M,230.00
ROC,2026-02-09 11:05,M,M,M,10.00,6.00,M,M,30.40,M,240.00
ROC,2026-02-09 11:10,M,M,M,10.00,6.00,M,M,30.40,M,240.00
ROC,2026-02-09 11:15,M,M,M,10.00,7.00,M,M,30.40,M,240.00
ROC,2026-02-09 11:20,M,M,M,10.00,6.00,M,M,30.40,M,240.00
ROC,2026-02-09 11:25,M,M,M,10.00,6.00,M,M,30.40,M,240.00
ROC,2026-02-09 11:30,M,M,M,10.00,6.00,M,M,30.40,M,240.00
ROC,2026-02-09 11:35,M,M,M,10.00,6.00,M,M,30.41,M,240.00
ROC,2026-02-09 11:40,M,M,M,10.00,6.00,M,M,30.41,M,240.00
ROC,2026-02-09 11:45,M,M,M,10.00,6.00,M,M,30.41,M,240.00
ROC,2026-02-09 11:50,M,M,M,10.00,5.00,M,M,30.41,M,240.00
ROC,2026-02-09 11:54,-21.11,82.10,-8.00,10.00,5.00,1031.70,0.00,30.41,-12.00,230.00
ROC,2026-02-09 11:55,M,M,M,10.00,5.00,M,M,30.41,M,240.00
ROC,2026-02-09 12:00,M,M,M,10.00,6.00,M,M,30.41,M,230.00
ROC,2026-02-09 12:05,M,M,M,10.00,6.00,M,M,30.41,M,230.00
ROC,2026-02-09 12:10,M,M,M,10.00,4.00,M,M,30.40,M,220.00
ROC,2026-02-09 12:15,M,M,M,10.00,5.00,M,M,30.40,M,230.00
ROC,2026-02-09 12:20,M,M,M,10.00,5.00,M,M,30.40,M,230.00
ROC,2026-02-09 12:25,M,M,M,10.00,5.00,M,M,30.41,M,240.00
ROC,2026-02-09 12:30,M,M,M,10.00,6.00,M,M,30.40,M,240.00
ROC,2026-02-09 12:35,M,M,M,10.00,6.00,M,M,30.40,M,230.00
ROC,2026-02-09 12:40,M,M,M,10.00,5.00,M,M,30.40,M,230.00
ROC,2026-02-09 12:45,M,M,M,10.00,5.00,M,M,30.40,M,230.00
ROC,2026-02-09 12:50,M,M,M,10.00,5.00,M,M,30.40,M,230.00
ROC,2026-02-09 12:54,-19.92,82.18,-7.00,10.00,5.00,1031.40,0.00,30.40,-11.00,240.00
ROC,2026-02-09 12:55,M,M,M,10.00,5.00,M,M,30.40,M,240.00
ROC,2026-02-09 13:00,M,M,M,10.00,7.00,M,M,30.40,M,240.00
ROC,2026-02-09 13:05,M,M,M,10.00,8.00,M,M,30.40,M,230.00
ROC,2026-02-09 13:10,M,M,M,10.00,8.00,M,M,30.41,M,240.00
ROC,2026-02-09 13:15,M,M,M,10.00,7.00,M,M,30.40,M,240.00
ROC,2026-02-09 13:20,M,M,M,10.00,7.00,M,M,30.40,M,240.00
ROC,2026-02-09 13:25,M,M,M,9.00,6.00,M,M,30.40,M,240.00
ROC,2026-02-09 13:30,M,M,M,9.00,7.00,M,M,30.40,M,230.00
ROC,2026-02-09 13:35,M,M,M,10.00,7.00,M,M,30.41,M,240.00
ROC,2026-02-09 13:40,M,M,M,10.00,8.00,M,M,30.41,M,240.00
ROC,2026-02-09 13:45,M,M,M,10.00,9.00,M,M,30.42,M,240.00
ROC,2026-02-09 13:50,M,M,M,10.00,7.00,M,M,30.42,M,240.00
ROC,2026-02-09 13:54,-16.62,74.82,-3.00,10.00,6.00,1031.80,0.00,30.41,-9.00,230.00
ROC,2026-02-09 13:55,M,M,M,10.00,7.00,M,M,30.41,M,220.00
ROC,2026-02-09 14:00,M,M,M,10.00,5.00,M,M,30.40,M,230.00
ROC,2026-02-09 14:05,M,M,M,10.00,4.00,M,M,30.40,M,190.00
ROC,2026-02-09 14:10,M,M,M,10.00,5.00,M,M,30.40,M,200.00
ROC,2026-02-09 14:15,M,M,M,10.00,7.00,M,M,30.40,M,220.00
ROC,2026-02-09 14:20,M,M,M,10.00,7.00,M,M,30.40,M,230.00
ROC,2026-02-09 14:25,M,M,M,10.00,7.00,M,M,30.40,M,230.00
ROC,2026-02-09 14:30,M,M,M,10.00,7.00,M,M,30.41,M,240.00
ROC,2026-02-09 14:35,M,M,M,10.00,6.00,M,M,30.41,M,230.00
ROC,2026-02-09 14:40,M,M,M,10.00,7.00,M,M,30.41,M,230.00
ROC,2026-02-09 14:45,M,M,M,10.00,6.00,M,M,30.40,M,220.00
ROC,2026-02-09 14:50,M,M,M,10.00,6.00,M,M,30.40,M,230.00
ROC,2026-02-09 14:54,-10.60,68.44,2.00,10.00,6.00,1031.30,0.00,30.40,-6.00,230.00
ROC,2026-02-09 14:55,M,M,M,10.00,7.00,M,M,30.40,M,230.00
ROC,2026-02-09 15:00,M,M,M,10.00,7.00,M,M,30.40,M,230.00
ROC,2026-02-09 15:05,M,M,M,10.00,7.00,M,M,30.40,M,240.00
ROC,2026-02-09 15:10,M,M,M,10.00,6.00,M,M,30.40,M,230.00
ROC,2026-02-09 15:15,M,M,M,10.00,5.00,M,M,30.39,M,230.00
ROC,2026-02-09 15:20,M,M,M,10.00,6.00,M,M,30.39,M,220.00
ROC,2026-02-09 15:25,M,M,M,10.00,6.00,M,M,30.39,M,210.00
ROC,2026-02-09 15:30,M,M,M,10.00,5.00,M,M,30.39,M,220.00
ROC,2026-02-09 15:35,M,M,M,10.00,6.00,M,M,30.39,M,240.00
ROC,2026-02-09 15:40,M,M,M,10.00,6.00,M,M,30.40,M,230.00
ROC,2026-02-09 15:45,M,M,M,10.00,5.00,M,M,30.39,M,220.00
ROC,2026-02-09 15:50,M,M,M,10.00,6.00,M,M,30.39,M,220.00
ROC,2026-02-09 15:54,-5.78,65.74,6.00,10.00,6.00,1031.00,0.00,30.39,-3.00,230.00
ROC,2026-02-09 15:55,M,M,M,10.00,6.00,M,M,30.39,M,230.00
ROC,2026-02-09 16:00,M,M,M,10.00,6.00,M,M,30.39,M,240.00
ROC,2026-02-09 16:05,M,M,M,10.00,6.00,M,M,30.39,M,230.00
ROC,2026-02-09 16:10,M,M,M,10.00,5.00,M,M,30.38,M,230.00
ROC,2026-02-09 16:15,M,M,M,10.00,5.00,M,M,30.38,M,250.00
ROC,2026-02-09 16:20,M,M,M,10.00,5.00,M,M,30.38,M,240.00
ROC,2026-02-09 16:25,M,M,M,10.00,5.00,M,M,30.37,M,230.00
ROC,2026-02-09 16:30,M,M,M,10.00,5.00,M,M,30.37,M,180.00
ROC,2026-02-09 16:35,M,M,M,9.00,4.00,M,M,30.36,M,230.00
ROC,2026-02-09 16:40,M,M,M,9.00,4.00,M,M,30.36,M,230.00
ROC,2026-02-09 16:45,M,M,M,10.00,5.00,M,M,30.36,M,230.00
ROC,2026-02-09 16:50,M,M,M,10.00,5.00,M,M,30.36,M,250.00
ROC,2026-02-09 16:54,2.64,63.52,12.00,10.00,5.00,1030.00,0.00,30.36,2.00,230.00
ROC,2026-02-09 16:55,M,M,M,10.00,4.00,M,M,30.36,M,230.00
ROC,2026-02-09 17:00,M,M,M,10.00,4.00,M,M,30.36,M,230.00
ROC,2026-02-09 17:05,M,M,M,10.00,5.00,M,M,30.35,M,220.00
ROC,2026-02-09 17:10,M,M,M,10.00,5.00,M,M,30.36,M,250.00
ROC,2026-02-09 17:15,M,M,M,10.00,6.00,M,M,30.36,M,250.00
ROC,2026-02-09 17:20,M,M,M,10.00,5.00,M,M,30.36,M,230.00
ROC,2026-02-09 17:25,M,M,M,10.00,4.00,M,M,30.35,M,220.00
ROC,2026-02-09 17:30,M,M,M,10.00,4.00,M,M,30.34,M,230.00
ROC,2026-02-09 17:35,M,M,M,10.00,4.00,M,M,30.33,M,240.00
ROC,2026-02-09 17:40,M,M,M,10.00,3.00,M,M,30.32,M,230.00
ROC,2026-02-09 17:45,M,M,M,10.00,0.00,M,M,30.32,M,0.00
ROC,2026-02-09 17:50,M,M,M,10.00,6.00,M,M,30.32,M,220.00
ROC,2026-02-09 17:54,2.65,60.77,13.00,10.00,6.00,1028.60,0.00,30.32,2.00,230.00
ROC,2026-02-09 17:55,M,M,M,10.00,6.00,M,M,30.32,M,220.00
ROC,2026-02-09 18:00,M,M,M,10.00,6.00,M,M,30.32,M,230.00
ROC,2026-02-09 18:05,M,M,M,10.00,5.00,M,M,30.32,M,240.00
ROC,2026-02-09 18:10,M,M,M,10.00,4.00,M,M,30.31,M,190.00
ROC,2026-02-09 18:15,M,M,M,10.00,3.00,M,M,30.31,M,210.00
ROC,2026-02-09 18:20,M,M,M,10.00,5.00,M,M,30.30,M,220.00
ROC,2026-02-09 18:25,M,M,M,10.00,3.00,M,M,30.30,M,240.00
ROC,2026-02-09 18:30,M,M,M,10.00,4.00,M,M,30.30,M,230.00
ROC,2026-02-09 18:35,M,M,M,10.00,4.00,M,M,30.29,M,190.00
ROC,2026-02-09 18:40,M,M,M,10.00,4.00,M,M,30.28,M,210.00
ROC,2026-02-09 18:45,M,M,M,10.00,0.00,M,M,30.28,M,0.00
ROC,2026-02-09 18:50,M,M,M,10.00,3.00,M,M,30.28,M,210.00
ROC,2026-02-09 18:54,16.00,53.29,16.00,10.00,0.00,1026.90,0.00,30.28,2.00,0.00
ROC,2026-02-09 18:55,M,M,M,10.00,0.00,M,M,30.28,M,0.00
ROC,2026-02-09 19:00,M,M,M,10.00,0.00,M,M,30.27,M,0.00
ROC,2026-02-09 19:05,M,M,M,10.00,0.00,M,M,30.27,M,0.00
ROC,2026-02-09 19:10,M,M,M,10.00,0.00,M,M,30.27,M,0.00
ROC,2026-02-09 19:15,M,M,M,10.00,3.00,M,M,30.27,M,230.00
ROC,2026-02-09 19:20,M,M,M,10.00,0.00,M,M,30.27,M,0.00
ROC,2026-02-09 19:25,M,M,M,10.00,0.00,M,M,30.27,M,0.00
ROC,2026-02-09 19:30,M,M,M,10.00,0.00,M,M,30.26,M,0.00
ROC,2026-02-09 19:35,M,M,M,10.00,0.00,M,M,30.26,M,0.00
ROC,2026-02-09 19:40,M,M,M,10.00,0.00,M,M,30.26,M,0.00
ROC,2026-02-09 19:45,M,M,M,10.00,0.00,M,M,30.25,M,0.00
ROC,2026-02-09 19:50,M,M,M,10.00,0.00,M,M,30.25,M,0.00
ROC,2026-02-09 19:54,17.00,51.03,17.00,10.00,0.00,1025.90,0.00,30.25,2.00,0.00
ROC,2026-02-09 19:55,M,M,M,10.00,0.00,M,M,30.25,M,0.00
ROC,2026-02-09 20:00,M,M,M,10.00,0.00,M,M,30.24,M,0.00
ROC,2026-02-09 20:05,M,M,M,10.00,4.00,M,M,30.24,M,140.00
ROC,2026-02-09 20:10,M,M,M,10.00,4.00,M,M,30.24,M,110.00
ROC,2026-02-09 20:15,M,M,M,10.00,5.00,M,M,30.23,M,110.00
ROC,2026-02-09 20:20,M,M,M,10.00,5.00,M,M,30.23,M,120.00
ROC,2026-02-09 20:25,M,M,M,10.00,5.00,M,M,30.23,M,120.00
ROC,2026-02-09 20:30,M,M,M,10.00,4.00,M,M,30.23,M,120.00
ROC,2026-02-09 20:35,M,M,M,10.00,5.00,M,M,30.23,M,130.00
ROC,2026-02-09 20:40,M,M,M,10.00,4.00,M,M,30.23,M,150.00
ROC,2026-02-09 20:45,M,M,M,10.00,3.00,M,M,30.23,M,140.00
ROC,2026-02-09 20:50,M,M,M,10.00,3.00,M,M,30.23,M,140.00
ROC,2026-02-09 20:54,13.83,49.04,19.00,10.00,3.00,1025.30,0.00,30.23,3.00,130.00
ROC,2026-02-09 20:55,M,M,M,10.00,0.00,M,M,30.23,M,0.00
ROC,2026-02-09 21:00,M,M,M,10.00,0.00,M,M,30.23,M,0.00
ROC,2026-02-09 21:05,M,M,M,10.00,0.00,M,M,30.23,M,0.00
ROC,2026-02-09 21:10,M,M,M,10.00,4.00,M,M,30.24,M,120.00
ROC,2026-02-09 21:15,M,M,M,10.00,4.00,M,M,30.23,M,100.00
ROC,2026-02-09 21:20,M,M,M,10.00,4.00,M,M,30.23,M,90.00
ROC,2026-02-09 21:25,M,M,M,10.00,4.00,M,M,30.24,M,70.00
ROC,2026-02-09 21:30,M,M,M,10.00,4.00,M,M,30.23,M,90.00
ROC,2026-02-09 21:35,M,M,M,10.00,5.00,M,M,30.23,M,90.00
ROC,2026-02-09 21:40,M,M,M,10.00,4.00,M,M,30.23,M,80.00
ROC,2026-02-09 21:45,M,M,M,10.00,4.00,M,M,30.23,M,80.00
ROC,2026-02-09 21:50,M,M,M,10.00,4.00,M,M,30.23,M,70.00
ROC,2026-02-09 21:54,12.24,56.29,19.00,10.00,4.00,1025.30,0.00,30.23,6.00,100.00
ROC,2026-02-09 21:55,M,M,M,10.00,4.00,M,M,30.23,M,90.00
ROC,2026-02-09 22:00,M,M,M,10.00,5.00,M,M,30.23,M,90.00
ROC,2026-02-09 22:05,M,M,M,10.00,3.00,M,M,30.23,M,100.00
ROC,2026-02-09 22:10,M,M,M,10.00,3.00,M,M,30.23,M,100.00
ROC,2026-02-09 22:15,M,M,M,10.00,4.00,M,M,30.23,M,100.00
ROC,2026-02-09 22:20,M,M,M,10.00,4.00,M,M,30.23,M,100.00
ROC,2026-02-09 22:25,M,M,M,10.00,3.00,M,M,30.23,M,100.00
ROC,2026-02-09 22:30,M,M,M,10.00,5.00,M,M,30.23,M,100.00
ROC,2026-02-09 22:35,M,M,M,10.00,4.00,M,M,30.23,M,110.00
ROC,2026-02-09 22:40,M,M,M,10.00,5.00,M,M,30.23,M,110.00
ROC,2026-02-09 22:45,M,M,M,10.00,4.00,M,M,30.23,M,110.00
ROC,2026-02-09 22:50,M,M,M,10.00,4.00,M,M,30.23,M,110.00
ROC,2026-02-09 22:54,11.07,58.76,18.00,10.00,4.00,1025.40,0.00,30.23,6.00,110.00
ROC,2026-02-09 22:55,M,M,M,10.00,4.00,M,M,30.23,M,110.00
ROC,2026-02-09 23:00,M,M,M,10.00,3.00,M,M,30.23,M,120.00
ROC,2026-02-09 23:05,M,M,M,10.00,4.00,M,M,30.23,M,110.00
ROC,2026-02-09 23:10,M,M,M,10.00,4.00,M,M,30.23,M,110.00
ROC,2026-02-09 23:15,M,M,M,10.00,4.00,M,M,30.23,M,100.00
ROC,2026-02-09 23:20,M,M,M,10.00,5.00,M,M,30.23,M,100.00
ROC,2026-02-09 23:25,M,M,M,10.00,5.00,M,M,30.23,M,100.00
ROC,2026-02-09 23:30,M,M,M,10.00,5.00,M,M,30.23,M,100.00
ROC,2026-02-09 23:35,M,M,M,10.00,6.00,M,M,30.23,M,100.00
ROC,2026-02-09 23:40,M,M,M,10.00,6.00,M,M,30.23,M,100.00
ROC,2026-02-09 23:45,M,M,M,10.00,5.00,M,M,30.22,M,110.00
ROC,2026-02-09 23:50,M,M,M,10.00,6.00,M,M,30.22,M,110.00
ROC,2026-02-09 23:54,8.58,61.35,17.00,10.00,5.00,1025.00,0.00,30.22,6.00,120.00
ROC,2026-02-09 23:55,M,M,M,10.00,5.00,M,M,30.22,M,110.00
ROC,2026-02-10 00:00,M,M,M,10.00,6.00,M,M,30.22,M,120.00
ROC,2026-02-10 00:05,M,M,M,10.00,6.00,M,M,30.22,M,120.00
ROC,2026-02-10 00:10,M,M,M,10.00,6.00,M,M,30.22,M,110.00
ROC,2026-02-10 00:15,M,M,M,10.00,5.00,M,M,30.21,M,120.00
ROC,2026-02-10 00:20,M,M,M,10.00,5.00,M,M,30.21,M,120.00
ROC,2026-02-10 00:25,M,M,M,10.00,5.00,M,M,30.21,M,130.00
ROC,2026-02-10 00:30,M,M,M,10.00,4.00,M,M,30.21,M,120.00
ROC,2026-02-10 00:35,M,M,M,10.00,5.00,M,M,30.21,M,120.00
ROC,2026-02-10 00:40,M,M,M,10.00,5.00,M,M,30.21,M,120.00
ROC,2026-02-10 00:45,M,M,M,10.00,4.00,M,M,30.20,M,120.00
ROC,2026-02-10 00:50,M,M,M,10.00,4.00,M,M,30.20,M,130.00
ROC,2026-02-10 00:54,7.39,64.07,16.00,10.00,5.00,1024.20,0.00,30.20,6.00,140.00
ROC,2026-02-10 00:55,M,M,M,10.00,4.00,M,M,30.20,M,140.00
ROC,2026-02-10 01:00,M,M,M,10.00,4.00,M,M,30.20,M,140.00
ROC,2026-02-10 01:05,M,M,M,10.00,5.00,M,M,30.19,M,150.00
ROC,2026-02-10 01:10,M,M,M,10.00,4.00,M,M,30.19,M,150.00
ROC,2026-02-10 01:15,M,M,M,10.00,4.00,M,M,30.19,M,150.00
ROC,2026-02-10 01:25,M,M,M,10.00,4.00,M,M,30.18,M,150.00
ROC,2026-02-10 01:30,M,M,M,10.00,4.00,M,M,30.18,M,150.00
ROC,2026-02-10 01:35,M,M,M,10.00,4.00,M,M,30.17,M,150.00
ROC,2026-02-10 01:40,M,M,M,10.00,4.00,M,M,30.17,M,150.00
ROC,2026-02-10 01:45,M,M,M,10.00,4.00,M,M,30.17,M,150.00
ROC,2026-02-10 01:50,M,M,M,10.00,4.00,M,M,30.17,M,160.00
ROC,2026-02-10 01:54,8.74,64.07,16.00,10.00,4.00,1023.20,0.00,30.17,6.00,160.00
ROC,2026-02-10 01:55,M,M,M,10.00,4.00,M,M,30.17,M,170.00
ROC,2026-02-10 02:00,M,M,M,10.00,3.00,M,M,30.16,M,170.00
ROC,2026-02-10 02:05,M,M,M,10.00,3.00,M,M,30.16,M,170.00
ROC,2026-02-10 02:10,M,M,M,10.00,0.00,M,M,30.16,M,0.00
ROC,2026-02-10 02:15,M,M,M,10.00,3.00,M,M,30.15,M,180.00
ROC,2026-02-10 02:20,M,M,M,10.00,3.00,M,M,30.15,M,170.00
ROC,2026-02-10 02:25,M,M,M,10.00,3.00,M,M,30.15,M,160.00
ROC,2026-02-10 02:30,M,M,M,10.00,3.00,M,M,30.15,M,170.00
ROC,2026-02-10 02:35,M,M,M,10.00,0.00,M,M,30.15,M,0.00
ROC,2026-02-10 02:40,M,M,M,10.00,3.00,M,M,30.14,M,160.00
ROC,2026-02-10 02:45,M,M,M,10.00,3.00,M,M,30.14,M,160.00
ROC,2026-02-10 02:50,M,M,M,10.00,4.00,M,M,30.14,M,160.00
ROC,2026-02-10 02:54,10.40,67.05,16.00,10.00,3.00,1022.00,0.00,30.13,7.00,150.00
ROC,2026-02-10 02:55,M,M,M,10.00,3.00,M,M,30.13,M,150.00
ROC,2026-02-10 03:00,M,M,M,10.00,3.00,M,M,30.13,M,140.00
ROC,2026-02-10 03:05,M,M,M,10.00,3.00,M,M,30.13,M,130.00
ROC,2026-02-10 03:10,M,M,M,10.00,3.00,M,M,30.13,M,130.00
ROC,2026-02-10 03:15,M,M,M,10.00,3.00,M,M,30.13,M,120.00
ROC,2026-02-10 03:20,M,M,M,10.00,0.00,M,M,30.13,M,0.00
ROC,2026-02-10 03:25,M,M,M,10.00,3.00,M,M,30.12,M,140.00
ROC,2026-02-10 03:30,M,M,M,10.00,4.00,M,M,30.12,M,150.00
ROC,2026-02-10 03:35,M,M,M,10.00,4.00,M,M,30.12,M,150.00
ROC,2026-02-10 03:40,M,M,M,10.00,3.00,M,M,30.12,M,150.00
ROC,2026-02-10 03:45,M,M,M,10.00,3.00,M,M,30.12,M,150.00
ROC,2026-02-10 03:50,M,M,M,10.00,3.00,M,M,30.12,M,150.00
ROC,2026-02-10 03:54,14.00,73.17,14.00,10.00,0.00,1021.50,0.00,30.12,7.00,0.00
ROC,2026-02-10 03:55,M,M,M,10.00,0.00,M,M,30.12,M,0.00
ROC,2026-02-10 04:00,M,M,M,10.00,3.00,M,M,30.11,M,160.00
ROC,2026-02-10 04:05,M,M,M,10.00,3.00,M,M,30.11,M,160.00
ROC,2026-02-10 04:10,M,M,M,10.00,3.00,M,M,30.11,M,170.00
ROC,2026-02-10 04:15,M,M,M,10.00,3.00,M,M,30.11,M,180.00
ROC,2026-02-10 04:20,M,M,M,10.00,4.00,M,M,30.10,M,190.00
ROC,2026-02-10 04:25,M,M,M,10.00,4.00,M,M,30.10,M,190.00
ROC,2026-02-10 04:30,M,M,M,10.00,3.00,M,M,30.10,M,180.00
ROC,2026-02-10 04:35,M,M,M,10.00,0.00,M,M,30.10,M,0.00
ROC,2026-02-10 04:40,M,M,M,10.00,3.00,M,M,30.10,M,170.00
ROC,2026-02-10 04:45,M,M,M,10.00,3.00,M,M,30.10,M,170.00
ROC,2026-02-10 04:50,M,M,M,10.00,3.00,M,M,30.10,M,170.00
ROC,2026-02-10 04:54,14.00,73.17,14.00,10.00,0.00,1020.80,0.00,30.10,7.00,0.00
ROC,2026-02-10 04:55,M,M,M,10.00,0.00,M,M,30.10,M,0.00
ROC,2026-02-10 05:00,M,M,M,10.00,0.00,M,M,30.10,M,0.00
ROC,2026-02-10 05:05,M,M,M,10.00,0.00,M,M,30.10,M,0.00
ROC,2026-02-10 05:10,M,M,M,10.00,0.00,M,M,30.10,M,0.00
ROC,2026-02-10 05:15,M,M,M,10.00,0.00,M,M,30.11,M,0.00
ROC,2026-02-10 05:20,M,M,M,10.00,0.00,M,M,30.10,M,0.00
ROC,2026-02-10 05:25,M,M,M,10.00,0.00,M,M,30.10,M,0.00
ROC,2026-02-10 05:30,M,M,M,10.00,0.00,M,M,30.09,M,0.00
ROC,2026-02-10 05:35,M,M,M,10.00,0.00,M,M,30.10,M,0.00
ROC,2026-02-10 05:40,M,M,M,10.00,3.00,M,M,30.09,M,190.00
ROC,2026-02-10 05:45,M,M,M,10.00,0.00,M,M,30.10,M,0.00
ROC,2026-02-10 05:50,M,M,M,10.00,0.00,M,M,30.10,M,0.00
ROC,2026-02-10 05:54,14.00,69.92,14.00,10.00,0.00,1020.70,0.00,30.10,6.00,0.00
ROC,2026-02-10 05:55,M,M,M,10.00,0.00,M,M,30.10,M,0.00
ROC,2026-02-10 06:00,M,M,M,10.00,0.00,M,M,30.09,M,0.00
ROC,2026-02-10 06:05,M,M,M,10.00,0.00,M,M,30.09,M,0.00
ROC,2026-02-10 06:10,M,M,M,10.00,0.00,M,M,30.09,M,0.00
ROC,2026-02-10 06:15,M,M,M,10.00,0.00,M,M,30.09,M,0.00
ROC,2026-02-10 06:20,M,M,M,10.00,0.00,M,M,30.09,M,0.00
ROC,2026-02-10 06:25,M,M,M,10.00,0.00,M,M,30.09,M,0.00
ROC,2026-02-10 06:30,M,M,M,10.00,0.00,M,M,30.09,M,0.00
ROC,2026-02-10 06:35,M,M,M,10.00,0.00,M,M,30.09,M,0.00
ROC,2026-02-10 06:40,M,M,M,10.00,0.00,M,M,30.09,M,0.00
ROC,2026-02-10 06:45,M,M,M,10.00,0.00,M,M,30.09,M,0.00
ROC,2026-02-10 06:50,M,M,M,10.00,0.00,M,M,30.09,M,0.00
ROC,2026-02-10 06:54,12.00,79.92,12.00,10.00,0.00,1020.60,0.00,30.09,7.00,0.00
ROC,2026-02-10 06:55,M,M,M,10.00,0.00,M,M,30.09,M,0.00
ROC,2026-02-10 07:00,M,M,M,10.00,0.00,M,M,30.09,M,0.00
ROC,2026-02-10 07:05,M,M,M,10.00,0.00,M,M,30.09,M,0.00
ROC,2026-02-10 07:10,M,M,M,10.00,0.00,M,M,30.09,M,0.00
ROC,2026-02-10 07:15,M,M,M,10.00,0.00,M,M,30.09,M,0.00
ROC,2026-02-10 07:20,M,M,M,10.00,0.00,M,M,30.09,M,0.00
ROC,2026-02-10 07:25,M,M,M,10.00,0.00,M,M,30.09,M,0.00
ROC,2026-02-10 07:30,M,M,M,10.00,0.00,M,M,30.08,M,0.00
ROC,2026-02-10 07:35,M,M,M,10.00,0.00,M,M,30.08,M,0.00
ROC,2026-02-10 07:40,M,M,M,10.00,0.00,M,M,30.08,M,0.00
ROC,2026-02-10 07:45,M,M,M,10.00,0.00,M,M,30.08,M,0.00
ROC,2026-02-10 07:50,M,M,M,10.00,0.00,M,M,30.08,M,0.00
ROC,2026-02-10 07:54,14.00,76.56,14.00,10.00,0.00,1020.00,0.00,30.08,8.00,0.00
ROC,2026-02-10 07:55,M,M,M,10.00,0.00,M,M,30.08,M,0.00
ROC,2026-02-10 08:00,M,M,M,10.00,3.00,M,M,30.08,M,220.00
ROC,2026-02-10 08:05,M,M,M,10.00,3.00,M,M,30.08,M,220.00
ROC,2026-02-10 08:10,M,M,M,10.00,4.00,M,M,30.08,M,220.00
ROC,2026-02-10 08:15,M,M,M,10.00,3.00,M,M,30.08,M,220.00
ROC,2026-02-10 08:20,M,M,M,10.00,3.00,M,M,30.08,M,230.00
ROC,2026-02-10 08:25,M,M,M,10.00,4.00,M,M,30.08,M,230.00
ROC,2026-02-10 08:30,M,M,M,10.00,4.00,M,M,30.08,M,240.00
ROC,2026-02-10 08:35,M,M,M,10.00,4.00,M,M,30.08,M,240.00
ROC,2026-02-10 08:40,M,M,M,10.00,4.00,M,M,30.08,M,240.00
ROC,2026-02-10 08:45,M,M,M,10.00,4.00,M,M,30.08,M,240.00
ROC,2026-02-10 08:50,M,M,M,10.00,4.00,M,M,30.08,M,240.00
ROC,2026-02-10 08:54,8.74,70.16,16.00,10.00,4.00,1019.80,0.00,30.08,8.00,230.00
ROC,2026-02-10 08:55,M,M,M,10.00,4.00,M,M,30.08,M,230.00
ROC,2026-02-10 09:00,M,M,M,10.00,3.00,M,M,30.07,M,230.00
ROC,2026-02-10 09:05,M,M,M,10.00,0.00,M,M,30.07,M,0.00
ROC,2026-02-10 09:10,M,M,M,10.00,0.00,M,M,30.06,M,0.00
ROC,2026-02-10 09:15,M,M,M,10.00,3.00,M,M,30.06,M,190.00
ROC,2026-02-10 09:20,M,M,M,10.00,0.00,M,M,30.06,M,0.00
ROC,2026-02-10 09:25,M,M,M,10.00,0.00,M,M,30.06,M,0.00
ROC,2026-02-10 09:30,M,M,M,10.00,3.00,M,M,30.06,M,220.00
ROC,2026-02-10 09:35,M,M,M,10.00,3.00,M,M,30.06,M,210.00
ROC,2026-02-10 09:40,M,M,M,10.00,3.00,M,M,30.05,M,200.00
ROC,2026-02-10 09:45,M,M,M,10.00,3.00,M,M,30.05,M,200.00
ROC,2026-02-10 09:50,M,M,M,10.00,3.00,M,M,30.05,M,200.00
ROC,2026-02-10 09:54,11.54,67.18,17.00,10.00,3.00,1018.90,0.00,30.05,8.00,200.00
ROC,2026-02-10 09:55,M,M,M,10.00,3.00,M,M,30.05,M,210.00
ROC,2026-02-10 10:00,M,M,M,10.00,0.00,M,M,30.05,M,0.00
ROC,2026-02-10 10:05,M,M,M,10.00,0.00,M,M,30.05,M,0.00
ROC,2026-02-10 10:10,M,M,M,10.00,0.00,M,M,30.05,M,0.00
ROC,2026-02-10 10:15,M,M,M,10.00,0.00,M,M,30.05,M,0.00
ROC,2026-02-10 10:20,M,M,M,10.00,0.00,M,M,30.05,M,0.00
ROC,2026-02-10 10:25,M,M,M,10.00,0.00,M,M,30.04,M,0.00
ROC,2026-02-10 10:30,M,M,M,10.00,0.00,M,M,30.04,M,0.00
ROC,2026-02-10 10:35,M,M,M,10.00,0.00,M,M,30.04,M,0.00
ROC,2026-02-10 10:40,M,M,M,10.00,0.00,M,M,30.04,M,0.00
ROC,2026-02-10 10:45,M,M,M,10.00,3.00,M,M,30.05,M,220.00
ROC,2026-02-10 10:50,M,M,M,10.00,3.00,M,M,30.05,M,230.00
ROC,2026-02-10 10:54,18.00,67.31,18.00,10.00,0.00,1018.80,0.00,30.05,9.00,0.00
ROC,2026-02-10 10:55,M,M,M,10.00,0.00,M,M,30.05,M,0.00
ROC,2026-02-10 11:00,M,M,M,10.00,0.00,M,M,30.04,M,0.00
ROC,2026-02-10 11:05,M,M,M,10.00,0.00,M,M,30.04,M,0.00
ROC,2026-02-10 11:10,M,M,M,10.00,0.00,M,M,30.04,M,0.00
ROC,2026-02-10 11:15,M,M,M,10.00,0.00,M,M,30.04,M,0.00
ROC,2026-02-10 11:20,M,M,M,10.00,0.00,M,M,30.05,M,0.00
ROC,2026-02-10 11:25,M,M,M,10.00,0.00,M,M,30.04,M,0.00
ROC,2026-02-10 11:30,M,M,M,10.00,3.00,M,M,30.05,M,220.00
ROC,2026-02-10 11:35,M,M,M,10.00,4.00,M,M,30.05,M,230.00
ROC,2026-02-10 11:40,M,M,M,10.00,5.00,M,M,30.05,M,230.00
ROC,2026-02-10 11:45,M,M,M,10.00,4.00,M,M,30.05,M,240.00
ROC,2026-02-10 11:50,M,M,M,10.00,4.00,M,M,30.05,M,240.00
ROC,2026-02-10 11:54,12.14,70.63,20.00,9.00,5.00,1018.90,T,30.05,12.00,250.00
ROC,2026-02-10 11:55,M,M,M,9.00,5.00,M,M,30.05,M,250.00
ROC,2026-02-10 12:00,M,M,M,9.00,5.00,M,M,30.06,M,250.00
ROC,2026-02-10 12:05,M,M,M,8.00,5.00,M,M,30.06,M,250.00
ROC,2026-02-10 12:10,M,M,M,3.00,4.00,M,M,30.06,M,230.00
ROC,2026-02-10 12:15,13.41,70.63,20.00,2.00,4.00,M,T,30.05,12.00,230.00
ROC,2026-02-10 12:15,M,M,M,2.00,4.00,M,M,30.05,M,220.00
ROC,2026-02-10 12:20,M,M,M,1.25,3.00,M,M,30.05,M,210.00
ROC,2026-02-10 12:23,13.41,73.82,20.00,1.25,4.00,M,T,30.05,13.00,220.00
ROC,2026-02-10 12:25,M,M,M,1.25,4.00,M,M,30.05,M,220.00
ROC,2026-02-10 12:30,M,M,M,1.25,3.00,M,M,30.05,M,220.00
ROC,2026-02-10 12:35,M,M,M,0.75,4.00,M,0.01,30.04,M,190.00
ROC,2026-02-10 12:40,M,M,M,0.75,3.00,M,0.01,30.04,M,180.00
ROC,2026-02-10 12:40,16.11,84.25,21.00,0.75,3.00,M,0.01,30.04,17.00,180.00
ROC,2026-02-10 12:45,M,M,M,1.00,5.00,M,0.01,30.03,M,180.00
ROC,2026-02-10 12:50,M,M,M,1.50,4.00,M,0.01,30.03,M,170.00
ROC,2026-02-10 12:51,14.81,85.73,21.20,1.00,4.00,M,0.01,30.03,17.60,170.00
ROC,2026-02-10 12:54,14.57,87.96,21.00,1.00,4.00,1018.10,0.01,30.03,18.00,160.00
ROC,2026-02-10 12:55,M,M,M,1.50,4.00,M,M,30.03,M,150.00
ROC,2026-02-10 13:00,M,M,M,1.00,4.00,M,M,30.02,M,160.00
ROC,2026-02-10 13:05,M,M,M,0.75,4.00,M,M,30.02,M,140.00
ROC,2026-02-10 13:08,13.33,91.82,21.00,0.75,5.00,M,T,30.01,19.00,140.00
ROC,2026-02-10 13:10,M,M,M,0.75,5.00,M,0.01,30.01,M,150.00
ROC,2026-02-10 13:15,M,M,M,0.75,5.00,M,0.01,30.01,M,150.00
ROC,2026-02-10 13:20,M,M,M,0.75,4.00,M,0.01,30.00,M,170.00
ROC,2026-02-10 13:25,M,M,M,0.75,5.00,M,0.01,30.00,M,160.00
ROC,2026-02-10 13:30,M,M,M,0.75,5.00,M,0.01,29.99,M,150.00
ROC,2026-02-10 13:33,14.52,91.86,22.00,2.00,5.00,M,0.01,29.99,20.00,160.00
ROC,2026-02-10 13:35,M,M,M,2.00,4.00,M,0.01,29.98,M,160.00
ROC,2026-02-10 13:40,M,M,M,2.50,5.00,M,0.01,29.98,M,160.00
ROC,2026-02-10 13:44,13.81,91.90,23.00,0.75,7.00,M,0.01,29.98,21.00,150.00
ROC,2026-02-10 13:45,M,M,M,1.25,7.00,M,0.01,29.97,M,160.00
ROC,2026-02-10 13:50,M,M,M,1.00,7.00,M,0.02,29.98,M,170.00
ROC,2026-02-10 13:54,15.90,91.93,24.00,1.50,6.00,1016.40,0.02,29.98,22.00,170.00
ROC,2026-02-10 13:55,M,M,M,2.00,5.00,M,0.01,29.98,M,180.00
ROC,2026-02-10 14:00,M,M,M,3.50,6.00,M,0.01,29.97,M,170.00
ROC,2026-02-10 14:03,15.90,91.93,24.00,4.00,6.00,M,0.01,29.97,22.00,170.00
ROC,2026-02-10 14:05,M,M,M,4.00,7.00,M,0.01,29.96,M,150.00
ROC,2026-02-10 14:10,M,M,M,4.00,7.00,M,0.01,29.96,M,140.00
ROC,2026-02-10 14:15,M,M,M,4.00,7.00,M,0.02,29.95,M,150.00
ROC,2026-02-10 14:20,M,M,M,6.00,6.00,M,0.02,29.95,M,150.00
ROC,2026-02-10 14:25,M,M,M,8.00,6.00,M,0.02,29.95,M,140.00
ROC,2026-02-10 14:30,M,M,M,7.00,6.00,M,0.03,29.95,M,130.00
ROC,2026-02-10 14:35,M,M,M,7.00,5.00,M,0.03,29.95,M,150.00
ROC,2026-02-10 14:40,M,M,M,6.00,4.00,M,0.03,29.95,M,150.00
ROC,2026-02-10 14:45,M,M,M,6.00,4.00,M,0.04,29.95,M,180.00
ROC,2026-02-10 14:50,M,M,M,6.00,4.00,M,0.04,29.94,M,170.00
ROC,2026-02-10 14:54,22.97,92.04,27.00,6.00,3.00,1015.10,0.04,29.94,25.00,190.00
ROC,2026-02-10 14:55,M,M,M,6.00,3.00,M,M,29.94,M,190.00
ROC,2026-02-10 15:00,M,M,M,8.00,4.00,M,M,29.94,M,180.00
ROC,2026-02-10 15:05,M,M,M,9.00,4.00,M,0.01,29.93,M,180.00
ROC,2026-02-10 15:10,M,M,M,9.00,5.00,M,0.01,29.93,M,150.00
ROC,2026-02-10 15:15,M,M,M,9.00,5.00,M,0.01,29.92,M,140.00
ROC,2026-02-10 15:19,18.54,88.32,28.00,9.00,9.00,M,0.01,29.91,25.00,150.00
ROC,2026-02-10 15:20,M,M,M,9.00,9.00,M,0.01,29.91,M,150.00
ROC,2026-02-10 15:25,M,M,M,10.00,7.00,M,0.01,29.91,M,150.00
ROC,2026-02-10 15:30,M,M,M,10.00,4.00,M,0.01,29.90,M,140.00
ROC,2026-02-10 15:35,M,M,M,10.00,5.00,M,0.01,29.89,M,150.00
ROC,2026-02-10 15:40,M,M,M,10.00,7.00,M,0.01,29.89,M,160.00
ROC,2026-02-10 15:45,M,M,M,10.00,6.00,M,0.01,29.88,M,160.00
ROC,2026-02-10 15:50,M,M,M,10.00,9.00,M,0.01,29.87,M,160.00
ROC,2026-02-10 15:54,21.92,88.37,29.00,10.00,6.00,1012.50,0.01,29.87,26.00,140.00
ROC,2026-02-10 15:55,M,M,M,10.00,5.00,M,M,29.86,M,140.00
ROC,2026-02-10 16:00,M,M,M,10.00,8.00,M,M,29.85,M,150.00
ROC,2026-02-10 16:05,M,M,M,10.00,9.00,M,M,29.85,M,150.00
ROC,2026-02-10 16:10,M,M,M,10.00,7.00,M,M,29.85,M,160.00
ROC,2026-02-10 16:15,M,M,M,10.00,8.00,M,M,29.84,M,150.00
ROC,2026-02-10 16:20,M,M,M,10.00,8.00,M,M,29.84,M,160.00
ROC,2026-02-10 16:25,M,M,M,10.00,8.00,M,M,29.83,M,160.00
ROC,2026-02-10 16:30,M,M,M,10.00,7.00,M,M,29.83,M,150.00
ROC,2026-02-10 16:35,M,M,M,10.00,7.00,M,M,29.82,M,150.00
ROC,2026-02-10 16:40,M,M,M,10.00,7.00,M,M,29.81,M,140.00
ROC,2026-02-10 16:45,M,M,M,10.00,8.00,M,M,29.81,M,150.00
ROC,2026-02-10 16:50,M,M,M,10.00,6.00,M,M,29.80,M,160.00
ROC,2026-02-10 16:54,24.78,84.97,32.00,10.00,7.00,1010.10,0.00,29.80,28.00,160.00
ROC,2026-02-10 16:55,M,M,M,10.00,7.00,M,M,29.79,M,160.00
ROC,2026-02-10 17:00,M,M,M,10.00,6.00,M,M,29.79,M,160.00
ROC,2026-02-10 17:05,M,M,M,10.00,6.00,M,M,29.79,M,150.00
ROC,2026-02-10 17:10,M,M,M,10.00,8.00,M,M,29.78,M,150.00
ROC,2026-02-10 17:15,M,M,M,10.00,7.00,M,M,29.78,M,150.00
ROC,2026-02-10 17:20,M,M,M,10.00,5.00,M,M,29.77,M,140.00
ROC,2026-02-10 17:25,M,M,M,10.00,8.00,M,M,29.76,M,130.00
ROC,2026-02-10 17:30,M,M,M,10.00,6.00,M,M,29.75,M,140.00
ROC,2026-02-10 17:35,M,M,M,10.00,7.00,M,M,29.75,M,130.00
ROC,2026-02-10 17:40,M,M,M,10.00,7.00,M,M,29.75,M,130.00
ROC,2026-02-10 17:45,M,M,M,10.00,6.00,M,M,29.74,M,130.00
ROC,2026-02-10 17:50,M,M,M,10.00,7.00,M,M,29.74,M,130.00
ROC,2026-02-10 17:54,27.58,81.62,33.00,10.00,5.00,1008.20,0.00,29.74,28.00,130.00
ROC,2026-02-10 17:55,M,M,M,10.00,5.00,M,M,29.74,M,130.00
ROC,2026-02-10 18:00,M,M,M,10.00,6.00,M,M,29.73,M,130.00
ROC,2026-02-10 18:05,M,M,M,10.00,6.00,M,M,29.73,M,130.00
ROC,2026-02-10 18:10,M,M,M,10.00,7.00,M,M,29.72,M,130.00
ROC,2026-02-10 18:15,M,M,M,10.00,5.00,M,M,29.72,M,110.00
ROC,2026-02-10 18:20,M,M,M,10.00,6.00,M,M,29.72,M,110.00
ROC,2026-02-10 18:25,M,M,M,10.00,6.00,M,M,29.72,M,120.00
ROC,2026-02-10 18:30,M,M,M,10.00,7.00,M,M,29.71,M,120.00
ROC,2026-02-10 18:35,M,M,M,10.00,8.00,M,M,29.70,M,120.00
ROC,2026-02-10 18:40,M,M,M,10.00,6.00,M,M,29.70,M,130.00
ROC,2026-02-10 18:45,M,M,M,10.00,5.00,M,M,29.70,M,110.00
ROC,2026-02-10 18:50,M,M,M,10.00,7.00,M,M,29.69,M,100.00
ROC,2026-02-10 18:54,27.94,75.25,34.00,10.00,6.00,1006.30,0.00,29.68,27.00,110.00
ROC,2026-02-10 18:55,M,M,M,10.00,6.00,M,M,29.69,M,110.00
ROC,2026-02-10 19:00,M,M,M,10.00,7.00,M,M,29.68,M,110.00
ROC,2026-02-10 19:05,M,M,M,10.00,7.00,M,M,29.68,M,110.00
ROC,2026-02-10 19:10,M,M,M,10.00,6.00,M,M,29.68,M,110.00
ROC,2026-02-10 19:15,M,M,M,10.00,5.00,M,M,29.67,M,100.00
ROC,2026-02-10 19:20,M,M,M,10.00,6.00,M,M,29.67,M,110.00
ROC,2026-02-10 19:25,M,M,M,10.00,3.00,M,M,29.67,M,90.00
ROC,2026-02-10 19:30,M,M,M,10.00,4.00,M,M,29.67,M,100.00
ROC,2026-02-10 19:35,M,M,M,10.00,6.00,M,M,29.66,M,110.00
ROC,2026-02-10 19:40,M,M,M,10.00,7.00,M,M,29.66,M,120.00
ROC,2026-02-10 19:45,M,M,M,10.00,4.00,M,M,29.66,M,110.00
ROC,2026-02-10 19:50,M,M,M,10.00,7.00,M,M,29.66,M,110.00
ROC,2026-02-10 19:54,32.09,66.67,36.00,10.00,4.00,1005.20,0.00,29.65,26.00,130.00
ROC,2026-02-10 19:55,M,M,M,10.00,4.00,M,M,29.65,M,120.00
ROC,2026-02-10 20:00,M,M,M,10.00,4.00,M,M,29.65,M,110.00
ROC,2026-02-10 20:05,M,M,M,10.00,4.00,M,M,29.66,M,120.00
ROC,2026-02-10 20:10,M,M,M,10.00,4.00,M,M,29.66,M,110.00
ROC,2026-02-10 20:15,M,M,M,10.00,3.00,M,M,29.66,M,120.00
ROC,2026-02-10 20:20,M,M,M,10.00,5.00,M,M,29.66,M,90.00
ROC,2026-02-10 20:25,M,M,M,10.00,6.00,M,M,29.66,M,100.00
ROC,2026-02-10 20:30,M,M,M,10.00,6.00,M,M,29.66,M,110.00
ROC,2026-02-10 20:35,M,M,M,10.00,4.00,M,M,29.66,M,120.00
ROC,2026-02-10 20:40,M,M,M,10.00,0.00,M,M,29.67,M,0.00
ROC,2026-02-10 20:45,M,M,M,10.00,0.00,M,M,29.67,M,0.00
ROC,2026-02-10 20:50,M,M,M,10.00,3.00,M,M,29.67,M,100.00
ROC,2026-02-10 20:54,35.00,69.37,35.00,10.00,0.00,1005.70,T,29.67,26.00,0.00
ROC,2026-02-10 20:55,M,M,M,10.00,0.00,M,M,29.67,M,0.00
ROC,2026-02-10 21:00,M,M,M,10.00,0.00,M,M,29.67,M,0.00
ROC,2026-02-10 21:05,M,M,M,10.00,0.00,M,M,29.67,M,0.00
ROC,2026-02-10 21:10,M,M,M,10.00,3.00,M,M,29.66,M,140.00
ROC,2026-02-10 21:15,M,M,M,10.00,4.00,M,M,29.66,M,160.00
ROC,2026-02-10 21:20,M,M,M,10.00,4.00,M,M,29.65,M,160.00
ROC,2026-02-10 21:25,M,M,M,10.00,5.00,M,M,29.65,M,150.00
ROC,2026-02-10 21:30,M,M,M,10.00,5.00,M,M,29.65,M,150.00
ROC,2026-02-10 21:35,M,M,M,10.00,4.00,M,M,29.65,M,170.00
ROC,2026-02-10 21:40,M,M,M,10.00,3.00,M,M,29.66,M,190.00
ROC,2026-02-10 21:45,M,M,M,10.00,4.00,M,M,29.66,M,190.00
ROC,2026-02-10 21:50,M,M,M,10.00,5.00,M,M,29.66,M,190.00
ROC,2026-02-10 21:54,33.26,72.41,36.00,10.00,3.00,1005.40,T,29.66,28.00,200.00
ROC,2026-02-10 21:55,M,M,M,10.00,3.00,M,M,29.66,M,220.00
ROC,2026-02-10 22:00,M,M,M,10.00,0.00,M,M,29.66,M,0.00
ROC,2026-02-10 22:05,M,M,M,10.00,3.00,M,M,29.67,M,280.00
ROC,2026-02-10 22:10,M,M,M,10.00,3.00,M,M,29.67,M,310.00
ROC,2026-02-10 22:15,M,M,M,10.00,4.00,M,M,29.67,M,310.00
ROC,2026-02-10 22:20,M,M,M,10.00,4.00,M,M,29.67,M,270.00
ROC,2026-02-10 22:25,M,M,M,10.00,5.00,M,M,29.68,M,260.00
ROC,2026-02-10 22:30,M,M,M,10.00,5.00,M,M,29.68,M,260.00
ROC,2026-02-10 22:35,M,M,M,10.00,8.00,M,M,29.68,M,250.00
ROC,2026-02-10 22:40,M,M,M,10.00,12.00,M,M,29.67,M,250.00
ROC,2026-02-10 22:45,M,M,M,10.00,10.00,M,M,29.67,M,240.00
ROC,2026-02-10 22:50,M,M,M,10.00,6.00,M,M,29.68,M,260.00
ROC,2026-02-10 22:54,31.50,78.76,38.00,10.00,8.00,1005.90,T,29.67,32.00,240.00
ROC,2026-02-10 22:55,M,M,M,10.00,9.00,M,M,29.68,M,240.00
ROC,2026-02-10 23:00,M,M,M,10.00,10.00,M,M,29.68,M,240.00
ROC,2026-02-10 23:05,M,M,M,10.00,11.00,M,M,29.68,M,240.00
ROC,2026-02-10 23:10,M,M,M,10.00,10.00,M,M,29.68,M,240.00
ROC,2026-02-10 23:15,M,M,M,10.00,14.00,M,M,29.68,M,240.00
ROC,2026-02-10 23:20,M,M,M,10.00,12.00,M,M,29.68,M,250.00
ROC,2026-02-10 23:25,M,M,M,10.00,12.00,M,M,29.68,M,240.00
ROC,2026-02-10 23:30,M,M,M,10.00,12.00,M,M,29.68,M,240.00
ROC,2026-02-10 23:35,M,M,M,10.00,11.00,M,M,29.69,M,250.00
ROC,2026-02-10 23:40,M,M,M,10.00,9.00,M,M,29.70,M,260.00
ROC,2026-02-10 23:45,M,M,M,10.00,9.00,M,M,29.70,M,270.00
ROC,2026-02-10 23:50,M,M,M,10.00,7.00,M,M,29.70,M,270.00
ROC,2026-02-10 23:54,31.50,75.64,38.00,10.00,8.00,1006.60,T,29.70,31.00,260.00
ROC,2026-02-10 23:55,M,M,M,10.00,8.00,M,M,29.70,M,260.00
ROC,2026-02-11 00:00,M,M,M,10.00,8.00,M,M,29.70,M,260.00
ROC,2026-02-11 00:05,M,M,M,10.00,8.00,M,M,29.70,M,260.00
ROC,2026-02-11 00:10,M,M,M,10.00,5.00,M,M,29.70,M,280.00
ROC,2026-02-11 00:15,M,M,M,10.00,5.00,M,M,29.70,M,290.00
ROC,2026-02-11 00:20,M,M,M,10.00,5.00,M,M,29.70,M,300.00
ROC,2026-02-11 00:25,M,M,M,10.00,7.00,M,M,29.71,M,300.00
ROC,2026-02-11 00:30,M,M,M,10.00,7.00,M,M,29.71,M,300.00
ROC,2026-02-11 00:35,M,M,M,10.00,7.00,M,M,29.71,M,290.00
ROC,2026-02-11 00:40,M,M,M,10.00,8.00,M,M,29.72,M,300.00
ROC,2026-02-11 00:45,M,M,M,10.00,6.00,M,M,29.72,M,300.00
ROC,2026-02-11 00:50,M,M,M,10.00,9.00,M,M,29.72,M,290.00
ROC,2026-02-11 00:54,29.73,72.52,37.00,10.00,9.00,1007.60,0.00,29.72,29.00,280.00
ROC,2026-02-11 00:55,M,M,M,10.00,9.00,M,M,29.72,M,290.00
ROC,2026-02-11 01:00,M,M,M,10.00,8.00,M,M,29.72,M,300.00
ROC,2026-02-11 01:05,M,M,M,10.00,10.00,M,M,29.73,M,290.00
ROC,2026-02-11 01:10,M,M,M,10.00,8.00,M,M,29.73,M,290.00
ROC,2026-02-11 01:15,M,M,M,10.00,7.00,M,M,29.73,M,290.00
ROC,2026-02-11 01:20,M,M,M,10.00,8.00,M,M,29.73,M,290.00
ROC,2026-02-11 01:25,M,M,M,10.00,6.00,M,M,29.73,M,290.00
ROC,2026-02-11 01:30,M,M,M,10.00,6.00,M,M,29.73,M,290.00
ROC,2026-02-11 01:35,M,M,M,10.00,6.00,M,M,29.74,M,280.00
ROC,2026-02-11 01:40,M,M,M,10.00,8.00,M,M,29.74,M,290.00
ROC,2026-02-11 01:45,M,M,M,10.00,8.00,M,M,29.74,M,290.00
ROC,2026-02-11 01:50,M,M,M,10.00,7.00,M,M,29.74,M,290.00
ROC,2026-02-11 01:54,29.65,75.44,36.00,10.00,7.00,1008.10,0.00,29.74,29.00,280.00
ROC,2026-02-11 01:55,M,M,M,10.00,9.00,M,M,29.74,M,280.00
ROC,2026-02-11 02:00,M,M,M,9.00,8.00,M,M,29.74,M,290.00
ROC,2026-02-11 02:05,M,M,M,9.00,7.00,M,M,29.74,M,290.00
ROC,2026-02-11 02:10,M,M,M,9.00,8.00,M,M,29.74,M,290.00
ROC,2026-02-11 02:15,M,M,M,9.00,7.00,M,M,29.74,M,290.00
ROC,2026-02-11 02:20,M,M,M,8.00,6.00,M,M,29.75,M,290.00
ROC,2026-02-11 02:22,30.35,75.44,36.00,8.00,6.00,M,0.00,29.75,29.00,300.00
ROC,2026-02-11 02:25,M,M,M,8.00,9.00,M,M,29.75,M,270.00
ROC,2026-02-11 02:30,M,M,M,8.00,7.00,M,M,29.75,M,280.00
ROC,2026-02-11 02:35,M,M,M,8.00,7.00,M,M,29.75,M,280.00
ROC,2026-02-11 02:40,M,M,M,8.00,7.00,M,M,29.75,M,280.00
ROC,2026-02-11 02:45,M,M,M,8.00,9.00,M,M,29.75,M,280.00
ROC,2026-02-11 02:50,M,M,M,8.00,8.00,M,M,29.75,M,280.00
ROC,2026-02-11 02:54,29.14,78.50,35.00,8.00,6.00,1008.30,0.00,29.75,29.00,280.00
ROC,2026-02-11 02:55,M,M,M,8.00,6.00,M,M,29.75,M,280.00
ROC,2026-02-11 03:00,M,M,M,8.00,7.00,M,M,29.75,M,270.00
ROC,2026-02-11 03:05,M,M,M,8.00,6.00,M,M,29.74,M,270.00
ROC,2026-02-11 03:10,M,M,M,8.00,7.00,M,M,29.74,M,260.00
ROC,2026-02-11 03:15,M,M,M,8.00,7.00,M,M,29.75,M,270.00
ROC,2026-02-11 03:20,M,M,M,8.00,9.00,M,M,29.75,M,270.00
ROC,2026-02-11 03:25,M,M,M,8.00,9.00,M,M,29.76,M,270.00
ROC,2026-02-11 03:30,M,M,M,8.00,8.00,M,M,29.75,M,270.00
ROC,2026-02-11 03:35,M,M,M,8.00,8.00,M,M,29.76,M,270.00
ROC,2026-02-11 03:40,M,M,M,7.00,9.00,M,M,29.76,M,280.00
ROC,2026-02-11 03:45,M,M,M,9.00,9.00,M,M,29.76,M,280.00
ROC,2026-02-11 03:50,M,M,M,9.00,11.00,M,M,29.76,M,280.00
ROC,2026-02-11 03:54,26.73,75.34,35.00,9.00,10.00,1008.70,0.00,29.76,28.00,290.00
ROC,2026-02-11 03:55,M,M,M,8.00,9.00,M,M,29.76,M,290.00
ROC,2026-02-11 04:00,M,M,M,8.00,10.00,M,M,29.76,M,290.00
ROC,2026-02-11 04:05,M,M,M,8.00,9.00,M,M,29.76,M,280.00
ROC,2026-02-11 04:10,M,M,M,8.00,9.00,M,M,29.76,M,280.00
ROC,2026-02-11 04:15,M,M,M,8.00,8.00,M,M,29.76,M,290.00
ROC,2026-02-11 04:20,M,M,M,8.00,7.00,M,M,29.76,M,280.00
ROC,2026-02-11 04:25,M,M,M,8.00,7.00,M,M,29.76,M,280.00
ROC,2026-02-11 04:30,M,M,M,8.00,8.00,M,M,29.76,M,280.00
ROC,2026-02-11 04:35,M,M,M,8.00,8.00,M,M,29.76,M,290.00
ROC,2026-02-11 04:40,M,M,M,8.00,8.00,M,M,29.76,M,280.00
ROC,2026-02-11 04:45,M,M,M,9.00,9.00,M,M,29.76,M,270.00
ROC,2026-02-11 04:50,M,M,M,9.00,11.00,M,M,29.76,M,280.00
ROC,2026-02-11 04:54,24.99,72.20,34.00,9.00,11.00,1008.50,0.00,29.75,26.00,270.00
ROC,2026-02-11 04:55,M,M,M,8.00,10.00,M,M,29.75,M,270.00
ROC,2026-02-11 05:00,M,M,M,8.00,10.00,M,M,29.76,M,260.00
ROC,2026-02-11 05:05,M,M,M,8.00,10.00,M,M,29.76,M,280.00
ROC,2026-02-11 05:10,M,M,M,7.00,10.00,M,M,29.76,M,270.00
ROC,2026-02-11 05:15,M,M,M,7.00,10.00,M,M,29.76,M,270.00
ROC,2026-02-11 05:20,M,M,M,7.00,9.00,M,M,29.76,M,270.00
ROC,2026-02-11 05:25,M,M,M,7.00,10.00,M,M,29.76,M,270.00
ROC,2026-02-11 05:30,M,M,M,7.00,11.00,M,M,29.76,M,280.00
ROC,2026-02-11 05:35,M,M,M,7.00,13.00,M,M,29.76,M,270.00
ROC,2026-02-11 05:40,M,M,M,7.00,9.00,M,M,29.76,M,280.00
ROC,2026-02-11 05:45,M,M,M,7.00,10.00,M,M,29.76,M,270.00
ROC,2026-02-11 05:50,M,M,M,7.00,9.00,M,M,29.76,M,280.00
ROC,2026-02-11 05:54,24.99,75.25,34.00,7.00,11.00,1008.80,T,29.77,27.00,280.00
ROC,2026-02-11 05:55,M,M,M,7.00,11.00,M,M,29.77,M,270.00
ROC,2026-02-11 06:00,M,M,M,6.00,M,M,M,29.76,M,M
ROC,2026-02-11 06:05,M,M,M,6.00,10.00,M,M,29.76,M,280.00
ROC,2026-02-11 06:10,M,M,M,6.00,10.00,M,M,29.76,M,280.00
ROC,2026-02-11 06:15,M,M,M,6.00,9.00,M,M,29.76,M,270.00
ROC,2026-02-11 06:20,M,M,M,6.00,12.00,M,M,29.77,M,280.00
ROC,2026-02-11 06:25,M,M,M,6.00,12.00,M,M,29.77,M,270.00
ROC,2026-02-11 06:30,M,M,M,6.00,9.00,M,M,29.77,M,280.00
ROC,2026-02-11 06:32,26.00,75.25,34.00,7.00,9.00,M,T,29.77,27.00,280.00
ROC,2026-02-11 06:35,M,M,M,7.00,12.00,M,M,29.77,M,280.00
ROC,2026-02-11 06:40,M,M,M,7.00,11.00,M,M,29.77,M,280.00
ROC,2026-02-11 06:45,M,M,M,7.00,10.00,M,M,29.77,M,280.00
ROC,2026-02-11 06:50,M,M,M,7.00,10.00,M,M,29.77,M,270.00
ROC,2026-02-11 06:54,26.00,75.25,34.00,7.00,9.00,1008.90,T,29.77,27.00,270.00
ROC,2026-02-11 06:55,M,M,M,7.00,9.00,M,M,29.77,M,270.00
ROC,2026-02-11 07:00,M,M,M,6.00,9.00,M,M,29.77,M,270.00
ROC,2026-02-11 07:05,M,M,M,6.00,12.00,M,M,29.77,M,280.00
ROC,2026-02-11 07:10,M,M,M,6.00,8.00,M,M,29.77,M,270.00
ROC,2026-02-11 07:15,M,M,M,6.00,8.00,M,M,29.77,M,270.00
ROC,2026-02-11 07:20,M,M,M,6.00,10.00,M,M,29.77,M,270.00
ROC,2026-02-11 07:25,M,M,M,6.00,11.00,M,M,29.77,M,280.00
ROC,2026-02-11 07:30,M,M,M,6.00,M,M,M,29.77,M,M
ROC,2026-02-11 07:35,M,M,M,6.00,9.00,M,M,29.77,M,270.00
ROC,2026-02-11 07:40,M,M,M,6.00,10.00,M,M,29.77,M,280.00
ROC,2026-02-11 07:45,M,M,M,6.00,9.00,M,M,29.77,M,280.00
ROC,2026-02-11 07:50,M,M,M,6.00,10.00,M,M,29.77,M,270.00
ROC,2026-02-11 07:54,24.76,78.32,33.00,7.00,9.00,1008.80,T,29.77,27.00,270.00
ROC,2026-02-11 07:55,M,M,M,6.00,11.00,M,M,29.77,M,270.00
ROC,2026-02-11 08:00,M,M,M,6.00,10.00,M,M,29.77,M,280.00
ROC,2026-02-11 08:05,M,M,M,7.00,10.00,M,M,29.77,M,270.00
ROC,2026-02-11 08:10,M,M,M,7.00,7.00,M,M,29.77,M,280.00
ROC,2026-02-11 08:15,M,M,M,7.00,8.00,M,M,29.77,M,270.00
ROC,2026-02-11 08:20,M,M,M,7.00,10.00,M,M,29.76,M,270.00
ROC,2026-02-11 08:25,M,M,M,7.00,9.00,M,M,29.76,M,270.00
ROC,2026-02-11 08:30,M,M,M,6.00,12.00,M,M,29.76,M,260.00
ROC,2026-02-11 08:35,M,M,M,6.00,11.00,M,M,29.76,M,270.00
ROC,2026-02-11 08:40,M,M,M,6.00,10.00,M,M,29.76,M,270.00
ROC,2026-02-11 08:45,M,M,M,6.00,10.00,M,M,29.76,M,270.00
ROC,2026-02-11 08:50,M,M,M,6.00,10.00,M,M,29.76,M,270.00
ROC,2026-02-11 08:54,24.22,81.62,33.00,8.00,10.00,1008.40,T,29.76,28.00,270.00
ROC,2026-02-11 08:55,M,M,M,6.00,10.00,M,M,29.76,M,270.00
ROC,2026-02-11 09:00,M,M,M,6.00,11.00,M,M,29.75,M,270.00
ROC,2026-02-11 09:05,M,M,M,6.00,10.00,M,M,29.75,M,280.00
ROC,2026-02-11 09:10,M,M,M,5.00,10.00,M,M,29.75,M,270.00
ROC,2026-02-11 09:15,M,M,M,4.00,11.00,M,M,29.75,M,280.00
ROC,2026-02-11 09:20,M,M,M,4.00,11.00,M,M,29.75,M,280.00
ROC,2026-02-11 09:25,M,M,M,4.00,10.00,M,M,29.75,M,280.00
ROC,2026-02-11 09:30,M,M,M,4.00,10.00,M,M,29.75,M,270.00
ROC,2026-02-11 09:35,M,M,M,4.00,9.00,M,M,29.75,M,280.00
ROC,2026-02-11 09:40,M,M,M,3.00,8.00,M,M,29.75,M,270.00
ROC,2026-02-11 09:45,M,M,M,2.50,8.00,M,M,29.76,M,270.00
ROC,2026-02-11 09:49,22.97,86.38,32.00,2.00,10.00,M,T,29.76,28.40,280.00
ROC,2026-02-11 09:50,M,M,M,2.00,10.00,M,M,29.76,M,280.00
ROC,2026-02-11 09:54,23.51,88.53,32.00,2.00,9.00,1008.40,T,29.76,29.00,280.00
ROC,2026-02-11 09:55,M,M,M,2.50,9.00,M,M,29.76,M,280.00
ROC,2026-02-11 10:00,M,M,M,2.50,10.00,M,M,29.76,M,270.00
ROC,2026-02-11 10:05,M,M,M,2.50,9.00,M,M,29.76,M,280.00
ROC,2026-02-11 10:10,M,M,M,1.75,8.00,M,M,29.76,M,270.00
ROC,2026-02-11 10:15,M,M,M,1.25,10.00,M,M,29.76,M,280.00
ROC,2026-02-11 10:16,22.00,92.21,32.00,1.25,12.00,M,T,29.76,30.00,280.00
ROC,2026-02-11 10:20,M,M,M,1.75,10.00,M,M,29.76,M,280.00
ROC,2026-02-11 10:23,22.47,88.53,32.00,1.75,11.00,M,T,29.76,29.00,280.00
ROC,2026-02-11 10:25,M,M,M,1.75,11.00,M,M,29.77,M,280.00
ROC,2026-02-11 10:30,M,M,M,1.75,10.00,M,M,29.77,M,280.00
ROC,2026-02-11 10:35,M,M,M,1.75,8.00,M,M,29.77,M,270.00
ROC,2026-02-11 10:40,M,M,M,1.75,8.00,M,M,29.77,M,290.00
ROC,2026-02-11 10:45,M,M,M,1.75,8.00,M,M,29.77,M,280.00
ROC,2026-02-11 10:50,M,M,M,3.00,8.00,M,0.01,29.77,M,280.00
ROC,2026-02-11 10:54,22.47,88.53,32.00,3.00,11.00,1008.90,0.01,29.77,29.00,280.00
ROC,2026-02-11 10:55,M,M,M,4.00,M,M,M,29.77,M,M
ROC,2026-02-11 11:00,M,M,M,2.50,M,M,M,29.77,M,M
ROC,2026-02-11 11:05,M,M,M,2.00,10.00,M,M,29.77,M,280.00
ROC,2026-02-11 11:06,22.47,84.97,32.00,2.00,11.00,M,T,29.77,28.00,290.00
ROC,2026-02-11 11:10,M,M,M,2.00,13.00,M,M,29.77,M,280.00
ROC,2026-02-11 11:15,M,M,M,2.00,12.00,M,M,29.77,M,290.00
ROC,2026-02-11 11:20,M,M,M,2.00,M,M,M,29.77,M,M
ROC,2026-02-11 11:25,20.78,78.23,32.00,8.00,15.00,M,T,29.77,26.00,290.00
ROC,2026-02-11 11:25,M,M,M,8.00,M,M,M,29.77,M,M
ROC,2026-02-11 11:30,M,M,M,9.00,11.00,M,M,29.77,M,290.00
ROC,2026-02-11 11:35,M,M,M,8.00,M,M,M,29.78,M,M
ROC,2026-02-11 11:40,M,M,M,6.00,12.00,M,M,29.78,M,290.00
ROC,2026-02-11 11:45,M,M,M,6.00,M,M,M,29.78,M,M
ROC,2026-02-11 11:50,M,M,M,6.00,M,M,M,29.79,M,M
ROC,2026-02-11 11:54,21.57,78.23,32.00,2.00,13.00,1009.50,T,29.79,26.00,290.00
ROC,2026-02-11 11:55,M,M,M,3.00,12.00,M,M,29.79,M,290.00
ROC,2026-02-11 11:58,21.20,84.90,31.00,1.50,11.00,M,T,29.79,27.00,290.00
ROC,2026-02-11 12:00,M,M,M,1.50,10.00,M,M,29.79,M,270.00
ROC,2026-02-11 12:05,M,M,M,1.50,M,M,M,29.79,M,M
ROC,2026-02-11 12:10,M,M,M,9.00,13.00,M,M,29.79,M,290.00
ROC,2026-02-11 12:12,19.87,81.46,31.00,9.00,14.00,M,T,29.79,26.00,300.00
ROC,2026-02-11 12:15,M,M,M,9.00,14.00,M,M,29.79,M,280.00
ROC,2026-02-11 12:20,M,M,M,9.00,15.00,M,M,29.79,M,290.00
ROC,2026-02-11 12:25,M,M,M,8.00,14.00,M,M,29.79,M,290.00
ROC,2026-02-11 12:30,M,M,M,6.00,11.00,M,M,29.79,M,280.00
ROC,2026-02-11 12:35,M,M,M,6.00,16.00,M,M,29.80,M,M
ROC,2026-02-11 12:40,M,M,M,8.00,M,M,M,29.80,M,M
ROC,2026-02-11 12:45,M,M,M,9.00,12.00,M,M,29.80,M,290.00
ROC,2026-02-11 12:50,M,M,M,9.00,M,M,M,29.80,M,M
ROC,2026-02-11 12:54,18.77,78.15,31.00,8.00,17.00,1010.10,T,29.80,25.00,280.00
ROC,2026-02-11 12:55,M,M,M,8.00,M,M,M,29.81,M,M
ROC,2026-02-11 13:00,M,M,M,8.00,13.00,M,M,29.81,M,270.00
ROC,2026-02-11 13:05,M,M,M,5.00,M,M,M,29.81,M,M
ROC,2026-02-11 13:10,M,M,M,4.00,M,M,M,29.81,M,M
ROC,2026-02-11 13:15,M,M,M,6.00,14.00,M,M,29.81,M,270.00
ROC,2026-02-11 13:20,M,M,M,9.00,15.00,M,M,29.81,M,280.00
ROC,2026-02-11 13:25,M,M,M,9.00,16.00,M,M,29.81,M,M
ROC,2026-02-11 13:30,M,M,M,8.00,M,M,M,29.81,M,M
ROC,2026-02-11 13:35,M,M,M,8.00,15.00,M,M,29.82,M,280.00
ROC,2026-02-11 13:40,M,M,M,9.00,17.00,M,M,29.82,M,270.00
ROC,2026-02-11 13:45,M,M,M,9.00,16.00,M,M,29.82,M,270.00
ROC,2026-02-11 13:50,M,M,M,8.00,M,M,M,29.81,M,M
ROC,2026-02-11 13:54,16.79,78.06,30.00,6.00,19.00,1010.60,T,29.82,24.00,270.00
ROC,2026-02-11 13:55,M,M,M,6.00,M,M,M,29.81,M,M
ROC,2026-02-11 14:00,M,M,M,5.00,M,M,M,29.81,M,M
ROC,2026-02-11 14:05,M,M,M,5.00,14.00,M,M,29.82,M,290.00
ROC,2026-02-11 14:10,M,M,M,5.00,M,M,M,29.81,M,M
ROC,2026-02-11 14:15,M,M,M,4.00,13.00,M,M,29.81,M,280.00
ROC,2026-02-11 14:20,M,M,M,4.00,17.00,M,M,29.82,M,280.00
ROC,2026-02-11 14:25,M,M,M,5.00,14.00,M,M,29.81,M,270.00
ROC,2026-02-11 14:30,M,M,M,6.00,M,M,M,29.81,M,M
ROC,2026-02-11 14:35,M,M,M,5.00,M,M,M,29.81,M,M
ROC,2026-02-11 14:40,M,M,M,6.00,M,M,M,29.81,M,M
ROC,2026-02-11 14:45,M,M,M,6.00,15.00,M,M,29.81,M,280.00
ROC,2026-02-11 14:50,M,M,M,8.00,15.00,M,M,29.82,M,270.00
ROC,2026-02-11 14:54,16.79,74.85,30.00,9.00,19.00,1010.70,T,29.82,23.00,290.00
ROC,2026-02-11 14:55,M,M,M,9.00,18.00,M,M,29.82,M,M
ROC,2026-02-11 15:00,M,M,M,9.00,M,M,M,29.82,M,M
ROC,2026-02-11 15:05,M,M,M,9.00,M,M,M,29.82,M,M
ROC,2026-02-11 15:10,M,M,M,9.00,14.00,M,M,29.82,M,280.00
ROC,2026-02-11 15:15,M,M,M,9.00,16.00,M,M,29.82,M,280.00
ROC,2026-02-11 15:20,M,M,M,9.00,16.00,M,M,29.82,M,270.00
ROC,2026-02-11 15:25,M,M,M,9.00,19.00,M,M,29.82,M,M
ROC,2026-02-11 15:30,M,M,M,9.00,M,M,M,29.82,M,M
ROC,2026-02-11 15:35,M,M,M,9.00,13.00,M,M,29.82,M,280.00
ROC,2026-02-11 15:40,M,M,M,9.00,M,M,M,29.82,M,M
ROC,2026-02-11 15:45,M,M,M,9.00,15.00,M,M,29.82,M,280.00
ROC,2026-02-11 15:50,M,M,M,9.00,M,M,M,29.82,M,M
ROC,2026-02-11 15:54,17.81,71.76,30.00,9.00,16.00,1010.80,T,29.82,22.00,280.00
ROC,2026-02-11 15:55,M,M,M,9.00,M,M,M,29.82,M,M
ROC,2026-02-11 16:00,M,M,M,9.00,18.00,M,M,29.82,M,M
ROC,2026-02-11 16:05,M,M,M,9.00,15.00,M,M,29.82,M,270.00
ROC,2026-02-11 16:10,M,M,M,9.00,M,M,M,29.82,M,M
ROC,2026-02-11 16:15,M,M,M,9.00,15.00,M,M,29.82,M,270.00
ROC,2026-02-11 16:20,M,M,M,9.00,17.00,M,M,29.82,M,270.00
ROC,2026-02-11 16:25,M,M,M,9.00,M,M,M,29.82,M,M
ROC,2026-02-11 16:30,M,M,M,9.00,M,M,M,29.82,M,M
ROC,2026-02-11 16:35,M,M,M,9.00,M,M,M,29.82,M,M
ROC,2026-02-11 16:40,M,M,M,9.00,M,M,M,29.82,M,M
ROC,2026-02-11 16:45,M,M,M,9.00,M,M,M,29.82,M,M
ROC,2026-02-11 16:50,M,M,M,9.00,M,M,M,29.82,M,M
ROC,2026-02-11 16:54,19.11,68.90,31.00,9.00,16.00,1010.70,T,29.82,22.00,280.00
ROC,2026-02-11 16:55,M,M,M,9.00,14.00,M,M,29.82,M,280.00
ROC,2026-02-11 17:00,M,M,M,9.00,15.00,M,M,29.82,M,290.00
ROC,2026-02-11 17:05,M,M,M,9.00,16.00,M,M,29.82,M,M
ROC,2026-02-11 17:10,M,M,M,9.00,17.00,M,M,29.82,M,M
ROC,2026-02-11 17:15,M,M,M,9.00,M,M,M,29.82,M,M
ROC,2026-02-11 17:20,M,M,M,9.00,15.00,M,M,29.82,M,280.00
ROC,2026-02-11 17:25,M,M,M,9.00,M,M,M,29.81,M,M
ROC,2026-02-11 17:30,M,M,M,9.00,M,M,M,29.81,M,M
ROC,2026-02-11 17:35,M,M,M,9.00,14.00,M,M,29.82,M,270.00
ROC,2026-02-11 17:40,M,M,M,7.00,M,M,M,29.81,M,M
ROC,2026-02-11 17:45,M,M,M,6.00,M,M,M,29.81,M,M
ROC,2026-02-11 17:50,M,M,M,5.00,M,M,M,29.81,M,M
ROC,2026-02-11 17:54,17.52,71.87,31.00,5.00,21.00,1010.50,T,29.81,23.00,270.00
ROC,2026-02-11 17:55,M,M,M,5.00,M,M,M,29.81,M,M
ROC,2026-02-11 18:00,M,M,M,6.00,M,M,M,29.81,M,M
ROC,2026-02-11 18:05,M,M,M,7.00,M,M,M,29.82,M,M
ROC,2026-02-11 18:10,M,M,M,8.00,18.00,M,M,29.81,M,270.00
ROC,2026-02-11 18:15,M,M,M,9.00,M,M,M,29.81,M,M
ROC,2026-02-11 18:20,M,M,M,8.00,M,M,M,29.81,M,M
ROC,2026-02-11 18:25,M,M,M,8.00,17.00,M,M,29.82,M,M
ROC,2026-02-11 18:30,M,M,M,7.00,M,M,M,29.82,M,M
ROC,2026-02-11 18:35,M,M,M,5.00,17.00,M,M,29.82,M,M
ROC,2026-02-11 18:40,M,M,M,4.00,M,M,M,29.82,M,M
ROC,2026-02-11 18:45,M,M,M,4.00,15.00,M,M,29.82,M,280.00
ROC,2026-02-11 18:50,M,M,M,3.50,16.00,M,M,29.81,M,M
ROC,2026-02-11 18:54,19.01,74.85,30.00,3.00,13.00,1010.60,T,29.82,23.00,280.00
ROC,2026-02-11 18:55,M,M,M,4.00,12.00,M,M,29.82,M,280.00
ROC,2026-02-11 19:00,M,M,M,4.00,14.00,M,M,29.81,M,280.00
ROC,2026-02-11 19:05,M,M,M,4.00,14.00,M,M,29.81,M,280.00
ROC,2026-02-11 19:10,M,M,M,4.00,M,M,M,29.81,M,M
ROC,2026-02-11 19:15,M,M,M,5.00,16.00,M,M,29.82,M,280.00
ROC,2026-02-11 19:20,M,M,M,5.00,18.00,M,M,29.82,M,270.00
ROC,2026-02-11 19:25,M,M,M,5.00,M,M,M,29.82,M,M
ROC,2026-02-11 19:30,M,M,M,4.00,15.00,M,M,29.82,M,290.00
ROC,2026-02-11 19:35,M,M,M,4.00,M,M,M,29.82,M,M
ROC,2026-02-11 19:40,M,M,M,3.50,M,M,M,29.83,M,M
ROC,2026-02-11 19:45,M,M,M,4.00,16.00,M,M,29.83,M,290.00
ROC,2026-02-11 19:50,M,M,M,5.00,18.00,M,M,29.83,M,M
ROC,2026-02-11 19:54,17.81,78.06,30.00,4.00,16.00,1011.10,T,29.83,24.00,280.00
ROC,2026-02-11 19:55,M,M,M,4.00,17.00,M,M,29.83,M,M
ROC,2026-02-11 20:00,M,M,M,4.00,18.00,M,M,29.83,M,M
ROC,2026-02-11 20:05,M,M,M,4.00,13.00,M,M,29.83,M,290.00
ROC,2026-02-11 20:10,M,M,M,5.00,15.00,M,M,29.83,M,280.00
ROC,2026-02-11 20:15,M,M,M,4.00,18.00,M,M,29.84,M,280.00
ROC,2026-02-11 20:20,16.19,78.06,30.00,2.00,21.00,M,T,29.84,24.00,280.00
ROC,2026-02-11 20:20,M,M,M,2.00,21.00,M,M,29.84,M,280.00
ROC,2026-02-11 20:25,M,M,M,1.25,16.00,M,M,29.84,M,270.00
ROC,2026-02-11 20:30,M,M,M,2.00,17.00,M,M,29.84,M,M
ROC,2026-02-11 20:35,M,M,M,2.00,16.00,M,M,29.84,M,280.00
ROC,2026-02-11 20:40,M,M,M,2.00,16.00,M,M,29.84,M,290.00
ROC,2026-02-11 20:45,M,M,M,2.00,M,M,M,29.85,M,M
ROC,2026-02-11 20:50,M,M,M,2.00,M,M,M,29.85,M,M
ROC,2026-02-11 20:54,17.46,78.06,30.00,2.00,17.00,1011.60,T,29.85,24.00,280.00
ROC,2026-02-11 20:55,M,M,M,1.50,M,M,M,29.85,M,M
ROC,2026-02-11 21:00,M,M,M,2.00,M,M,M,29.85,M,M
ROC,2026-02-11 21:05,M,M,M,2.00,14.00,M,M,29.85,M,M
ROC,2026-02-11 21:10,M,M,M,2.00,15.00,M,M,29.85,M,280.00
ROC,2026-02-11 21:15,M,M,M,2.00,15.00,M,M,29.86,M,290.00
ROC,2026-02-11 21:17,17.81,81.39,30.00,1.00,16.00,M,T,29.86,25.00,290.00
ROC,2026-02-11 21:20,M,M,M,1.50,16.00,M,M,29.86,M,M
ROC,2026-02-11 21:25,M,M,M,1.00,15.00,M,M,29.86,M,280.00
ROC,2026-02-11 21:30,M,M,M,0.75,14.00,M,M,29.86,M,280.00
ROC,2026-02-11 21:30,17.30,84.78,29.00,0.75,14.00,M,T,29.86,25.00,280.00
ROC,2026-02-11 21:35,M,M,M,0.75,M,M,M,29.86,M,M
ROC,2026-02-11 21:40,M,M,M,0.75,M,M,M,29.87,M,M
ROC,2026-02-11 21:43,16.51,84.78,29.00,1.00,16.00,M,T,29.87,25.00,280.00
ROC,2026-02-11 21:45,M,M,M,1.00,M,M,M,29.87,M,M
ROC,2026-02-11 21:50,M,M,M,1.00,13.00,M,M,29.87,M,290.00
ROC,2026-02-11 21:54,17.73,84.78,29.00,1.00,13.00,1012.50,T,29.87,25.00,290.00
ROC,2026-02-11 21:55,M,M,M,1.25,12.00,M,M,29.87,M,290.00
ROC,2026-02-11 22:00,M,M,M,1.25,15.00,M,M,29.87,M,280.00
ROC,2026-02-11 22:01,17.30,84.78,29.00,1.00,14.00,M,T,29.87,25.00,280.00
ROC,2026-02-11 22:05,M,M,M,1.25,17.00,M,M,29.87,M,M
ROC,2026-02-11 22:10,M,M,M,1.00,17.00,M,M,29.88,M,280.00
ROC,2026-02-11 22:15,M,M,M,1.00,M,M,M,29.88,M,M
ROC,2026-02-11 22:20,M,M,M,1.75,14.00,M,M,29.88,M,280.00
ROC,2026-02-11 22:24,17.73,81.31,29.00,2.00,13.00,M,T,29.88,24.00,290.00
ROC,2026-02-11 22:25,M,M,M,2.50,13.00,M,M,29.88,M,280.00
ROC,2026-02-11 22:29,18.18,81.31,29.00,3.00,12.00,M,T,29.89,24.00,280.00
ROC,2026-02-11 22:30,M,M,M,3.00,14.00,M,M,29.89,M,280.00
ROC,2026-02-11 22:35,M,M,M,4.00,12.00,M,M,29.89,M,280.00
ROC,2026-02-11 22:39,16.89,81.31,29.00,1.50,15.00,M,T,29.89,24.00,290.00
ROC,2026-02-11 22:40,M,M,M,1.50,M,M,M,29.89,M,M
ROC,2026-02-11 22:45,M,M,M,1.50,M,M,M,29.89,M,M
ROC,2026-02-11 22:50,M,M,M,1.50,M,M,M,29.89,M,M
ROC,2026-02-11 22:54,16.51,81.31,29.00,2.50,16.00,1013.30,T,29.90,24.00,290.00
ROC,2026-02-11 22:55,M,M,M,2.50,M,M,M,29.90,M,M
ROC,2026-02-11 23:00,M,M,M,2.50,12.00,M,M,29.90,M,290.00
ROC,2026-02-11 23:05,17.30,84.78,29.00,3.00,14.00,M,T,29.90,25.00,290.00
ROC,2026-02-11 23:05,M,M,M,3.00,M,M,M,29.90,M,M
ROC,2026-02-11 23:10,M,M,M,4.00,12.00,M,M,29.90,M,290.00
ROC,2026-02-11 23:15,M,M,M,4.00,14.00,M,M,29.91,M,290.00
ROC,2026-02-11 23:20,M,M,M,4.00,12.00,M,M,29.91,M,300.00
ROC,2026-02-11 23:25,M,M,M,5.00,13.00,M,M,29.91,M,300.00
ROC,2026-02-11 23:30,M,M,M,3.00,11.00,M,M,29.91,M,310.00
ROC,2026-02-11 23:35,M,M,M,3.00,14.00,M,M,29.91,M,M
ROC,2026-02-11 23:40,M,M,M,3.00,M,M,M,29.91,M,M
ROC,2026-02-11 23:45,M,M,M,3.50,M,M,0.01,29.92,M,M
ROC,2026-02-11 23:50,M,M,M,4.00,11.00,M,0.01,29.92,M,290.00
ROC,2026-02-11 23:54,17.73,84.78,29.00,4.00,13.00,1014.20,0.01,29.92,25.00,290.00
ROC,2026-02-11 23:55,M,M,M,4.00,M,M,M,29.92,M,M
ROC,2026-02-12 00:00,M,M,M,4.00,11.00,M,M,29.92,M,300.00
ROC,2026-02-12 00:05,M,M,M,4.00,14.00,M,M,29.93,M,M
ROC,2026-02-12 00:10,M,M,M,5.00,11.00,M,M,29.93,M,300.00
ROC,2026-02-12 00:15,M,M,M,5.00,11.00,M,M,29.93,M,300.00
ROC,2026-02-12 00:20,M,M,M,4.00,11.00,M,0.01,29.93,M,300.00
ROC,2026-02-12 00:25,M,M,M,3.00,9.00,M,0.01,29.93,M,300.00
ROC,2026-02-12 00:28,18.68,84.78,29.00,2.00,11.00,M,0.01,29.94,25.00,300.00
ROC,2026-02-12 00:30,19.78,84.78,29.00,1.50,9.00,M,0.01,29.94,25.00,300.00
ROC,2026-02-12 00:30,M,M,M,1.50,9.00,M,0.01,29.94,M,300.00
ROC,2026-02-12 00:35,M,M,M,1.50,9.00,M,0.01,29.94,M,300.00
ROC,2026-02-12 00:39,17.95,92.07,28.00,0.75,10.00,M,0.02,29.94,26.00,310.00
ROC,2026-02-12 00:40,M,M,M,0.75,10.00,M,0.02,29.94,M,310.00
ROC,2026-02-12 00:42,17.95,92.07,28.00,0.75,10.00,M,0.02,29.94,26.00,310.00
ROC,2026-02-12 00:45,19.90,92.07,28.00,1.50,7.00,M,0.02,29.94,26.00,310.00
ROC,2026-02-12 00:45,M,M,M,1.50,7.00,M,0.02,29.94,M,300.00
ROC,2026-02-12 00:50,M,M,M,1.50,7.00,M,0.02,29.94,M,320.00
ROC,2026-02-12 00:54,16.91,92.07,28.00,1.50,12.00,1015.00,0.03,29.94,26.00,310.00
ROC,2026-02-12 00:55,M,M,M,1.50,12.00,M,M,29.94,M,310.00
ROC,2026-02-12 01:00,M,M,M,1.75,11.00,M,M,29.95,M,320.00
ROC,2026-02-12 01:05,M,M,M,1.50,14.00,M,M,29.95,M,330.00
ROC,2026-02-12 01:10,M,M,M,1.50,13.00,M,M,29.95,M,320.00
ROC,2026-02-12 01:11,16.91,88.32,28.00,1.25,12.00,M,T,29.95,25.00,330.00
ROC,2026-02-12 01:15,M,M,M,1.25,10.00,M,M,29.95,M,340.00
ROC,2026-02-12 01:20,M,M,M,1.25,10.00,M,M,29.95,M,330.00
ROC,2026-02-12 01:25,M,M,M,1.75,8.00,M,M,29.95,M,320.00
ROC,2026-02-12 01:28,17.95,88.32,28.00,2.00,10.00,M,T,29.95,25.00,330.00
ROC,2026-02-12 01:30,M,M,M,2.00,11.00,M,M,29.95,M,320.00
ROC,2026-02-12 01:35,M,M,M,2.00,13.00,M,M,29.95,M,310.00
ROC,2026-02-12 01:40,M,M,M,2.50,13.00,M,M,29.96,M,310.00
ROC,2026-02-12 01:41,15.16,92.04,27.00,3.00,13.00,M,T,29.96,25.00,320.00
ROC,2026-02-12 01:45,M,M,M,3.00,M,M,M,29.96,M,M
ROC,2026-02-12 01:50,M,M,M,3.00,M,M,M,29.96,M,M
ROC,2026-02-12 01:54,16.91,84.71,28.00,2.50,12.00,1015.70,T,29.96,24.00,330.00
ROC,2026-02-12 01:55,M,M,M,2.50,13.00,M,M,29.96,M,320.00
ROC,2026-02-12 02:00,M,M,M,3.00,12.00,M,M,29.96,M,320.00
ROC,2026-02-12 02:05,M,M,M,2.50,14.00,M,M,29.97,M,310.00
ROC,2026-02-12 02:10,16.44,84.71,28.00,5.00,13.00,M,T,29.97,24.00,310.00
ROC,2026-02-12 02:10,M,M,M,5.00,14.00,M,M,29.97,M,310.00
ROC,2026-02-12 02:15,M,M,M,5.00,12.00,M,M,29.97,M,310.00
ROC,2026-02-12 02:20,M,M,M,5.00,10.00,M,M,29.97,M,310.00
ROC,2026-02-12 02:25,M,M,M,4.00,M,M,M,29.97,M,M
ROC,2026-02-12 02:30,M,M,M,3.50,12.00,M,M,29.97,M,310.00
ROC,2026-02-12 02:31,15.16,88.27,27.00,3.00,13.00,M,T,29.97,24.00,320.00
ROC,2026-02-12 02:35,M,M,M,3.50,11.00,M,M,29.97,M,310.00
ROC,2026-02-12 02:40,M,M,M,3.00,11.00,M,M,29.97,M,310.00
ROC,2026-02-12 02:45,M,M,M,3.00,12.00,M,M,29.97,M,310.00
ROC,2026-02-12 02:50,M,M,M,3.00,10.00,M,M,29.98,M,310.00
ROC,2026-02-12 02:54,16.15,88.27,27.00,2.50,11.00,1016.20,T,29.98,24.00,310.00
ROC,2026-02-12 02:55,M,M,M,2.50,12.00,M,M,29.98,M,310.00
ROC,2026-02-12 03:00,M,M,M,2.50,10.00,M,M,29.98,M,310.00
ROC,2026-02-12 03:05,M,M,M,1.75,11.00,M,M,29.98,M,310.00
ROC,2026-02-12 03:06,15.64,88.27,27.00,1.75,12.00,M,T,29.98,24.00,310.00
ROC,2026-02-12 03:10,M,M,M,1.50,8.00,M,M,29.98,M,320.00
ROC,2026-02-12 03:15,M,M,M,1.75,9.00,M,M,29.98,M,310.00
ROC,2026-02-12 03:19,17.30,88.27,27.00,2.00,9.00,M,T,29.98,24.00,310.00
ROC,2026-02-12 03:20,M,M,M,2.00,9.00,M,M,29.98,M,300.00
ROC,2026-02-12 03:25,M,M,M,2.50,10.00,M,M,29.98,M,300.00
ROC,2026-02-12 03:30,M,M,M,2.50,10.00,M,M,29.98,M,310.00
ROC,2026-02-12 03:35,M,M,M,2.50,10.00,M,M,29.98,M,310.00
ROC,2026-02-12 03:40,M,M,M,2.00,8.00,M,M,29.98,M,320.00
ROC,2026-02-12 03:45,M,M,M,2.00,9.00,M,M,29.98,M,320.00
ROC,2026-02-12 03:50,M,M,M,2.00,10.00,M,M,29.99,M,320.00
ROC,2026-02-12 03:54,16.70,84.65,27.00,2.00,10.00,1016.40,T,29.98,23.00,320.00
ROC,2026-02-12 03:55,M,M,M,2.00,9.00,M,M,29.99,M,320.00
ROC,2026-02-12 04:00,M,M,M,2.00,11.00,M,M,29.99,M,330.00
ROC,2026-02-12 04:05,M,M,M,2.00,10.00,M,M,29.99,M,320.00
ROC,2026-02-12 04:10,M,M,M,2.00,11.00,M,M,29.99,M,320.00
ROC,2026-02-12 04:15,M,M,M,2.00,11.00,M,M,29.99,M,320.00
ROC,2026-02-12 04:20,M,M,M,2.50,11.00,M,M,29.99,M,320.00
ROC,2026-02-12 04:25,M,M,M,2.50,10.00,M,M,29.99,M,320.00
ROC,2026-02-12 04:30,M,M,M,2.50,13.00,M,M,29.99,M,320.00
ROC,2026-02-12 04:35,M,M,M,2.50,9.00,M,M,29.99,M,320.00
ROC,2026-02-12 04:40,M,M,M,2.50,11.00,M,M,29.99,M,320.00
ROC,2026-02-12 04:45,M,M,M,2.50,8.00,M,M,29.99,M,320.00
ROC,2026-02-12 04:50,M,M,M,3.00,10.00,M,M,30.00,M,320.00
ROC,2026-02-12 04:54,16.72,88.22,26.00,3.00,8.00,1016.80,T,30.00,23.00,320.00
ROC,2026-02-12 04:55,M,M,M,3.50,10.00,M,M,30.00,M,320.00
ROC,2026-02-12 05:00,M,M,M,3.00,9.00,M,M,30.00,M,320.00
ROC,2026-02-12 05:05,M,M,M,3.00,8.00,M,M,30.00,M,320.00
ROC,2026-02-12 05:10,M,M,M,3.00,9.00,M,M,30.00,M,310.00
ROC,2026-02-12 05:15,M,M,M,3.00,7.00,M,M,30.00,M,310.00
ROC,2026-02-12 05:20,M,M,M,2.00,7.00,M,M,30.00,M,310.00
ROC,2026-02-12 05:24,16.72,88.22,26.00,2.00,8.00,M,T,30.00,23.00,310.00
ROC,2026-02-12 05:25,M,M,M,2.00,8.00,M,M,30.00,M,310.00
ROC,2026-02-12 05:30,M,M,M,2.00,9.00,M,M,30.00,M,310.00
ROC,2026-02-12 05:35,M,M,M,2.00,7.00,M,M,30.00,M,320.00
ROC,2026-02-12 05:40,M,M,M,2.50,10.00,M,M,30.00,M,320.00
ROC,2026-02-12 05:45,M,M,M,2.50,12.00,M,M,30.00,M,310.00
ROC,2026-02-12 05:50,M,M,M,2.50,10.00,M,M,30.00,M,320.00
ROC,2026-02-12 05:54,14.19,88.17,25.00,2.50,10.00,1017.20,T,30.01,22.00,320.00
ROC,2026-02-12 05:55,M,M,M,3.50,11.00,M,M,30.01,M,320.00
ROC,2026-02-12 06:00,M,M,M,2.50,10.00,M,M,30.01,M,320.00
ROC,2026-02-12 06:05,M,M,M,2.50,10.00,M,M,30.01,M,320.00
ROC,2026-02-12 06:10,M,M,M,2.50,9.00,M,M,30.01,M,310.00
ROC,2026-02-12 06:15,M,M,M,2.50,8.00,M,M,30.01,M,320.00
ROC,2026-02-12 06:20,M,M,M,2.50,9.00,M,M,30.01,M,320.00
ROC,2026-02-12 06:25,M,M,M,2.00,10.00,M,M,30.01,M,320.00
ROC,2026-02-12 06:30,M,M,M,2.00,8.00,M,M,30.01,M,320.00
ROC,2026-02-12 06:34,15.49,88.17,25.00,3.00,8.00,M,T,30.01,22.00,320.00
ROC,2026-02-12 06:35,M,M,M,3.50,9.00,M,M,30.01,M,320.00
ROC,2026-02-12 06:40,M,M,M,4.00,8.00,M,M,30.01,M,320.00
ROC,2026-02-12 06:45,M,M,M,4.00,8.00,M,M,30.01,M,310.00
ROC,2026-02-12 06:50,M,M,M,3.50,7.00,M,M,30.01,M,300.00
ROC,2026-02-12 06:54,16.25,88.17,25.00,4.00,7.00,1017.40,T,30.01,22.00,300.00
ROC,2026-02-12 06:55,M,M,M,4.00,7.00,M,M,30.01,M,290.00
ROC,2026-02-12 07:00,M,M,M,7.00,7.00,M,M,30.01,M,300.00
ROC,2026-02-12 07:05,M,M,M,8.00,7.00,M,M,30.01,M,290.00
ROC,2026-02-12 07:10,M,M,M,9.00,8.00,M,M,30.01,M,290.00
ROC,2026-02-12 07:15,M,M,M,9.00,7.00,M,M,30.02,M,280.00
ROC,2026-02-12 07:20,M,M,M,9.00,8.00,M,M,30.02,M,280.00
ROC,2026-02-12 07:25,M,M,M,9.00,9.00,M,M,30.02,M,280.00
ROC,2026-02-12 07:30,M,M,M,9.00,8.00,M,M,30.02,M,280.00
ROC,2026-02-12 07:35,M,M,M,8.00,8.00,M,M,30.02,M,280.00
ROC,2026-02-12 07:40,M,M,M,8.00,9.00,M,M,30.02,M,290.00
ROC,2026-02-12 07:45,M,M,M,9.00,8.00,M,M,30.02,M,290.00
ROC,2026-02-12 07:50,M,M,M,9.00,9.00,M,M,30.02,M,290.00
ROC,2026-02-12 07:54,12.94,80.91,24.00,3.00,10.00,1017.70,T,30.02,19.00,300.00
ROC,2026-02-12 07:55,M,M,M,9.00,8.00,M,M,30.02,M,300.00
ROC,2026-02-12 08:00,M,M,M,9.00,10.00,M,M,30.02,M,300.00
ROC,2026-02-12 08:05,M,M,M,9.00,8.00,M,M,30.02,M,310.00
ROC,2026-02-12 08:10,M,M,M,9.00,9.00,M,M,30.02,M,300.00
ROC,2026-02-12 08:15,M,M,M,9.00,8.00,M,M,30.03,M,300.00
ROC,2026-02-12 08:20,M,M,M,9.00,8.00,M,M,30.03,M,310.00
ROC,2026-02-12 08:25,M,M,M,9.00,9.00,M,M,30.03,M,290.00
ROC,2026-02-12 08:30,M,M,M,9.00,M,M,M,30.03,M,M
ROC,2026-02-12 08:35,M,M,M,9.00,11.00,M,M,30.03,M,300.00
ROC,2026-02-12 08:40,M,M,M,9.00,11.00,M,M,30.03,M,300.00
ROC,2026-02-12 08:45,M,M,M,9.00,11.00,M,M,30.03,M,300.00
ROC,2026-02-12 08:50,M,M,M,9.00,9.00,M,M,30.03,M,310.00
ROC,2026-02-12 08:54,12.94,84.45,24.00,8.00,10.00,1018.00,T,30.03,20.00,310.00
ROC,2026-02-12 08:55,M,M,M,7.00,9.00,M,M,30.03,M,310.00
ROC,2026-02-12 09:00,M,M,M,6.00,10.00,M,M,30.03,M,300.00
ROC,2026-02-12 09:05,M,M,M,6.00,10.00,M,M,30.04,M,310.00
ROC,2026-02-12 09:10,M,M,M,6.00,10.00,M,M,30.03,M,310.00
ROC,2026-02-12 09:15,M,M,M,5.00,9.00,M,M,30.04,M,300.00
ROC,2026-02-12 09:20,M,M,M,4.00,9.00,M,M,30.04,M,310.00
ROC,2026-02-12 09:25,M,M,M,3.00,8.00,M,M,30.04,M,310.00
ROC,2026-02-12 09:27,14.26,84.45,24.00,2.50,8.00,M,T,30.04,20.00,310.00
ROC,2026-02-12 09:30,M,M,M,2.00,8.00,M,M,30.04,M,300.00
ROC,2026-02-12 09:35,M,M,M,2.00,9.00,M,M,30.04,M,310.00
ROC,2026-02-12 09:40,M,M,M,2.00,8.00,M,M,30.04,M,310.00
ROC,2026-02-12 09:45,M,M,M,2.00,7.00,M,M,30.05,M,310.00
ROC,2026-02-12 09:50,M,M,M,2.00,7.00,M,M,30.05,M,310.00
ROC,2026-02-12 09:54,15.03,84.45,24.00,3.00,7.00,1018.50,T,30.05,20.00,310.00
ROC,2026-02-12 09:55,M,M,M,3.00,7.00,M,M,30.05,M,310.00
ROC,2026-02-12 10:00,M,M,M,2.50,8.00,M,M,30.05,M,310.00
ROC,2026-02-12 10:02,13.57,84.45,24.00,2.50,9.00,M,T,30.05,20.00,310.00
ROC,2026-02-12 10:05,M,M,M,2.50,9.00,M,M,30.05,M,300.00
ROC,2026-02-12 10:10,M,M,M,2.50,8.00,M,M,30.05,M,310.00
ROC,2026-02-12 10:15,M,M,M,2.50,M,M,M,30.05,M,M
ROC,2026-02-12 10:20,M,M,M,2.00,10.00,M,M,30.06,M,310.00
ROC,2026-02-12 10:25,M,M,M,2.00,9.00,M,M,30.06,M,310.00
ROC,2026-02-12 10:30,M,M,M,3.50,8.00,M,M,30.06,M,310.00
ROC,2026-02-12 10:35,13.81,88.07,23.00,3.00,7.00,M,T,30.06,20.00,310.00
ROC,2026-02-12 10:35,M,M,M,3.00,7.00,M,M,30.06,M,310.00
ROC,2026-02-12 10:40,M,M,M,2.00,8.00,M,M,30.06,M,310.00
ROC,2026-02-12 10:43,13.03,88.07,23.00,2.00,8.00,M,T,30.06,20.00,310.00
ROC,2026-02-12 10:45,M,M,M,2.00,8.00,M,M,30.06,M,310.00
ROC,2026-02-12 10:50,M,M,M,3.00,7.00,M,M,30.06,M,300.00
ROC,2026-02-12 10:54,13.81,88.07,23.00,3.00,7.00,1019.00,T,30.06,20.00,300.00
ROC,2026-02-12 10:55,M,M,M,4.00,8.00,M,M,30.06,M,300.00
ROC,2026-02-12 11:00,M,M,M,4.00,8.00,M,M,30.06,M,300.00
ROC,2026-02-12 11:05,M,M,M,4.00,7.00,M,M,30.06,M,300.00
ROC,2026-02-12 11:10,M,M,M,4.00,8.00,M,M,30.07,M,290.00
ROC,2026-02-12 11:15,M,M,M,4.00,8.00,M,M,30.06,M,300.00
ROC,2026-02-12 11:20,M,M,M,3.00,7.00,M,M,30.07,M,300.00
ROC,2026-02-12 11:25,M,M,M,2.50,7.00,M,M,30.07,M,300.00
ROC,2026-02-12 11:30,M,M,M,3.00,7.00,M,M,30.07,M,310.00
ROC,2026-02-12 11:35,M,M,M,2.00,9.00,M,M,30.07,M,310.00
ROC,2026-02-12 11:40,12.32,84.38,23.00,2.00,9.00,M,T,30.07,19.00,300.00
ROC,2026-02-12 11:40,M,M,M,2.00,9.00,M,M,30.07,M,300.00
ROC,2026-02-12 11:45,M,M,M,2.00,8.00,M,M,30.07,M,310.00
ROC,2026-02-12 11:50,M,M,M,2.50,9.00,M,M,30.08,M,310.00
ROC,2026-02-12 11:54,13.81,84.38,23.00,2.50,7.00,1019.60,T,30.08,19.00,300.00
ROC,2026-02-12 11:55,M,M,M,2.50,7.00,M,M,30.08,M,300.00
ROC,2026-02-12 12:00,M,M,M,2.50,6.00,M,M,30.08,M,300.00
ROC,2026-02-12 12:02,11.79,88.01,22.00,2.50,8.00,M,T,30.08,19.00,300.00
ROC,2026-02-12 12:05,M,M,M,2.50,9.00,M,M,30.08,M,300.00
ROC,2026-02-12 12:10,M,M,M,2.50,11.00,M,M,30.08,M,300.00
ROC,2026-02-12 12:15,M,M,M,1.25,10.00,M,M,30.08,M,300.00
ROC,2026-02-12 12:20,M,M,M,1.00,9.00,M,M,30.08,M,300.00
ROC,2026-02-12 12:21,11.08,88.01,22.00,1.00,9.00,M,T,30.08,19.00,300.00
ROC,2026-02-12 12:25,M,M,M,1.25,9.00,M,M,30.08,M,300.00
ROC,2026-02-12 12:30,M,M,M,1.50,11.00,M,M,30.09,M,300.00
ROC,2026-02-12 12:35,M,M,M,1.50,11.00,M,M,30.09,M,300.00
ROC,2026-02-12 12:40,M,M,M,1.25,8.00,M,M,30.09,M,300.00
ROC,2026-02-12 12:45,M,M,M,1.25,8.00,M,M,30.09,M,310.00
ROC,2026-02-12 12:50,M,M,M,1.50,9.00,M,M,30.09,M,300.00
ROC,2026-02-12 12:54,12.59,88.01,22.00,1.50,7.00,1020.30,T,30.10,19.00,300.00
ROC,2026-02-12 12:55,M,M,M,1.75,7.00,M,M,30.10,M,300.00
ROC,2026-02-12 13:00,M,M,M,1.75,7.00,M,M,30.10,M,290.00
ROC,2026-02-12 13:05,M,M,M,1.75,6.00,M,M,30.10,M,290.00
ROC,2026-02-12 13:10,M,M,M,1.75,9.00,M,M,30.10,M,300.00
ROC,2026-02-12 13:15,M,M,M,1.75,7.00,M,M,30.10,M,300.00
ROC,2026-02-12 13:20,M,M,M,1.50,6.00,M,M,30.10,M,290.00
ROC,2026-02-12 13:25,M,M,M,1.50,7.00,M,0.01,30.11,M,290.00
ROC,2026-02-12 13:26,12.59,88.01,22.00,1.50,7.00,M,0.01,30.11,19.00,300.00
ROC,2026-02-12 13:30,M,M,M,1.25,8.00,M,0.01,30.11,M,300.00
ROC,2026-02-12 13:35,M,M,M,1.25,9.00,M,0.01,30.11,M,300.00
ROC,2026-02-12 13:40,M,M,M,1.25,9.00,M,0.01,30.11,M,310.00
ROC,2026-02-12 13:45,M,M,M,1.00,8.00,M,0.01,30.11,M,290.00
ROC,2026-02-12 13:50,M,M,M,1.00,8.00,M,0.01,30.11,M,300.00
ROC,2026-02-12 13:54,11.08,88.01,22.00,1.25,9.00,1021.00,0.01,30.11,19.00,290.00
ROC,2026-02-12 13:55,M,M,M,1.25,9.00,M,M,30.11,M,300.00
ROC,2026-02-12 14:00,M,M,M,1.25,7.00,M,M,30.12,M,300.00
ROC,2026-02-12 14:05,M,M,M,1.50,10.00,M,M,30.12,M,300.00
ROC,2026-02-12 14:10,M,M,M,1.50,11.00,M,M,30.11,M,300.00
ROC,2026-02-12 14:15,M,M,M,1.50,9.00,M,M,30.11,M,310.00
ROC,2026-02-12 14:20,M,M,M,1.50,10.00,M,M,30.11,M,310.00
ROC,2026-02-12 14:25,M,M,M,1.50,12.00,M,M,30.12,M,320.00
ROC,2026-02-12 14:30,M,M,M,1.50,12.00,M,M,30.11,M,310.00
ROC,2026-02-12 14:35,M,M,M,1.75,11.00,M,M,30.11,M,290.00
ROC,2026-02-12 14:40,M,M,M,2.00,9.00,M,M,30.12,M,300.00
ROC,2026-02-12 14:45,M,M,M,1.75,9.00,M,M,30.12,M,300.00
ROC,2026-02-12 14:50,M,M,M,1.75,10.00,M,M,30.12,M,310.00
ROC,2026-02-12 14:54,13.03,84.38,23.00,1.50,8.00,1021.10,T,30.12,19.00,310.00
ROC,2026-02-12 14:55,M,M,M,1.75,9.00,M,M,30.12,M,300.00
ROC,2026-02-12 15:00,M,M,M,2.00,9.00,M,M,30.12,M,300.00
ROC,2026-02-12 15:05,M,M,M,2.00,12.00,M,M,30.12,M,300.00
ROC,2026-02-12 15:10,M,M,M,2.50,11.00,M,M,30.12,M,300.00
ROC,2026-02-12 15:15,M,M,M,2.50,10.00,M,M,30.12,M,310.00
ROC,2026-02-12 15:20,M,M,M,2.50,9.00,M,M,30.12,M,300.00
ROC,2026-02-12 15:25,M,M,M,2.00,10.00,M,M,30.12,M,290.00
ROC,2026-02-12 15:30,M,M,M,3.00,10.00,M,M,30.13,M,310.00
ROC,2026-02-12 15:35,M,M,M,4.00,12.00,M,M,30.13,M,290.00
ROC,2026-02-12 15:40,11.82,77.51,24.00,5.00,12.00,M,T,30.13,18.00,320.00
ROC,2026-02-12 15:40,M,M,M,5.00,12.00,M,M,30.13,M,320.00
ROC,2026-02-12 15:45,M,M,M,5.00,11.00,M,M,30.13,M,310.00
ROC,2026-02-12 15:50,M,M,M,5.00,11.00,M,M,30.13,M,300.00
ROC,2026-02-12 15:54,11.32,77.51,24.00,3.00,13.00,1021.40,T,30.13,18.00,290.00
ROC,2026-02-12 15:55,M,M,M,4.00,12.00,M,M,30.13,M,290.00
ROC,2026-02-12 16:00,M,M,M,2.50,13.00,M,M,30.13,M,300.00
ROC,2026-02-12 16:03,11.82,77.51,24.00,1.75,12.00,M,T,30.13,18.00,310.00
ROC,2026-02-12 16:05,M,M,M,1.75,11.00,M,M,30.13,M,300.00
ROC,2026-02-12 16:10,M,M,M,1.75,10.00,M,M,30.13,M,320.00
ROC,2026-02-12 16:15,M,M,M,1.50,10.00,M,M,30.13,M,300.00
ROC,2026-02-12 16:20,M,M,M,1.50,8.00,M,M,30.13,M,300.00
ROC,2026-02-12 16:25,M,M,M,1.75,12.00,M,M,30.13,M,310.00
ROC,2026-02-12 16:30,M,M,M,1.75,10.00,M,M,30.13,M,320.00
ROC,2026-02-12 16:35,M,M,M,1.75,8.00,M,M,30.13,M,310.00
ROC,2026-02-12 16:40,M,M,M,1.75,12.00,M,M,30.13,M,290.00
ROC,2026-02-12 16:45,M,M,M,1.75,9.00,M,M,30.13,M,310.00
ROC,2026-02-12 16:50,M,M,M,2.00,12.00,M,M,30.13,M,310.00
ROC,2026-02-12 16:54,12.94,74.24,24.00,2.00,10.00,1021.50,T,30.13,17.00,320.00
ROC,2026-02-12 16:55,M,M,M,4.00,12.00,M,M,30.13,M,310.00
ROC,2026-02-12 17:00,M,M,M,7.00,14.00,M,M,30.13,M,310.00
ROC,2026-02-12 17:04,11.82,71.08,24.00,3.00,12.00,M,T,30.13,16.00,310.00
ROC,2026-02-12 17:05,M,M,M,3.00,13.00,M,M,30.13,M,320.00
ROC,2026-02-12 17:10,M,M,M,3.00,13.00,M,M,30.13,M,320.00
ROC,2026-02-12 17:15,M,M,M,3.00,10.00,M,M,30.13,M,320.00
ROC,2026-02-12 17:20,M,M,M,3.00,13.00,M,M,30.13,M,310.00
ROC,2026-02-12 17:25,M,M,M,3.00,12.00,M,M,30.13,M,310.00
ROC,2026-02-12 17:30,M,M,M,3.00,12.00,M,M,30.13,M,300.00
ROC,2026-02-12 17:35,M,M,M,2.50,13.00,M,M,30.13,M,300.00
ROC,2026-02-12 17:40,M,M,M,3.00,M,M,M,30.13,M,M
ROC,2026-02-12 17:45,M,M,M,2.50,13.00,M,M,30.13,M,300.00
ROC,2026-02-12 17:49,13.94,73.68,24.80,2.50,10.00,M,T,30.13,17.60,300.00
ROC,2026-02-12 17:50,M,M,M,2.50,10.00,M,M,30.13,M,300.00
ROC,2026-02-12 17:54,14.81,74.34,25.00,2.50,9.00,1021.40,T,30.13,18.00,310.00
ROC,2026-02-12 17:55,M,M,M,3.00,11.00,M,M,30.13,M,300.00
ROC,2026-02-12 18:00,M,M,M,2.50,12.00,M,M,30.13,M,300.00
ROC,2026-02-12 18:05,M,M,M,2.50,14.00,M,M,30.13,M,320.00
ROC,2026-02-12 18:10,M,M,M,2.50,15.00,M,M,30.13,M,320.00
ROC,2026-02-12 18:15,M,M,M,2.50,12.00,M,M,30.13,M,320.00
ROC,2026-02-12 18:20,M,M,M,2.50,12.00,M,M,30.13,M,300.00
ROC,2026-02-12 18:25,M,M,M,2.50,11.00,M,M,30.13,M,300.00
ROC,2026-02-12 18:30,M,M,M,2.50,9.00,M,M,30.13,M,310.00
ROC,2026-02-12 18:35,M,M,M,2.50,12.00,M,M,30.13,M,290.00
ROC,2026-02-12 18:40,M,M,M,2.50,13.00,M,M,30.13,M,300.00
ROC,2026-02-12 18:45,M,M,M,2.50,12.00,M,M,30.13,M,300.00
ROC,2026-02-12 18:50,M,M,M,5.00,12.00,M,M,30.13,M,300.00
ROC,2026-02-12 18:54,10.85,71.08,24.00,4.00,14.00,1021.40,T,30.13,16.00,300.00
ROC,2026-02-12 18:55,M,M,M,4.00,M,M,M,30.13,M,M
ROC,2026-02-12 19:00,M,M,M,6.00,12.00,M,M,30.13,M,310.00
ROC,2026-02-12 19:05,M,M,M,8.00,15.00,M,M,30.13,M,M
ROC,2026-02-12 19:10,M,M,M,9.00,11.00,M,M,30.13,M,310.00
ROC,2026-02-12 19:15,M,M,M,9.00,14.00,M,M,30.13,M,300.00
ROC,2026-02-12 19:16,10.85,68.05,24.00,9.00,14.00,M,T,30.13,15.00,310.00
ROC,2026-02-12 19:20,M,M,M,9.00,15.00,M,M,30.13,M,310.00
ROC,2026-02-12 19:25,M,M,M,9.00,14.00,M,M,30.13,M,M
ROC,2026-02-12 19:30,M,M,M,9.00,11.00,M,M,30.13,M,290.00
ROC,2026-02-12 19:32,12.36,68.05,24.00,9.00,11.00,M,T,30.13,15.00,300.00
ROC,2026-02-12 19:35,M,M,M,9.00,M,M,M,30.13,M,M
ROC,2026-02-12 19:40,M,M,M,9.00,11.00,M,M,30.13,M,310.00
ROC,2026-02-12 19:45,M,M,M,9.00,12.00,M,M,30.13,M,310.00
ROC,2026-02-12 19:50,M,M,M,8.00,M,M,M,30.13,M,M
ROC,2026-02-12 19:54,11.82,65.14,24.00,8.00,12.00,1021.40,T,30.13,14.00,310.00
ROC,2026-02-12 19:55,M,M,M,8.00,M,M,M,30.13,M,M
ROC,2026-02-12 20:00,M,M,M,9.00,12.00,M,M,30.13,M,310.00
ROC,2026-02-12 20:05,M,M,M,9.00,10.00,M,M,30.13,M,300.00
ROC,2026-02-12 20:10,M,M,M,9.00,9.00,M,M,30.13,M,300.00
ROC,2026-02-12 20:15,M,M,M,9.00,9.00,M,M,30.13,M,300.00
ROC,2026-02-12 20:20,M,M,M,9.00,9.00,M,M,30.13,M,300.00
ROC,2026-02-12 20:25,M,M,M,9.00,10.00,M,M,30.13,M,300.00
ROC,2026-02-12 20:30,M,M,M,9.00,12.00,M,M,30.13,M,290.00
ROC,2026-02-12 20:35,M,M,M,9.00,12.00,M,M,30.13,M,290.00
ROC,2026-02-12 20:40,M,M,M,9.00,10.00,M,M,30.13,M,310.00
ROC,2026-02-12 20:45,M,M,M,9.00,8.00,M,M,30.13,M,290.00
ROC,2026-02-12 20:50,M,M,M,9.00,11.00,M,M,30.13,M,300.00
ROC,2026-02-12 20:54,13.57,71.08,24.00,9.00,9.00,1021.50,T,30.13,16.00,310.00
ROC,2026-02-12 20:55,M,M,M,9.00,10.00,M,M,30.13,M,300.00
ROC,2026-02-12 21:00,M,M,M,9.00,8.00,M,M,30.13,M,300.00
ROC,2026-02-12 21:05,M,M,M,9.00,11.00,M,M,30.13,M,290.00
ROC,2026-02-12 21:10,M,M,M,9.00,9.00,M,M,30.13,M,300.00
ROC,2026-02-12 21:15,M,M,M,9.00,8.00,M,M,30.13,M,300.00
ROC,2026-02-12 21:20,M,M,M,9.00,10.00,M,M,30.13,M,290.00
ROC,2026-02-12 21:25,M,M,M,9.00,11.00,M,M,30.14,M,280.00
ROC,2026-02-12 21:30,M,M,M,8.00,10.00,M,M,30.14,M,290.00
ROC,2026-02-12 21:35,M,M,M,8.00,10.00,M,M,30.14,M,290.00
ROC,2026-02-12 21:40,M,M,M,9.00,9.00,M,M,30.14,M,290.00
ROC,2026-02-12 21:45,M,M,M,9.00,9.00,M,M,30.14,M,300.00
ROC,2026-02-12 21:50,M,M,M,9.00,9.00,M,M,30.14,M,280.00
ROC,2026-02-12 21:54,12.36,71.08,24.00,9.00,11.00,1021.80,T,30.14,16.00,290.00
ROC,2026-02-12 21:55,M,M,M,9.00,9.00,M,M,30.14,M,290.00
ROC,2026-02-12 22:00,M,M,M,9.00,7.00,M,M,30.14,M,300.00
ROC,2026-02-12 22:05,M,M,M,9.00,11.00,M,M,30.14,M,290.00
ROC,2026-02-12 22:10,M,M,M,9.00,10.00,M,M,30.14,M,290.00
ROC,2026-02-12 22:15,M,M,M,8.00,10.00,M,M,30.14,M,290.00
ROC,2026-02-12 22:20,M,M,M,9.00,7.00,M,M,30.14,M,280.00
ROC,2026-02-12 22:20,15.03,71.08,24.00,9.00,7.00,M,T,30.14,16.00,290.00
ROC,2026-02-12 22:25,M,M,M,9.00,8.00,M,M,30.14,M,270.00
ROC,2026-02-12 22:30,M,M,M,9.00,8.00,M,M,30.14,M,280.00
ROC,2026-02-12 22:35,M,M,M,9.00,6.00,M,M,30.15,M,290.00
ROC,2026-02-12 22:40,M,M,M,9.00,7.00,M,M,30.15,M,300.00
ROC,2026-02-12 22:45,M,M,M,9.00,7.00,M,M,30.15,M,280.00
ROC,2026-02-12 22:50,M,M,M,9.00,6.00,M,M,30.15,M,280.00
ROC,2026-02-12 22:54,15.03,71.08,24.00,9.00,7.00,1022.20,T,30.15,16.00,280.00
ROC,2026-02-12 22:55,M,M,M,9.00,7.00,M,M,30.15,M,280.00
ROC,2026-02-12 23:00,M,M,M,9.00,8.00,M,M,30.15,M,280.00
ROC,2026-02-12 23:05,M,M,M,9.00,8.00,M,M,30.16,M,280.00
ROC,2026-02-12 23:10,M,M,M,9.00,8.00,M,M,30.16,M,280.00
ROC,2026-02-12 23:15,M,M,M,9.00,7.00,M,M,30.16,M,280.00
ROC,2026-02-12 23:20,M,M,M,9.00,8.00,M,M,30.16,M,280.00
ROC,2026-02-12 23:25,M,M,M,9.00,7.00,M,M,30.16,M,280.00
ROC,2026-02-12 23:30,M,M,M,9.00,8.00,M,M,30.17,M,280.00
ROC,2026-02-12 23:35,M,M,M,9.00,7.00,M,M,30.17,M,280.00
ROC,2026-02-12 23:40,M,M,M,9.00,9.00,M,M,30.17,M,290.00
ROC,2026-02-12 23:45,M,M,M,9.00,7.00,M,M,30.17,M,280.00
ROC,2026-02-12 23:50,M,M,M,9.00,7.00,M,M,30.17,M,280.00
ROC,2026-02-12 23:54,14.69,77.42,23.00,9.00,6.00,1022.70,T,30.17,17.00,280.00
ROC,2026-02-12 23:55,M,M,M,9.00,6.00,M,M,30.17,M,280.00
ROC,2026-02-13 00:00,M,M,M,9.00,7.00,M,M,30.17,M,280.00
ROC,2026-02-13 00:05,M,M,M,9.00,6.00,M,M,30.17,M,280.00
ROC,2026-02-13 00:10,M,M,M,9.00,7.00,M,M,30.17,M,290.00
ROC,2026-02-13 00:15,M,M,M,9.00,6.00,M,M,30.17,M,290.00
ROC,2026-02-13 00:20,M,M,M,9.00,7.00,M,M,30.17,M,280.00
ROC,2026-02-13 00:25,M,M,M,9.00,6.00,M,M,30.17,M,280.00
ROC,2026-02-13 00:30,M,M,M,9.00,7.00,M,M,30.17,M,280.00
ROC,2026-02-13 00:35,M,M,M,9.00,6.00,M,M,30.17,M,290.00
ROC,2026-02-13 00:40,M,M,M,9.00,8.00,M,M,30.17,M,280.00
ROC,2026-02-13 00:45,M,M,M,9.00,7.00,M,M,30.17,M,280.00
ROC,2026-02-13 00:50,M,M,M,9.00,7.00,M,M,30.17,M,280.00
ROC,2026-02-13 00:54,13.81,74.13,23.00,9.00,7.00,1022.90,T,30.17,16.00,280.00
ROC,2026-02-13 00:55,M,M,M,9.00,7.00,M,M,30.17,M,280.00
ROC,2026-02-13 01:00,M,M,M,10.00,7.00,M,M,30.17,M,280.00
ROC,2026-02-13 01:05,M,M,M,10.00,9.00,M,M,30.17,M,290.00
ROC,2026-02-13 01:10,M,M,M,10.00,7.00,M,M,30.17,M,290.00
ROC,2026-02-13 01:15,M,M,M,10.00,8.00,M,M,30.17,M,290.00
ROC,2026-02-13 01:20,M,M,M,10.00,6.00,M,M,30.17,M,280.00
ROC,2026-02-13 01:25,M,M,M,10.00,6.00,M,M,30.17,M,280.00
ROC,2026-02-13 01:30,M,M,M,10.00,6.00,M,M,30.17,M,290.00
ROC,2026-02-13 01:35,M,M,M,10.00,7.00,M,M,30.17,M,280.00
ROC,2026-02-13 01:40,M,M,M,10.00,7.00,M,M,30.18,M,280.00
ROC,2026-02-13 01:45,M,M,M,10.00,5.00,M,M,30.18,M,280.00
ROC,2026-02-13 01:50,M,M,M,10.00,5.00,M,M,30.18,M,280.00
ROC,2026-02-13 01:54,13.33,73.92,21.00,10.00,5.00,1023.20,0.00,30.18,14.00,280.00
ROC,2026-02-13 01:55,M,M,M,10.00,5.00,M,M,30.18,M,280.00
ROC,2026-02-13 02:00,M,M,M,10.00,6.00,M,M,30.18,M,280.00
ROC,2026-02-13 02:05,M,M,M,10.00,6.00,M,M,30.18,M,280.00
ROC,2026-02-13 02:10,M,M,M,10.00,5.00,M,M,30.18,M,280.00
ROC,2026-02-13 02:15,M,M,M,10.00,6.00,M,M,30.18,M,270.00
ROC,2026-02-13 02:20,M,M,M,10.00,6.00,M,M,30.18,M,270.00
ROC,2026-02-13 02:25,M,M,M,10.00,6.00,M,M,30.18,M,270.00
ROC,2026-02-13 02:30,M,M,M,10.00,5.00,M,M,30.18,M,270.00
ROC,2026-02-13 02:35,M,M,M,10.00,6.00,M,M,30.18,M,260.00
ROC,2026-02-13 02:40,M,M,M,10.00,6.00,M,M,30.18,M,260.00
ROC,2026-02-13 02:45,M,M,M,10.00,6.00,M,M,30.18,M,270.00
ROC,2026-02-13 02:50,M,M,M,10.00,6.00,M,M,30.18,M,270.00
ROC,2026-02-13 02:54,9.87,73.71,19.00,10.00,6.00,1023.40,0.00,30.18,12.00,270.00
ROC,2026-02-13 02:55,M,M,M,10.00,7.00,M,M,30.18,M,270.00
ROC,2026-02-13 03:00,M,M,M,10.00,6.00,M,M,30.18,M,260.00
ROC,2026-02-13 03:05,M,M,M,10.00,5.00,M,M,30.18,M,260.00
ROC,2026-02-13 03:10,M,M,M,10.00,5.00,M,M,30.18,M,270.00
ROC,2026-02-13 03:15,M,M,M,10.00,5.00,M,M,30.18,M,270.00
ROC,2026-02-13 03:20,M,M,M,10.00,5.00,M,M,30.18,M,260.00
ROC,2026-02-13 03:25,M,M,M,10.00,5.00,M,M,30.18,M,270.00
ROC,2026-02-13 03:30,M,M,M,10.00,5.00,M,M,30.18,M,270.00
ROC,2026-02-13 03:35,M,M,M,10.00,5.00,M,M,30.18,M,260.00
ROC,2026-02-13 03:40,M,M,M,10.00,5.00,M,M,30.18,M,270.00
ROC,2026-02-13 03:45,M,M,M,10.00,5.00,M,M,30.18,M,260.00
ROC,2026-02-13 03:50,M,M,M,10.00,5.00,M,M,30.18,M,260.00
ROC,2026-02-13 03:54,7.39,80.26,16.00,10.00,5.00,1023.30,0.00,30.18,11.00,270.00
ROC,2026-02-13 03:55,M,M,M,10.00,5.00,M,M,30.18,M,270.00
ROC,2026-02-13 04:00,M,M,M,10.00,5.00,M,M,30.18,M,270.00
ROC,2026-02-13 04:05,M,M,M,10.00,5.00,M,M,30.19,M,260.00
ROC,2026-02-13 04:10,M,M,M,10.00,5.00,M,M,30.19,M,260.00
ROC,2026-02-13 04:15,M,M,M,10.00,6.00,M,M,30.19,M,260.00
ROC,2026-02-13 04:20,M,M,M,10.00,6.00,M,M,30.19,M,260.00
ROC,2026-02-13 04:25,M,M,M,10.00,5.00,M,M,30.19,M,260.00
ROC,2026-02-13 04:30,M,M,M,10.00,5.00,M,M,30.19,M,260.00
ROC,2026-02-13 04:35,M,M,M,10.00,6.00,M,M,30.19,M,270.00
ROC,2026-02-13 04:40,M,M,M,10.00,6.00,M,M,30.19,M,270.00
ROC,2026-02-13 04:45,M,M,M,10.00,6.00,M,M,30.19,M,270.00
ROC,2026-02-13 04:50,M,M,M,10.00,6.00,M,M,30.19,M,270.00
ROC,2026-02-13 04:54,7.46,80.34,17.00,10.00,6.00,1023.70,0.00,30.19,12.00,270.00
ROC,2026-02-13 04:55,M,M,M,10.00,6.00,M,M,30.19,M,270.00
ROC,2026-02-13 05:00,M,M,M,10.00,6.00,M,M,30.19,M,270.00
ROC,2026-02-13 05:05,M,M,M,10.00,6.00,M,M,30.19,M,260.00
ROC,2026-02-13 05:10,M,M,M,10.00,6.00,M,M,30.20,M,260.00
ROC,2026-02-13 05:15,M,M,M,10.00,6.00,M,M,30.19,M,260.00
ROC,2026-02-13 05:20,M,M,M,10.00,6.00,M,M,30.19,M,260.00
ROC,2026-02-13 05:25,M,M,M,10.00,6.00,M,M,30.19,M,260.00
ROC,2026-02-13 05:30,M,M,M,10.00,6.00,M,M,30.20,M,260.00
ROC,2026-02-13 05:35,M,M,M,10.00,5.00,M,M,30.20,M,260.00
ROC,2026-02-13 05:40,M,M,M,10.00,5.00,M,M,30.20,M,260.00
ROC,2026-02-13 05:45,M,M,M,10.00,6.00,M,M,30.20,M,260.00
ROC,2026-02-13 05:50,M,M,M,10.00,5.00,M,M,30.20,M,260.00
ROC,2026-02-13 05:54,5.02,87.58,14.00,10.00,5.00,1023.80,0.00,30.20,11.00,260.00
ROC,2026-02-13 05:55,M,M,M,10.00,5.00,M,M,30.20,M,260.00
ROC,2026-02-13 06:00,M,M,M,10.00,5.00,M,M,30.20,M,250.00
ROC,2026-02-13 06:05,M,M,M,10.00,6.00,M,M,30.20,M,250.00
ROC,2026-02-13 06:10,M,M,M,10.00,5.00,M,M,30.20,M,260.00
ROC,2026-02-13 06:15,M,M,M,10.00,6.00,M,M,30.20,M,260.00
ROC,2026-02-13 06:20,M,M,M,10.00,5.00,M,M,30.20,M,260.00
ROC,2026-02-13 06:25,M,M,M,10.00,5.00,M,M,30.20,M,260.00
ROC,2026-02-13 06:30,M,M,M,10.00,6.00,M,M,30.20,M,260.00
ROC,2026-02-13 06:35,M,M,M,10.00,6.00,M,M,30.20,M,260.00
ROC,2026-02-13 06:40,M,M,M,10.00,5.00,M,M,30.20,M,260.00
ROC,2026-02-13 06:45,M,M,M,10.00,5.00,M,M,30.20,M,260.00
ROC,2026-02-13 06:50,M,M,M,10.00,5.00,M,M,30.20,M,260.00
ROC,2026-02-13 06:54,3.83,87.53,13.00,10.00,5.00,1023.90,0.00,30.20,10.00,260.00
ROC,2026-02-13 06:55,M,M,M,10.00,5.00,M,M,30.20,M,260.00
ROC,2026-02-13 07:00,M,M,M,10.00,6.00,M,M,30.20,M,250.00
ROC,2026-02-13 07:05,M,M,M,10.00,6.00,M,M,30.20,M,250.00
ROC,2026-02-13 07:10,M,M,M,10.00,6.00,M,M,30.20,M,260.00
ROC,2026-02-13 07:15,M,M,M,10.00,6.00,M,M,30.20,M,250.00
ROC,2026-02-13 07:20,M,M,M,10.00,6.00,M,M,30.20,M,260.00
ROC,2026-02-13 07:25,M,M,M,10.00,5.00,M,M,30.20,M,250.00
ROC,2026-02-13 07:30,M,M,M,10.00,5.00,M,M,30.20,M,250.00
ROC,2026-02-13 07:35,M,M,M,10.00,5.00,M,M,30.20,M,260.00
ROC,2026-02-13 07:40,M,M,M,10.00,4.00,M,M,30.20,M,260.00
ROC,2026-02-13 07:45,M,M,M,10.00,5.00,M,M,30.20,M,250.00
ROC,2026-02-13 07:50,M,M,M,10.00,5.00,M,M,30.20,M,260.00
ROC,2026-02-13 07:54,2.64,87.47,12.00,10.00,5.00,1024.00,0.00,30.20,9.00,260.00
ROC,2026-02-13 07:55,M,M,M,10.00,5.00,M,M,30.20,M,250.00
ROC,2026-02-13 08:00,M,M,M,10.00,5.00,M,M,30.20,M,250.00
ROC,2026-02-13 08:05,M,M,M,10.00,6.00,M,M,30.20,M,250.00
ROC,2026-02-13 08:10,M,M,M,10.00,5.00,M,M,30.20,M,250.00
ROC,2026-02-13 08:15,M,M,M,10.00,5.00,M,M,30.20,M,250.00
ROC,2026-02-13 08:20,M,M,M,10.00,5.00,M,M,30.19,M,250.00
ROC,2026-02-13 08:25,M,M,M,10.00,5.00,M,M,30.19,M,260.00
ROC,2026-02-13 08:30,M,M,M,10.00,5.00,M,M,30.20,M,260.00
ROC,2026-02-13 08:35,M,M,M,10.00,5.00,M,M,30.19,M,260.00
ROC,2026-02-13 08:40,M,M,M,10.00,5.00,M,M,30.19,M,250.00
ROC,2026-02-13 08:45,M,M,M,10.00,5.00,M,M,30.19,M,240.00
ROC,2026-02-13 08:50,M,M,M,10.00,6.00,M,M,30.19,M,240.00
ROC,2026-02-13 08:54,-0.97,87.36,10.00,10.00,6.00,1023.80,0.00,30.19,7.00,240.00
ROC,2026-02-13 08:55,M,M,M,10.00,6.00,M,M,30.19,M,240.00
ROC,2026-02-13 09:00,M,M,M,10.00,7.00,M,M,30.19,M,240.00
ROC,2026-02-13 09:05,M,M,M,10.00,7.00,M,M,30.19,M,250.00
ROC,2026-02-13 09:10,M,M,M,10.00,6.00,M,M,30.19,M,260.00
ROC,2026-02-13 09:15,M,M,M,10.00,6.00,M,M,30.19,M,260.00
ROC,2026-02-13 09:20,M,M,M,10.00,6.00,M,M,30.19,M,260.00
ROC,2026-02-13 09:25,M,M,M,10.00,6.00,M,M,30.19,M,260.00
ROC,2026-02-13 09:30,M,M,M,10.00,6.00,M,M,30.19,M,260.00
ROC,2026-02-13 09:35,M,M,M,10.00,6.00,M,M,30.19,M,270.00
ROC,2026-02-13 09:40,M,M,M,10.00,6.00,M,M,30.19,M,290.00
ROC,2026-02-13 09:45,M,M,M,10.00,6.00,M,M,30.19,M,290.00
ROC,2026-02-13 09:50,M,M,M,10.00,7.00,M,M,30.19,M,290.00
ROC,2026-02-13 09:54,0.24,83.55,11.00,10.00,6.00,1023.90,0.00,30.19,7.00,250.00
ROC,2026-02-13 09:55,M,M,M,10.00,7.00,M,M,30.19,M,240.00
ROC,2026-02-13 10:00,M,M,M,10.00,8.00,M,M,30.20,M,240.00
ROC,2026-02-13 10:05,M,M,M,10.00,8.00,M,M,30.20,M,250.00
ROC,2026-02-13 10:10,M,M,M,10.00,7.00,M,M,30.20,M,250.00
ROC,2026-02-13 10:15,M,M,M,10.00,6.00,M,M,30.20,M,260.00
ROC,2026-02-13 10:20,M,M,M,10.00,5.00,M,M,30.20,M,270.00
ROC,2026-02-13 10:25,M,M,M,10.00,5.00,M,M,30.20,M,260.00
ROC,2026-02-13 10:30,M,M,M,10.00,4.00,M,M,30.20,M,260.00
ROC,2026-02-13 10:35,M,M,M,10.00,5.00,M,M,30.21,M,270.00
ROC,2026-02-13 10:40,M,M,M,10.00,5.00,M,M,30.21,M,250.00
ROC,2026-02-13 10:45,M,M,M,10.00,7.00,M,M,30.21,M,260.00
ROC,2026-02-13 10:50,M,M,M,10.00,5.00,M,M,30.21,M,270.00
ROC,2026-02-13 10:54,0.56,87.30,9.00,10.00,4.00,1024.30,0.00,30.21,6.00,260.00
ROC,2026-02-13 10:55,M,M,M,10.00,4.00,M,M,30.21,M,250.00
ROC,2026-02-13 11:00,M,M,M,10.00,4.00,M,M,30.21,M,250.00
ROC,2026-02-13 11:05,M,M,M,10.00,4.00,M,M,30.21,M,250.00
ROC,2026-02-13 11:10,M,M,M,10.00,4.00,M,M,30.21,M,250.00
ROC,2026-02-13 11:15,M,M,M,10.00,4.00,M,M,30.20,M,240.00
ROC,2026-02-13 11:20,M,M,M,10.00,5.00,M,M,30.21,M,240.00
ROC,2026-02-13 11:25,M,M,M,10.00,4.00,M,M,30.21,M,250.00
ROC,2026-02-13 11:30,M,M,M,10.00,3.00,M,M,30.21,M,260.00
ROC,2026-02-13 11:35,M,M,M,10.00,3.00,M,M,30.21,M,260.00
ROC,2026-02-13 11:40,M,M,M,10.00,3.00,M,M,30.21,M,250.00
ROC,2026-02-13 11:45,M,M,M,10.00,4.00,M,M,30.21,M,240.00
ROC,2026-02-13 11:50,M,M,M,10.00,3.00,M,M,30.21,M,240.00
ROC,2026-02-13 11:54,-1.03,95.53,6.00,10.00,3.00,1024.50,0.00,30.21,5.00,250.00
ROC,2026-02-13 11:55,M,M,M,10.00,3.00,M,M,30.21,M,240.00
ROC,2026-02-13 12:00,M,M,M,10.00,4.00,M,M,30.21,M,230.00
ROC,2026-02-13 12:05,M,M,M,10.00,4.00,M,M,30.21,M,230.00
ROC,2026-02-13 12:10,M,M,M,10.00,4.00,M,M,30.22,M,250.00
ROC,2026-02-13 12:15,M,M,M,10.00,4.00,M,M,30.22,M,250.00
ROC,2026-02-13 12:20,M,M,M,10.00,4.00,M,M,30.22,M,250.00
ROC,2026-02-13 12:25,M,M,M,8.00,4.00,M,M,30.23,M,240.00
ROC,2026-02-13 12:30,M,M,M,6.00,3.00,M,M,30.23,M,260.00
ROC,2026-02-13 12:35,M,M,M,10.00,4.00,M,M,30.23,M,260.00
ROC,2026-02-13 12:40,M,M,M,10.00,4.00,M,M,30.23,M,260.00
ROC,2026-02-13 12:45,M,M,M,10.00,4.00,M,M,30.23,M,260.00
ROC,2026-02-13 12:50,M,M,M,10.00,4.00,M,M,30.23,M,250.00
ROC,2026-02-13 12:54,-4.11,87.07,5.00,10.00,4.00,1025.40,0.00,30.24,2.00,250.00
ROC,2026-02-13 12:55,M,M,M,9.00,4.00,M,M,30.24,M,250.00
ROC,2026-02-13 13:00,M,M,M,5.00,6.00,M,M,30.24,M,250.00
ROC,2026-02-13 13:05,M,M,M,3.00,5.00,M,M,30.24,M,250.00
ROC,2026-02-13 13:10,M,M,M,5.00,5.00,M,M,30.24,M,250.00
ROC,2026-02-13 13:11,-4.58,87.19,7.00,5.00,6.00,M,T,30.24,4.00,260.00
ROC,2026-02-13 13:15,M,M,M,5.00,6.00,M,M,30.25,M,260.00
ROC,2026-02-13 13:20,M,M,M,5.00,6.00,M,M,30.25,M,250.00
ROC,2026-02-13 13:25,M,M,M,5.00,6.00,M,M,30.25,M,250.00
ROC,2026-02-13 13:30,M,M,M,5.00,6.00,M,M,30.25,M,250.00
ROC,2026-02-13 13:35,M,M,M,8.00,6.00,M,M,30.25,M,250.00
ROC,2026-02-13 13:39,3.83,91.52,13.00,8.00,5.00,M,T,30.25,11.00,250.00
ROC,2026-02-13 13:40,M,M,M,8.00,5.00,M,M,30.25,M,250.00
ROC,2026-02-13 13:45,M,M,M,8.00,5.00,M,M,30.25,M,250.00
ROC,2026-02-13 13:50,M,M,M,8.00,5.00,M,M,30.24,M,240.00
ROC,2026-02-13 13:54,6.21,87.64,15.00,8.00,5.00,1025.50,T,30.24,12.00,240.00
ROC,2026-02-13 13:55,M,M,M,8.00,5.00,M,M,30.24,M,230.00
ROC,2026-02-13 14:00,M,M,M,7.00,5.00,M,M,30.24,M,230.00
ROC,2026-02-13 14:05,M,M,M,6.00,5.00,M,M,30.24,M,230.00
ROC,2026-02-13 14:10,M,M,M,7.00,5.00,M,M,30.24,M,240.00
ROC,2026-02-13 14:15,M,M,M,8.00,5.00,M,M,30.25,M,240.00
ROC,2026-02-13 14:16,7.39,83.90,16.00,8.00,5.00,M,T,30.25,12.00,230.00
ROC,2026-02-13 14:20,M,M,M,9.00,5.00,M,M,30.25,M,240.00
ROC,2026-02-13 14:25,M,M,M,10.00,5.00,M,M,30.24,M,240.00
ROC,2026-02-13 14:26,8.58,80.34,17.00,10.00,5.00,M,T,30.24,12.00,240.00
ROC,2026-02-13 14:30,M,M,M,10.00,6.00,M,M,30.24,M,250.00
ROC,2026-02-13 14:35,M,M,M,10.00,8.00,M,M,30.24,M,240.00
ROC,2026-02-13 14:40,M,M,M,10.00,6.00,M,M,30.24,M,240.00
ROC,2026-02-13 14:45,M,M,M,10.00,10.00,M,M,30.24,M,250.00
ROC,2026-02-13 14:50,M,M,M,10.00,10.00,M,M,30.24,M,260.00
ROC,2026-02-13 14:54,9.17,67.68,21.00,10.00,10.00,1025.20,T,30.24,12.00,260.00
ROC,2026-02-13 14:55,M,M,M,10.00,10.00,M,M,30.24,M,270.00
ROC,2026-02-13 15:00,M,M,M,10.00,10.00,M,M,30.23,M,260.00
ROC,2026-02-13 15:05,M,M,M,10.00,12.00,M,M,30.23,M,260.00
ROC,2026-02-13 15:10,M,M,M,10.00,11.00,M,M,30.23,M,260.00
ROC,2026-02-13 15:15,M,M,M,10.00,13.00,M,M,30.23,M,270.00
ROC,2026-02-13 15:20,M,M,M,10.00,M,M,M,30.23,M,M
ROC,2026-02-13 15:25,M,M,M,10.00,M,M,M,30.23,M,M
ROC,2026-02-13 15:30,M,M,M,10.00,13.00,M,M,30.23,M,260.00
ROC,2026-02-13 15:35,M,M,M,10.00,11.00,M,M,30.23,M,270.00
ROC,2026-02-13 15:35,8.57,64.74,21.00,10.00,11.00,M,0.00,30.23,11.00,270.00
ROC,2026-02-13 15:40,M,M,M,10.00,14.00,M,M,30.23,M,250.00
ROC,2026-02-13 15:45,M,M,M,10.00,14.00,M,M,30.23,M,260.00
ROC,2026-02-13 15:50,M,M,M,10.00,M,M,M,30.23,M,M
ROC,2026-02-13 15:54,10.43,62.06,22.00,10.00,10.00,1024.90,0.00,30.23,11.00,260.00
ROC,2026-02-13 15:55,M,M,M,10.00,10.00,M,M,30.23,M,250.00
ROC,2026-02-13 16:00,M,M,M,10.00,11.00,M,M,30.23,M,250.00
ROC,2026-02-13 16:05,M,M,M,10.00,12.00,M,M,30.22,M,240.00
ROC,2026-02-13 16:10,M,M,M,10.00,13.00,M,M,30.22,M,270.00
ROC,2026-02-13 16:15,M,M,M,10.00,12.00,M,M,30.22,M,260.00
ROC,2026-02-13 16:20,M,M,M,10.00,13.00,M,M,30.22,M,260.00
ROC,2026-02-13 16:25,M,M,M,10.00,11.00,M,M,30.21,M,270.00
ROC,2026-02-13 16:30,M,M,M,10.00,10.00,M,M,30.22,M,260.00
ROC,2026-02-13 16:35,M,M,M,10.00,10.00,M,M,30.21,M,270.00
ROC,2026-02-13 16:39,11.68,62.20,23.00,10.00,10.00,M,0.00,30.21,12.00,280.00
ROC,2026-02-13 16:40,M,M,M,10.00,10.00,M,M,30.21,M,260.00
ROC,2026-02-13 16:45,M,M,M,10.00,12.00,M,M,30.21,M,250.00
ROC,2026-02-13 16:50,M,M,M,10.00,13.00,M,M,30.21,M,250.00
ROC,2026-02-13 16:54,10.85,59.64,24.00,10.00,14.00,1024.20,0.00,30.21,12.00,240.00
ROC,2026-02-13 16:55,M,M,M,10.00,14.00,M,M,30.21,M,250.00
ROC,2026-02-13 17:00,M,M,M,10.00,12.00,M,M,30.21,M,260.00
ROC,2026-02-13 17:05,M,M,M,10.00,14.00,M,M,30.20,M,240.00
ROC,2026-02-13 17:10,M,M,M,10.00,12.00,M,M,30.20,M,250.00
ROC,2026-02-13 17:15,M,M,M,10.00,13.00,M,M,30.20,M,240.00
ROC,2026-02-13 17:20,M,M,M,10.00,13.00,M,M,30.20,M,260.00
ROC,2026-02-13 17:25,M,M,M,10.00,13.00,M,M,30.20,M,260.00
ROC,2026-02-13 17:30,M,M,M,10.00,13.00,M,M,30.20,M,270.00
ROC,2026-02-13 17:35,M,M,M,10.00,13.00,M,M,30.20,M,250.00
ROC,2026-02-13 17:40,M,M,M,10.00,M,M,M,30.20,M,M
ROC,2026-02-13 17:45,M,M,M,10.00,9.00,M,M,30.19,M,280.00
ROC,2026-02-13 17:50,M,M,M,10.00,11.00,M,M,30.19,M,280.00
ROC,2026-02-13 17:54,11.82,62.34,24.00,10.00,12.00,1023.60,0.00,30.19,13.00,290.00
ROC,2026-02-13 17:55,M,M,M,10.00,10.00,M,M,30.19,M,290.00
ROC,2026-02-13 18:00,M,M,M,10.00,11.00,M,M,30.19,M,270.00
ROC,2026-02-13 18:05,M,M,M,10.00,12.00,M,M,30.18,M,260.00
ROC,2026-02-13 18:10,M,M,M,10.00,12.00,M,M,30.18,M,270.00
ROC,2026-02-13 18:15,M,M,M,10.00,11.00,M,M,30.18,M,270.00
ROC,2026-02-13 18:20,M,M,M,10.00,13.00,M,M,30.18,M,280.00
ROC,2026-02-13 18:25,M,M,M,10.00,12.00,M,M,30.17,M,270.00
ROC,2026-02-13 18:30,M,M,M,10.00,10.00,M,M,30.17,M,290.00
ROC,2026-02-13 18:35,M,M,M,10.00,11.00,M,M,30.17,M,270.00
ROC,2026-02-13 18:40,M,M,M,10.00,12.00,M,M,30.17,M,280.00
ROC,2026-02-13 18:45,M,M,M,10.00,9.00,M,M,30.17,M,260.00
ROC,2026-02-13 18:50,M,M,M,10.00,11.00,M,M,30.17,M,270.00
ROC,2026-02-13 18:54,14.88,57.35,26.00,10.00,11.00,1022.90,0.00,30.17,13.00,260.00
ROC,2026-02-13 18:55,M,M,M,10.00,10.00,M,M,30.17,M,270.00
ROC,2026-02-13 19:00,M,M,M,10.00,12.00,M,M,30.17,M,260.00
ROC,2026-02-13 19:05,M,M,M,10.00,13.00,M,M,30.17,M,250.00
ROC,2026-02-13 19:10,M,M,M,10.00,13.00,M,M,30.17,M,250.00
ROC,2026-02-13 19:15,M,M,M,10.00,15.00,M,M,30.17,M,240.00
ROC,2026-02-13 19:20,M,M,M,10.00,14.00,M,M,30.16,M,250.00
ROC,2026-02-13 19:25,M,M,M,10.00,14.00,M,M,30.16,M,240.00
ROC,2026-02-13 19:30,M,M,M,10.00,14.00,M,M,30.16,M,240.00
ROC,2026-02-13 19:35,M,M,M,10.00,12.00,M,M,30.16,M,270.00
ROC,2026-02-13 19:40,M,M,M,10.00,12.00,M,M,30.16,M,270.00
ROC,2026-02-13 19:45,M,M,M,10.00,13.00,M,M,30.16,M,250.00
ROC,2026-02-13 19:50,M,M,M,10.00,12.00,M,M,30.15,M,240.00
ROC,2026-02-13 19:54,13.88,57.35,26.00,10.00,13.00,1022.30,0.00,30.15,13.00,230.00
ROC,2026-02-13 19:55,M,M,M,10.00,11.00,M,M,30.15,M,240.00
ROC,2026-02-13 20:00,M,M,M,10.00,12.00,M,M,30.15,M,270.00
ROC,2026-02-13 20:05,M,M,M,10.00,9.00,M,M,30.15,M,260.00
ROC,2026-02-13 20:10,M,M,M,10.00,11.00,M,M,30.15,M,270.00
ROC,2026-02-13 20:15,M,M,M,10.00,11.00,M,M,30.14,M,260.00
ROC,2026-02-13 20:20,M,M,M,10.00,12.00,M,M,30.14,M,280.00
ROC,2026-02-13 20:25,M,M,M,10.00,11.00,M,M,30.14,M,260.00
ROC,2026-02-13 20:30,M,M,M,10.00,9.00,M,M,30.14,M,270.00
ROC,2026-02-13 20:35,M,M,M,10.00,7.00,M,M,30.13,M,260.00
ROC,2026-02-13 20:40,M,M,M,10.00,12.00,M,M,30.13,M,270.00
ROC,2026-02-13 20:45,M,M,M,10.00,11.00,M,M,30.13,M,250.00
ROC,2026-02-13 20:50,M,M,M,10.00,M,M,M,30.13,M,M
ROC,2026-02-13 20:54,16.15,55.03,27.00,10.00,11.00,1021.40,0.00,30.13,13.00,260.00
ROC,2026-02-13 20:55,M,M,M,10.00,14.00,M,M,30.13,M,250.00
ROC,2026-02-13 21:00,M,M,M,10.00,M,M,M,30.12,M,M
ROC,2026-02-13 21:05,M,M,M,10.00,11.00,M,M,30.12,M,250.00
ROC,2026-02-13 21:10,M,M,M,10.00,10.00,M,M,30.12,M,240.00
ROC,2026-02-13 21:15,M,M,M,10.00,10.00,M,M,30.12,M,250.00
ROC,2026-02-13 21:20,M,M,M,10.00,9.00,M,M,30.12,M,250.00
ROC,2026-02-13 21:25,M,M,M,10.00,8.00,M,M,30.12,M,250.00
ROC,2026-02-13 21:30,M,M,M,10.00,10.00,M,M,30.12,M,250.00
ROC,2026-02-13 21:35,M,M,M,10.00,8.00,M,M,30.12,M,250.00
ROC,2026-02-13 21:40,M,M,M,10.00,8.00,M,M,30.11,M,250.00
ROC,2026-02-13 21:45,M,M,M,10.00,10.00,M,M,30.11,M,240.00
ROC,2026-02-13 21:50,M,M,M,10.00,8.00,M,M,30.11,M,240.00
ROC,2026-02-13 21:54,19.19,55.18,28.00,10.00,8.00,1020.80,0.00,30.11,14.00,250.00
ROC,2026-02-13 21:55,M,M,M,10.00,8.00,M,M,30.11,M,240.00
ROC,2026-02-13 22:00,M,M,M,10.00,8.00,M,M,30.11,M,240.00
ROC,2026-02-13 22:05,M,M,M,10.00,8.00,M,M,30.11,M,250.00
ROC,2026-02-13 22:10,M,M,M,10.00,8.00,M,M,30.11,M,240.00
ROC,2026-02-13 22:15,M,M,M,10.00,8.00,M,M,30.11,M,250.00
ROC,2026-02-13 22:20,M,M,M,10.00,7.00,M,M,30.10,M,250.00
ROC,2026-02-13 22:25,M,M,M,10.00,7.00,M,M,30.10,M,250.00
ROC,2026-02-13 22:30,M,M,M,10.00,7.00,M,M,30.10,M,250.00
ROC,2026-02-13 22:35,M,M,M,10.00,7.00,M,M,30.10,M,240.00
ROC,2026-02-13 22:40,M,M,M,10.00,8.00,M,M,30.10,M,240.00
ROC,2026-02-13 22:45,M,M,M,10.00,7.00,M,M,30.10,M,240.00
ROC,2026-02-13 22:50,M,M,M,10.00,7.00,M,M,30.10,M,250.00
ROC,2026-02-13 22:54,18.30,59.93,26.00,10.00,6.00,1020.70,0.00,30.10,14.00,250.00
ROC,2026-02-13 22:55,M,M,M,10.00,6.00,M,M,30.10,M,250.00
ROC,2026-02-13 23:00,M,M,M,10.00,5.00,M,M,30.10,M,250.00
ROC,2026-02-13 23:05,M,M,M,10.00,5.00,M,M,30.10,M,240.00
ROC,2026-02-13 23:10,M,M,M,10.00,5.00,M,M,30.10,M,240.00
ROC,2026-02-13 23:15,M,M,M,10.00,5.00,M,M,30.10,M,240.00
ROC,2026-02-13 23:20,M,M,M,10.00,5.00,M,M,30.10,M,240.00
ROC,2026-02-13 23:25,M,M,M,10.00,6.00,M,M,30.10,M,240.00
ROC,2026-02-13 23:30,M,M,M,10.00,6.00,M,M,30.10,M,240.00
ROC,2026-02-13 23:35,M,M,M,10.00,7.00,M,M,30.10,M,240.00
ROC,2026-02-13 23:40,M,M,M,10.00,7.00,M,M,30.10,M,230.00
ROC,2026-02-13 23:45,M,M,M,10.00,7.00,M,M,30.10,M,230.00
ROC,2026-02-13 23:50,M,M,M,10.00,7.00,M,M,30.09,M,230.00
ROC,2026-02-13 23:54,17.47,65.40,26.00,10.00,7.00,1020.40,0.00,30.09,16.00,230.00
ROC,2026-02-13 23:55,M,M,M,10.00,7.00,M,M,30.09,M,230.00
ROC,2026-02-14 00:00,M,M,M,10.00,7.00,M,M,30.09,M,220.00
ROC,2026-02-14 00:05,M,M,M,10.00,7.00,M,M,30.09,M,230.00
ROC,2026-02-14 00:10,M,M,M,10.00,7.00,M,M,30.08,M,230.00
ROC,2026-02-14 00:15,M,M,M,10.00,7.00,M,M,30.08,M,220.00
ROC,2026-02-14 00:20,M,M,M,10.00,7.00,M,M,30.08,M,220.00
ROC,2026-02-14 00:25,M,M,M,10.00,7.00,M,M,30.08,M,230.00
ROC,2026-02-14 00:30,M,M,M,10.00,8.00,M,M,30.08,M,230.00
ROC,2026-02-14 00:35,M,M,M,10.00,8.00,M,M,30.08,M,230.00
ROC,2026-02-14 00:40,M,M,M,10.00,7.00,M,M,30.08,M,230.00
ROC,2026-02-14 00:45,M,M,M,10.00,7.00,M,M,30.08,M,230.00
ROC,2026-02-14 00:50,M,M,M,10.00,8.00,M,M,30.08,M,230.00
ROC,2026-02-14 00:54,17.95,65.53,27.00,10.00,8.00,1019.80,0.00,30.08,17.00,230.00
ROC,2026-02-14 00:55,M,M,M,10.00,7.00,M,M,30.08,M,230.00
ROC,2026-02-14 01:00,M,M,M,10.00,8.00,M,M,30.07,M,230.00
ROC,2026-02-14 01:05,M,M,M,10.00,10.00,M,M,30.07,M,240.00
ROC,2026-02-14 01:10,M,M,M,10.00,8.00,M,M,30.07,M,240.00
ROC,2026-02-14 01:15,M,M,M,10.00,8.00,M,M,30.07,M,230.00
ROC,2026-02-14 01:20,M,M,M,10.00,7.00,M,M,30.07,M,230.00
ROC,2026-02-14 01:25,M,M,M,10.00,7.00,M,M,30.06,M,220.00
ROC,2026-02-14 01:30,M,M,M,10.00,7.00,M,M,30.06,M,230.00
ROC,2026-02-14 01:35,M,M,M,10.00,8.00,M,M,30.06,M,230.00
ROC,2026-02-14 01:40,M,M,M,10.00,7.00,M,M,30.07,M,240.00
ROC,2026-02-14 01:45,M,M,M,10.00,9.00,M,M,30.06,M,230.00
ROC,2026-02-14 01:50,M,M,M,10.00,7.00,M,M,30.07,M,240.00
ROC,2026-02-14 01:54,19.19,62.89,28.00,10.00,8.00,1019.20,T,30.06,17.00,240.00
ROC,2026-02-14 01:55,M,M,M,9.00,8.00,M,M,30.06,M,230.00
ROC,2026-02-14 02:00,M,M,M,7.00,8.00,M,M,30.06,M,250.00
ROC,2026-02-14 02:05,M,M,M,7.00,10.00,M,M,30.06,M,250.00
ROC,2026-02-14 02:10,M,M,M,6.00,8.00,M,M,30.06,M,250.00
ROC,2026-02-14 02:15,M,M,M,5.00,8.00,M,M,30.06,M,250.00
ROC,2026-02-14 02:20,M,M,M,5.00,6.00,M,M,30.06,M,240.00
ROC,2026-02-14 02:24,20.71,71.54,28.00,4.00,6.00,M,T,30.06,20.00,240.00
ROC,2026-02-14 02:25,M,M,M,4.00,6.00,M,M,30.06,M,250.00
ROC,2026-02-14 02:30,M,M,M,3.50,4.00,M,M,30.06,M,230.00
ROC,2026-02-14 02:35,M,M,M,3.00,3.00,M,M,30.06,M,250.00
ROC,2026-02-14 02:38,22.97,81.15,27.00,2.00,3.00,M,T,30.06,22.00,250.00
ROC,2026-02-14 02:40,M,M,M,2.00,3.00,M,M,30.06,M,240.00
ROC,2026-02-14 02:41,22.97,81.15,27.00,1.50,3.00,M,T,30.06,22.00,240.00
ROC,2026-02-14 02:45,M,M,M,1.50,3.00,M,M,30.06,M,250.00
ROC,2026-02-14 02:50,M,M,M,1.50,4.00,M,M,30.06,M,240.00
ROC,2026-02-14 02:54,19.51,84.65,27.00,1.00,6.00,1019.00,T,30.06,23.00,240.00
ROC,2026-02-14 02:55,M,M,M,1.25,5.00,M,M,30.06,M,240.00
ROC,2026-02-14 02:59,19.27,88.22,26.00,0.75,5.00,M,T,30.06,23.00,240.00
ROC,2026-02-14 03:00,M,M,M,0.75,5.00,M,M,30.06,M,240.00
ROC,2026-02-14 03:05,M,M,M,0.75,5.00,M,0.01,30.05,M,230.00
ROC,2026-02-14 03:10,18.30,92.00,26.00,1.00,6.00,M,0.01,30.05,24.00,230.00
ROC,2026-02-14 03:10,M,M,M,1.00,6.00,M,0.01,30.05,M,220.00
ROC,2026-02-14 03:15,M,M,M,1.75,6.00,M,0.01,30.05,M,230.00
ROC,2026-02-14 03:20,18.30,95.93,26.00,2.00,6.00,M,0.01,30.05,25.00,220.00
ROC,2026-02-14 03:20,M,M,M,2.00,6.00,M,0.01,30.05,M,220.00
ROC,2026-02-14 03:24,19.27,95.93,26.00,4.00,5.00,M,0.01,30.05,25.00,220.00
ROC,2026-02-14 03:25,M,M,M,4.00,5.00,M,0.01,30.05,M,210.00
ROC,2026-02-14 03:30,M,M,M,4.00,6.00,M,0.01,30.05,M,220.00
ROC,2026-02-14 03:35,M,M,M,4.00,4.00,M,0.01,30.05,M,200.00
ROC,2026-02-14 03:36,21.58,92.04,27.00,6.00,4.00,M,0.01,30.04,25.00,200.00
ROC,2026-02-14 03:40,M,M,M,3.00,4.00,M,0.01,30.04,M,200.00
ROC,2026-02-14 03:43,21.58,92.04,27.00,2.50,4.00,M,0.01,30.05,25.00,200.00
ROC,2026-02-14 03:45,M,M,M,2.50,4.00,M,0.01,30.05,M,200.00
ROC,2026-02-14 03:50,M,M,M,2.50,3.00,M,0.01,30.05,M,210.00
ROC,2026-02-14 03:54,22.97,92.04,27.00,2.50,3.00,1018.70,0.01,30.05,25.00,210.00
ROC,2026-02-14 03:55,M,M,M,2.50,3.00,M,M,30.05,M,210.00
ROC,2026-02-14 04:00,27.00,92.04,27.00,5.00,0.00,M,T,30.05,25.00,0.00
ROC,2026-02-14 04:00,M,M,M,5.00,3.00,M,M,30.05,M,220.00
ROC,2026-02-14 04:05,M,M,M,9.00,4.00,M,M,30.05,M,210.00
ROC,2026-02-14 04:10,M,M,M,9.00,4.00,M,M,30.05,M,210.00
ROC,2026-02-14 04:15,M,M,M,9.00,3.00,M,M,30.04,M,200.00
ROC,2026-02-14 04:18,22.97,92.04,27.00,9.00,3.00,M,T,30.04,25.00,210.00
ROC,2026-02-14 04:20,M,M,M,9.00,3.00,M,M,30.04,M,210.00
ROC,2026-02-14 04:25,M,M,M,9.00,4.00,M,M,30.04,M,200.00
ROC,2026-02-14 04:30,M,M,M,9.00,4.00,M,M,30.04,M,200.00
ROC,2026-02-14 04:35,M,M,M,9.00,3.00,M,M,30.04,M,190.00
ROC,2026-02-14 04:40,M,M,M,9.00,0.00,M,M,30.04,M,0.00
ROC,2026-02-14 04:45,M,M,M,9.00,0.00,M,M,30.04,M,0.00
ROC,2026-02-14 04:50,M,M,M,9.00,0.00,M,M,30.04,M,0.00
ROC,2026-02-14 04:54,24.12,88.32,28.00,9.00,3.00,1018.30,T,30.04,25.00,200.00
ROC,2026-02-14 04:55,M,M,M,9.00,3.00,M,M,30.04,M,190.00
ROC,2026-02-14 05:00,M,M,M,9.00,4.00,M,M,30.04,M,200.00
ROC,2026-02-14 05:05,M,M,M,9.00,4.00,M,M,30.03,M,200.00
ROC,2026-02-14 05:10,M,M,M,9.00,4.00,M,M,30.03,M,190.00
ROC,2026-02-14 05:12,24.12,88.32,28.00,9.00,3.00,M,T,30.03,25.00,190.00
ROC,2026-02-14 05:15,M,M,M,9.00,3.00,M,M,30.03,M,190.00
ROC,2026-02-14 05:20,M,M,M,9.00,3.00,M,M,30.03,M,190.00
ROC,2026-02-14 05:25,M,M,M,9.00,4.00,M,M,30.03,M,190.00
ROC,2026-02-14 05:30,M,M,M,9.00,3.00,M,M,30.03,M,190.00
ROC,2026-02-14 05:35,M,M,M,9.00,4.00,M,M,30.03,M,190.00
ROC,2026-02-14 05:40,M,M,M,9.00,4.00,M,M,30.03,M,200.00
ROC,2026-02-14 05:45,M,M,M,10.00,4.00,M,M,30.02,M,200.00
ROC,2026-02-14 05:50,M,M,M,10.00,4.00,M,M,30.02,M,190.00
ROC,2026-02-14 05:54,23.92,84.78,29.00,10.00,4.00,1017.60,T,30.02,25.00,200.00
ROC,2026-02-14 05:55,M,M,M,10.00,4.00,M,M,30.02,M,200.00
ROC,2026-02-14 06:00,M,M,M,10.00,4.00,M,M,30.02,M,210.00
ROC,2026-02-14 06:05,M,M,M,10.00,4.00,M,M,30.01,M,200.00
ROC,2026-02-14 06:10,M,M,M,10.00,4.00,M,M,30.01,M,210.00
ROC,2026-02-14 06:15,M,M,M,10.00,4.00,M,M,30.01,M,200.00
ROC,2026-02-14 06:20,M,M,M,10.00,5.00,M,M,30.01,M,210.00
ROC,2026-02-14 06:25,M,M,M,10.00,4.00,M,M,30.01,M,210.00
ROC,2026-02-14 06:30,M,M,M,10.00,4.00,M,M,30.01,M,220.00
ROC,2026-02-14 06:35,M,M,M,10.00,3.00,M,M,30.01,M,220.00
ROC,2026-02-14 06:40,M,M,M,10.00,4.00,M,M,30.01,M,210.00
ROC,2026-02-14 06:45,M,M,M,10.00,3.00,M,M,30.01,M,220.00
ROC,2026-02-14 06:50,M,M,M,10.00,3.00,M,M,30.01,M,210.00
ROC,2026-02-14 06:54,25.26,84.78,29.00,10.00,3.00,1017.20,0.00,30.01,25.00,200.00
ROC,2026-02-14 06:55,M,M,M,10.00,3.00,M,M,30.01,M,210.00
ROC,2026-02-14 07:00,M,M,M,10.00,4.00,M,M,30.01,M,210.00
ROC,2026-02-14 07:05,M,M,M,10.00,4.00,M,M,30.01,M,210.00
ROC,2026-02-14 07:10,M,M,M,10.00,4.00,M,M,30.01,M,220.00
ROC,2026-02-14 07:15,M,M,M,10.00,4.00,M,M,30.00,M,210.00
ROC,2026-02-14 07:20,M,M,M,10.00,4.00,M,M,30.00,M,210.00
ROC,2026-02-14 07:25,M,M,M,10.00,4.00,M,M,30.00,M,210.00
ROC,2026-02-14 07:30,M,M,M,10.00,4.00,M,M,30.00,M,210.00
ROC,2026-02-14 07:35,M,M,M,10.00,4.00,M,M,30.00,M,210.00
ROC,2026-02-14 07:40,M,M,M,10.00,3.00,M,M,30.00,M,220.00
ROC,2026-02-14 07:45,M,M,M,10.00,3.00,M,M,30.00,M,220.00
ROC,2026-02-14 07:50,M,M,M,10.00,4.00,M,M,30.00,M,220.00
ROC,2026-02-14 07:54,22.75,84.71,28.00,10.00,4.00,1016.80,0.00,30.00,24.00,220.00
ROC,2026-02-14 07:55,M,M,M,10.00,4.00,M,M,30.00,M,220.00
ROC,2026-02-14 08:00,M,M,M,10.00,3.00,M,M,29.99,M,220.00
ROC,2026-02-14 08:05,M,M,M,10.00,3.00,M,M,29.99,M,210.00
ROC,2026-02-14 08:10,M,M,M,10.00,4.00,M,M,30.00,M,210.00
ROC,2026-02-14 08:15,M,M,M,10.00,4.00,M,M,30.00,M,210.00
ROC,2026-02-14 08:20,M,M,M,10.00,3.00,M,M,29.99,M,210.00
ROC,2026-02-14 08:25,M,M,M,10.00,3.00,M,M,29.99,M,210.00
ROC,2026-02-14 08:30,M,M,M,10.00,0.00,M,M,30.00,M,0.00
ROC,2026-02-14 08:35,M,M,M,10.00,0.00,M,M,29.99,M,0.00
ROC,2026-02-14 08:40,M,M,M,10.00,0.00,M,M,29.99,M,0.00
ROC,2026-02-14 08:45,M,M,M,10.00,3.00,M,M,29.99,M,240.00
ROC,2026-02-14 08:50,M,M,M,10.00,4.00,M,M,29.99,M,240.00
ROC,2026-02-14 08:54,23.92,81.31,29.00,10.00,4.00,1016.60,0.00,29.99,24.00,240.00
ROC,2026-02-14 08:55,M,M,M,10.00,4.00,M,M,29.99,M,230.00
ROC,2026-02-14 09:00,M,M,M,10.00,5.00,M,M,29.99,M,240.00
ROC,2026-02-14 09:05,M,M,M,10.00,4.00,M,M,29.99,M,250.00
ROC,2026-02-14 09:10,M,M,M,10.00,5.00,M,M,29.99,M,260.00
ROC,2026-02-14 09:15,M,M,M,10.00,7.00,M,M,29.99,M,270.00
ROC,2026-02-14 09:20,M,M,M,10.00,8.00,M,M,29.99,M,270.00
ROC,2026-02-14 09:25,M,M,M,10.00,9.00,M,M,29.99,M,280.00
ROC,2026-02-14 09:30,M,M,M,10.00,9.00,M,M,29.99,M,270.00
ROC,2026-02-14 09:35,M,M,M,10.00,8.00,M,M,29.99,M,270.00
ROC,2026-02-14 09:40,M,M,M,10.00,8.00,M,M,30.00,M,270.00
ROC,2026-02-14 09:45,M,M,M,10.00,7.00,M,M,30.00,M,270.00
ROC,2026-02-14 09:50,M,M,M,10.00,7.00,M,M,30.00,M,270.00
ROC,2026-02-14 09:54,25.34,72.09,33.00,10.00,8.00,1016.70,0.00,30.00,25.00,270.00
ROC,2026-02-14 09:55,M,M,M,10.00,8.00,M,M,30.00,M,270.00
ROC,2026-02-14 10:00,M,M,M,10.00,9.00,M,M,30.00,M,280.00
ROC,2026-02-14 10:05,M,M,M,10.00,8.00,M,M,30.00,M,270.00
ROC,2026-02-14 10:10,M,M,M,10.00,6.00,M,M,30.00,M,270.00
ROC,2026-02-14 10:15,M,M,M,10.00,8.00,M,M,30.00,M,270.00
ROC,2026-02-14 10:20,M,M,M,10.00,8.00,M,M,30.00,M,270.00
ROC,2026-02-14 10:25,M,M,M,10.00,8.00,M,M,30.00,M,270.00
ROC,2026-02-14 10:30,M,M,M,10.00,7.00,M,M,30.01,M,270.00
ROC,2026-02-14 10:35,M,M,M,10.00,7.00,M,M,30.00,M,270.00
ROC,2026-02-14 10:40,M,M,M,10.00,8.00,M,M,30.01,M,280.00
ROC,2026-02-14 10:45,M,M,M,10.00,7.00,M,M,30.01,M,270.00
ROC,2026-02-14 10:50,M,M,M,10.00,6.00,M,M,30.01,M,270.00
ROC,2026-02-14 10:54,25.53,75.05,32.00,10.00,6.00,1017.20,0.00,30.01,25.00,280.00
ROC,2026-02-14 10:55,M,M,M,10.00,6.00,M,M,30.01,M,270.00
ROC,2026-02-14 11:00,M,M,M,10.00,7.00,M,M,30.01,M,270.00
ROC,2026-02-14 11:05,M,M,M,10.00,7.00,M,M,30.01,M,270.00
ROC,2026-02-14 11:10,M,M,M,10.00,6.00,M,M,30.01,M,270.00
ROC,2026-02-14 11:15,M,M,M,10.00,7.00,M,M,30.01,M,260.00
ROC,2026-02-14 11:20,M,M,M,10.00,7.00,M,M,30.01,M,270.00
ROC,2026-02-14 11:25,M,M,M,10.00,7.00,M,M,30.02,M,270.00
ROC,2026-02-14 11:30,M,M,M,10.00,6.00,M,M,30.02,M,270.00
ROC,2026-02-14 11:35,M,M,M,10.00,7.00,M,M,30.02,M,270.00
ROC,2026-02-14 11:40,M,M,M,10.00,7.00,M,M,30.02,M,270.00
ROC,2026-02-14 11:45,M,M,M,10.00,7.00,M,M,30.02,M,270.00
ROC,2026-02-14 11:50,M,M,M,10.00,7.00,M,M,30.02,M,270.00
ROC,2026-02-14 11:54,24.78,78.23,32.00,10.00,7.00,1017.60,0.00,30.02,26.00,270.00
ROC,2026-02-14 11:55,M,M,M,10.00,7.00,M,M,30.02,M,270.00
ROC,2026-02-14 12:00,M,M,M,10.00,7.00,M,M,30.02,M,260.00
ROC,2026-02-14 12:05,M,M,M,9.00,6.00,M,M,30.02,M,260.00
ROC,2026-02-14 12:10,M,M,M,9.00,6.00,M,M,30.02,M,270.00
ROC,2026-02-14 12:15,M,M,M,9.00,7.00,M,M,30.02,M,270.00
ROC,2026-02-14 12:20,M,M,M,8.00,6.00,M,M,30.03,M,260.00
ROC,2026-02-14 12:25,M,M,M,8.00,7.00,M,M,30.03,M,250.00
ROC,2026-02-14 12:30,M,M,M,8.00,7.00,M,M,30.03,M,250.00
ROC,2026-02-14 12:35,M,M,M,8.00,7.00,M,M,30.03,M,260.00
ROC,2026-02-14 12:40,M,M,M,8.00,7.00,M,M,30.03,M,260.00
ROC,2026-02-14 12:45,M,M,M,8.00,7.00,M,M,30.03,M,260.00
ROC,2026-02-14 12:50,M,M,M,8.00,7.00,M,M,30.03,M,260.00
ROC,2026-02-14 12:54,22.88,81.46,31.00,8.00,8.00,1018.10,0.00,30.03,26.00,260.00
ROC,2026-02-14 12:55,M,M,M,8.00,8.00,M,M,30.03,M,260.00
ROC,2026-02-14 13:00,M,M,M,7.00,6.00,M,M,30.03,M,270.00
ROC,2026-02-14 13:05,M,M,M,7.00,6.00,M,M,30.03,M,260.00
ROC,2026-02-14 13:10,M,M,M,7.00,6.00,M,M,30.03,M,270.00
ROC,2026-02-14 13:15,M,M,M,7.00,5.00,M,M,30.04,M,260.00
ROC,2026-02-14 13:20,M,M,M,7.00,7.00,M,M,30.04,M,260.00
ROC,2026-02-14 13:25,M,M,M,7.00,7.00,M,M,30.04,M,250.00
ROC,2026-02-14 13:30,M,M,M,7.00,7.00,M,M,30.04,M,250.00
ROC,2026-02-14 13:35,M,M,M,7.00,7.00,M,M,30.04,M,260.00
ROC,2026-02-14 13:40,M,M,M,7.00,8.00,M,M,30.04,M,260.00
ROC,2026-02-14 13:45,M,M,M,7.00,7.00,M,M,30.04,M,260.00
ROC,2026-02-14 13:50,M,M,M,7.00,6.00,M,M,30.04,M,260.00
ROC,2026-02-14 13:54,24.33,78.15,31.00,7.00,6.00,1018.40,0.00,30.05,25.00,260.00
ROC,2026-02-14 13:55,M,M,M,7.00,7.00,M,M,30.05,M,260.00
ROC,2026-02-14 14:00,M,M,M,7.00,8.00,M,M,30.05,M,260.00
ROC,2026-02-14 14:05,M,M,M,7.00,6.00,M,M,30.05,M,250.00
ROC,2026-02-14 14:10,M,M,M,7.00,8.00,M,M,30.05,M,250.00
ROC,2026-02-14 14:15,M,M,M,7.00,8.00,M,M,30.05,M,250.00
ROC,2026-02-14 14:20,M,M,M,8.00,9.00,M,M,30.05,M,260.00
ROC,2026-02-14 14:25,M,M,M,8.00,7.00,M,M,30.05,M,250.00
ROC,2026-02-14 14:30,M,M,M,8.00,6.00,M,M,30.06,M,260.00
ROC,2026-02-14 14:35,M,M,M,8.00,7.00,M,M,30.06,M,250.00
ROC,2026-02-14 14:40,M,M,M,8.00,8.00,M,M,30.06,M,250.00
ROC,2026-02-14 14:45,M,M,M,8.00,9.00,M,M,30.06,M,260.00
ROC,2026-02-14 14:50,M,M,M,7.00,9.00,M,M,30.06,M,260.00
ROC,2026-02-14 14:54,23.51,75.05,32.00,8.00,9.00,1019.10,0.00,30.07,25.00,260.00
ROC,2026-02-14 14:55,M,M,M,8.00,9.00,M,M,30.07,M,260.00
ROC,2026-02-14 15:00,M,M,M,8.00,9.00,M,M,30.07,M,260.00
ROC,2026-02-14 15:05,M,M,M,8.00,8.00,M,M,30.07,M,260.00
ROC,2026-02-14 15:10,M,M,M,8.00,9.00,M,M,30.07,M,260.00
ROC,2026-02-14 15:15,M,M,M,8.00,7.00,M,M,30.07,M,270.00
ROC,2026-02-14 15:19,26.00,75.15,33.00,8.00,7.00,M,0.00,30.07,26.00,270.00
ROC,2026-02-14 15:20,M,M,M,8.00,8.00,M,M,30.07,M,260.00
ROC,2026-02-14 15:25,M,M,M,8.00,8.00,M,M,30.07,M,260.00
ROC,2026-02-14 15:30,M,M,M,8.00,6.00,M,M,30.07,M,270.00
ROC,2026-02-14 15:35,M,M,M,8.00,7.00,M,M,30.07,M,270.00
ROC,2026-02-14 15:40,M,M,M,8.00,8.00,M,M,30.07,M,280.00
ROC,2026-02-14 15:45,M,M,M,8.00,6.00,M,M,30.07,M,290.00
ROC,2026-02-14 15:50,M,M,M,8.00,6.00,M,M,30.07,M,280.00
ROC,2026-02-14 15:54,26.00,72.20,34.00,8.00,9.00,1019.40,0.00,30.07,26.00,280.00
ROC,2026-02-14 15:55,M,M,M,8.00,9.00,M,M,30.08,M,280.00
ROC,2026-02-14 16:00,M,M,M,8.00,10.00,M,M,30.08,M,290.00
ROC,2026-02-14 16:05,M,M,M,8.00,10.00,M,M,30.08,M,270.00
ROC,2026-02-14 16:10,M,M,M,8.00,10.00,M,M,30.08,M,270.00
ROC,2026-02-14 16:15,M,M,M,8.00,9.00,M,M,30.09,M,270.00
ROC,2026-02-14 16:20,M,M,M,8.00,9.00,M,M,30.09,M,290.00
ROC,2026-02-14 16:23,26.58,72.20,34.00,8.00,8.00,M,0.00,30.08,26.00,280.00
ROC,2026-02-14 16:25,M,M,M,8.00,9.00,M,M,30.08,M,280.00
ROC,2026-02-14 16:30,M,M,M,8.00,8.00,M,M,30.09,M,290.00
ROC,2026-02-14 16:35,M,M,M,8.00,10.00,M,M,30.09,M,270.00
ROC,2026-02-14 16:40,M,M,M,8.00,8.00,M,M,30.09,M,270.00
ROC,2026-02-14 16:45,M,M,M,9.00,7.00,M,M,30.08,M,280.00
ROC,2026-02-14 16:50,M,M,M,9.00,7.00,M,M,30.08,M,280.00
ROC,2026-02-14 16:54,26.58,72.20,34.00,10.00,8.00,1019.60,0.00,30.08,26.00,270.00
ROC,2026-02-14 16:55,M,M,M,10.00,8.00,M,M,30.08,M,280.00
ROC,2026-02-14 17:00,M,M,M,10.00,8.00,M,M,30.08,M,300.00
ROC,2026-02-14 17:05,M,M,M,10.00,9.00,M,M,30.08,M,300.00
ROC,2026-02-14 17:10,M,M,M,10.00,8.00,M,M,30.07,M,280.00
ROC,2026-02-14 17:15,M,M,M,10.00,7.00,M,M,30.07,M,290.00
ROC,2026-02-14 17:20,M,M,M,10.00,6.00,M,M,30.07,M,280.00
ROC,2026-02-14 17:25,M,M,M,10.00,7.00,M,M,30.07,M,290.00
ROC,2026-02-14 17:30,M,M,M,10.00,8.00,M,M,30.07,M,310.00
ROC,2026-02-14 17:35,M,M,M,10.00,8.00,M,M,30.07,M,290.00
ROC,2026-02-14 17:40,M,M,M,10.00,10.00,M,M,30.07,M,280.00
ROC,2026-02-14 17:45,M,M,M,10.00,9.00,M,M,30.07,M,300.00
ROC,2026-02-14 17:50,M,M,M,10.00,9.00,M,M,30.07,M,300.00
ROC,2026-02-14 17:54,27.24,66.55,35.00,10.00,9.00,1019.20,0.00,30.07,25.00,290.00
ROC,2026-02-14 17:55,M,M,M,10.00,8.00,M,M,30.07,M,300.00
ROC,2026-02-14 18:00,M,M,M,10.00,10.00,M,M,30.07,M,290.00
ROC,2026-02-14 18:05,M,M,M,10.00,9.00,M,M,30.07,M,290.00
ROC,2026-02-14 18:10,M,M,M,10.00,7.00,M,M,30.07,M,280.00
ROC,2026-02-14 18:15,M,M,M,10.00,8.00,M,M,30.07,M,270.00
ROC,2026-02-14 18:20,M,M,M,10.00,8.00,M,M,30.07,M,290.00
ROC,2026-02-14 18:25,M,M,M,10.00,9.00,M,M,30.07,M,310.00
ROC,2026-02-14 18:30,M,M,M,10.00,7.00,M,M,30.06,M,280.00
ROC,2026-02-14 18:35,M,M,M,10.00,7.00,M,M,30.06,M,300.00
ROC,2026-02-14 18:40,M,M,M,10.00,9.00,M,M,30.06,M,310.00
ROC,2026-02-14 18:45,M,M,M,10.00,7.00,M,M,30.06,M,310.00
ROC,2026-02-14 18:50,M,M,M,10.00,7.00,M,M,30.06,M,310.00
ROC,2026-02-14 18:54,27.24,66.55,35.00,10.00,9.00,1018.90,0.00,30.06,25.00,310.00
ROC,2026-02-14 18:55,M,M,M,10.00,10.00,M,M,30.06,M,300.00
ROC,2026-02-14 19:00,M,M,M,10.00,7.00,M,M,30.06,M,290.00
ROC,2026-02-14 19:05,M,M,M,10.00,6.00,M,M,30.06,M,300.00
ROC,2026-02-14 19:10,M,M,M,10.00,8.00,M,M,30.06,M,320.00
ROC,2026-02-14 19:15,M,M,M,10.00,6.00,M,M,30.06,M,280.00
ROC,2026-02-14 19:20,M,M,M,10.00,8.00,M,M,30.06,M,290.00
ROC,2026-02-14 19:25,M,M,M,10.00,10.00,M,M,30.06,M,280.00
ROC,2026-02-14 19:30,M,M,M,10.00,8.00,M,M,30.06,M,290.00
ROC,2026-02-14 19:35,M,M,M,10.00,7.00,M,M,30.06,M,280.00
ROC,2026-02-14 19:40,M,M,M,10.00,6.00,M,M,30.06,M,280.00
ROC,2026-02-14 19:45,M,M,M,10.00,6.00,M,M,30.06,M,290.00
ROC,2026-02-14 19:50,M,M,M,10.00,4.00,M,M,30.06,M,310.00
ROC,2026-02-14 19:54,29.96,66.55,35.00,10.00,5.00,1018.80,0.00,30.06,25.00,320.00
ROC,2026-02-14 19:55,M,M,M,10.00,5.00,M,M,30.06,M,330.00
ROC,2026-02-14 20:00,M,M,M,10.00,5.00,M,M,30.06,M,320.00
ROC,2026-02-14 20:05,M,M,M,10.00,6.00,M,M,30.06,M,320.00
ROC,2026-02-14 20:10,M,M,M,10.00,5.00,M,M,30.06,M,300.00
ROC,2026-02-14 20:15,M,M,M,10.00,4.00,M,M,30.06,M,320.00
ROC,2026-02-14 20:20,M,M,M,10.00,5.00,M,M,30.06,M,290.00
ROC,2026-02-14 20:25,M,M,M,10.00,4.00,M,M,30.06,M,280.00
ROC,2026-02-14 20:30,M,M,M,10.00,5.00,M,M,30.06,M,270.00
ROC,2026-02-14 20:35,M,M,M,10.00,5.00,M,M,30.06,M,290.00
ROC,2026-02-14 20:40,M,M,M,10.00,6.00,M,M,30.06,M,280.00
ROC,2026-02-14 20:45,M,M,M,10.00,5.00,M,M,30.06,M,260.00
ROC,2026-02-14 20:50,M,M,M,10.00,6.00,M,M,30.06,M,270.00
ROC,2026-02-14 20:54,29.65,66.67,36.00,10.00,7.00,1019.00,0.00,30.06,26.00,250.00
ROC,2026-02-14 20:55,M,M,M,10.00,7.00,M,M,30.06,M,250.00
ROC,2026-02-14 21:00,M,M,M,10.00,8.00,M,M,30.06,M,270.00
ROC,2026-02-14 21:05,M,M,M,10.00,7.00,M,M,30.07,M,260.00
ROC,2026-02-14 21:10,M,M,M,10.00,3.00,M,M,30.07,M,10.00
ROC,2026-02-14 21:15,M,M,M,10.00,5.00,M,M,30.07,M,350.00
ROC,2026-02-14 21:20,M,M,M,10.00,6.00,M,M,30.06,M,360.00
ROC,2026-02-14 21:25,M,M,M,10.00,0.00,M,M,30.07,M,0.00
ROC,2026-02-14 21:30,M,M,M,10.00,5.00,M,M,30.07,M,360.00
ROC,2026-02-14 21:35,M,M,M,10.00,4.00,M,M,30.07,M,10.00
ROC,2026-02-14 21:40,M,M,M,10.00,5.00,M,M,30.06,M,20.00
ROC,2026-02-14 21:45,M,M,M,10.00,6.00,M,M,30.06,M,10.00
ROC,2026-02-14 21:50,M,M,M,10.00,5.00,M,M,30.06,M,10.00
ROC,2026-02-14 21:54,28.77,78.41,34.00,10.00,5.00,1018.90,0.00,30.06,28.00,20.00
ROC,2026-02-14 21:55,M,M,M,10.00,5.00,M,M,30.06,M,20.00
ROC,2026-02-14 22:00,M,M,M,10.00,5.00,M,M,30.07,M,20.00
ROC,2026-02-14 22:05,M,M,M,10.00,4.00,M,M,30.07,M,20.00
ROC,2026-02-14 22:10,M,M,M,10.00,4.00,M,M,30.07,M,40.00
ROC,2026-02-14 22:15,M,M,M,10.00,4.00,M,M,30.07,M,40.00
ROC,2026-02-14 22:20,M,M,M,10.00,5.00,M,M,30.07,M,10.00
ROC,2026-02-14 22:25,M,M,M,10.00,4.00,M,M,30.06,M,40.00
ROC,2026-02-14 22:30,M,M,M,10.00,4.00,M,M,30.06,M,50.00
ROC,2026-02-14 22:35,M,M,M,10.00,3.00,M,M,30.06,M,40.00
ROC,2026-02-14 22:40,M,M,M,10.00,0.00,M,M,30.06,M,0.00
ROC,2026-02-14 22:45,M,M,M,10.00,3.00,M,M,30.06,M,40.00
ROC,2026-02-14 22:50,M,M,M,10.00,5.00,M,M,30.06,M,30.00
ROC,2026-02-14 22:54,28.59,81.62,33.00,10.00,4.00,1019.00,0.00,30.06,28.00,60.00
ROC,2026-02-14 22:55,M,M,M,10.00,3.00,M,M,30.06,M,50.00
ROC,2026-02-14 23:00,M,M,M,10.00,4.00,M,M,30.07,M,50.00
ROC,2026-02-14 23:05,M,M,M,10.00,5.00,M,M,30.07,M,20.00
ROC,2026-02-14 23:10,M,M,M,10.00,5.00,M,M,30.07,M,40.00
ROC,2026-02-14 23:15,M,M,M,10.00,4.00,M,M,30.07,M,50.00
ROC,2026-02-14 23:20,M,M,M,10.00,4.00,M,M,30.07,M,50.00
ROC,2026-02-14 23:25,M,M,M,10.00,4.00,M,M,30.07,M,60.00
ROC,2026-02-14 23:30,M,M,M,10.00,4.00,M,M,30.07,M,70.00
ROC,2026-02-14 23:35,M,M,M,10.00,3.00,M,M,30.07,M,60.00
ROC,2026-02-14 23:40,M,M,M,10.00,4.00,M,M,30.07,M,70.00
ROC,2026-02-14 23:45,M,M,M,10.00,4.00,M,M,30.08,M,60.00
ROC,2026-02-14 23:50,M,M,M,10.00,3.00,M,M,30.08,M,70.00
ROC,2026-02-14 23:54,28.69,84.97,32.00,10.00,3.00,1019.50,0.00,30.08,28.00,50.00
ROC,2026-02-14 23:55,M,M,M,10.00,3.00,M,M,30.08,M,50.00
ROC,2026-02-15 00:00,M,M,M,10.00,4.00,M,M,30.08,M,30.00
ROC,2026-02-15 00:05,M,M,M,10.00,3.00,M,M,30.07,M,50.00
ROC,2026-02-15 00:10,M,M,M,10.00,4.00,M,M,30.08,M,40.00
ROC,2026-02-15 00:15,M,M,M,10.00,4.00,M,M,30.07,M,60.00
ROC,2026-02-15 00:20,M,M,M,10.00,4.00,M,M,30.07,M,50.00
ROC,2026-02-15 00:25,M,M,M,10.00,5.00,M,M,30.07,M,50.00
ROC,2026-02-15 00:30,M,M,M,10.00,5.00,M,M,30.07,M,60.00
ROC,2026-02-15 00:35,M,M,M,10.00,4.00,M,M,30.07,M,60.00
ROC,2026-02-15 00:40,M,M,M,10.00,3.00,M,M,30.07,M,60.00
ROC,2026-02-15 00:45,M,M,M,10.00,3.00,M,M,30.07,M,50.00
ROC,2026-02-15 00:50,M,M,M,10.00,3.00,M,M,30.08,M,30.00
ROC,2026-02-15 00:54,28.69,84.97,32.00,10.00,3.00,1019.60,0.00,30.08,28.00,50.00
ROC,2026-02-15 00:55,M,M,M,10.00,3.00,M,M,30.08,M,40.00
ROC,2026-02-15 01:00,M,M,M,10.00,0.00,M,M,30.08,M,0.00
ROC,2026-02-15 01:05,M,M,M,10.00,0.00,M,M,30.09,M,0.00
ROC,2026-02-15 01:10,M,M,M,10.00,0.00,M,M,30.09,M,0.00
ROC,2026-02-15 01:15,M,M,M,10.00,0.00,M,M,30.10,M,0.00
ROC,2026-02-15 01:20,M,M,M,10.00,0.00,M,M,30.09,M,0.00
ROC,2026-02-15 01:25,M,M,M,10.00,3.00,M,M,30.09,M,40.00
ROC,2026-02-15 01:30,M,M,M,10.00,3.00,M,M,30.09,M,10.00
ROC,2026-02-15 01:35,M,M,M,10.00,4.00,M,M,30.09,M,20.00
ROC,2026-02-15 01:40,M,M,M,10.00,4.00,M,M,30.09,M,30.00
ROC,2026-02-15 01:45,M,M,M,10.00,4.00,M,M,30.09,M,20.00
ROC,2026-02-15 01:50,M,M,M,10.00,3.00,M,M,30.09,M,20.00
ROC,2026-02-15 01:54,27.42,81.54,32.00,10.00,4.00,1019.70,0.00,30.09,27.00,30.00
ROC,2026-02-15 01:55,M,M,M,10.00,4.00,M,M,30.08,M,30.00
ROC,2026-02-15 02:00,M,M,M,10.00,4.00,M,M,30.09,M,20.00
ROC,2026-02-15 02:05,M,M,M,10.00,4.00,M,M,30.08,M,30.00
ROC,2026-02-15 02:10,M,M,M,10.00,5.00,M,M,30.08,M,30.00
ROC,2026-02-15 02:15,M,M,M,10.00,4.00,M,M,30.08,M,30.00
ROC,2026-02-15 02:20,M,M,M,10.00,4.00,M,M,30.07,M,40.00
ROC,2026-02-15 02:25,M,M,M,10.00,3.00,M,M,30.08,M,60.00
ROC,2026-02-15 02:30,M,M,M,10.00,0.00,M,M,30.08,M,0.00
ROC,2026-02-15 02:35,M,M,M,10.00,0.00,M,M,30.08,M,0.00
ROC,2026-02-15 02:40,M,M,M,10.00,0.00,M,M,30.08,M,0.00
ROC,2026-02-15 02:45,M,M,M,10.00,0.00,M,M,30.08,M,0.00
ROC,2026-02-15 02:50,M,M,M,10.00,0.00,M,M,30.08,M,0.00
ROC,2026-02-15 02:54,31.00,84.90,31.00,9.00,0.00,1019.40,0.00,30.08,27.00,0.00
ROC,2026-02-15 02:55,M,M,M,9.00,0.00,M,M,30.08,M,0.00
ROC,2026-02-15 03:00,M,M,M,10.00,0.00,M,M,30.07,M,0.00
ROC,2026-02-15 03:05,M,M,M,10.00,0.00,M,M,30.07,M,0.00
ROC,2026-02-15 03:10,M,M,M,10.00,0.00,M,M,30.07,M,0.00
ROC,2026-02-15 03:15,M,M,M,9.00,0.00,M,M,30.07,M,0.00
ROC,2026-02-15 03:20,M,M,M,9.00,0.00,M,M,30.07,M,0.00
ROC,2026-02-15 03:25,M,M,M,9.00,3.00,M,M,30.06,M,130.00
ROC,2026-02-15 03:30,M,M,M,8.00,0.00,M,M,30.06,M,0.00
ROC,2026-02-15 03:35,M,M,M,8.00,0.00,M,M,30.06,M,0.00
ROC,2026-02-15 03:40,M,M,M,8.00,4.00,M,M,30.06,M,210.00
ROC,2026-02-15 03:45,M,M,M,8.00,0.00,M,M,30.06,M,0.00
ROC,2026-02-15 03:50,M,M,M,8.00,4.00,M,M,30.06,M,210.00
ROC,2026-02-15 03:54,25.26,92.11,29.00,8.00,3.00,1019.00,0.00,30.06,27.00,210.00
ROC,2026-02-15 03:55,M,M,M,8.00,3.00,M,M,30.06,M,210.00
ROC,2026-02-15 04:00,M,M,M,8.00,0.00,M,M,30.06,M,0.00
ROC,2026-02-15 04:05,M,M,M,8.00,0.00,M,M,30.06,M,0.00
ROC,2026-02-15 04:10,M,M,M,8.00,0.00,M,M,30.06,M,0.00
ROC,2026-02-15 04:15,M,M,M,8.00,0.00,M,M,30.06,M,0.00
ROC,2026-02-15 04:20,M,M,M,7.00,0.00,M,M,30.06,M,0.00
ROC,2026-02-15 04:20,29.00,92.11,29.00,7.00,0.00,M,0.00,30.06,27.00,0.00
ROC,2026-02-15 04:25,M,M,M,7.00,0.00,M,M,30.06,M,0.00
ROC,2026-02-15 04:27,28.00,95.96,28.00,7.00,0.00,M,0.00,30.06,27.00,0.00
ROC,2026-02-15 04:30,M,M,M,7.00,0.00,M,M,30.06,M,0.00
ROC,2026-02-15 04:35,M,M,M,7.00,0.00,M,M,30.06,M,0.00
ROC,2026-02-15 04:40,M,M,M,7.00,0.00,M,M,30.06,M,0.00
ROC,2026-02-15 04:45,M,M,M,6.00,0.00,M,M,30.06,M,0.00
ROC,2026-02-15 04:50,M,M,M,5.00,0.00,M,M,30.06,M,0.00
ROC,2026-02-15 04:54,27.00,95.95,27.00,5.00,0.00,1018.70,0.00,30.05,26.00,0.00
ROC,2026-02-15 04:55,M,M,M,5.00,0.00,M,M,30.05,M,0.00
ROC,2026-02-15 05:00,M,M,M,4.00,0.00,M,M,30.06,M,0.00
ROC,2026-02-15 05:05,M,M,M,4.00,0.00,M,M,30.06,M,0.00
ROC,2026-02-15 05:07,26.00,95.93,26.00,3.00,0.00,M,0.00,30.06,25.00,0.00
ROC,2026-02-15 05:10,M,M,M,3.00,0.00,M,M,30.05,M,0.00
ROC,2026-02-15 05:15,M,M,M,2.00,0.00,M,M,30.05,M,0.00
ROC,2026-02-15 05:17,26.00,100.00,26.00,2.00,0.00,M,0.00,30.05,26.00,0.00
ROC,2026-02-15 05:20,M,M,M,2.00,0.00,M,M,30.05,M,0.00
ROC,2026-02-15 05:25,M,M,M,2.00,0.00,M,M,30.05,M,0.00
ROC,2026-02-15 05:30,M,M,M,2.00,0.00,M,M,30.05,M,0.00
ROC,2026-02-15 05:35,M,M,M,2.00,0.00,M,M,30.05,M,0.00
ROC,2026-02-15 05:40,M,M,M,2.00,0.00,M,M,30.05,M,0.00
ROC,2026-02-15 05:45,M,M,M,2.00,0.00,M,M,30.05,M,0.00
ROC,2026-02-15 05:50,M,M,M,2.00,0.00,M,M,30.05,M,0.00
ROC,2026-02-15 05:54,24.00,100.00,24.00,2.00,0.00,1018.70,0.00,30.05,24.00,0.00
ROC,2026-02-15 05:55,M,M,M,0.75,0.00,M,M,30.06,M,0.00
ROC,2026-02-15 05:58,24.00,100.00,24.00,0.50,0.00,M,0.00,30.06,24.00,0.00
ROC,2026-02-15 06:00,M,M,M,0.25,0.00,M,M,30.06,M,0.00
ROC,2026-02-15 06:05,M,M,M,0.24,0.00,M,M,30.06,M,0.00
ROC,2026-02-15 06:06,22.00,100.00,22.00,0.25,0.00,M,0.00,30.06,22.00,0.00
ROC,2026-02-15 06:10,M,M,M,0.24,0.00,M,M,30.06,M,0.00
ROC,2026-02-15 06:15,M,M,M,0.24,0.00,M,M,30.06,M,0.00
ROC,2026-02-15 06:20,M,M,M,0.50,0.00,M,M,30.06,M,0.00
ROC,2026-02-15 06:25,M,M,M,0.50,0.00,M,M,30.07,M,0.00
ROC,2026-02-15 06:25,23.00,95.87,23.00,0.50,0.00,M,0.00,30.07,22.00,0.00
ROC,2026-02-15 06:30,M,M,M,0.50,0.00,M,M,30.07,M,0.00
ROC,2026-02-15 06:32,22.00,100.00,22.00,0.50,0.00,M,0.00,30.07,22.00,0.00
ROC,2026-02-15 06:34,22.00,95.85,22.00,0.50,0.00,M,0.00,30.07,21.00,0.00
ROC,2026-02-15 06:35,M,M,M,0.50,0.00,M,M,30.07,M,0.00
ROC,2026-02-15 06:40,M,M,M,6.00,0.00,M,M,30.06,M,0.00
ROC,2026-02-15 06:45,M,M,M,6.00,0.00,M,M,30.07,M,0.00
ROC,2026-02-15 06:46,22.00,100.00,22.00,6.00,0.00,M,0.00,30.07,22.00,0.00
ROC,2026-02-15 06:50,M,M,M,6.00,0.00,M,M,30.06,M,0.00
ROC,2026-02-15 06:54,23.00,95.87,23.00,6.00,0.00,1019.10,0.00,30.06,22.00,0.00
ROC,2026-02-15 06:55,M,M,M,0.25,0.00,M,M,30.06,M,0.00
ROC,2026-02-15 07:00,M,M,M,6.00,3.00,M,M,30.06,M,60.00
ROC,2026-02-15 07:02,17.26,100.00,22.00,6.00,3.00,M,0.00,30.06,22.00,60.00
ROC,2026-02-15 07:05,M,M,M,6.00,3.00,M,M,30.06,M,70.00
ROC,2026-02-15 07:10,M,M,M,6.00,0.00,M,M,30.06,M,0.00
ROC,2026-02-15 07:15,M,M,M,6.00,0.00,M,M,30.06,M,0.00
ROC,2026-02-15 07:20,21.00,100.00,21.00,6.00,0.00,M,0.00,30.06,21.00,0.00
ROC,2026-02-15 07:20,M,M,M,6.00,0.00,M,M,30.06,M,0.00
ROC,2026-02-15 07:25,M,M,M,6.00,0.00,M,M,30.07,M,0.00
ROC,2026-02-15 07:30,M,M,M,6.00,0.00,M,M,30.07,M,0.00
ROC,2026-02-15 07:32,20.00,100.00,20.00,6.00,0.00,M,0.00,30.07,20.00,0.00
ROC,2026-02-15 07:35,M,M,M,6.00,0.00,M,M,30.07,M,0.00
ROC,2026-02-15 07:40,M,M,M,6.00,0.00,M,M,30.06,M,0.00
ROC,2026-02-15 07:43,20.00,100.00,20.00,6.00,0.00,M,0.00,30.06,20.00,0.00
ROC,2026-02-15 07:45,M,M,M,6.00,0.00,M,M,30.06,M,0.00
ROC,2026-02-15 07:50,M,M,M,6.00,0.00,M,M,30.06,M,0.00
ROC,2026-02-15 07:54,21.00,95.83,21.00,6.00,0.00,1018.90,0.00,30.06,20.00,0.00
ROC,2026-02-15 07:55,M,M,M,6.00,0.00,M,M,30.06,M,0.00
ROC,2026-02-15 08:00,M,M,M,6.00,0.00,M,M,30.06,M,0.00
ROC,2026-02-15 08:05,M,M,M,6.00,0.00,M,M,30.06,M,0.00
ROC,2026-02-15 08:10,M,M,M,6.00,0.00,M,M,30.06,M,0.00
ROC,2026-02-15 08:15,M,M,M,6.00,0.00,M,M,30.06,M,0.00
ROC,2026-02-15 08:20,M,M,M,6.00,0.00,M,M,30.06,M,0.00
ROC,2026-02-15 08:25,M,M,M,6.00,0.00,M,M,30.06,M,0.00
ROC,2026-02-15 08:30,M,M,M,6.00,0.00,M,M,30.06,M,0.00
ROC,2026-02-15 08:35,M,M,M,6.00,0.00,M,M,30.06,M,0.00
ROC,2026-02-15 08:40,M,M,M,6.00,0.00,M,M,30.06,M,0.00
ROC,2026-02-15 08:45,M,M,M,6.00,0.00,M,M,30.06,M,0.00
ROC,2026-02-15 08:50,M,M,M,6.00,0.00,M,M,30.06,M,0.00
ROC,2026-02-15 08:54,19.00,100.00,19.00,6.00,0.00,1019.10,0.00,30.06,19.00,0.00
ROC,2026-02-15 08:55,M,M,M,0.24,0.00,M,M,30.06,M,0.00
ROC,2026-02-15 09:00,M,M,M,0.24,0.00,M,M,30.06,M,0.00
ROC,2026-02-15 09:01,20.00,100.00,20.00,0.25,0.00,M,0.00,30.06,20.00,0.00
ROC,2026-02-15 09:05,M,M,M,0.24,0.00,M,M,30.06,M,0.00
ROC,2026-02-15 09:10,M,M,M,0.24,0.00,M,M,30.06,M,0.00
ROC,2026-02-15 09:15,M,M,M,0.25,0.00,M,M,30.06,M,0.00
ROC,2026-02-15 09:18,21.00,95.83,21.00,1.00,0.00,M,0.00,30.06,20.00,0.00
ROC,2026-02-15 09:20,M,M,M,2.00,0.00,M,M,30.06,M,0.00
ROC,2026-02-15 09:25,M,M,M,0.75,0.00,M,M,30.05,M,0.00
ROC,2026-02-15 09:30,M,M,M,0.50,0.00,M,M,30.06,M,0.00
ROC,2026-02-15 09:31,21.00,95.83,21.00,0.50,0.00,M,0.00,30.06,20.00,0.00
ROC,2026-02-15 09:35,M,M,M,0.25,0.00,M,M,30.06,M,0.00
ROC,2026-02-15 09:40,M,M,M,0.25,0.00,M,M,30.06,M,0.00
ROC,2026-02-15 09:41,22.00,95.85,22.00,0.25,0.00,M,0.00,30.06,21.00,0.00
ROC,2026-02-15 09:45,M,M,M,0.75,0.00,M,M,30.06,M,0.00
ROC,2026-02-15 09:47,22.00,95.85,22.00,1.00,0.00,M,0.00,30.06,21.00,0.00
ROC,2026-02-15 09:50,M,M,M,2.00,0.00,M,M,30.06,M,0.00
ROC,2026-02-15 09:54,22.00,95.85,22.00,2.50,0.00,1019.00,0.00,30.06,21.00,0.00
ROC,2026-02-15 09:55,M,M,M,3.00,0.00,M,M,30.06,M,0.00
ROC,2026-02-15 10:00,M,M,M,2.50,0.00,M,M,30.06,M,0.00
ROC,2026-02-15 10:05,M,M,M,2.00,0.00,M,M,30.06,M,0.00
ROC,2026-02-15 10:10,M,M,M,2.00,0.00,M,M,30.06,M,0.00
ROC,2026-02-15 10:15,M,M,M,3.00,0.00,M,M,30.06,M,0.00
ROC,2026-02-15 10:20,21.00,91.82,21.00,5.00,0.00,M,0.00,30.06,19.00,0.00
ROC,2026-02-15 10:20,M,M,M,5.00,0.00,M,M,30.06,M,0.00
ROC,2026-02-15 10:25,M,M,M,4.00,0.00,M,M,30.06,M,0.00
ROC,2026-02-15 10:30,M,M,M,4.00,0.00,M,M,30.06,M,0.00
ROC,2026-02-15 10:35,M,M,M,3.50,0.00,M,M,30.06,M,0.00
ROC,2026-02-15 10:40,M,M,M,4.00,0.00,M,M,30.05,M,0.00
ROC,2026-02-15 10:45,M,M,M,4.00,3.00,M,M,30.05,M,60.00
ROC,2026-02-15 10:50,M,M,M,5.00,4.00,M,M,30.05,M,80.00
ROC,2026-02-15 10:54,15.74,95.85,22.00,5.00,4.00,1018.60,0.00,30.05,21.00,80.00
ROC,2026-02-15 10:55,M,M,M,5.00,5.00,M,M,30.05,M,80.00
ROC,2026-02-15 11:00,M,M,M,5.00,5.00,M,M,30.05,M,90.00
ROC,2026-02-15 11:05,M,M,M,6.00,5.00,M,M,30.05,M,90.00
ROC,2026-02-15 11:10,M,M,M,6.00,4.00,M,M,30.05,M,110.00
ROC,2026-02-15 11:15,M,M,M,6.00,5.00,M,M,30.05,M,100.00
ROC,2026-02-15 11:20,M,M,M,7.00,5.00,M,M,30.05,M,100.00
ROC,2026-02-15 11:25,M,M,M,8.00,5.00,M,M,30.05,M,100.00
ROC,2026-02-15 11:30,M,M,M,9.00,5.00,M,M,30.05,M,110.00
ROC,2026-02-15 11:35,M,M,M,9.00,5.00,M,M,30.05,M,110.00
ROC,2026-02-15 11:40,M,M,M,10.00,6.00,M,M,30.05,M,120.00
ROC,2026-02-15 11:45,M,M,M,10.00,5.00,M,M,30.05,M,110.00
ROC,2026-02-15 11:50,M,M,M,10.00,4.00,M,M,30.05,M,120.00
ROC,2026-02-15 11:54,20.46,92.04,27.00,9.00,5.00,1018.60,0.00,30.05,25.00,120.00
ROC,2026-02-15 11:55,M,M,M,9.00,5.00,M,M,30.05,M,120.00
ROC,2026-02-15 12:00,M,M,M,9.00,5.00,M,M,30.05,M,120.00
ROC,2026-02-15 12:05,M,M,M,9.00,5.00,M,M,30.05,M,140.00
ROC,2026-02-15 12:10,M,M,M,8.00,4.00,M,M,30.05,M,120.00
ROC,2026-02-15 12:15,M,M,M,8.00,5.00,M,M,30.05,M,130.00
ROC,2026-02-15 12:20,M,M,M,7.00,4.00,M,M,30.06,M,120.00
ROC,2026-02-15 12:25,M,M,M,7.00,3.00,M,M,30.06,M,120.00
ROC,2026-02-15 12:30,M,M,M,6.00,4.00,M,M,30.06,M,110.00
ROC,2026-02-15 12:35,M,M,M,6.00,3.00,M,M,30.06,M,110.00
ROC,2026-02-15 12:40,M,M,M,6.00,3.00,M,M,30.06,M,110.00
ROC,2026-02-15 12:45,M,M,M,6.00,4.00,M,M,30.06,M,90.00
ROC,2026-02-15 12:50,M,M,M,6.00,4.00,M,M,30.06,M,90.00
ROC,2026-02-15 12:54,20.46,92.04,27.00,6.00,5.00,1019.00,0.00,30.06,25.00,70.00
ROC,2026-02-15 12:55,M,M,M,6.00,5.00,M,M,30.06,M,70.00
ROC,2026-02-15 13:00,M,M,M,6.00,6.00,M,M,30.06,M,80.00
ROC,2026-02-15 13:05,M,M,M,6.00,6.00,M,M,30.06,M,90.00
ROC,2026-02-15 13:10,M,M,M,6.00,5.00,M,M,30.06,M,80.00
ROC,2026-02-15 13:15,M,M,M,7.00,6.00,M,M,30.06,M,90.00
ROC,2026-02-15 13:20,M,M,M,7.00,6.00,M,M,30.06,M,80.00
ROC,2026-02-15 13:25,M,M,M,7.00,6.00,M,M,30.06,M,80.00
ROC,2026-02-15 13:30,M,M,M,7.00,6.00,M,M,30.06,M,90.00
ROC,2026-02-15 13:35,M,M,M,7.00,7.00,M,M,30.06,M,90.00
ROC,2026-02-15 13:40,M,M,M,8.00,7.00,M,M,30.05,M,90.00
ROC,2026-02-15 13:45,M,M,M,8.00,6.00,M,M,30.06,M,90.00
ROC,2026-02-15 13:50,M,M,M,8.00,5.00,M,M,30.06,M,100.00
ROC,2026-02-15 13:54,20.71,88.32,28.00,8.00,6.00,1018.80,0.00,30.06,25.00,100.00
ROC,2026-02-15 13:55,M,M,M,8.00,7.00,M,M,30.06,M,100.00
ROC,2026-02-15 14:00,M,M,M,8.00,8.00,M,M,30.06,M,100.00
ROC,2026-02-15 14:05,M,M,M,9.00,7.00,M,M,30.06,M,110.00
ROC,2026-02-15 14:10,M,M,M,9.00,7.00,M,M,30.05,M,110.00
ROC,2026-02-15 14:15,M,M,M,9.00,6.00,M,M,30.05,M,110.00
ROC,2026-02-15 14:20,M,M,M,9.00,5.00,M,M,30.05,M,120.00
ROC,2026-02-15 14:25,M,M,M,9.00,7.00,M,M,30.05,M,110.00
ROC,2026-02-15 14:30,M,M,M,9.00,7.00,M,M,30.05,M,110.00
ROC,2026-02-15 14:35,M,M,M,9.00,5.00,M,M,30.05,M,120.00
ROC,2026-02-15 14:40,M,M,M,9.00,7.00,M,M,30.05,M,110.00
ROC,2026-02-15 14:45,M,M,M,9.00,6.00,M,M,30.04,M,110.00
ROC,2026-02-15 14:50,M,M,M,9.00,9.00,M,M,30.04,M,110.00
ROC,2026-02-15 14:54,20.46,81.39,30.00,9.00,10.00,1018.20,0.00,30.04,25.00,120.00
ROC,2026-02-15 14:55,M,M,M,9.00,9.00,M,M,30.04,M,110.00
ROC,2026-02-15 15:00,M,M,M,9.00,9.00,M,M,30.04,M,110.00
ROC,2026-02-15 15:05,M,M,M,9.00,9.00,M,M,30.04,M,90.00
ROC,2026-02-15 15:10,M,M,M,9.00,9.00,M,M,30.04,M,100.00
ROC,2026-02-15 15:15,M,M,M,10.00,9.00,M,M,30.04,M,100.00
ROC,2026-02-15 15:20,M,M,M,9.00,9.00,M,M,30.04,M,100.00
ROC,2026-02-15 15:25,M,M,M,9.00,10.00,M,M,30.04,M,110.00
ROC,2026-02-15 15:30,M,M,M,9.00,9.00,M,M,30.04,M,90.00
ROC,2026-02-15 15:35,M,M,M,9.00,9.00,M,M,30.03,M,100.00
ROC,2026-02-15 15:40,M,M,M,9.00,7.00,M,M,30.03,M,120.00
ROC,2026-02-15 15:45,M,M,M,9.00,8.00,M,M,30.04,M,110.00
ROC,2026-02-15 15:50,M,M,M,10.00,8.00,M,M,30.04,M,80.00
ROC,2026-02-15 15:54,26.58,69.26,34.00,10.00,8.00,1018.10,0.00,30.04,25.00,120.00
ROC,2026-02-15 15:55,M,M,M,10.00,8.00,M,M,30.03,M,120.00
ROC,2026-02-15 16:00,M,M,M,10.00,8.00,M,M,30.03,M,100.00
ROC,2026-02-15 16:05,M,M,M,10.00,6.00,M,M,30.03,M,110.00
ROC,2026-02-15 16:10,M,M,M,10.00,6.00,M,M,30.03,M,90.00
ROC,2026-02-15 16:15,M,M,M,10.00,7.00,M,M,30.03,M,110.00
ROC,2026-02-15 16:20,M,M,M,10.00,9.00,M,M,30.03,M,100.00
ROC,2026-02-15 16:25,M,M,M,10.00,8.00,M,M,30.03,M,110.00
ROC,2026-02-15 16:30,M,M,M,10.00,7.00,M,M,30.03,M,100.00
ROC,2026-02-15 16:35,M,M,M,10.00,6.00,M,M,30.03,M,80.00
ROC,2026-02-15 16:40,M,M,M,10.00,4.00,M,M,30.02,M,130.00
ROC,2026-02-15 16:45,M,M,M,10.00,7.00,M,M,30.02,M,130.00
ROC,2026-02-15 16:50,M,M,M,10.00,6.00,M,M,30.02,M,130.00
ROC,2026-02-15 16:54,28.44,69.37,35.00,10.00,7.00,1017.40,0.00,30.02,26.00,90.00
ROC,2026-02-15 16:55,M,M,M,10.00,8.00,M,M,30.01,M,100.00
ROC,2026-02-15 17:00,M,M,M,10.00,8.00,M,M,30.01,M,110.00
ROC,2026-02-15 17:05,M,M,M,10.00,5.00,M,M,30.01,M,110.00
ROC,2026-02-15 17:10,M,M,M,10.00,8.00,M,M,30.01,M,130.00
ROC,2026-02-15 17:15,M,M,M,10.00,8.00,M,M,30.00,M,130.00
ROC,2026-02-15 17:20,M,M,M,10.00,5.00,M,M,30.00,M,130.00
ROC,2026-02-15 17:25,M,M,M,10.00,7.00,M,M,30.00,M,100.00
ROC,2026-02-15 17:30,M,M,M,10.00,9.00,M,M,30.00,M,130.00
ROC,2026-02-15 17:35,M,M,M,10.00,7.00,M,M,29.99,M,120.00
ROC,2026-02-15 17:40,M,M,M,10.00,7.00,M,M,29.99,M,120.00
ROC,2026-02-15 17:45,M,M,M,10.00,9.00,M,M,29.99,M,110.00
ROC,2026-02-15 17:50,M,M,M,10.00,8.00,M,M,29.99,M,110.00
ROC,2026-02-15 17:54,30.35,66.67,36.00,10.00,6.00,1016.50,0.00,29.99,26.00,120.00
ROC,2026-02-15 17:55,M,M,M,10.00,7.00,M,M,29.99,M,130.00
ROC,2026-02-15 18:00,M,M,M,10.00,7.00,M,M,29.99,M,120.00
ROC,2026-02-15 18:05,M,M,M,10.00,5.00,M,M,29.99,M,120.00
ROC,2026-02-15 18:10,M,M,M,10.00,9.00,M,M,29.99,M,100.00
ROC,2026-02-15 18:15,M,M,M,10.00,5.00,M,M,29.98,M,80.00
ROC,2026-02-15 18:20,M,M,M,10.00,6.00,M,M,29.98,M,80.00
ROC,2026-02-15 18:25,M,M,M,10.00,6.00,M,M,29.98,M,80.00
ROC,2026-02-15 18:30,M,M,M,9.00,7.00,M,M,29.98,M,70.00
ROC,2026-02-15 18:35,M,M,M,9.00,7.00,M,M,29.98,M,90.00
ROC,2026-02-15 18:40,M,M,M,10.00,6.00,M,M,29.97,M,80.00
ROC,2026-02-15 18:45,M,M,M,9.00,8.00,M,M,29.97,M,100.00
ROC,2026-02-15 18:50,M,M,M,9.00,8.00,M,M,29.97,M,110.00
ROC,2026-02-15 18:54,30.27,64.09,37.00,10.00,8.00,1015.70,0.00,29.97,26.00,110.00
ROC,2026-02-15 18:55,M,M,M,10.00,8.00,M,M,29.97,M,100.00
ROC,2026-02-15 19:00,M,M,M,10.00,8.00,M,M,29.96,M,100.00
ROC,2026-02-15 19:05,M,M,M,10.00,9.00,M,M,29.96,M,100.00
ROC,2026-02-15 19:10,M,M,M,10.00,8.00,M,M,29.96,M,120.00
ROC,2026-02-15 19:15,M,M,M,10.00,7.00,M,M,29.96,M,100.00
ROC,2026-02-15 19:20,M,M,M,10.00,8.00,M,M,29.96,M,110.00
ROC,2026-02-15 19:25,M,M,M,10.00,10.00,M,M,29.96,M,90.00
ROC,2026-02-15 19:30,M,M,M,10.00,7.00,M,M,29.96,M,80.00
ROC,2026-02-15 19:35,M,M,M,10.00,9.00,M,M,29.95,M,90.00
ROC,2026-02-15 19:40,M,M,M,10.00,9.00,M,M,29.95,M,100.00
ROC,2026-02-15 19:45,M,M,M,10.00,8.00,M,M,29.95,M,90.00
ROC,2026-02-15 19:50,M,M,M,10.00,9.00,M,M,29.95,M,100.00
ROC,2026-02-15 19:54,32.09,61.62,38.00,10.00,7.00,1015.10,0.00,29.95,26.00,90.00
ROC,2026-02-15 19:55,M,M,M,10.00,7.00,M,M,29.95,M,80.00
ROC,2026-02-15 20:00,M,M,M,10.00,8.00,M,M,29.95,M,80.00
ROC,2026-02-15 20:05,M,M,M,10.00,4.00,M,M,29.95,M,80.00
ROC,2026-02-15 20:10,M,M,M,10.00,8.00,M,M,29.95,M,80.00
ROC,2026-02-15 20:15,M,M,M,10.00,6.00,M,M,29.95,M,90.00
ROC,2026-02-15 20:20,M,M,M,10.00,7.00,M,M,29.95,M,100.00
ROC,2026-02-15 20:25,M,M,M,10.00,8.00,M,M,29.95,M,80.00
ROC,2026-02-15 20:30,M,M,M,10.00,8.00,M,M,29.95,M,90.00
ROC,2026-02-15 20:35,M,M,M,10.00,8.00,M,M,29.95,M,90.00
ROC,2026-02-15 20:40,M,M,M,10.00,7.00,M,M,29.95,M,70.00
ROC,2026-02-15 20:45,M,M,M,10.00,7.00,M,M,29.95,M,80.00
ROC,2026-02-15 20:50,M,M,M,10.00,8.00,M,M,29.95,M,100.00
ROC,2026-02-15 20:54,31.50,64.22,38.00,10.00,8.00,1015.10,0.00,29.95,27.00,90.00
ROC,2026-02-15 20:55,M,M,M,10.00,8.00,M,M,29.95,M,80.00
ROC,2026-02-15 21:00,M,M,M,10.00,7.00,M,M,29.94,M,80.00
ROC,2026-02-15 21:05,M,M,M,10.00,8.00,M,M,29.94,M,70.00
ROC,2026-02-15 21:10,M,M,M,10.00,8.00,M,M,29.94,M,40.00
ROC,2026-02-15 21:15,M,M,M,10.00,8.00,M,M,29.94,M,40.00
ROC,2026-02-15 21:20,M,M,M,10.00,10.00,M,M,29.94,M,30.00
ROC,2026-02-15 21:25,M,M,M,10.00,9.00,M,M,29.94,M,20.00
ROC,2026-02-15 21:30,M,M,M,10.00,7.00,M,M,29.94,M,20.00
ROC,2026-02-15 21:35,M,M,M,10.00,7.00,M,M,29.94,M,40.00
ROC,2026-02-15 21:40,M,M,M,10.00,8.00,M,M,29.94,M,40.00
ROC,2026-02-15 21:45,M,M,M,10.00,9.00,M,M,29.94,M,40.00
ROC,2026-02-15 21:50,M,M,M,10.00,8.00,M,M,29.94,M,40.00
ROC,2026-02-15 21:54,26.58,78.41,34.00,10.00,8.00,1014.90,0.00,29.94,28.00,50.00
ROC,2026-02-15 21:55,M,M,M,10.00,9.00,M,M,29.94,M,40.00
ROC,2026-02-15 22:00,M,M,M,10.00,9.00,M,M,29.94,M,50.00
ROC,2026-02-15 22:05,M,M,M,10.00,9.00,M,M,29.94,M,60.00
ROC,2026-02-15 22:10,M,M,M,10.00,9.00,M,M,29.94,M,50.00
ROC,2026-02-15 22:15,M,M,M,10.00,9.00,M,M,29.94,M,50.00
ROC,2026-02-15 22:20,M,M,M,10.00,8.00,M,M,29.94,M,50.00
ROC,2026-02-15 22:25,M,M,M,10.00,9.00,M,M,29.94,M,50.00
ROC,2026-02-15 22:30,M,M,M,10.00,8.00,M,M,29.94,M,60.00
ROC,2026-02-15 22:35,M,M,M,10.00,8.00,M,M,29.94,M,50.00
ROC,2026-02-15 22:40,M,M,M,10.00,7.00,M,M,29.94,M,50.00
ROC,2026-02-15 22:45,M,M,M,10.00,10.00,M,M,29.94,M,40.00
ROC,2026-02-15 22:50,M,M,M,10.00,10.00,M,M,29.94,M,50.00
ROC,2026-02-15 22:54,24.11,81.54,32.00,10.00,8.00,1015.00,0.00,29.94,27.00,50.00
ROC,2026-02-15 22:55,M,M,M,10.00,8.00,M,M,29.94,M,40.00
ROC,2026-02-15 23:00,M,M,M,10.00,9.00,M,M,29.94,M,40.00
ROC,2026-02-15 23:05,M,M,M,10.00,10.00,M,M,29.95,M,50.00
ROC,2026-02-15 23:10,M,M,M,10.00,9.00,M,M,29.95,M,50.00
ROC,2026-02-15 23:15,M,M,M,10.00,9.00,M,M,29.95,M,50.00
ROC,2026-02-15 23:20,M,M,M,10.00,9.00,M,M,29.95,M,50.00
ROC,2026-02-15 23:25,M,M,M,10.00,10.00,M,M,29.95,M,50.00
ROC,2026-02-15 23:30,M,M,M,10.00,11.00,M,M,29.95,M,50.00
ROC,2026-02-15 23:35,M,M,M,10.00,9.00,M,M,29.95,M,60.00
ROC,2026-02-15 23:40,M,M,M,10.00,8.00,M,M,29.95,M,60.00
ROC,2026-02-15 23:45,M,M,M,10.00,10.00,M,M,29.95,M,60.00
ROC,2026-02-15 23:50,M,M,M,10.00,8.00,M,M,29.95,M,60.00
ROC,2026-02-15 23:54,21.65,84.84,30.00,10.00,8.00,1015.10,0.00,29.94,26.00,60.00
ROC,2026-02-15 23:55,M,M,M,10.00,7.00,M,M,29.95,M,60.00
ROC,2026-02-16 00:00,M,M,M,10.00,7.00,M,M,29.95,M,60.00
ROC,2026-02-16 00:05,M,M,M,10.00,7.00,M,M,29.95,M,60.00
ROC,2026-02-16 00:10,M,M,M,10.00,7.00,M,M,29.94,M,60.00
ROC,2026-02-16 00:15,M,M,M,10.00,8.00,M,M,29.94,M,60.00
ROC,2026-02-16 00:20,M,M,M,10.00,7.00,M,M,29.94,M,50.00
ROC,2026-02-16 00:25,M,M,M,10.00,7.00,M,M,29.94,M,60.00
ROC,2026-02-16 00:30,M,M,M,10.00,7.00,M,M,29.94,M,50.00
ROC,2026-02-16 00:35,M,M,M,10.00,6.00,M,M,29.94,M,60.00
ROC,2026-02-16 00:40,M,M,M,10.00,5.00,M,M,29.95,M,60.00
ROC,2026-02-16 00:45,M,M,M,10.00,6.00,M,M,29.95,M,70.00
ROC,2026-02-16 00:50,M,M,M,10.00,6.00,M,M,29.95,M,70.00
ROC,2026-02-16 00:54,21.12,84.78,29.00,10.00,7.00,1015.20,0.00,29.95,25.00,70.00
ROC,2026-02-16 00:55,M,M,M,10.00,7.00,M,M,29.95,M,70.00
ROC,2026-02-16 01:00,M,M,M,10.00,7.00,M,M,29.95,M,60.00
ROC,2026-02-16 01:05,M,M,M,10.00,6.00,M,M,29.95,M,60.00
ROC,2026-02-16 01:10,M,M,M,10.00,5.00,M,M,29.96,M,50.00
ROC,2026-02-16 01:15,M,M,M,10.00,5.00,M,M,29.96,M,40.00
ROC,2026-02-16 01:20,M,M,M,10.00,5.00,M,M,29.96,M,40.00
ROC,2026-02-16 01:25,M,M,M,10.00,6.00,M,M,29.96,M,30.00
ROC,2026-02-16 01:30,M,M,M,10.00,6.00,M,M,29.96,M,30.00
ROC,2026-02-16 01:35,M,M,M,10.00,7.00,M,M,29.97,M,30.00
ROC,2026-02-16 01:40,M,M,M,10.00,7.00,M,M,29.97,M,40.00
ROC,2026-02-16 01:45,M,M,M,10.00,5.00,M,M,29.97,M,30.00
ROC,2026-02-16 01:50,M,M,M,10.00,5.00,M,M,29.97,M,40.00
ROC,2026-02-16 01:54,23.92,84.78,29.00,10.00,4.00,1015.80,0.00,29.97,25.00,40.00
ROC,2026-02-16 01:55,M,M,M,10.00,4.00,M,M,29.97,M,40.00
ROC,2026-02-16 02:00,M,M,M,10.00,4.00,M,M,29.97,M,40.00
ROC,2026-02-16 02:05,M,M,M,10.00,4.00,M,M,29.97,M,40.00
ROC,2026-02-16 02:10,M,M,M,10.00,5.00,M,M,29.97,M,30.00
ROC,2026-02-16 02:15,M,M,M,10.00,4.00,M,M,29.97,M,50.00
ROC,2026-02-16 02:20,M,M,M,10.00,4.00,M,M,29.97,M,50.00
ROC,2026-02-16 02:25,M,M,M,10.00,5.00,M,M,29.97,M,40.00
ROC,2026-02-16 02:30,M,M,M,10.00,5.00,M,M,29.97,M,40.00
ROC,2026-02-16 02:35,M,M,M,10.00,5.00,M,M,29.97,M,40.00
ROC,2026-02-16 02:40,M,M,M,10.00,5.00,M,M,29.97,M,40.00
ROC,2026-02-16 02:45,M,M,M,10.00,5.00,M,M,29.97,M,60.00
ROC,2026-02-16 02:50,M,M,M,10.00,6.00,M,M,29.97,M,50.00
ROC,2026-02-16 02:54,21.92,84.78,29.00,10.00,6.00,1015.80,0.00,29.97,25.00,50.00
ROC,2026-02-16 02:55,M,M,M,10.00,6.00,M,M,29.97,M,50.00
ROC,2026-02-16 03:00,M,M,M,10.00,6.00,M,M,29.97,M,50.00
ROC,2026-02-16 03:05,M,M,M,10.00,5.00,M,M,29.97,M,50.00
ROC,2026-02-16 03:10,M,M,M,10.00,5.00,M,M,29.97,M,50.00
ROC,2026-02-16 03:15,M,M,M,10.00,3.00,M,M,29.97,M,50.00
ROC,2026-02-16 03:20,M,M,M,10.00,4.00,M,M,29.97,M,40.00
ROC,2026-02-16 03:25,M,M,M,10.00,4.00,M,M,29.97,M,20.00
ROC,2026-02-16 03:30,M,M,M,10.00,3.00,M,M,29.97,M,20.00
ROC,2026-02-16 03:35,M,M,M,10.00,3.00,M,M,29.97,M,30.00
ROC,2026-02-16 03:40,M,M,M,10.00,4.00,M,M,29.97,M,30.00
ROC,2026-02-16 03:45,M,M,M,10.00,4.00,M,M,29.97,M,30.00
ROC,2026-02-16 03:50,M,M,M,10.00,4.00,M,M,29.98,M,30.00
ROC,2026-02-16 03:54,24.02,81.39,30.00,10.00,5.00,1016.10,0.00,29.98,25.00,20.00
ROC,2026-02-16 03:55,M,M,M,10.00,5.00,M,M,29.98,M,20.00
ROC,2026-02-16 04:00,M,M,M,10.00,5.00,M,M,29.98,M,10.00
ROC,2026-02-16 04:05,M,M,M,10.00,5.00,M,M,29.98,M,30.00
ROC,2026-02-16 04:10,M,M,M,10.00,5.00,M,M,29.98,M,30.00
ROC,2026-02-16 04:15,M,M,M,10.00,5.00,M,M,29.98,M,30.00
ROC,2026-02-16 04:20,M,M,M,10.00,6.00,M,M,29.98,M,20.00
ROC,2026-02-16 04:25,M,M,M,10.00,6.00,M,M,29.98,M,20.00
ROC,2026-02-16 04:30,M,M,M,10.00,6.00,M,M,29.98,M,30.00
ROC,2026-02-16 04:35,M,M,M,10.00,5.00,M,M,29.98,M,40.00
ROC,2026-02-16 04:40,M,M,M,10.00,5.00,M,M,29.98,M,30.00
ROC,2026-02-16 04:45,M,M,M,10.00,6.00,M,M,29.98,M,40.00
ROC,2026-02-16 04:50,M,M,M,10.00,6.00,M,M,29.98,M,30.00
ROC,2026-02-16 04:54,21.92,84.78,29.00,10.00,6.00,1016.00,0.00,29.98,25.00,40.00
ROC,2026-02-16 04:55,M,M,M,10.00,6.00,M,M,29.97,M,40.00
ROC,2026-02-16 05:00,M,M,M,10.00,6.00,M,M,29.97,M,50.00
ROC,2026-02-16 05:05,M,M,M,10.00,5.00,M,M,29.97,M,60.00
ROC,2026-02-16 05:10,M,M,M,10.00,5.00,M,M,29.97,M,60.00
ROC,2026-02-16 05:15,M,M,M,10.00,5.00,M,M,29.97,M,50.00
ROC,2026-02-16 05:20,M,M,M,10.00,4.00,M,M,29.97,M,70.00
ROC,2026-02-16 05:25,M,M,M,10.00,4.00,M,M,29.97,M,80.00
ROC,2026-02-16 05:30,M,M,M,10.00,4.00,M,M,29.97,M,70.00
ROC,2026-02-16 05:35,M,M,M,10.00,3.00,M,M,29.97,M,80.00
ROC,2026-02-16 05:40,M,M,M,10.00,0.00,M,M,29.97,M,0.00
ROC,2026-02-16 05:45,M,M,M,10.00,0.00,M,M,29.97,M,0.00
ROC,2026-02-16 05:50,M,M,M,10.00,0.00,M,M,29.98,M,0.00
ROC,2026-02-16 05:54,29.00,84.78,29.00,10.00,0.00,1015.90,0.00,29.97,25.00,0.00
ROC,2026-02-16 05:55,M,M,M,10.00,0.00,M,M,29.97,M,0.00
ROC,2026-02-16 06:00,M,M,M,10.00,0.00,M,M,29.97,M,0.00
ROC,2026-02-16 06:05,M,M,M,10.00,3.00,M,M,29.97,M,90.00
ROC,2026-02-16 06:10,M,M,M,10.00,3.00,M,M,29.97,M,110.00
ROC,2026-02-16 06:15,M,M,M,10.00,0.00,M,M,29.97,M,0.00
ROC,2026-02-16 06:20,M,M,M,10.00,0.00,M,M,29.97,M,0.00
ROC,2026-02-16 06:25,M,M,M,10.00,0.00,M,M,29.96,M,0.00
ROC,2026-02-16 06:30,M,M,M,10.00,0.00,M,M,29.96,M,0.00
ROC,2026-02-16 06:35,M,M,M,10.00,0.00,M,M,29.97,M,0.00
ROC,2026-02-16 06:40,M,M,M,10.00,3.00,M,M,29.97,M,210.00
ROC,2026-02-16 06:45,M,M,M,10.00,0.00,M,M,29.97,M,0.00
ROC,2026-02-16 06:50,M,M,M,10.00,0.00,M,M,29.97,M,0.00
ROC,2026-02-16 06:54,28.00,88.32,28.00,10.00,0.00,1015.90,0.00,29.97,25.00,0.00
ROC,2026-02-16 06:55,M,M,M,10.00,0.00,M,M,29.97,M,0.00
ROC,2026-02-16 07:00,M,M,M,10.00,0.00,M,M,29.97,M,0.00
ROC,2026-02-16 07:05,M,M,M,10.00,0.00,M,M,29.97,M,0.00
ROC,2026-02-16 07:10,M,M,M,10.00,0.00,M,M,29.97,M,0.00
ROC,2026-02-16 07:15,M,M,M,10.00,0.00,M,M,29.97,M,0.00
ROC,2026-02-16 07:20,M,M,M,10.00,0.00,M,M,29.97,M,0.00
ROC,2026-02-16 07:25,M,M,M,10.00,0.00,M,M,29.97,M,0.00
ROC,2026-02-16 07:30,M,M,M,10.00,0.00,M,M,29.97,M,0.00
ROC,2026-02-16 07:35,M,M,M,10.00,0.00,M,M,29.97,M,0.00
ROC,2026-02-16 07:40,M,M,M,10.00,0.00,M,M,29.97,M,0.00
ROC,2026-02-16 07:45,M,M,M,10.00,0.00,M,M,29.97,M,0.00
ROC,2026-02-16 07:50,M,M,M,10.00,0.00,M,M,29.97,M,0.00
ROC,2026-02-16 07:54,28.00,88.32,28.00,10.00,0.00,1015.80,0.00,29.97,25.00,0.00
ROC,2026-02-16 07:55,M,M,M,10.00,0.00,M,M,29.97,M,0.00
ROC,2026-02-16 08:00,M,M,M,10.00,0.00,M,M,29.97,M,0.00
ROC,2026-02-16 08:05,M,M,M,10.00,0.00,M,M,29.97,M,0.00
ROC,2026-02-16 08:10,M,M,M,10.00,0.00,M,M,29.97,M,0.00
ROC,2026-02-16 08:15,M,M,M,10.00,0.00,M,M,29.97,M,0.00
ROC,2026-02-16 08:20,M,M,M,10.00,0.00,M,M,29.97,M,0.00
ROC,2026-02-16 08:25,M,M,M,10.00,0.00,M,M,29.97,M,0.00
ROC,2026-02-16 08:30,M,M,M,10.00,0.00,M,M,29.97,M,0.00
ROC,2026-02-16 08:35,M,M,M,10.00,0.00,M,M,29.97,M,0.00
ROC,2026-02-16 08:40,M,M,M,10.00,0.00,M,M,29.97,M,0.00
ROC,2026-02-16 08:45,M,M,M,10.00,0.00,M,M,29.98,M,0.00
ROC,2026-02-16 08:50,M,M,M,10.00,3.00,M,M,29.98,M,240.00
ROC,2026-02-16 08:54,19.54,100.00,24.00,10.00,3.00,1016.40,0.00,29.99,24.00,260.00
ROC,2026-02-16 08:55,M,M,M,10.00,3.00,M,M,29.99,M,250.00
ROC,2026-02-16 09:00,M,M,M,10.00,3.00,M,M,29.99,M,230.00
ROC,2026-02-16 09:05,M,M,M,10.00,3.00,M,M,29.98,M,210.00
ROC,2026-02-16 09:10,M,M,M,10.00,3.00,M,M,29.98,M,210.00
ROC,2026-02-16 09:15,M,M,M,10.00,0.00,M,M,29.98,M,0.00
ROC,2026-02-16 09:20,M,M,M,10.00,0.00,M,M,29.98,M,0.00
ROC,2026-02-16 09:25,M,M,M,10.00,0.00,M,M,29.98,M,0.00
ROC,2026-02-16 09:30,M,M,M,10.00,0.00,M,M,29.98,M,0.00
ROC,2026-02-16 09:35,M,M,M,10.00,0.00,M,M,29.99,M,0.00
ROC,2026-02-16 09:40,M,M,M,10.00,0.00,M,M,29.99,M,0.00
ROC,2026-02-16 09:45,M,M,M,9.00,0.00,M,M,30.00,M,0.00
ROC,2026-02-16 09:50,M,M,M,9.00,0.00,M,M,30.00,M,0.00
ROC,2026-02-16 09:54,23.00,100.00,23.00,10.00,0.00,1016.90,0.00,30.00,23.00,0.00
ROC,2026-02-16 09:55,M,M,M,10.00,0.00,M,M,30.00,M,0.00
ROC,2026-02-16 10:00,M,M,M,9.00,3.00,M,M,30.00,M,310.00
ROC,2026-02-16 10:05,M,M,M,10.00,0.00,M,M,30.01,M,0.00
ROC,2026-02-16 10:10,M,M,M,9.00,3.00,M,M,30.00,M,20.00
ROC,2026-02-16 10:15,M,M,M,9.00,0.00,M,M,30.01,M,0.00
ROC,2026-02-16 10:20,M,M,M,10.00,0.00,M,M,30.01,M,0.00
ROC,2026-02-16 10:25,M,M,M,10.00,0.00,M,M,30.01,M,0.00
ROC,2026-02-16 10:30,M,M,M,10.00,0.00,M,M,30.01,M,0.00
ROC,2026-02-16 10:32,24.00,91.93,24.00,10.00,0.00,M,0.00,30.01,22.00,0.00
ROC,2026-02-16 10:35,M,M,M,10.00,0.00,M,M,30.01,M,0.00
ROC,2026-02-16 10:40,M,M,M,10.00,0.00,M,M,30.01,M,0.00
ROC,2026-02-16 10:45,M,M,M,10.00,0.00,M,M,30.01,M,0.00
ROC,2026-02-16 10:50,M,M,M,10.00,0.00,M,M,30.01,M,0.00
ROC,2026-02-16 10:54,24.00,95.89,24.00,10.00,0.00,1017.20,0.00,30.01,23.00,0.00
ROC,2026-02-16 10:55,M,M,M,10.00,0.00,M,M,30.01,M,0.00
ROC,2026-02-16 11:00,M,M,M,10.00,0.00,M,M,30.01,M,0.00
ROC,2026-02-16 11:05,M,M,M,10.00,0.00,M,M,30.01,M,0.00
ROC,2026-02-16 11:10,M,M,M,9.00,0.00,M,M,30.01,M,0.00
ROC,2026-02-16 11:15,M,M,M,10.00,0.00,M,M,30.01,M,0.00
ROC,2026-02-16 11:20,M,M,M,8.00,0.00,M,M,30.01,M,0.00
ROC,2026-02-16 11:25,M,M,M,8.00,0.00,M,M,30.01,M,0.00
ROC,2026-02-16 11:30,M,M,M,8.00,0.00,M,M,30.02,M,0.00
ROC,2026-02-16 11:35,M,M,M,8.00,0.00,M,M,30.02,M,0.00
ROC,2026-02-16 11:40,M,M,M,8.00,3.00,M,M,30.02,M,220.00
ROC,2026-02-16 11:45,M,M,M,9.00,3.00,M,M,30.02,M,220.00
ROC,2026-02-16 11:50,M,M,M,9.00,0.00,M,M,30.02,M,0.00
ROC,2026-02-16 11:54,22.00,95.85,22.00,9.00,0.00,1017.70,0.00,30.02,21.00,0.00
ROC,2026-02-16 11:55,M,M,M,9.00,0.00,M,M,30.02,M,0.00
ROC,2026-02-16 12:00,M,M,M,9.00,0.00,M,M,30.03,M,0.00
ROC,2026-02-16 12:05,M,M,M,8.00,0.00,M,M,30.03,M,0.00
ROC,2026-02-16 12:10,M,M,M,8.00,0.00,M,M,30.03,M,0.00
ROC,2026-02-16 12:15,M,M,M,7.00,0.00,M,M,30.03,M,0.00
ROC,2026-02-16 12:19,22.00,95.85,22.00,7.00,0.00,M,0.00,30.03,21.00,0.00
ROC,2026-02-16 12:20,M,M,M,7.00,0.00,M,M,30.03,M,0.00
ROC,2026-02-16 12:25,M,M,M,7.00,0.00,M,M,30.03,M,0.00
ROC,2026-02-16 12:30,M,M,M,7.00,0.00,M,M,30.04,M,0.00
ROC,2026-02-16 12:35,M,M,M,7.00,0.00,M,M,30.04,M,0.00
ROC,2026-02-16 12:40,M,M,M,7.00,0.00,M,M,30.04,M,0.00
ROC,2026-02-16 12:45,M,M,M,7.00,0.00,M,M,30.04,M,0.00
ROC,2026-02-16 12:50,M,M,M,7.00,0.00,M,M,30.04,M,0.00
ROC,2026-02-16 12:54,23.00,95.87,23.00,8.00,0.00,1018.40,0.00,30.04,22.00,0.00
ROC,2026-02-16 12:55,M,M,M,8.00,0.00,M,M,30.04,M,0.00
ROC,2026-02-16 13:00,M,M,M,7.00,0.00,M,M,30.05,M,0.00
ROC,2026-02-16 13:05,M,M,M,8.00,0.00,M,M,30.05,M,0.00
ROC,2026-02-16 13:10,M,M,M,8.00,0.00,M,M,30.05,M,0.00
ROC,2026-02-16 13:15,M,M,M,7.00,0.00,M,M,30.04,M,0.00
ROC,2026-02-16 13:20,M,M,M,6.00,0.00,M,M,30.05,M,0.00
ROC,2026-02-16 13:25,M,M,M,6.00,0.00,M,M,30.05,M,0.00
ROC,2026-02-16 13:27,25.00,91.97,25.00,6.00,0.00,M,0.00,30.05,23.00,0.00
ROC,2026-02-16 13:30,M,M,M,5.00,3.00,M,M,30.05,M,250.00
ROC,2026-02-16 13:35,M,M,M,6.00,3.00,M,M,30.05,M,220.00
ROC,2026-02-16 13:40,M,M,M,6.00,3.00,M,M,30.05,M,230.00
ROC,2026-02-16 13:45,M,M,M,6.00,3.00,M,M,30.05,M,240.00
ROC,2026-02-16 13:50,M,M,M,6.00,0.00,M,M,30.05,M,0.00
ROC,2026-02-16 13:54,22.97,92.04,27.00,6.00,3.00,1018.70,0.00,30.05,25.00,240.00
ROC,2026-02-16 13:55,M,M,M,6.00,3.00,M,M,30.05,M,230.00
ROC,2026-02-16 14:00,M,M,M,6.00,3.00,M,M,30.05,M,230.00
ROC,2026-02-16 14:05,M,M,M,6.00,3.00,M,M,30.05,M,250.00
ROC,2026-02-16 14:10,M,M,M,6.00,3.00,M,M,30.05,M,230.00
ROC,2026-02-16 14:15,M,M,M,6.00,0.00,M,M,30.05,M,0.00
ROC,2026-02-16 14:20,M,M,M,7.00,0.00,M,M,30.05,M,0.00
ROC,2026-02-16 14:25,M,M,M,7.00,0.00,M,M,30.05,M,0.00
ROC,2026-02-16 14:30,M,M,M,7.00,0.00,M,M,30.05,M,0.00
ROC,2026-02-16 14:35,M,M,M,7.00,0.00,M,M,30.05,M,0.00
ROC,2026-02-16 14:40,M,M,M,7.00,3.00,M,M,30.05,M,240.00
ROC,2026-02-16 14:45,M,M,M,7.00,3.00,M,M,30.05,M,230.00
ROC,2026-02-16 14:50,M,M,M,8.00,0.00,M,M,30.05,M,0.00
ROC,2026-02-16 14:54,27.55,84.90,31.00,8.00,3.00,1018.50,0.00,30.05,27.00,220.00
ROC,2026-02-16 14:55,M,M,M,8.00,0.00,M,M,30.05,M,0.00
ROC,2026-02-16 15:00,M,M,M,7.00,3.00,M,M,30.05,M,230.00
ROC,2026-02-16 15:05,M,M,M,7.00,3.00,M,M,30.05,M,240.00
ROC,2026-02-16 15:09,32.00,84.97,32.00,7.00,0.00,M,0.00,30.05,28.00,0.00
ROC,2026-02-16 15:10,M,M,M,6.00,3.00,M,M,30.05,M,230.00
ROC,2026-02-16 15:15,M,M,M,6.00,3.00,M,M,30.05,M,240.00
ROC,2026-02-16 15:20,M,M,M,5.00,3.00,M,M,30.05,M,250.00
ROC,2026-02-16 15:25,M,M,M,5.00,5.00,M,M,30.05,M,260.00
ROC,2026-02-16 15:30,M,M,M,5.00,5.00,M,M,30.05,M,250.00
ROC,2026-02-16 15:35,M,M,M,5.00,5.00,M,M,30.05,M,260.00
ROC,2026-02-16 15:40,M,M,M,5.00,6.00,M,M,30.05,M,260.00
ROC,2026-02-16 15:45,M,M,M,6.00,7.00,M,M,30.06,M,260.00
ROC,2026-02-16 15:50,M,M,M,6.00,6.00,M,M,30.06,M,270.00
ROC,2026-02-16 15:54,31.15,81.84,36.00,6.00,5.00,1018.80,0.00,30.06,31.00,260.00
ROC,2026-02-16 15:55,M,M,M,6.00,5.00,M,M,30.06,M,270.00
ROC,2026-02-16 16:00,M,M,M,6.00,4.00,M,M,30.06,M,260.00
ROC,2026-02-16 16:01,32.09,81.84,36.00,6.00,4.00,M,0.00,30.05,31.00,260.00
ROC,2026-02-16 16:05,M,M,M,5.00,3.00,M,M,30.05,M,250.00
ROC,2026-02-16 16:10,M,M,M,5.00,4.00,M,M,30.05,M,260.00
ROC,2026-02-16 16:15,M,M,M,6.00,4.00,M,M,30.05,M,250.00
ROC,2026-02-16 16:20,M,M,M,6.00,3.00,M,M,30.04,M,230.00
ROC,2026-02-16 16:25,M,M,M,6.00,5.00,M,M,30.04,M,220.00
ROC,2026-02-16 16:30,M,M,M,7.00,6.00,M,M,30.04,M,230.00
ROC,2026-02-16 16:35,M,M,M,7.00,6.00,M,M,30.04,M,230.00
ROC,2026-02-16 16:40,M,M,M,7.00,5.00,M,M,30.04,M,230.00
ROC,2026-02-16 16:45,M,M,M,6.00,6.00,M,M,30.04,M,230.00
ROC,2026-02-16 16:50,M,M,M,6.00,5.00,M,M,30.04,M,230.00
ROC,2026-02-16 16:54,35.59,75.73,39.00,6.00,4.00,1017.80,0.00,30.03,32.00,240.00
ROC,2026-02-16 16:55,M,M,M,6.00,4.00,M,M,30.03,M,240.00
ROC,2026-02-16 17:00,M,M,M,6.00,3.00,M,M,30.03,M,210.00
ROC,2026-02-16 17:05,M,M,M,6.00,3.00,M,M,30.03,M,210.00
ROC,2026-02-16 17:08,36.69,78.84,39.00,6.00,3.00,M,0.00,30.02,33.00,240.00
ROC,2026-02-16 17:10,M,M,M,6.00,3.00,M,M,30.02,M,240.00
ROC,2026-02-16 17:15,M,M,M,6.00,0.00,M,M,30.02,M,0.00
ROC,2026-02-16 17:20,M,M,M,6.00,0.00,M,M,30.02,M,0.00
ROC,2026-02-16 17:25,M,M,M,6.00,0.00,M,M,30.01,M,0.00
ROC,2026-02-16 17:30,M,M,M,7.00,0.00,M,M,30.01,M,0.00
ROC,2026-02-16 17:35,M,M,M,7.00,3.00,M,M,30.01,M,230.00
ROC,2026-02-16 17:40,M,M,M,7.00,3.00,M,M,30.01,M,240.00
ROC,2026-02-16 17:45,M,M,M,7.00,3.00,M,M,30.01,M,260.00
ROC,2026-02-16 17:50,M,M,M,7.00,3.00,M,M,30.01,M,250.00
ROC,2026-02-16 17:54,42.41,67.65,44.00,7.00,3.00,1017.20,0.00,30.01,34.00,230.00
ROC,2026-02-16 17:55,M,M,M,8.00,3.00,M,M,30.01,M,240.00
ROC,2026-02-16 18:00,M,M,M,8.00,8.00,M,M,30.02,M,260.00
ROC,2026-02-16 18:05,M,M,M,8.00,7.00,M,M,30.01,M,250.00
ROC,2026-02-16 18:10,M,M,M,9.00,5.00,M,M,30.01,M,240.00
ROC,2026-02-16 18:15,M,M,M,9.00,6.00,M,M,30.01,M,230.00
ROC,2026-02-16 18:20,M,M,M,9.00,5.00,M,M,30.01,M,230.00
ROC,2026-02-16 18:25,M,M,M,9.00,4.00,M,M,30.01,M,220.00
ROC,2026-02-16 18:30,M,M,M,9.00,5.00,M,M,30.01,M,230.00
ROC,2026-02-16 18:35,M,M,M,8.00,7.00,M,M,30.01,M,240.00
ROC,2026-02-16 18:40,M,M,M,6.00,6.00,M,M,30.01,M,250.00
ROC,2026-02-16 18:45,M,M,M,7.00,6.00,M,M,30.01,M,230.00
ROC,2026-02-16 18:50,M,M,M,9.00,5.00,M,M,30.01,M,250.00
ROC,2026-02-16 18:54,41.83,65.12,45.00,9.00,5.00,1017.20,0.00,30.01,34.00,250.00
ROC,2026-02-16 18:55,M,M,M,9.00,5.00,M,M,30.01,M,260.00
ROC,2026-02-16 19:00,M,M,M,9.00,3.00,M,M,30.01,M,260.00
ROC,2026-02-16 19:05,M,M,M,9.00,0.00,M,M,30.01,M,0.00
ROC,2026-02-16 19:10,M,M,M,9.00,0.00,M,M,30.01,M,0.00
ROC,2026-02-16 19:15,M,M,M,9.00,0.00,M,M,30.01,M,0.00
ROC,2026-02-16 19:20,M,M,M,10.00,4.00,M,M,30.01,M,220.00
ROC,2026-02-16 19:25,M,M,M,10.00,3.00,M,M,30.01,M,230.00
ROC,2026-02-16 19:30,M,M,M,10.00,6.00,M,M,30.01,M,260.00
ROC,2026-02-16 19:35,M,M,M,10.00,5.00,M,M,30.00,M,260.00
ROC,2026-02-16 19:40,M,M,M,10.00,3.00,M,M,30.00,M,260.00
ROC,2026-02-16 19:45,M,M,M,10.00,4.00,M,M,30.00,M,240.00
ROC,2026-02-16 19:50,M,M,M,10.00,5.00,M,M,30.00,M,230.00
ROC,2026-02-16 19:54,43.02,62.69,46.00,10.00,5.00,1016.80,0.00,30.00,34.00,240.00
ROC,2026-02-16 19:55,M,M,M,10.00,5.00,M,M,30.00,M,240.00
ROC,2026-02-16 20:00,M,M,M,10.00,5.00,M,M,30.00,M,30.00
ROC,2026-02-16 20:05,M,M,M,10.00,8.00,M,M,30.00,M,20.00
ROC,2026-02-16 20:10,M,M,M,9.00,8.00,M,M,30.00,M,30.00
ROC,2026-02-16 20:15,M,M,M,9.00,8.00,M,M,30.00,M,30.00
ROC,2026-02-16 20:20,M,M,M,10.00,7.00,M,M,30.00,M,40.00
ROC,2026-02-16 20:25,M,M,M,10.00,7.00,M,M,30.00,M,50.00
ROC,2026-02-16 20:30,M,M,M,10.00,7.00,M,M,30.00,M,40.00
ROC,2026-02-16 20:35,M,M,M,10.00,7.00,M,M,30.00,M,30.00
ROC,2026-02-16 20:40,M,M,M,8.00,7.00,M,M,30.00,M,40.00
ROC,2026-02-16 20:45,M,M,M,8.00,7.00,M,M,30.00,M,40.00
ROC,2026-02-16 20:50,M,M,M,9.00,7.00,M,M,30.00,M,50.00
ROC,2026-02-16 20:54,34.53,69.95,40.00,9.00,7.00,1016.90,0.00,30.00,31.00,30.00
ROC,2026-02-16 20:55,M,M,M,9.00,7.00,M,M,30.00,M,30.00
ROC,2026-02-16 21:00,M,M,M,9.00,6.00,M,M,30.00,M,20.00
ROC,2026-02-16 21:05,M,M,M,9.00,7.00,M,M,30.00,M,30.00
ROC,2026-02-16 21:10,M,M,M,7.00,7.00,M,M,30.00,M,30.00
ROC,2026-02-16 21:15,M,M,M,6.00,7.00,M,M,30.00,M,30.00
ROC,2026-02-16 21:20,M,M,M,9.00,7.00,M,M,30.01,M,30.00
ROC,2026-02-16 21:25,M,M,M,10.00,8.00,M,M,30.01,M,20.00
ROC,2026-02-16 21:30,M,M,M,10.00,8.00,M,M,30.01,M,20.00
ROC,2026-02-16 21:35,M,M,M,10.00,8.00,M,M,30.01,M,30.00
ROC,2026-02-16 21:40,M,M,M,10.00,7.00,M,M,30.01,M,40.00
ROC,2026-02-16 21:45,M,M,M,9.00,7.00,M,M,30.01,M,40.00
ROC,2026-02-16 21:50,M,M,M,9.00,7.00,M,M,30.01,M,40.00
ROC,2026-02-16 21:54,31.55,78.67,37.00,9.00,6.00,1017.20,0.00,30.01,31.00,50.00
ROC,2026-02-16 21:55,M,M,M,9.00,6.00,M,M,30.01,M,50.00
ROC,2026-02-16 22:00,M,M,M,9.00,7.00,M,M,30.01,M,50.00
ROC,2026-02-16 22:05,M,M,M,9.00,5.00,M,M,30.01,M,50.00
ROC,2026-02-16 22:10,M,M,M,8.00,6.00,M,M,30.01,M,60.00
ROC,2026-02-16 22:15,M,M,M,8.00,6.00,M,M,30.01,M,50.00
ROC,2026-02-16 22:20,M,M,M,7.00,5.00,M,M,30.01,M,70.00
ROC,2026-02-16 22:25,M,M,M,7.00,6.00,M,M,30.01,M,60.00
ROC,2026-02-16 22:30,M,M,M,7.00,5.00,M,M,30.01,M,60.00
ROC,2026-02-16 22:35,M,M,M,7.00,6.00,M,M,30.01,M,50.00
ROC,2026-02-16 22:40,M,M,M,7.00,5.00,M,M,30.01,M,50.00
ROC,2026-02-16 22:45,M,M,M,6.00,6.00,M,M,30.01,M,50.00
ROC,2026-02-16 22:50,M,M,M,6.00,5.00,M,M,30.01,M,50.00
ROC,2026-02-16 22:54,29.96,85.16,35.00,6.00,5.00,1017.30,0.00,30.01,31.00,60.00
ROC,2026-02-16 22:55,M,M,M,7.00,5.00,M,M,30.01,M,50.00
ROC,2026-02-16 23:00,M,M,M,7.00,5.00,M,M,30.02,M,60.00
ROC,2026-02-16 23:05,M,M,M,7.00,4.00,M,M,30.01,M,50.00
ROC,2026-02-16 23:10,M,M,M,7.00,5.00,M,M,30.02,M,60.00
ROC,2026-02-16 23:15,M,M,M,7.00,4.00,M,M,30.01,M,40.00
ROC,2026-02-16 23:20,M,M,M,7.00,5.00,M,M,30.01,M,40.00
ROC,2026-02-16 23:25,M,M,M,7.00,5.00,M,M,30.01,M,30.00
ROC,2026-02-16 23:30,M,M,M,7.00,5.00,M,M,30.02,M,30.00
ROC,2026-02-16 23:35,M,M,M,7.00,5.00,M,M,30.02,M,20.00
ROC,2026-02-16 23:40,M,M,M,7.00,5.00,M,M,30.02,M,10.00
ROC,2026-02-16 23:45,M,M,M,7.00,5.00,M,M,30.02,M,10.00
ROC,2026-02-16 23:50,M,M,M,7.00,5.00,M,M,30.02,M,20.00
ROC,2026-02-16 23:54,29.96,81.77,35.00,7.00,5.00,1017.50,0.00,30.02,30.00,20.00
ROC,2026-02-16 23:55,M,M,M,7.00,5.00,M,M,30.02,M,30.00
ROC,2026-02-17 00:00,M,M,M,7.00,5.00,M,M,30.02,M,20.00
ROC,2026-02-17 00:05,M,M,M,7.00,4.00,M,M,30.02,M,360.00
ROC,2026-02-17 00:10,M,M,M,7.00,4.00,M,M,30.02,M,350.00
ROC,2026-02-17 00:15,M,M,M,7.00,4.00,M,M,30.02,M,350.00
ROC,2026-02-17 00:20,M,M,M,7.00,3.00,M,M,30.01,M,20.00
ROC,2026-02-17 00:25,M,M,M,7.00,3.00,M,M,30.02,M,10.00
ROC,2026-02-17 00:30,M,M,M,7.00,4.00,M,M,30.02,M,20.00
ROC,2026-02-17 00:35,M,M,M,7.00,4.00,M,M,30.02,M,30.00
ROC,2026-02-17 00:40,M,M,M,7.00,4.00,M,M,30.01,M,30.00
ROC,2026-02-17 00:45,M,M,M,7.00,4.00,M,M,30.01,M,20.00
ROC,2026-02-17 00:50,M,M,M,7.00,5.00,M,M,30.01,M,30.00
ROC,2026-02-17 00:54,28.59,88.57,33.00,7.00,4.00,1017.40,0.00,30.01,30.00,10.00
ROC,2026-02-17 00:55,M,M,M,7.00,4.00,M,M,30.02,M,10.00
ROC,2026-02-17 01:00,M,M,M,7.00,3.00,M,M,30.02,M,360.00
ROC,2026-02-17 01:05,M,M,M,7.00,4.00,M,M,30.02,M,10.00
ROC,2026-02-17 01:10,M,M,M,7.00,4.00,M,M,30.03,M,340.00
ROC,2026-02-17 01:15,M,M,M,7.00,4.00,M,M,30.03,M,350.00
ROC,2026-02-17 01:20,M,M,M,6.00,5.00,M,M,30.03,M,10.00
ROC,2026-02-17 01:25,M,M,M,7.00,4.00,M,M,30.03,M,20.00
ROC,2026-02-17 01:30,M,M,M,7.00,3.00,M,M,30.03,M,360.00
ROC,2026-02-17 01:35,M,M,M,7.00,4.00,M,M,30.04,M,20.00
ROC,2026-02-17 01:40,M,M,M,7.00,4.00,M,M,30.04,M,30.00
ROC,2026-02-17 01:45,M,M,M,7.00,4.00,M,M,30.03,M,70.00
ROC,2026-02-17 01:50,M,M,M,7.00,4.00,M,M,30.03,M,80.00
ROC,2026-02-17 01:54,27.58,88.57,33.00,7.00,5.00,1017.70,0.00,30.02,30.00,80.00
ROC,2026-02-17 01:55,M,M,M,7.00,4.00,M,M,30.02,M,80.00
ROC,2026-02-17 02:00,M,M,M,7.00,4.00,M,M,30.02,M,70.00
ROC,2026-02-17 02:05,M,M,M,6.00,4.00,M,M,30.03,M,70.00
ROC,2026-02-17 02:10,M,M,M,6.00,4.00,M,M,30.02,M,90.00
ROC,2026-02-17 02:15,M,M,M,6.00,4.00,M,M,30.02,M,100.00
ROC,2026-02-17 02:20,M,M,M,6.00,3.00,M,M,30.02,M,120.00
ROC,2026-02-17 02:25,M,M,M,6.00,0.00,M,M,30.02,M,0.00
ROC,2026-02-17 02:30,M,M,M,6.00,3.00,M,M,30.02,M,150.00
ROC,2026-02-17 02:35,M,M,M,6.00,4.00,M,M,30.01,M,150.00
ROC,2026-02-17 02:40,M,M,M,6.00,5.00,M,M,30.01,M,170.00
ROC,2026-02-17 02:45,M,M,M,6.00,4.00,M,M,30.01,M,190.00
ROC,2026-02-17 02:50,M,M,M,8.00,4.00,M,M,30.01,M,200.00
ROC,2026-02-17 02:54,28.59,88.57,33.00,8.00,4.00,1017.30,T,30.01,30.00,190.00
ROC,2026-02-17 02:55,M,M,M,6.00,4.00,M,M,30.01,M,170.00
ROC,2026-02-17 03:00,M,M,M,6.00,3.00,M,M,30.00,M,160.00
ROC,2026-02-17 03:05,M,M,M,6.00,5.00,M,M,29.99,M,150.00
ROC,2026-02-17 03:10,M,M,M,6.00,5.00,M,M,29.99,M,170.00
ROC,2026-02-17 03:15,M,M,M,6.00,4.00,M,M,29.99,M,180.00
ROC,2026-02-17 03:20,M,M,M,6.00,5.00,M,M,29.99,M,160.00
ROC,2026-02-17 03:25,M,M,M,6.00,3.00,M,M,29.99,M,150.00
ROC,2026-02-17 03:30,M,M,M,6.00,3.00,M,M,29.99,M,170.00
ROC,2026-02-17 03:35,M,M,M,6.00,0.00,M,M,29.98,M,0.00
ROC,2026-02-17 03:40,M,M,M,6.00,0.00,M,M,29.98,M,0.00
ROC,2026-02-17 03:45,M,M,M,6.00,5.00,M,M,29.98,M,190.00
ROC,2026-02-17 03:50,M,M,M,6.00,3.00,M,M,29.98,M,190.00
ROC,2026-02-17 03:54,29.76,85.10,34.00,6.00,4.00,1016.20,T,29.99,30.00,210.00
ROC,2026-02-17 03:55,M,M,M,6.00,3.00,M,M,29.99,M,220.00
ROC,2026-02-17 04:00,M,M,M,6.00,3.00,M,M,29.99,M,250.00
ROC,2026-02-17 04:05,M,M,M,6.00,5.00,M,M,29.99,M,250.00
ROC,2026-02-17 04:10,M,M,M,6.00,5.00,M,M,29.99,M,230.00
ROC,2026-02-17 04:15,M,M,M,6.00,5.00,M,M,29.99,M,230.00
ROC,2026-02-17 04:20,M,M,M,6.00,5.00,M,M,29.99,M,220.00
ROC,2026-02-17 04:25,M,M,M,7.00,6.00,M,M,29.98,M,230.00
ROC,2026-02-17 04:30,M,M,M,7.00,5.00,M,M,29.98,M,220.00
ROC,2026-02-17 04:35,M,M,M,7.00,6.00,M,M,29.99,M,220.00
ROC,2026-02-17 04:40,M,M,M,7.00,7.00,M,M,29.98,M,230.00
ROC,2026-02-17 04:45,M,M,M,6.00,7.00,M,M,29.98,M,220.00
ROC,2026-02-17 04:47,31.50,78.76,38.00,6.00,8.00,M,T,29.98,32.00,220.00
ROC,2026-02-17 04:50,M,M,M,6.00,7.00,M,M,29.98,M,220.00
ROC,2026-02-17 04:54,32.22,78.84,39.00,8.00,9.00,1015.90,T,29.98,33.00,220.00
ROC,2026-02-17 04:55,M,M,M,8.00,9.00,M,M,29.98,M,210.00
ROC,2026-02-17 05:00,M,M,M,10.00,10.00,M,M,29.98,M,210.00
ROC,2026-02-17 05:05,M,M,M,10.00,10.00,M,M,29.98,M,210.00
ROC,2026-02-17 05:10,M,M,M,10.00,10.00,M,M,29.98,M,220.00
ROC,2026-02-17 05:15,M,M,M,10.00,12.00,M,M,29.97,M,220.00
ROC,2026-02-17 05:20,M,M,M,10.00,10.00,M,M,29.97,M,210.00
ROC,2026-02-17 05:25,M,M,M,10.00,10.00,M,M,29.97,M,220.00
ROC,2026-02-17 05:30,M,M,M,10.00,9.00,M,M,29.97,M,220.00
ROC,2026-02-17 05:35,M,M,M,10.00,10.00,M,M,29.97,M,210.00
ROC,2026-02-17 05:40,M,M,M,10.00,10.00,M,M,29.97,M,210.00
ROC,2026-02-17 05:45,M,M,M,10.00,10.00,M,M,29.96,M,220.00
ROC,2026-02-17 05:50,M,M,M,10.00,9.00,M,M,29.96,M,210.00
ROC,2026-02-17 05:54,33.46,78.93,40.00,10.00,9.00,1015.30,T,29.96,34.00,210.00
ROC,2026-02-17 05:55,M,M,M,10.00,9.00,M,M,29.96,M,210.00
ROC,2026-02-17 06:00,M,M,M,10.00,11.00,M,M,29.96,M,210.00
ROC,2026-02-17 06:05,M,M,M,10.00,10.00,M,M,29.96,M,210.00
ROC,2026-02-17 06:10,M,M,M,10.00,10.00,M,M,29.96,M,210.00
ROC,2026-02-17 06:15,M,M,M,10.00,9.00,M,M,29.96,M,220.00
ROC,2026-02-17 06:20,M,M,M,10.00,9.00,M,M,29.96,M,220.00
ROC,2026-02-17 06:25,M,M,M,10.00,9.00,M,M,29.96,M,220.00
ROC,2026-02-17 06:30,M,M,M,10.00,10.00,M,M,29.96,M,220.00
ROC,2026-02-17 06:35,M,M,M,10.00,10.00,M,M,29.96,M,220.00
ROC,2026-02-17 06:40,M,M,M,10.00,8.00,M,M,29.96,M,220.00
ROC,2026-02-17 06:45,M,M,M,10.00,8.00,M,M,29.96,M,210.00
ROC,2026-02-17 06:50,M,M,M,10.00,8.00,M,M,29.96,M,220.00
ROC,2026-02-17 06:54,35.20,75.92,41.00,10.00,8.00,1015.20,0.00,29.96,34.00,230.00
ROC,2026-02-17 06:55,M,M,M,10.00,8.00,M,M,29.96,M,220.00
ROC,2026-02-17 07:00,M,M,M,10.00,9.00,M,M,29.96,M,220.00
ROC,2026-02-17 07:05,M,M,M,10.00,8.00,M,M,29.96,M,230.00
ROC,2026-02-17 07:10,M,M,M,10.00,8.00,M,M,29.97,M,230.00
ROC,2026-02-17 07:15,M,M,M,10.00,8.00,M,M,29.96,M,230.00
ROC,2026-02-17 07:20,M,M,M,10.00,10.00,M,M,29.96,M,220.00
ROC,2026-02-17 07:25,M,M,M,10.00,7.00,M,M,29.96,M,230.00
ROC,2026-02-17 07:30,M,M,M,10.00,9.00,M,M,29.96,M,210.00
ROC,2026-02-17 07:35,M,M,M,10.00,8.00,M,M,29.96,M,220.00
ROC,2026-02-17 07:40,M,M,M,10.00,8.00,M,M,29.96,M,220.00
ROC,2026-02-17 07:45,M,M,M,10.00,8.00,M,M,29.97,M,220.00
ROC,2026-02-17 07:50,M,M,M,10.00,7.00,M,M,29.97,M,220.00
ROC,2026-02-17 07:54,34.53,82.14,40.00,10.00,7.00,1015.40,0.00,29.97,35.00,220.00
ROC,2026-02-17 07:55,M,M,M,10.00,7.00,M,M,29.97,M,220.00
ROC,2026-02-17 08:00,M,M,M,10.00,7.00,M,M,29.96,M,220.00
ROC,2026-02-17 08:05,M,M,M,10.00,8.00,M,M,29.96,M,220.00
ROC,2026-02-17 08:10,M,M,M,10.00,8.00,M,M,29.96,M,220.00
ROC,2026-02-17 08:15,M,M,M,10.00,8.00,M,M,29.96,M,220.00
ROC,2026-02-17 08:20,M,M,M,9.00,7.00,M,M,29.96,M,230.00
ROC,2026-02-17 08:25,M,M,M,9.00,6.00,M,M,29.96,M,230.00
ROC,2026-02-17 08:30,M,M,M,9.00,6.00,M,M,29.97,M,240.00
ROC,2026-02-17 08:35,M,M,M,9.00,6.00,M,M,29.97,M,240.00
ROC,2026-02-17 08:40,M,M,M,9.00,6.00,M,M,29.97,M,240.00
ROC,2026-02-17 08:45,M,M,M,9.00,5.00,M,M,29.97,M,240.00
ROC,2026-02-17 08:50,M,M,M,9.00,5.00,M,M,29.97,M,240.00
ROC,2026-02-17 08:54,34.71,85.41,39.00,9.00,5.00,1015.70,0.00,29.97,35.00,240.00
ROC,2026-02-17 08:55,M,M,M,9.00,5.00,M,M,29.97,M,240.00
ROC,2026-02-17 09:00,M,M,M,9.00,6.00,M,M,29.97,M,250.00
ROC,2026-02-17 09:05,M,M,M,9.00,6.00,M,M,29.97,M,260.00
ROC,2026-02-17 09:10,35.20,85.53,41.00,9.00,8.00,M,0.00,29.97,37.00,270.00
ROC,2026-02-17 09:10,M,M,M,9.00,8.00,M,M,29.97,M,270.00
ROC,2026-02-17 09:15,M,M,M,9.00,7.00,M,M,29.98,M,270.00
ROC,2026-02-17 09:20,M,M,M,8.00,8.00,M,M,29.98,M,280.00
ROC,2026-02-17 09:25,M,M,M,8.00,8.00,M,M,29.98,M,280.00
ROC,2026-02-17 09:30,M,M,M,8.00,10.00,M,M,29.98,M,290.00
ROC,2026-02-17 09:35,M,M,M,8.00,9.00,M,M,29.98,M,280.00
ROC,2026-02-17 09:40,M,M,M,8.00,M,M,M,29.99,M,M
ROC,2026-02-17 09:45,M,M,M,7.00,10.00,M,M,29.99,M,270.00
ROC,2026-02-17 09:50,M,M,M,7.00,9.00,M,M,29.99,M,280.00
ROC,2026-02-17 09:54,35.10,89.01,42.00,7.00,11.00,1016.40,0.00,29.99,39.00,280.00
ROC,2026-02-17 09:55,M,M,M,7.00,11.00,M,M,29.99,M,280.00
ROC,2026-02-17 10:00,M,M,M,7.00,8.00,M,M,29.99,M,280.00
ROC,2026-02-17 10:05,M,M,M,6.00,11.00,M,M,29.99,M,280.00
ROC,2026-02-17 10:10,M,M,M,6.00,7.00,M,M,30.00,M,280.00
ROC,2026-02-17 10:15,M,M,M,6.00,8.00,M,M,30.00,M,280.00
ROC,2026-02-17 10:20,M,M,M,6.00,9.00,M,M,30.00,M,280.00
ROC,2026-02-17 10:25,M,M,M,6.00,11.00,M,M,30.00,M,280.00
ROC,2026-02-17 10:30,M,M,M,6.00,8.00,M,M,30.00,M,280.00
ROC,2026-02-17 10:35,M,M,M,6.00,7.00,M,M,30.00,M,280.00
ROC,2026-02-17 10:40,M,M,M,6.00,7.00,M,M,30.00,M,280.00
ROC,2026-02-17 10:45,M,M,M,6.00,8.00,M,M,30.01,M,270.00
ROC,2026-02-17 10:50,M,M,M,6.00,8.00,M,M,30.01,M,280.00
ROC,2026-02-17 10:54,34.70,88.96,41.00,6.00,9.00,1017.00,0.00,30.01,38.00,270.00
ROC,2026-02-17 10:55,M,M,M,6.00,9.00,M,M,30.01,M,270.00
ROC,2026-02-17 11:00,M,M,M,6.00,9.00,M,M,30.01,M,280.00
ROC,2026-02-17 11:05,M,M,M,6.00,8.00,M,M,30.02,M,280.00
ROC,2026-02-17 11:06,35.20,88.96,41.00,6.00,8.00,M,0.00,30.02,38.00,280.00
ROC,2026-02-17 11:10,M,M,M,5.00,7.00,M,M,30.02,M,270.00
ROC,2026-02-17 11:15,M,M,M,5.00,7.00,M,M,30.02,M,260.00
ROC,2026-02-17 11:20,M,M,M,5.00,7.00,M,M,30.02,M,260.00
ROC,2026-02-17 11:25,M,M,M,5.00,9.00,M,M,30.02,M,260.00
ROC,2026-02-17 11:30,M,M,M,5.00,8.00,M,M,30.02,M,260.00
ROC,2026-02-17 11:35,M,M,M,5.00,8.00,M,M,30.02,M,260.00
ROC,2026-02-17 11:40,M,M,M,4.00,9.00,M,M,30.02,M,260.00
ROC,2026-02-17 11:45,M,M,M,4.00,9.00,M,M,30.03,M,260.00
ROC,2026-02-17 11:50,M,M,M,4.00,9.00,M,M,30.03,M,260.00
ROC,2026-02-17 11:54,32.22,96.16,39.00,4.00,9.00,1017.70,0.00,30.03,38.00,260.00
ROC,2026-02-17 11:55,M,M,M,4.00,8.00,M,M,30.03,M,260.00
ROC,2026-02-17 12:00,M,M,M,2.00,8.00,M,M,30.03,M,270.00
ROC,2026-02-17 12:05,32.74,96.16,39.00,2.00,8.00,M,0.00,30.03,38.00,270.00
ROC,2026-02-17 12:05,M,M,M,2.00,8.00,M,M,30.03,M,270.00
ROC,2026-02-17 12:10,M,M,M,2.00,7.00,M,M,30.03,M,270.00
ROC,2026-02-17 12:15,M,M,M,2.00,6.00,M,M,30.04,M,270.00
ROC,2026-02-17 12:20,M,M,M,2.00,8.00,M,M,30.04,M,270.00
ROC,2026-02-17 12:25,M,M,M,2.00,6.00,M,M,30.04,M,270.00
ROC,2026-02-17 12:30,M,M,M,2.00,9.00,M,M,30.04,M,260.00
ROC,2026-02-17 12:35,M,M,M,1.50,9.00,M,M,30.04,M,270.00
ROC,2026-02-17 12:37,32.74,96.16,39.00,1.50,8.00,M,0.00,30.05,38.00,270.00
ROC,2026-02-17 12:40,M,M,M,1.50,7.00,M,M,30.05,M,270.00
ROC,2026-02-17 12:45,M,M,M,1.50,9.00,M,M,30.05,M,280.00
ROC,2026-02-17 12:50,M,M,M,1.50,10.00,M,M,30.05,M,290.00
ROC,2026-02-17 12:54,33.96,96.16,39.00,1.50,6.00,1018.50,0.00,30.05,38.00,280.00
ROC,2026-02-17 12:55,M,M,M,2.00,6.00,M,M,30.05,M,280.00
ROC,2026-02-17 13:00,M,M,M,1.75,7.00,M,M,30.05,M,290.00
ROC,2026-02-17 13:05,M,M,M,1.75,6.00,M,M,30.05,M,280.00
ROC,2026-02-17 13:10,M,M,M,1.75,9.00,M,M,30.05,M,280.00
ROC,2026-02-17 13:15,M,M,M,1.50,8.00,M,M,30.05,M,280.00
ROC,2026-02-17 13:20,M,M,M,1.50,8.00,M,M,30.05,M,270.00
ROC,2026-02-17 13:25,M,M,M,1.50,7.00,M,M,30.06,M,270.00
ROC,2026-02-17 13:30,M,M,M,1.50,6.00,M,M,30.06,M,280.00
ROC,2026-02-17 13:35,M,M,M,1.50,6.00,M,M,30.06,M,270.00
ROC,2026-02-17 13:40,M,M,M,1.50,9.00,M,M,30.06,M,270.00
ROC,2026-02-17 13:45,M,M,M,1.50,7.00,M,M,30.06,M,260.00
ROC,2026-02-17 13:47,31.50,100.00,38.00,1.50,8.00,M,0.00,30.06,38.00,280.00
ROC,2026-02-17 13:50,M,M,M,1.50,7.00,M,M,30.06,M,260.00
ROC,2026-02-17 13:54,32.09,96.14,38.00,1.50,7.00,1018.80,0.00,30.06,37.00,260.00
ROC,2026-02-17 13:55,M,M,M,1.50,7.00,M,M,30.06,M,260.00
ROC,2026-02-17 14:00,M,M,M,1.50,8.00,M,M,30.06,M,260.00
ROC,2026-02-17 14:05,M,M,M,1.50,7.00,M,M,30.06,M,250.00
ROC,2026-02-17 14:10,M,M,M,1.75,9.00,M,M,30.06,M,260.00
ROC,2026-02-17 14:15,M,M,M,1.75,6.00,M,M,30.06,M,260.00
ROC,2026-02-17 14:20,M,M,M,1.75,7.00,M,M,30.07,M,260.00
ROC,2026-02-17 14:25,M,M,M,2.00,7.00,M,M,30.06,M,270.00
ROC,2026-02-17 14:30,M,M,M,2.00,7.00,M,M,30.06,M,270.00
ROC,2026-02-17 14:35,M,M,M,2.00,6.00,M,M,30.06,M,260.00
ROC,2026-02-17 14:40,M,M,M,2.00,7.00,M,M,30.07,M,260.00
ROC,2026-02-17 14:45,M,M,M,2.00,8.00,M,M,30.07,M,260.00
ROC,2026-02-17 14:50,M,M,M,2.50,7.00,M,M,30.06,M,260.00
ROC,2026-02-17 14:54,32.76,96.14,38.00,1.50,6.00,1019.00,0.00,30.07,37.00,260.00
ROC,2026-02-17 14:55,M,M,M,2.50,6.00,M,M,30.07,M,260.00
ROC,2026-02-17 15:00,M,M,M,2.50,7.00,M,M,30.07,M,250.00
ROC,2026-02-17 15:05,M,M,M,2.50,7.00,M,M,30.06,M,260.00
ROC,2026-02-17 15:10,M,M,M,2.50,7.00,M,M,30.07,M,260.00
ROC,2026-02-17 15:15,M,M,M,3.00,8.00,M,M,30.07,M,260.00
ROC,2026-02-17 15:20,M,M,M,3.50,8.00,M,M,30.07,M,270.00
ROC,2026-02-17 15:25,M,M,M,4.00,8.00,M,M,30.07,M,270.00
ROC,2026-02-17 15:30,32.22,92.45,39.00,4.00,9.00,M,0.00,30.07,37.00,270.00
ROC,2026-02-17 15:30,M,M,M,4.00,9.00,M,M,30.07,M,270.00
ROC,2026-02-17 15:35,M,M,M,4.00,7.00,M,M,30.07,M,260.00
ROC,2026-02-17 15:40,M,M,M,4.00,9.00,M,M,30.07,M,260.00
ROC,2026-02-17 15:45,M,M,M,5.00,8.00,M,M,30.07,M,270.00
ROC,2026-02-17 15:50,M,M,M,5.00,9.00,M,M,30.07,M,250.00
ROC,2026-02-17 15:54,31.75,88.87,39.00,5.00,10.00,1019.30,0.00,30.07,36.00,260.00
ROC,2026-02-17 15:55,M,M,M,5.00,10.00,M,M,30.07,M,260.00
ROC,2026-02-17 16:00,M,M,M,5.00,10.00,M,M,30.07,M,250.00
ROC,2026-02-17 16:04,32.74,88.87,39.00,5.00,8.00,M,0.00,30.07,36.00,260.00
ROC,2026-02-17 16:05,M,M,M,5.00,7.00,M,M,30.07,M,260.00
ROC,2026-02-17 16:10,M,M,M,5.00,9.00,M,M,30.07,M,260.00
ROC,2026-02-17 16:15,M,M,M,5.00,8.00,M,M,30.07,M,260.00
ROC,2026-02-17 16:20,M,M,M,5.00,8.00,M,M,30.07,M,270.00
ROC,2026-02-17 16:25,M,M,M,5.00,6.00,M,M,30.07,M,280.00
ROC,2026-02-17 16:30,M,M,M,5.00,8.00,M,M,30.07,M,290.00
ROC,2026-02-17 16:35,M,M,M,6.00,10.00,M,M,30.07,M,290.00
ROC,2026-02-17 16:40,M,M,M,5.00,10.00,M,M,30.07,M,300.00
ROC,2026-02-17 16:45,M,M,M,5.00,9.00,M,M,30.07,M,300.00
ROC,2026-02-17 16:50,M,M,M,5.00,10.00,M,M,30.07,M,290.00
ROC,2026-02-17 16:54,32.22,92.45,39.00,5.00,9.00,1018.80,0.00,30.06,37.00,300.00
ROC,2026-02-17 16:55,M,M,M,5.00,9.00,M,M,30.06,M,300.00
ROC,2026-02-17 17:00,M,M,M,5.00,7.00,M,M,30.06,M,290.00
ROC,2026-02-17 17:05,M,M,M,5.00,7.00,M,M,30.06,M,300.00
ROC,2026-02-17 17:10,M,M,M,5.00,9.00,M,M,30.06,M,290.00
ROC,2026-02-17 17:15,M,M,M,5.00,7.00,M,M,30.06,M,290.00
ROC,2026-02-17 17:20,M,M,M,5.00,7.00,M,M,30.06,M,300.00
ROC,2026-02-17 17:25,M,M,M,5.00,6.00,M,M,30.06,M,300.00
ROC,2026-02-17 17:30,M,M,M,5.00,6.00,M,M,30.06,M,300.00
ROC,2026-02-17 17:35,M,M,M,5.00,7.00,M,M,30.06,M,310.00
ROC,2026-02-17 17:40,M,M,M,5.00,5.00,M,M,30.06,M,310.00
ROC,2026-02-17 17:45,M,M,M,5.00,5.00,M,M,30.06,M,300.00
ROC,2026-02-17 17:50,M,M,M,4.00,6.00,M,M,30.06,M,300.00
ROC,2026-02-17 17:54,34.53,88.91,40.00,4.00,7.00,1018.70,0.00,30.06,37.00,310.00
ROC,2026-02-17 17:55,M,M,M,4.00,6.00,M,M,30.06,M,310.00
ROC,2026-02-17 18:00,M,M,M,4.00,5.00,M,M,30.06,M,300.00
ROC,2026-02-17 18:05,M,M,M,4.00,4.00,M,M,30.05,M,280.00
ROC,2026-02-17 18:10,M,M,M,5.00,6.00,M,M,30.05,M,250.00
ROC,2026-02-17 18:15,M,M,M,4.00,5.00,M,M,30.05,M,250.00
ROC,2026-02-17 18:20,M,M,M,4.00,7.00,M,M,30.05,M,250.00
ROC,2026-02-17 18:25,M,M,M,4.00,6.00,M,M,30.05,M,250.00
ROC,2026-02-17 18:30,M,M,M,4.00,9.00,M,M,30.05,M,250.00
ROC,2026-02-17 18:35,M,M,M,4.00,8.00,M,M,30.05,M,260.00
ROC,2026-02-17 18:40,M,M,M,4.00,8.00,M,M,30.05,M,260.00
ROC,2026-02-17 18:45,M,M,M,3.50,9.00,M,M,30.05,M,270.00
ROC,2026-02-17 18:50,M,M,M,3.50,10.00,M,M,30.05,M,270.00
ROC,2026-02-17 18:54,33.97,92.48,40.00,3.00,8.00,1018.30,0.00,30.05,38.00,270.00
ROC,2026-02-17 18:55,M,M,M,3.00,8.00,M,M,30.05,M,270.00
ROC,2026-02-17 19:00,M,M,M,3.00,10.00,M,M,30.05,M,260.00
ROC,2026-02-17 19:05,M,M,M,3.00,10.00,M,M,30.05,M,260.00
ROC,2026-02-17 19:10,M,M,M,3.00,9.00,M,M,30.05,M,260.00
ROC,2026-02-17 19:15,M,M,M,3.00,9.00,M,M,30.04,M,260.00
ROC,2026-02-17 19:20,M,M,M,3.00,11.00,M,M,30.05,M,260.00
ROC,2026-02-17 19:25,M,M,M,3.00,10.00,M,M,30.04,M,260.00
ROC,2026-02-17 19:30,M,M,M,3.50,8.00,M,M,30.04,M,270.00
ROC,2026-02-17 19:35,M,M,M,4.00,8.00,M,M,30.04,M,260.00
ROC,2026-02-17 19:40,M,M,M,4.00,7.00,M,M,30.04,M,280.00
ROC,2026-02-17 19:45,M,M,M,4.00,7.00,M,M,30.04,M,270.00
ROC,2026-02-17 19:50,M,M,M,4.00,10.00,M,M,30.04,M,280.00
ROC,2026-02-17 19:54,33.97,92.48,40.00,4.00,8.00,1018.00,0.00,30.04,38.00,290.00
ROC,2026-02-17 19:55,M,M,M,4.00,9.00,M,M,30.04,M,290.00
ROC,2026-02-17 20:00,M,M,M,4.00,9.00,M,M,30.04,M,290.00
ROC,2026-02-17 20:05,M,M,M,4.00,8.00,M,M,30.04,M,280.00
ROC,2026-02-17 20:10,M,M,M,4.00,9.00,M,M,30.04,M,270.00
ROC,2026-02-17 20:15,M,M,M,4.00,8.00,M,M,30.04,M,280.00
ROC,2026-02-17 20:20,M,M,M,5.00,6.00,M,M,30.04,M,280.00
ROC,2026-02-17 20:25,M,M,M,5.00,6.00,M,M,30.04,M,280.00
ROC,2026-02-17 20:30,M,M,M,5.00,6.00,M,M,30.04,M,280.00
ROC,2026-02-17 20:35,M,M,M,5.00,5.00,M,M,30.04,M,280.00
ROC,2026-02-17 20:40,M,M,M,5.00,7.00,M,M,30.04,M,270.00
ROC,2026-02-17 20:45,M,M,M,5.00,6.00,M,M,30.04,M,290.00
ROC,2026-02-17 20:50,M,M,M,5.00,6.00,M,M,30.04,M,290.00
ROC,2026-02-17 20:54,36.37,88.96,41.00,5.00,6.00,1017.90,0.00,30.04,38.00,300.00
ROC,2026-02-17 20:55,M,M,M,5.00,5.00,M,M,30.04,M,300.00
ROC,2026-02-17 21:00,M,M,M,5.00,4.00,M,M,30.04,M,290.00
ROC,2026-02-17 21:05,M,M,M,5.00,5.00,M,M,30.04,M,300.00
ROC,2026-02-17 21:10,M,M,M,5.00,6.00,M,M,30.04,M,290.00
ROC,2026-02-17 21:15,M,M,M,5.00,5.00,M,M,30.04,M,310.00
ROC,2026-02-17 21:20,M,M,M,5.00,4.00,M,M,30.04,M,290.00
ROC,2026-02-17 21:25,M,M,M,5.00,5.00,M,M,30.04,M,300.00
ROC,2026-02-17 21:30,M,M,M,5.00,5.00,M,M,30.04,M,310.00
ROC,2026-02-17 21:35,M,M,M,5.00,7.00,M,M,30.04,M,290.00
ROC,2026-02-17 21:38,36.37,88.96,41.00,5.00,6.00,M,0.00,30.04,38.00,300.00
ROC,2026-02-17 21:40,M,M,M,5.00,7.00,M,M,30.04,M,290.00
ROC,2026-02-17 21:45,M,M,M,5.00,8.00,M,M,30.04,M,300.00
ROC,2026-02-17 21:50,M,M,M,5.00,6.00,M,M,30.05,M,280.00
ROC,2026-02-17 21:54,36.37,85.53,41.00,5.00,6.00,1018.10,0.00,30.05,37.00,300.00
ROC,2026-02-17 21:55,M,M,M,5.00,6.00,M,M,30.05,M,290.00
ROC,2026-02-17 22:00,M,M,M,5.00,7.00,M,M,30.05,M,280.00
ROC,2026-02-17 22:05,M,M,M,5.00,6.00,M,M,30.05,M,280.00
ROC,2026-02-17 22:10,M,M,M,5.00,6.00,M,M,30.05,M,290.00
ROC,2026-02-17 22:11,35.75,85.53,41.00,5.00,7.00,M,0.00,30.05,37.00,290.00
ROC,2026-02-17 22:15,M,M,M,5.00,6.00,M,M,30.05,M,280.00
ROC,2026-02-17 22:20,M,M,M,5.00,5.00,M,M,30.05,M,280.00
ROC,2026-02-17 22:25,M,M,M,5.00,7.00,M,M,30.05,M,270.00
ROC,2026-02-17 22:30,M,M,M,5.00,6.00,M,M,30.05,M,280.00
ROC,2026-02-17 22:35,M,M,M,5.00,6.00,M,M,30.05,M,280.00
ROC,2026-02-17 22:40,M,M,M,5.00,6.00,M,M,30.05,M,280.00
ROC,2026-02-17 22:45,M,M,M,5.00,5.00,M,M,30.06,M,270.00
ROC,2026-02-17 22:50,M,M,M,5.00,5.00,M,M,30.06,M,270.00
ROC,2026-02-17 22:54,36.76,88.91,40.00,5.00,4.00,1018.60,0.00,30.06,37.00,270.00
ROC,2026-02-17 22:55,M,M,M,5.00,5.00,M,M,30.06,M,260.00
ROC,2026-02-17 23:00,M,M,M,6.00,7.00,M,M,30.06,M,280.00
ROC,2026-02-17 23:05,M,M,M,6.00,7.00,M,M,30.06,M,270.00
ROC,2026-02-17 23:10,M,M,M,6.00,5.00,M,M,30.06,M,270.00
ROC,2026-02-17 23:15,M,M,M,6.00,6.00,M,M,30.06,M,260.00
ROC,2026-02-17 23:20,M,M,M,6.00,5.00,M,M,30.06,M,260.00
ROC,2026-02-17 23:25,M,M,M,6.00,6.00,M,M,30.05,M,260.00
ROC,2026-02-17 23:30,M,M,M,6.00,6.00,M,M,30.05,M,250.00
ROC,2026-02-17 23:35,M,M,M,6.00,5.00,M,M,30.05,M,240.00
ROC,2026-02-17 23:40,M,M,M,5.00,6.00,M,M,30.05,M,240.00
ROC,2026-02-17 23:45,M,M,M,5.00,7.00,M,M,30.05,M,240.00
ROC,2026-02-17 23:50,M,M,M,5.00,7.00,M,M,30.05,M,240.00
ROC,2026-02-17 23:54,33.31,92.45,39.00,5.00,7.00,1018.50,0.00,30.05,37.00,250.00
ROC,2026-02-17 23:55,M,M,M,5.00,7.00,M,M,30.05,M,250.00
ROC,2026-02-18 00:00,M,M,M,5.00,7.00,M,M,30.06,M,250.00
ROC,2026-02-18 00:05,M,M,M,5.00,8.00,M,M,30.06,M,250.00
ROC,2026-02-18 00:10,M,M,M,5.00,8.00,M,M,30.05,M,250.00
ROC,2026-02-18 00:15,M,M,M,5.00,9.00,M,M,30.05,M,260.00
ROC,2026-02-18 00:20,M,M,M,4.00,7.00,M,M,30.05,M,240.00
ROC,2026-02-18 00:25,M,M,M,4.00,6.00,M,M,30.05,M,250.00
ROC,2026-02-18 00:30,M,M,M,4.00,6.00,M,M,30.05,M,250.00
ROC,2026-02-18 00:35,M,M,M,4.00,6.00,M,M,30.05,M,240.00
ROC,2026-02-18 00:40,M,M,M,4.00,6.00,M,M,30.05,M,240.00
ROC,2026-02-18 00:45,M,M,M,4.00,6.00,M,M,30.05,M,240.00
ROC,2026-02-18 00:50,M,M,M,4.00,5.00,M,M,30.05,M,250.00
ROC,2026-02-18 00:54,31.55,96.12,37.00,3.00,6.00,1018.20,0.00,30.05,36.00,250.00
ROC,2026-02-18 00:55,M,M,M,3.50,5.00,M,M,30.05,M,240.00
ROC,2026-02-18 01:00,M,M,M,3.50,5.00,M,M,30.05,M,250.00
ROC,2026-02-18 01:05,M,M,M,3.50,4.00,M,M,30.05,M,260.00
ROC,2026-02-18 01:10,M,M,M,3.50,4.00,M,M,30.05,M,260.00
ROC,2026-02-18 01:15,M,M,M,3.00,4.00,M,M,30.05,M,240.00
ROC,2026-02-18 01:19,34.40,96.12,37.00,3.00,3.00,M,0.00,30.05,36.00,280.00
ROC,2026-02-18 01:20,M,M,M,3.00,3.00,M,M,30.05,M,290.00
ROC,2026-02-18 01:25,M,M,M,3.00,4.00,M,M,30.05,M,270.00
ROC,2026-02-18 01:28,32.33,100.00,37.00,2.00,5.00,M,0.00,30.05,37.00,280.00
ROC,2026-02-18 01:30,M,M,M,2.00,5.00,M,M,30.05,M,270.00
ROC,2026-02-18 01:34,33.26,96.12,37.00,1.50,4.00,M,0.00,30.05,36.00,270.00
ROC,2026-02-18 01:35,M,M,M,1.25,5.00,M,M,30.06,M,260.00
ROC,2026-02-18 01:38,32.33,96.12,37.00,0.50,5.00,M,0.00,30.06,36.00,260.00
ROC,2026-02-18 01:40,M,M,M,0.50,4.00,M,M,30.06,M,270.00
ROC,2026-02-18 01:42,33.26,100.00,36.00,0.25,3.00,M,0.00,30.06,36.00,270.00
ROC,2026-02-18 01:45,M,M,M,0.24,3.00,M,M,30.06,M,270.00
ROC,2026-02-18 01:50,M,M,M,0.24,4.00,M,M,30.06,M,260.00
ROC,2026-02-18 01:54,34.40,96.12,37.00,0.12,3.00,1018.70,0.00,30.06,36.00,280.00
ROC,2026-02-18 01:55,M,M,M,0.13,3.00,M,M,30.06,M,290.00
ROC,2026-02-18 02:00,32.09,100.00,36.00,0.12,4.00,M,0.00,30.06,36.00,270.00
ROC,2026-02-18 02:00,M,M,M,0.13,4.00,M,M,30.06,M,270.00
ROC,2026-02-18 02:05,M,M,M,0.13,3.00,M,M,30.06,M,240.00
ROC,2026-02-18 02:10,M,M,M,0.13,4.00,M,M,30.06,M,230.00
ROC,2026-02-18 02:12,32.12,100.00,35.00,0.06,3.00,M,0.00,30.06,35.00,250.00
ROC,2026-02-18 02:15,M,M,M,0.06,3.00,M,M,30.06,M,230.00
ROC,2026-02-18 02:20,M,M,M,0.06,4.00,M,M,30.06,M,230.00
ROC,2026-02-18 02:25,M,M,M,0.06,3.00,M,M,30.06,M,210.00
ROC,2026-02-18 02:30,M,M,M,0.06,0.00,M,M,30.05,M,0.00
ROC,2026-02-18 02:35,M,M,M,0.06,0.00,M,M,30.05,M,0.00
ROC,2026-02-18 02:40,M,M,M,0.06,0.00,M,M,30.05,M,0.00
ROC,2026-02-18 02:45,M,M,M,0.06,0.00,M,M,30.05,M,0.00
ROC,2026-02-18 02:50,M,M,M,0.06,0.00,M,M,30.05,M,0.00
ROC,2026-02-18 02:54,34.00,100.00,34.00,0.06,0.00,1018.40,0.00,30.05,34.00,0.00
ROC,2026-02-18 02:55,M,M,M,0.06,0.00,M,M,30.05,M,0.00
ROC,2026-02-18 03:00,M,M,M,0.06,0.00,M,M,30.05,M,0.00
ROC,2026-02-18 03:05,M,M,M,0.06,0.00,M,M,30.05,M,0.00
ROC,2026-02-18 03:10,M,M,M,0.06,0.00,M,M,30.05,M,0.00
ROC,2026-02-18 03:15,M,M,M,0.06,0.00,M,M,30.05,M,0.00
ROC,2026-02-18 03:20,M,M,M,0.06,0.00,M,M,30.05,M,0.00
ROC,2026-02-18 03:25,M,M,M,0.06,0.00,M,M,30.04,M,0.00
ROC,2026-02-18 03:30,M,M,M,0.06,0.00,M,M,30.04,M,0.00
ROC,2026-02-18 03:35,M,M,M,0.06,0.00,M,M,30.04,M,0.00
ROC,2026-02-18 03:40,M,M,M,0.06,0.00,M,M,30.04,M,0.00
ROC,2026-02-18 03:45,M,M,M,0.06,0.00,M,M,30.04,M,0.00
ROC,2026-02-18 03:50,M,M,M,0.06,3.00,M,M,30.04,M,210.00
ROC,2026-02-18 03:54,29.83,100.00,33.00,0.06,3.00,1018.20,0.00,30.04,33.00,230.00
ROC,2026-02-18 03:55,M,M,M,0.06,4.00,M,M,30.04,M,220.00
ROC,2026-02-18 03:58,28.59,100.00,33.00,0.12,4.00,M,0.00,30.04,33.00,220.00
ROC,2026-02-18 04:00,M,M,M,0.13,4.00,M,M,30.04,M,220.00
ROC,2026-02-18 04:05,M,M,M,0.13,3.00,M,M,30.04,M,230.00
ROC,2026-02-18 04:10,M,M,M,0.13,3.00,M,M,30.04,M,240.00
ROC,2026-02-18 04:15,M,M,M,0.13,0.00,M,M,30.04,M,0.00
ROC,2026-02-18 04:20,M,M,M,0.13,0.00,M,M,30.04,M,0.00
ROC,2026-02-18 04:25,M,M,M,0.13,3.00,M,M,30.04,M,220.00
ROC,2026-02-18 04:28,29.83,100.00,33.00,0.12,3.00,M,0.00,30.04,33.00,210.00
ROC,2026-02-18 04:30,M,M,M,0.13,3.00,M,M,30.04,M,210.00
ROC,2026-02-18 04:33,29.83,100.00,33.00,0.12,3.00,M,0.00,30.04,33.00,210.00
ROC,2026-02-18 04:35,M,M,M,0.13,0.00,M,M,30.04,M,0.00
ROC,2026-02-18 04:40,M,M,M,0.13,0.00,M,M,30.03,M,0.00
ROC,2026-02-18 04:45,34.00,100.00,34.00,0.12,0.00,M,0.00,30.04,34.00,0.00
ROC,2026-02-18 04:45,M,M,M,0.13,0.00,M,M,30.04,M,0.00
ROC,2026-02-18 04:50,M,M,M,0.13,0.00,M,M,30.04,M,0.00
ROC,2026-02-18 04:54,34.00,100.00,34.00,0.12,0.00,1017.90,0.00,30.03,34.00,0.00
ROC,2026-02-18 04:55,M,M,M,0.13,3.00,M,M,30.03,M,100.00
ROC,2026-02-18 05:00,M,M,M,0.13,0.00,M,M,30.03,M,0.00
ROC,2026-02-18 05:05,M,M,M,0.13,0.00,M,M,30.03,M,0.00
ROC,2026-02-18 05:10,M,M,M,0.13,3.00,M,M,30.03,M,50.00
ROC,2026-02-18 05:15,29.83,100.00,33.00,0.06,3.00,M,0.00,30.02,33.00,50.00
ROC,2026-02-18 05:15,M,M,M,0.06,3.00,M,M,30.02,M,50.00
ROC,2026-02-18 05:20,M,M,M,0.06,0.00,M,M,30.02,M,0.00
ROC,2026-02-18 05:25,M,M,M,0.06,0.00,M,M,30.02,M,0.00
ROC,2026-02-18 05:30,M,M,M,0.06,0.00,M,M,30.01,M,0.00
ROC,2026-02-18 05:35,M,M,M,0.06,0.00,M,M,30.01,M,0.00
ROC,2026-02-18 05:40,M,M,M,0.06,0.00,M,M,30.01,M,0.00
ROC,2026-02-18 05:45,M,M,M,0.06,0.00,M,M,30.00,M,0.00
ROC,2026-02-18 05:50,M,M,M,0.06,0.00,M,M,30.00,M,0.00
ROC,2026-02-18 05:54,34.00,100.00,34.00,0.06,0.00,1016.90,0.00,30.00,34.00,0.00
ROC,2026-02-18 05:55,M,M,M,0.06,0.00,M,M,30.00,M,0.00
ROC,2026-02-18 06:00,M,M,M,0.06,0.00,M,M,30.00,M,0.00
ROC,2026-02-18 06:05,M,M,M,0.06,0.00,M,M,30.00,M,0.00
ROC,2026-02-18 06:10,M,M,M,0.06,0.00,M,M,30.00,M,0.00
ROC,2026-02-18 06:15,M,M,M,0.06,3.00,M,M,30.00,M,90.00
ROC,2026-02-18 06:20,M,M,M,0.06,3.00,M,M,30.00,M,100.00
ROC,2026-02-18 06:25,M,M,M,0.06,3.00,M,M,30.00,M,110.00
ROC,2026-02-18 06:30,M,M,M,0.06,0.00,M,M,30.00,M,0.00
ROC,2026-02-18 06:35,M,M,M,0.06,0.00,M,M,30.00,M,0.00
ROC,2026-02-18 06:40,M,M,M,0.06,0.00,M,M,30.00,M,0.00
ROC,2026-02-18 06:45,M,M,M,0.06,0.00,M,M,30.00,M,0.00
ROC,2026-02-18 06:50,M,M,M,0.06,3.00,M,M,30.00,M,230.00
ROC,2026-02-18 06:54,34.00,100.00,34.00,0.06,0.00,1016.90,0.00,30.00,34.00,0.00
ROC,2026-02-18 06:55,M,M,M,0.06,0.00,M,M,30.00,M,0.00
ROC,2026-02-18 07:00,M,M,M,0.06,0.00,M,M,30.00,M,0.00
ROC,2026-02-18 07:05,M,M,M,0.06,0.00,M,M,30.00,M,0.00
ROC,2026-02-18 07:10,M,M,M,0.06,0.00,M,M,30.00,M,0.00
ROC,2026-02-18 07:15,M,M,M,0.06,0.00,M,M,30.00,M,0.00
ROC,2026-02-18 07:20,M,M,M,0.06,0.00,M,M,30.00,M,0.00
ROC,2026-02-18 07:25,M,M,M,0.06,0.00,M,M,29.99,M,0.00
ROC,2026-02-18 07:30,M,M,M,0.06,3.00,M,M,29.99,M,100.00
ROC,2026-02-18 07:35,M,M,M,0.06,0.00,M,M,29.99,M,0.00
ROC,2026-02-18 07:40,M,M,M,0.06,3.00,M,M,29.98,M,90.00
ROC,2026-02-18 07:45,M,M,M,0.06,3.00,M,M,29.98,M,90.00
ROC,2026-02-18 07:50,M,M,M,0.13,4.00,M,M,29.98,M,100.00
ROC,2026-02-18 07:54,29.83,100.00,33.00,0.12,3.00,1015.90,0.00,29.98,33.00,90.00
ROC,2026-02-18 07:55,M,M,M,0.13,3.00,M,M,29.98,M,90.00
ROC,2026-02-18 08:00,M,M,M,0.13,3.00,M,M,29.98,M,110.00
ROC,2026-02-18 08:05,M,M,M,0.13,4.00,M,M,29.98,M,110.00
ROC,2026-02-18 08:10,M,M,M,0.13,3.00,M,M,29.98,M,120.00
ROC,2026-02-18 08:15,M,M,M,0.13,3.00,M,M,29.98,M,80.00
ROC,2026-02-18 08:20,M,M,M,0.13,4.00,M,M,29.97,M,70.00
ROC,2026-02-18 08:25,M,M,M,0.13,5.00,M,M,29.96,M,70.00
ROC,2026-02-18 08:30,M,M,M,0.13,5.00,M,M,29.96,M,80.00
ROC,2026-02-18 08:35,M,M,M,0.13,3.00,M,M,29.96,M,80.00
ROC,2026-02-18 08:40,M,M,M,0.13,0.00,M,M,29.96,M,0.00
ROC,2026-02-18 08:40,33.00,100.00,33.00,0.12,0.00,M,0.00,29.96,33.00,0.00
ROC,2026-02-18 08:45,M,M,M,0.13,3.00,M,M,29.96,M,80.00
ROC,2026-02-18 08:50,M,M,M,0.25,0.00,M,M,29.97,M,0.00
ROC,2026-02-18 08:54,33.00,100.00,33.00,0.25,0.00,1015.60,0.00,29.97,33.00,0.00
ROC,2026-02-18 08:55,M,M,M,0.25,0.00,M,M,29.97,M,0.00
ROC,2026-02-18 09:00,M,M,M,0.25,0.00,M,M,29.97,M,0.00
ROC,2026-02-18 09:05,M,M,M,0.25,3.00,M,M,29.97,M,60.00
ROC,2026-02-18 09:10,M,M,M,0.24,3.00,M,M,29.96,M,60.00
ROC,2026-02-18 09:15,M,M,M,0.24,4.00,M,M,29.96,M,60.00
ROC,2026-02-18 09:20,M,M,M,0.25,5.00,M,M,29.96,M,60.00
ROC,2026-02-18 09:25,M,M,M,0.25,4.00,M,M,29.96,M,60.00
ROC,2026-02-18 09:30,M,M,M,0.25,4.00,M,M,29.96,M,60.00
ROC,2026-02-18 09:35,M,M,M,0.25,4.00,M,M,29.96,M,70.00
ROC,2026-02-18 09:40,M,M,M,0.25,5.00,M,M,29.95,M,60.00
ROC,2026-02-18 09:45,26.73,100.00,33.00,0.50,6.00,M,T,29.95,33.00,60.00
ROC,2026-02-18 09:45,M,M,M,0.50,6.00,M,M,29.95,M,60.00
ROC,2026-02-18 09:50,M,M,M,0.75,6.00,M,M,29.95,M,70.00
ROC,2026-02-18 09:54,27.58,100.00,33.00,0.75,5.00,1015.20,T,29.95,33.00,70.00
ROC,2026-02-18 09:55,M,M,M,0.75,4.00,M,M,29.95,M,70.00
ROC,2026-02-18 10:00,M,M,M,0.75,5.00,M,M,29.95,M,80.00
ROC,2026-02-18 10:05,M,M,M,0.75,5.00,M,M,29.95,M,90.00
ROC,2026-02-18 10:10,28.59,100.00,33.00,3.00,4.00,M,T,29.95,33.00,110.00
ROC,2026-02-18 10:10,M,M,M,3.00,4.00,M,M,29.95,M,110.00
ROC,2026-02-18 10:15,M,M,M,3.00,6.00,M,M,29.95,M,100.00
ROC,2026-02-18 10:20,M,M,M,3.00,7.00,M,M,29.94,M,90.00
ROC,2026-02-18 10:25,M,M,M,2.00,8.00,M,M,29.94,M,90.00
ROC,2026-02-18 10:28,27.22,100.00,34.00,2.00,7.00,M,T,29.94,34.00,100.00
ROC,2026-02-18 10:30,M,M,M,2.00,6.00,M,M,29.95,M,100.00
ROC,2026-02-18 10:35,M,M,M,2.00,7.00,M,M,29.94,M,90.00
ROC,2026-02-18 10:40,M,M,M,2.00,8.00,M,M,29.94,M,90.00
ROC,2026-02-18 10:45,M,M,M,2.00,8.00,M,M,29.93,M,90.00
ROC,2026-02-18 10:50,M,M,M,2.00,9.00,M,M,29.92,M,80.00
ROC,2026-02-18 10:54,25.48,100.00,34.00,1.25,10.00,1014.00,T,29.92,34.00,80.00
ROC,2026-02-18 10:55,M,M,M,1.50,10.00,M,M,29.92,M,80.00
ROC,2026-02-18 11:00,M,M,M,1.25,6.00,M,M,29.92,M,90.00
ROC,2026-02-18 11:05,M,M,M,1.25,4.00,M,M,29.93,M,110.00
ROC,2026-02-18 11:10,M,M,M,1.25,5.00,M,M,29.93,M,120.00
ROC,2026-02-18 11:15,M,M,M,1.25,7.00,M,M,29.93,M,100.00
ROC,2026-02-18 11:20,M,M,M,1.25,7.00,M,M,29.92,M,80.00
ROC,2026-02-18 11:25,M,M,M,1.25,9.00,M,M,29.92,M,70.00
ROC,2026-02-18 11:30,M,M,M,1.75,7.00,M,M,29.92,M,70.00
ROC,2026-02-18 11:35,M,M,M,1.75,9.00,M,0.01,29.92,M,70.00
ROC,2026-02-18 11:40,M,M,M,1.75,8.00,M,0.01,29.91,M,70.00
ROC,2026-02-18 11:45,M,M,M,1.50,9.00,M,0.01,29.91,M,80.00
ROC,2026-02-18 11:50,M,M,M,1.00,9.00,M,0.02,29.91,M,80.00
ROC,2026-02-18 11:50,27.99,100.00,35.60,0.75,9.00,M,0.02,29.91,35.60,80.00
ROC,2026-02-18 11:54,27.24,100.00,35.00,0.75,9.00,1013.80,0.02,29.91,35.00,80.00
ROC,2026-02-18 11:55,M,M,M,2.00,9.00,M,M,29.91,M,80.00
ROC,2026-02-18 12:00,M,M,M,1.00,8.00,M,M,29.91,M,80.00
ROC,2026-02-18 12:05,M,M,M,1.00,8.00,M,M,29.91,M,80.00
ROC,2026-02-18 12:10,M,M,M,1.50,7.00,M,M,29.92,M,90.00
ROC,2026-02-18 12:15,M,M,M,1.50,8.00,M,M,29.92,M,90.00
ROC,2026-02-18 12:20,M,M,M,1.50,7.00,M,M,29.92,M,100.00
ROC,2026-02-18 12:25,M,M,M,1.50,9.00,M,M,29.92,M,100.00
ROC,2026-02-18 12:30,M,M,M,1.50,10.00,M,M,29.91,M,100.00
ROC,2026-02-18 12:35,M,M,M,1.50,8.00,M,M,29.91,M,100.00
ROC,2026-02-18 12:40,M,M,M,1.25,10.00,M,M,29.91,M,100.00
ROC,2026-02-18 12:45,M,M,M,1.25,10.00,M,M,29.91,M,100.00
ROC,2026-02-18 12:50,M,M,M,1.75,8.00,M,M,29.90,M,100.00
ROC,2026-02-18 12:54,25.48,100.00,34.00,0.75,10.00,1013.40,T,29.90,34.00,100.00
ROC,2026-02-18 12:55,M,M,M,2.50,9.00,M,M,29.90,M,100.00
ROC,2026-02-18 13:00,M,M,M,2.50,11.00,M,M,29.90,M,90.00
ROC,2026-02-18 13:05,M,M,M,2.50,12.00,M,M,29.90,M,90.00
ROC,2026-02-18 13:10,M,M,M,2.50,9.00,M,M,29.90,M,90.00
ROC,2026-02-18 13:15,M,M,M,2.50,9.00,M,M,29.90,M,80.00
ROC,2026-02-18 13:20,M,M,M,2.50,11.00,M,M,29.90,M,80.00
ROC,2026-02-18 13:25,M,M,M,2.50,9.00,M,M,29.89,M,80.00
ROC,2026-02-18 13:30,M,M,M,3.00,8.00,M,M,29.89,M,80.00
ROC,2026-02-18 13:35,M,M,M,3.00,8.00,M,M,29.89,M,70.00
ROC,2026-02-18 13:40,M,M,M,2.50,9.00,M,M,29.89,M,70.00
ROC,2026-02-18 13:45,M,M,M,2.50,10.00,M,M,29.89,M,80.00
ROC,2026-02-18 13:46,27.24,96.09,35.00,1.00,9.00,M,T,29.89,34.00,80.00
ROC,2026-02-18 13:50,M,M,M,2.50,6.00,M,M,29.89,M,80.00
ROC,2026-02-18 13:54,26.58,100.00,34.00,1.00,8.00,1013.10,T,29.89,34.00,80.00
ROC,2026-02-18 13:55,M,M,M,2.50,9.00,M,M,29.89,M,80.00
ROC,2026-02-18 14:00,M,M,M,2.50,8.00,M,M,29.89,M,70.00
ROC,2026-02-18 14:05,M,M,M,2.50,9.00,M,M,29.89,M,70.00
ROC,2026-02-18 14:10,M,M,M,2.50,9.00,M,M,29.89,M,70.00
ROC,2026-02-18 14:15,M,M,M,2.00,9.00,M,M,29.89,M,70.00
ROC,2026-02-18 14:20,M,M,M,2.00,10.00,M,M,29.88,M,70.00
ROC,2026-02-18 14:25,M,M,M,2.00,10.00,M,M,29.88,M,70.00
ROC,2026-02-18 14:27,24.99,96.07,34.00,1.00,11.00,M,T,29.88,33.00,70.00
ROC,2026-02-18 14:30,M,M,M,2.00,11.00,M,0.01,29.88,M,70.00
ROC,2026-02-18 14:35,M,M,M,2.00,11.00,M,0.01,29.88,M,60.00
ROC,2026-02-18 14:40,M,M,M,2.50,9.00,M,0.01,29.88,M,70.00
ROC,2026-02-18 14:45,M,M,M,2.50,9.00,M,0.01,29.87,M,70.00
ROC,2026-02-18 14:50,M,M,M,3.00,9.00,M,0.02,29.87,M,70.00
ROC,2026-02-18 14:54,24.22,100.00,33.00,1.00,10.00,1012.40,0.02,29.87,33.00,80.00
ROC,2026-02-18 14:55,M,M,M,3.00,10.00,M,M,29.87,M,70.00
ROC,2026-02-18 15:00,M,M,M,3.00,9.00,M,M,29.87,M,70.00
ROC,2026-02-18 15:05,M,M,M,3.00,8.00,M,M,29.87,M,80.00
ROC,2026-02-18 15:10,M,M,M,3.00,10.00,M,0.01,29.87,M,80.00
ROC,2026-02-18 15:15,M,M,M,3.00,11.00,M,0.01,29.86,M,80.00
ROC,2026-02-18 15:20,M,M,M,3.00,10.00,M,0.02,29.86,M,70.00
ROC,2026-02-18 15:25,M,M,M,3.00,10.00,M,0.03,29.86,M,70.00
ROC,2026-02-18 15:30,M,M,M,3.50,10.00,M,0.04,29.85,M,70.00
ROC,2026-02-18 15:35,M,M,M,3.00,11.00,M,0.05,29.85,M,70.00
ROC,2026-02-18 15:40,M,M,M,3.00,12.00,M,0.06,29.85,M,80.00
ROC,2026-02-18 15:44,23.73,96.05,33.00,1.00,11.00,M,0.06,29.85,32.00,80.00
ROC,2026-02-18 15:45,M,M,M,3.00,12.00,M,0.06,29.85,M,80.00
ROC,2026-02-18 15:50,M,M,M,3.00,10.00,M,0.07,29.84,M,80.00
ROC,2026-02-18 15:54,24.22,96.05,33.00,1.00,10.00,1011.40,0.08,29.84,32.00,80.00
ROC,2026-02-18 15:55,M,M,M,3.00,11.00,M,M,29.84,M,80.00
ROC,2026-02-18 16:00,M,M,M,3.00,9.00,M,M,29.84,M,70.00
ROC,2026-02-18 16:05,M,M,M,3.00,10.00,M,0.01,29.84,M,70.00
ROC,2026-02-18 16:10,M,M,M,3.50,9.00,M,0.02,29.84,M,70.00
ROC,2026-02-18 16:15,M,M,M,3.50,8.00,M,0.03,29.84,M,70.00
ROC,2026-02-18 16:20,M,M,M,3.00,10.00,M,0.04,29.84,M,70.00
ROC,2026-02-18 16:25,M,M,M,3.00,10.00,M,0.05,29.84,M,70.00
ROC,2026-02-18 16:30,M,M,M,3.50,12.00,M,0.06,29.83,M,60.00
ROC,2026-02-18 16:35,M,M,M,3.00,10.00,M,0.06,29.83,M,70.00
ROC,2026-02-18 16:40,M,M,M,3.00,11.00,M,0.08,29.83,M,70.00
ROC,2026-02-18 16:45,M,M,M,3.00,10.00,M,0.08,29.83,M,70.00
ROC,2026-02-18 16:50,M,M,M,3.00,10.00,M,0.09,29.82,M,70.00
ROC,2026-02-18 16:54,24.22,96.05,33.00,1.00,10.00,1010.60,0.11,29.82,32.00,70.00
ROC,2026-02-18 16:55,M,M,M,3.00,11.00,M,M,29.82,M,70.00
ROC,2026-02-18 17:00,M,M,M,2.50,10.00,M,0.02,29.81,M,70.00
ROC,2026-02-18 17:05,M,M,M,2.50,12.00,M,0.03,29.81,M,70.00
ROC,2026-02-18 17:10,M,M,M,2.50,11.00,M,0.05,29.81,M,80.00
ROC,2026-02-18 17:14,22.47,100.00,32.00,1.00,11.00,M,0.06,29.81,32.00,70.00
ROC,2026-02-18 17:15,M,M,M,2.50,11.00,M,0.06,29.81,M,70.00
ROC,2026-02-18 17:20,M,M,M,3.00,11.00,M,0.07,29.81,M,70.00
ROC,2026-02-18 17:25,M,M,M,3.00,12.00,M,0.08,29.82,M,60.00
ROC,2026-02-18 17:30,M,M,M,3.00,10.00,M,0.09,29.82,M,60.00
ROC,2026-02-18 17:35,M,M,M,2.50,12.00,M,0.09,29.82,M,70.00
ROC,2026-02-18 17:40,M,M,M,2.50,11.00,M,0.11,29.81,M,70.00
ROC,2026-02-18 17:45,M,M,M,2.00,11.00,M,0.12,29.80,M,70.00
ROC,2026-02-18 17:49,22.00,100.00,32.00,1.00,12.00,M,0.13,29.80,32.00,70.00
ROC,2026-02-18 17:50,M,M,M,1.75,12.00,M,0.13,29.80,M,70.00
ROC,2026-02-18 17:54,22.00,100.00,32.00,1.00,12.00,1009.80,0.15,29.79,32.00,70.00
ROC,2026-02-18 17:55,M,M,M,2.00,12.00,M,M,29.79,M,70.00
ROC,2026-02-18 18:00,M,M,M,2.50,10.00,M,0.01,29.79,M,70.00
ROC,2026-02-18 18:05,M,M,M,2.50,12.00,M,0.02,29.79,M,70.00
ROC,2026-02-18 18:10,M,M,M,3.00,14.00,M,0.03,29.78,M,70.00
ROC,2026-02-18 18:15,M,M,M,3.00,11.00,M,0.03,29.80,M,60.00
ROC,2026-02-18 18:20,M,M,M,3.00,9.00,M,0.04,29.80,M,70.00
ROC,2026-02-18 18:20,23.51,96.04,32.00,1.00,9.00,M,0.04,29.80,31.00,70.00
ROC,2026-02-18 18:25,M,M,M,4.00,10.00,M,0.05,29.79,M,80.00
ROC,2026-02-18 18:30,M,M,M,3.00,11.00,M,0.05,29.78,M,80.00
ROC,2026-02-18 18:35,M,M,M,2.00,10.00,M,0.07,29.79,M,80.00
ROC,2026-02-18 18:40,M,M,M,2.50,10.00,M,0.09,29.79,M,80.00
ROC,2026-02-18 18:45,M,M,M,3.00,10.00,M,0.10,29.78,M,80.00
ROC,2026-02-18 18:50,M,M,M,3.50,9.00,M,0.11,29.77,M,80.00
ROC,2026-02-18 18:54,22.97,96.04,32.00,1.00,10.00,1008.90,0.11,29.77,31.00,90.00
ROC,2026-02-18 18:55,M,M,M,3.00,10.00,M,M,29.77,M,90.00
ROC,2026-02-18 19:00,M,M,M,3.50,8.00,M,0.01,29.76,M,90.00
ROC,2026-02-18 19:05,M,M,M,4.00,9.00,M,0.01,29.76,M,90.00
ROC,2026-02-18 19:10,M,M,M,5.00,8.00,M,0.01,29.77,M,100.00
ROC,2026-02-18 19:15,M,M,M,6.00,8.00,M,0.01,29.76,M,100.00
ROC,2026-02-18 19:20,M,M,M,6.00,9.00,M,0.01,29.76,M,100.00
ROC,2026-02-18 19:22,23.51,96.04,32.00,6.00,9.00,M,0.01,29.76,31.00,90.00
ROC,2026-02-18 19:25,M,M,M,6.00,9.00,M,0.02,29.76,M,90.00
ROC,2026-02-18 19:30,M,M,M,5.00,11.00,M,0.02,29.75,M,100.00
ROC,2026-02-18 19:35,M,M,M,6.00,12.00,M,0.02,29.75,M,90.00
ROC,2026-02-18 19:40,M,M,M,7.00,9.00,M,0.02,29.75,M,100.00
ROC,2026-02-18 19:45,M,M,M,8.00,9.00,M,0.02,29.75,M,100.00
ROC,2026-02-18 19:50,M,M,M,7.00,9.00,M,0.02,29.75,M,90.00
ROC,2026-02-18 19:54,22.97,96.04,32.00,6.00,10.00,1008.00,0.02,29.74,31.00,100.00
ROC,2026-02-18 19:55,M,M,M,6.00,9.00,M,M,29.74,M,100.00
ROC,2026-02-18 20:00,M,M,M,4.00,9.00,M,0.01,29.73,M,100.00
ROC,2026-02-18 20:05,M,M,M,4.00,11.00,M,0.01,29.73,M,100.00
ROC,2026-02-18 20:10,M,M,M,4.00,10.00,M,0.02,29.73,M,90.00
ROC,2026-02-18 20:15,M,M,M,5.00,8.00,M,0.02,29.74,M,80.00
ROC,2026-02-18 20:20,M,M,M,6.00,8.00,M,0.02,29.74,M,100.00
ROC,2026-02-18 20:25,M,M,M,6.00,7.00,M,0.02,29.74,M,80.00
ROC,2026-02-18 20:30,M,M,M,5.00,7.00,M,0.03,29.75,M,70.00
ROC,2026-02-18 20:35,M,M,M,5.00,7.00,M,0.03,29.76,M,70.00
ROC,2026-02-18 20:40,M,M,M,4.00,8.00,M,0.04,29.76,M,60.00
ROC,2026-02-18 20:45,M,M,M,5.00,8.00,M,0.04,29.76,M,70.00
ROC,2026-02-18 20:50,M,M,M,5.00,9.00,M,0.05,29.76,M,60.00
ROC,2026-02-18 20:54,22.97,100.00,32.00,5.00,10.00,1008.50,0.05,29.75,32.00,70.00
ROC,2026-02-18 20:55,M,M,M,5.00,10.00,M,M,29.75,M,70.00
ROC,2026-02-18 21:00,M,M,M,5.00,9.00,M,0.01,29.76,M,60.00
ROC,2026-02-18 21:05,M,M,M,5.00,8.00,M,0.01,29.76,M,70.00
ROC,2026-02-18 21:10,M,M,M,6.00,9.00,M,0.01,29.75,M,70.00
ROC,2026-02-18 21:15,M,M,M,8.00,10.00,M,0.01,29.75,M,80.00
ROC,2026-02-18 21:20,M,M,M,9.00,9.00,M,0.01,29.76,M,70.00
ROC,2026-02-18 21:25,M,M,M,10.00,9.00,M,0.01,29.75,M,70.00
ROC,2026-02-18 21:30,M,M,M,10.00,10.00,M,0.01,29.74,M,80.00
ROC,2026-02-18 21:35,M,M,M,10.00,10.00,M,0.01,29.75,M,80.00
ROC,2026-02-18 21:40,M,M,M,10.00,10.00,M,0.01,29.75,M,70.00
ROC,2026-02-18 21:45,M,M,M,9.00,11.00,M,0.01,29.75,M,70.00
ROC,2026-02-18 21:50,M,M,M,8.00,12.00,M,0.01,29.76,M,60.00
ROC,2026-02-18 21:54,22.00,96.04,32.00,7.00,12.00,1008.90,0.01,29.77,31.00,50.00
ROC,2026-02-18 21:55,M,M,M,7.00,13.00,M,M,29.77,M,M
ROC,2026-02-18 22:00,M,M,M,7.00,11.00,M,0.01,29.77,M,40.00
ROC,2026-02-18 22:05,M,M,M,7.00,11.00,M,0.01,29.77,M,40.00
ROC,2026-02-18 22:10,M,M,M,5.00,12.00,M,0.01,29.78,M,50.00
ROC,2026-02-18 22:15,M,M,M,4.00,11.00,M,0.02,29.79,M,40.00
ROC,2026-02-18 22:20,M,M,M,5.00,12.00,M,0.02,29.77,M,50.00
ROC,2026-02-18 22:25,M,M,M,7.00,10.00,M,0.02,29.77,M,70.00
ROC,2026-02-18 22:30,M,M,M,7.00,12.00,M,0.02,29.78,M,40.00
ROC,2026-02-18 22:35,M,M,M,6.00,12.00,M,0.02,29.78,M,50.00
ROC,2026-02-18 22:40,M,M,M,7.00,11.00,M,0.02,29.78,M,60.00
ROC,2026-02-18 22:45,M,M,M,10.00,11.00,M,0.02,29.78,M,70.00
ROC,2026-02-18 22:50,M,M,M,10.00,12.00,M,0.02,29.78,M,70.00
ROC,2026-02-18 22:54,21.20,96.02,31.00,10.00,11.00,1009.40,0.02,29.78,30.00,60.00
ROC,2026-02-18 22:55,M,M,M,10.00,12.00,M,M,29.78,M,70.00
ROC,2026-02-18 23:00,M,M,M,10.00,14.00,M,M,29.78,M,70.00
ROC,2026-02-18 23:05,M,M,M,10.00,15.00,M,M,29.78,M,80.00
ROC,2026-02-18 23:10,M,M,M,10.00,14.00,M,M,29.78,M,70.00
ROC,2026-02-18 23:15,M,M,M,10.00,11.00,M,M,29.78,M,60.00
ROC,2026-02-18 23:20,M,M,M,10.00,15.00,M,M,29.79,M,60.00
ROC,2026-02-18 23:25,M,M,M,10.00,15.00,M,M,29.80,M,M
ROC,2026-02-18 23:30,M,M,M,10.00,14.00,M,M,29.80,M,60.00
ROC,2026-02-18 23:35,M,M,M,10.00,16.00,M,M,29.80,M,M
ROC,2026-02-18 23:40,M,M,M,9.00,14.00,M,M,29.80,M,60.00
ROC,2026-02-18 23:45,17.81,92.14,30.00,9.00,16.00,M,T,29.80,28.00,60.00
ROC,2026-02-18 23:45,M,M,M,9.00,16.00,M,M,29.80,M,60.00
ROC,2026-02-18 23:50,M,M,M,8.00,11.00,M,M,29.80,M,70.00
ROC,2026-02-18 23:54,19.94,92.14,30.00,8.00,11.00,1010.20,T,29.80,28.00,80.00
ROC,2026-02-18 23:55,M,M,M,8.00,11.00,M,M,29.80,M,70.00
